time,BESS.terminal.V.im,case,parameter_value
0.0,6.198300000000003e-8,0p1,0.1
0.001,6.198299999999997e-8,0p1,0.1
0.002,6.198299999999982e-8,0p1,0.1
0.003,6.198299999999974e-8,0p1,0.1
0.004,6.198299999999968e-8,0p1,0.1
0.005,6.198299999999968e-8,0p1,0.1
0.006,6.198299999999972e-8,0p1,0.1
0.007,6.198299999999973e-8,0p1,0.1
0.008,6.198299999999974e-8,0p1,0.1
0.009,6.198299999999976e-8,0p1,0.1
0.01,6.198299999999977e-8,0p1,0.1
0.011,6.198299999999977e-8,0p1,0.1
0.012,6.19829999999998e-8,0p1,0.1
0.013,6.19829999999998e-8,0p1,0.1
0.014,6.198299999999981e-8,0p1,0.1
0.015,6.198299999999981e-8,0p1,0.1
0.016,6.198299999999981e-8,0p1,0.1
0.017,6.198299999999982e-8,0p1,0.1
0.018,6.198299999999981e-8,0p1,0.1
0.019,6.198299999999982e-8,0p1,0.1
0.02,6.198299999999985e-8,0p1,0.1
0.021,6.198299999999985e-8,0p1,0.1
0.022,6.198299999999985e-8,0p1,0.1
0.023,6.198299999999985e-8,0p1,0.1
0.024,6.198299999999985e-8,0p1,0.1
0.025,6.198299999999985e-8,0p1,0.1
0.026,6.198299999999985e-8,0p1,0.1
0.027,6.198299999999985e-8,0p1,0.1
0.028,6.198299999999985e-8,0p1,0.1
0.029,6.198299999999985e-8,0p1,0.1
0.03,6.198299999999987e-8,0p1,0.1
0.031,6.198299999999987e-8,0p1,0.1
0.032,6.198299999999987e-8,0p1,0.1
0.033,6.198299999999987e-8,0p1,0.1
0.034,6.198299999999987e-8,0p1,0.1
0.035,6.198299999999987e-8,0p1,0.1
0.036,6.198299999999987e-8,0p1,0.1
0.037,6.198299999999987e-8,0p1,0.1
0.038,6.198299999999987e-8,0p1,0.1
0.039,6.19829999999999e-8,0p1,0.1
0.04,6.19829999999999e-8,0p1,0.1
0.041,6.19829999999999e-8,0p1,0.1
0.042,6.19829999999999e-8,0p1,0.1
0.043,6.198299999999993e-8,0p1,0.1
0.044,6.198299999999991e-8,0p1,0.1
0.045,6.198299999999991e-8,0p1,0.1
0.046,6.198299999999991e-8,0p1,0.1
0.047,6.198299999999991e-8,0p1,0.1
0.048,6.198299999999991e-8,0p1,0.1
0.049,6.198299999999991e-8,0p1,0.1
0.05,6.198299999999991e-8,0p1,0.1
0.051,6.198299999999991e-8,0p1,0.1
0.052,6.198299999999991e-8,0p1,0.1
0.053,6.198299999999991e-8,0p1,0.1
0.054,6.198299999999991e-8,0p1,0.1
0.055,6.198299999999991e-8,0p1,0.1
0.056,6.198299999999991e-8,0p1,0.1
0.057,6.198299999999991e-8,0p1,0.1
0.058,6.198299999999991e-8,0p1,0.1
0.059,6.198299999999991e-8,0p1,0.1
0.06,6.198299999999991e-8,0p1,0.1
0.061,6.198299999999993e-8,0p1,0.1
0.062,6.198299999999993e-8,0p1,0.1
0.063,6.198299999999993e-8,0p1,0.1
0.064,6.198299999999993e-8,0p1,0.1
0.065,6.198299999999993e-8,0p1,0.1
0.066,6.198299999999993e-8,0p1,0.1
0.067,6.198299999999993e-8,0p1,0.1
0.068,6.198299999999993e-8,0p1,0.1
0.069,6.198299999999995e-8,0p1,0.1
0.07,6.198299999999995e-8,0p1,0.1
0.071,6.198299999999995e-8,0p1,0.1
0.072,6.198299999999995e-8,0p1,0.1
0.073,6.198299999999995e-8,0p1,0.1
0.074,6.198299999999995e-8,0p1,0.1
0.075,6.198299999999995e-8,0p1,0.1
0.076,6.198299999999995e-8,0p1,0.1
0.077,6.198299999999995e-8,0p1,0.1
0.078,6.198299999999997e-8,0p1,0.1
0.079,6.198299999999997e-8,0p1,0.1
0.08,6.198299999999997e-8,0p1,0.1
0.081,6.198299999999997e-8,0p1,0.1
0.082,6.198299999999997e-8,0p1,0.1
0.083,6.198299999999997e-8,0p1,0.1
0.084,6.198299999999997e-8,0p1,0.1
0.085,6.198299999999997e-8,0p1,0.1
0.086,6.198299999999997e-8,0p1,0.1
0.087,6.198299999999997e-8,0p1,0.1
0.088,6.198299999999997e-8,0p1,0.1
0.089,6.198299999999997e-8,0p1,0.1
0.09,6.198299999999997e-8,0p1,0.1
0.091,6.198299999999997e-8,0p1,0.1
0.092,6.198299999999997e-8,0p1,0.1
0.093,6.198299999999997e-8,0p1,0.1
0.094,6.198299999999997e-8,0p1,0.1
0.095,6.198299999999997e-8,0p1,0.1
0.096,6.198299999999997e-8,0p1,0.1
0.097,6.198299999999997e-8,0p1,0.1
0.098,6.198299999999997e-8,0p1,0.1
0.099,6.198299999999997e-8,0p1,0.1
0.1,6.198299999999997e-8,0p1,0.1
0.101,6.198299999999997e-8,0p1,0.1
0.102,6.198299999999997e-8,0p1,0.1
0.103,6.198299999999997e-8,0p1,0.1
0.104,6.198299999999997e-8,0p1,0.1
0.105,6.198299999999997e-8,0p1,0.1
0.106,6.198299999999999e-8,0p1,0.1
0.107,6.198299999999998e-8,0p1,0.1
0.108,6.198299999999998e-8,0p1,0.1
0.109,6.198299999999998e-8,0p1,0.1
0.11,6.198299999999998e-8,0p1,0.1
0.111,6.198299999999998e-8,0p1,0.1
0.112,6.198299999999998e-8,0p1,0.1
0.113,6.198299999999998e-8,0p1,0.1
0.114,6.198299999999998e-8,0p1,0.1
0.115,6.198299999999998e-8,0p1,0.1
0.116,6.198299999999998e-8,0p1,0.1
0.117,6.198299999999998e-8,0p1,0.1
0.118,6.198299999999998e-8,0p1,0.1
0.119,6.198299999999998e-8,0p1,0.1
0.12,6.198299999999998e-8,0p1,0.1
0.121,6.198299999999998e-8,0p1,0.1
0.122,6.198299999999998e-8,0p1,0.1
0.123,6.198299999999998e-8,0p1,0.1
0.124,6.198299999999998e-8,0p1,0.1
0.125,6.198299999999998e-8,0p1,0.1
0.126,6.198299999999998e-8,0p1,0.1
0.127,6.198299999999998e-8,0p1,0.1
0.128,6.198299999999998e-8,0p1,0.1
0.129,6.198299999999998e-8,0p1,0.1
0.13,6.198299999999998e-8,0p1,0.1
0.131,6.198299999999998e-8,0p1,0.1
0.132,6.198299999999998e-8,0p1,0.1
0.133,6.198299999999998e-8,0p1,0.1
0.134,6.198299999999998e-8,0p1,0.1
0.135,6.198299999999998e-8,0p1,0.1
0.136,6.198299999999998e-8,0p1,0.1
0.137,6.198299999999998e-8,0p1,0.1
0.138,6.198299999999998e-8,0p1,0.1
0.139,6.198299999999998e-8,0p1,0.1
0.14,6.198299999999998e-8,0p1,0.1
0.141,6.198299999999998e-8,0p1,0.1
0.142,6.198299999999998e-8,0p1,0.1
0.143,6.198299999999998e-8,0p1,0.1
0.144,6.198299999999998e-8,0p1,0.1
0.145,6.1983e-8,0p1,0.1
0.146,6.1983e-8,0p1,0.1
0.147,6.1983e-8,0p1,0.1
0.148,6.1983e-8,0p1,0.1
0.149,6.1983e-8,0p1,0.1
0.15,6.1983e-8,0p1,0.1
0.151,6.1983e-8,0p1,0.1
0.152,6.1983e-8,0p1,0.1
0.153,6.1983e-8,0p1,0.1
0.154,6.1983e-8,0p1,0.1
0.155,6.1983e-8,0p1,0.1
0.156,6.1983e-8,0p1,0.1
0.157,6.1983e-8,0p1,0.1
0.158,6.1983e-8,0p1,0.1
0.159,6.1983e-8,0p1,0.1
0.16,6.1983e-8,0p1,0.1
0.161,6.1983e-8,0p1,0.1
0.162,6.1983e-8,0p1,0.1
0.163,6.1983e-8,0p1,0.1
0.164,6.1983e-8,0p1,0.1
0.165,6.1983e-8,0p1,0.1
0.166,6.1983e-8,0p1,0.1
0.167,6.1983e-8,0p1,0.1
0.168,6.1983e-8,0p1,0.1
0.169,6.1983e-8,0p1,0.1
0.17,6.1983e-8,0p1,0.1
0.171,6.1983e-8,0p1,0.1
0.172,6.1983e-8,0p1,0.1
0.173,6.1983e-8,0p1,0.1
0.174,6.1983e-8,0p1,0.1
0.175,6.1983e-8,0p1,0.1
0.176,6.1983e-8,0p1,0.1
0.177,6.1983e-8,0p1,0.1
0.178,6.1983e-8,0p1,0.1
0.179,6.1983e-8,0p1,0.1
0.18,6.1983e-8,0p1,0.1
0.181,6.1983e-8,0p1,0.1
0.182,6.1983e-8,0p1,0.1
0.183,6.1983e-8,0p1,0.1
0.184,6.1983e-8,0p1,0.1
0.185,6.1983e-8,0p1,0.1
0.186,6.1983e-8,0p1,0.1
0.187,6.1983e-8,0p1,0.1
0.188,6.1983e-8,0p1,0.1
0.189,6.1983e-8,0p1,0.1
0.19,6.1983e-8,0p1,0.1
0.191,6.1983e-8,0p1,0.1
0.192,6.1983e-8,0p1,0.1
0.193,6.1983e-8,0p1,0.1
0.194,6.1983e-8,0p1,0.1
0.195,6.1983e-8,0p1,0.1
0.196,6.1983e-8,0p1,0.1
0.197,6.1983e-8,0p1,0.1
0.198,6.1983e-8,0p1,0.1
0.199,6.1983e-8,0p1,0.1
0.2,6.1983e-8,0p1,0.1
0.201,6.1983e-8,0p1,0.1
0.202,6.1983e-8,0p1,0.1
0.203,6.1983e-8,0p1,0.1
0.204,6.1983e-8,0p1,0.1
0.205,6.1983e-8,0p1,0.1
0.206,6.1983e-8,0p1,0.1
0.207,6.1983e-8,0p1,0.1
0.208,6.1983e-8,0p1,0.1
0.209,6.1983e-8,0p1,0.1
0.21,6.1983e-8,0p1,0.1
0.211,6.1983e-8,0p1,0.1
0.212,6.1983e-8,0p1,0.1
0.213,6.1983e-8,0p1,0.1
0.214,6.1983e-8,0p1,0.1
0.215,6.1983e-8,0p1,0.1
0.216,6.1983e-8,0p1,0.1
0.217,6.1983e-8,0p1,0.1
0.218,6.1983e-8,0p1,0.1
0.219,6.1983e-8,0p1,0.1
0.22,6.1983e-8,0p1,0.1
0.221,6.1983e-8,0p1,0.1
0.222,6.1983e-8,0p1,0.1
0.223,6.1983e-8,0p1,0.1
0.224,6.1983e-8,0p1,0.1
0.225,6.1983e-8,0p1,0.1
0.226,6.1983e-8,0p1,0.1
0.227,6.1983e-8,0p1,0.1
0.228,6.1983e-8,0p1,0.1
0.229,6.1983e-8,0p1,0.1
0.23,6.1983e-8,0p1,0.1
0.231,6.1983e-8,0p1,0.1
0.232,6.1983e-8,0p1,0.1
0.233,6.1983e-8,0p1,0.1
0.234,6.1983e-8,0p1,0.1
0.235,6.1983e-8,0p1,0.1
0.236,6.1983e-8,0p1,0.1
0.237,6.1983e-8,0p1,0.1
0.238,6.1983e-8,0p1,0.1
0.239,6.1983e-8,0p1,0.1
0.24,6.1983e-8,0p1,0.1
0.241,6.1983e-8,0p1,0.1
0.242,6.1983e-8,0p1,0.1
0.243,6.1983e-8,0p1,0.1
0.244,6.1983e-8,0p1,0.1
0.245,6.1983e-8,0p1,0.1
0.246,6.1983e-8,0p1,0.1
0.247,6.1983e-8,0p1,0.1
0.248,6.1983e-8,0p1,0.1
0.249,6.1983e-8,0p1,0.1
0.25,6.198299999999998e-8,0p1,0.1
0.251,6.198299999999998e-8,0p1,0.1
0.252,6.198299999999998e-8,0p1,0.1
0.253,6.198299999999998e-8,0p1,0.1
0.254,6.198299999999998e-8,0p1,0.1
0.255,6.198299999999998e-8,0p1,0.1
0.256,6.198299999999998e-8,0p1,0.1
0.257,6.198299999999998e-8,0p1,0.1
0.258,6.198299999999998e-8,0p1,0.1
0.259,6.198299999999998e-8,0p1,0.1
0.26,6.198299999999998e-8,0p1,0.1
0.261,6.198299999999998e-8,0p1,0.1
0.262,6.198299999999998e-8,0p1,0.1
0.263,6.198299999999998e-8,0p1,0.1
0.264,6.198299999999998e-8,0p1,0.1
0.265,6.198299999999998e-8,0p1,0.1
0.266,6.198299999999998e-8,0p1,0.1
0.267,6.198299999999998e-8,0p1,0.1
0.268,6.198299999999998e-8,0p1,0.1
0.269,6.198299999999998e-8,0p1,0.1
0.27,6.198299999999998e-8,0p1,0.1
0.271,6.198299999999998e-8,0p1,0.1
0.272,6.198299999999998e-8,0p1,0.1
0.273,6.198299999999998e-8,0p1,0.1
0.274,6.198299999999998e-8,0p1,0.1
0.275,6.198299999999998e-8,0p1,0.1
0.276,6.198299999999998e-8,0p1,0.1
0.277,6.198299999999998e-8,0p1,0.1
0.278,6.198299999999998e-8,0p1,0.1
0.279,6.198299999999998e-8,0p1,0.1
0.28,6.198299999999998e-8,0p1,0.1
0.281,6.198299999999998e-8,0p1,0.1
0.282,6.198299999999998e-8,0p1,0.1
0.283,6.198299999999998e-8,0p1,0.1
0.284,6.198299999999998e-8,0p1,0.1
0.285,6.198299999999998e-8,0p1,0.1
0.286,6.198299999999998e-8,0p1,0.1
0.287,6.198299999999998e-8,0p1,0.1
0.288,6.198299999999998e-8,0p1,0.1
0.289,6.198299999999998e-8,0p1,0.1
0.29,6.198299999999998e-8,0p1,0.1
0.291,6.198299999999998e-8,0p1,0.1
0.292,6.198299999999998e-8,0p1,0.1
0.293,6.198299999999998e-8,0p1,0.1
0.294,6.198299999999998e-8,0p1,0.1
0.295,6.198299999999998e-8,0p1,0.1
0.296,6.198299999999998e-8,0p1,0.1
0.297,6.198299999999998e-8,0p1,0.1
0.298,6.198299999999998e-8,0p1,0.1
0.299,6.198299999999998e-8,0p1,0.1
0.3,6.198299999999998e-8,0p1,0.1
0.301,6.198299999999998e-8,0p1,0.1
0.302,6.198299999999998e-8,0p1,0.1
0.303,6.198299999999998e-8,0p1,0.1
0.304,6.198299999999998e-8,0p1,0.1
0.305,6.198299999999998e-8,0p1,0.1
0.306,6.198299999999998e-8,0p1,0.1
0.307,6.198299999999998e-8,0p1,0.1
0.308,6.198299999999998e-8,0p1,0.1
0.309,6.198299999999998e-8,0p1,0.1
0.31,6.198299999999998e-8,0p1,0.1
0.311,6.198299999999998e-8,0p1,0.1
0.312,6.198299999999998e-8,0p1,0.1
0.313,6.198299999999998e-8,0p1,0.1
0.314,6.198299999999998e-8,0p1,0.1
0.315,6.198299999999998e-8,0p1,0.1
0.316,6.198299999999998e-8,0p1,0.1
0.317,6.198299999999998e-8,0p1,0.1
0.318,6.198299999999998e-8,0p1,0.1
0.319,6.198299999999998e-8,0p1,0.1
0.32,6.198299999999998e-8,0p1,0.1
0.321,6.198299999999998e-8,0p1,0.1
0.322,6.198299999999998e-8,0p1,0.1
0.323,6.198299999999998e-8,0p1,0.1
0.324,6.198299999999998e-8,0p1,0.1
0.325,6.198299999999998e-8,0p1,0.1
0.326,6.198299999999998e-8,0p1,0.1
0.327,6.198299999999998e-8,0p1,0.1
0.328,6.198299999999998e-8,0p1,0.1
0.329,6.198299999999998e-8,0p1,0.1
0.33,6.198299999999998e-8,0p1,0.1
0.331,6.198299999999998e-8,0p1,0.1
0.332,6.198299999999998e-8,0p1,0.1
0.333,6.198299999999998e-8,0p1,0.1
0.334,6.198299999999998e-8,0p1,0.1
0.335,6.198299999999998e-8,0p1,0.1
0.336,6.198299999999998e-8,0p1,0.1
0.337,6.198299999999998e-8,0p1,0.1
0.338,6.198299999999998e-8,0p1,0.1
0.339,6.198299999999998e-8,0p1,0.1
0.34,6.198299999999998e-8,0p1,0.1
0.341,6.198299999999998e-8,0p1,0.1
0.342,6.198299999999998e-8,0p1,0.1
0.343,6.198299999999998e-8,0p1,0.1
0.344,6.198299999999998e-8,0p1,0.1
0.345,6.198299999999998e-8,0p1,0.1
0.346,6.198299999999998e-8,0p1,0.1
0.347,6.198299999999998e-8,0p1,0.1
0.348,6.198299999999998e-8,0p1,0.1
0.349,6.198299999999998e-8,0p1,0.1
0.35,6.198299999999998e-8,0p1,0.1
0.351,6.198299999999998e-8,0p1,0.1
0.352,6.198299999999998e-8,0p1,0.1
0.353,6.198299999999998e-8,0p1,0.1
0.354,6.198299999999998e-8,0p1,0.1
0.355,6.198299999999998e-8,0p1,0.1
0.356,6.198299999999998e-8,0p1,0.1
0.357,6.198299999999998e-8,0p1,0.1
0.358,6.198299999999998e-8,0p1,0.1
0.359,6.198299999999998e-8,0p1,0.1
0.36,6.198299999999998e-8,0p1,0.1
0.361,6.198299999999998e-8,0p1,0.1
0.362,6.198299999999998e-8,0p1,0.1
0.363,6.198299999999998e-8,0p1,0.1
0.364,6.198299999999998e-8,0p1,0.1
0.365,6.198299999999998e-8,0p1,0.1
0.366,6.198299999999998e-8,0p1,0.1
0.367,6.198299999999998e-8,0p1,0.1
0.368,6.198299999999998e-8,0p1,0.1
0.369,6.198299999999998e-8,0p1,0.1
0.37,6.198299999999998e-8,0p1,0.1
0.371,6.198299999999998e-8,0p1,0.1
0.372,6.198299999999998e-8,0p1,0.1
0.373,6.198299999999998e-8,0p1,0.1
0.374,6.198299999999998e-8,0p1,0.1
0.375,6.198299999999998e-8,0p1,0.1
0.376,6.198299999999998e-8,0p1,0.1
0.377,6.198299999999998e-8,0p1,0.1
0.378,6.198299999999998e-8,0p1,0.1
0.379,6.198299999999998e-8,0p1,0.1
0.38,6.198299999999998e-8,0p1,0.1
0.381,6.198299999999998e-8,0p1,0.1
0.382,6.198299999999998e-8,0p1,0.1
0.383,6.198299999999998e-8,0p1,0.1
0.384,6.198299999999998e-8,0p1,0.1
0.385,6.198299999999998e-8,0p1,0.1
0.386,6.198299999999998e-8,0p1,0.1
0.387,6.198299999999998e-8,0p1,0.1
0.388,6.198299999999998e-8,0p1,0.1
0.389,6.198299999999998e-8,0p1,0.1
0.39,6.198299999999998e-8,0p1,0.1
0.391,6.198299999999998e-8,0p1,0.1
0.392,6.198299999999998e-8,0p1,0.1
0.393,6.198299999999998e-8,0p1,0.1
0.394,6.198299999999998e-8,0p1,0.1
0.395,6.198299999999998e-8,0p1,0.1
0.396,6.198299999999998e-8,0p1,0.1
0.397,6.198299999999998e-8,0p1,0.1
0.398,6.198299999999998e-8,0p1,0.1
0.399,6.198299999999998e-8,0p1,0.1
0.4,6.198299999999998e-8,0p1,0.1
0.401,6.198299999999998e-8,0p1,0.1
0.402,6.198299999999998e-8,0p1,0.1
0.403,6.198299999999998e-8,0p1,0.1
0.404,6.198299999999998e-8,0p1,0.1
0.405,6.198299999999998e-8,0p1,0.1
0.406,6.198299999999998e-8,0p1,0.1
0.407,6.198299999999998e-8,0p1,0.1
0.408,6.198299999999998e-8,0p1,0.1
0.409,6.198299999999998e-8,0p1,0.1
0.41,6.198299999999998e-8,0p1,0.1
0.411,6.198299999999998e-8,0p1,0.1
0.412,6.198299999999998e-8,0p1,0.1
0.413,6.198299999999998e-8,0p1,0.1
0.414,6.198299999999998e-8,0p1,0.1
0.415,6.198299999999998e-8,0p1,0.1
0.416,6.198299999999998e-8,0p1,0.1
0.417,6.198299999999998e-8,0p1,0.1
0.418,6.198299999999998e-8,0p1,0.1
0.419,6.198299999999998e-8,0p1,0.1
0.42,6.198299999999998e-8,0p1,0.1
0.421,6.198299999999998e-8,0p1,0.1
0.422,6.198299999999998e-8,0p1,0.1
0.423,6.198299999999998e-8,0p1,0.1
0.424,6.198299999999998e-8,0p1,0.1
0.425,6.198299999999998e-8,0p1,0.1
0.426,6.198299999999998e-8,0p1,0.1
0.427,6.198299999999998e-8,0p1,0.1
0.428,6.198299999999998e-8,0p1,0.1
0.429,6.198299999999998e-8,0p1,0.1
0.43,6.198299999999998e-8,0p1,0.1
0.431,6.198299999999998e-8,0p1,0.1
0.432,6.198299999999998e-8,0p1,0.1
0.433,6.198299999999998e-8,0p1,0.1
0.434,6.198299999999998e-8,0p1,0.1
0.435,6.198299999999998e-8,0p1,0.1
0.436,6.198299999999998e-8,0p1,0.1
0.437,6.198299999999998e-8,0p1,0.1
0.438,6.198299999999998e-8,0p1,0.1
0.439,6.198299999999998e-8,0p1,0.1
0.44,6.198299999999998e-8,0p1,0.1
0.441,6.198299999999998e-8,0p1,0.1
0.442,6.198299999999998e-8,0p1,0.1
0.443,6.198299999999998e-8,0p1,0.1
0.444,6.198299999999998e-8,0p1,0.1
0.445,6.198299999999998e-8,0p1,0.1
0.446,6.198299999999998e-8,0p1,0.1
0.447,6.198299999999998e-8,0p1,0.1
0.448,6.198299999999998e-8,0p1,0.1
0.449,6.198299999999998e-8,0p1,0.1
0.45,6.198299999999998e-8,0p1,0.1
0.451,6.198299999999998e-8,0p1,0.1
0.452,6.198299999999998e-8,0p1,0.1
0.453,6.198299999999998e-8,0p1,0.1
0.454,6.198299999999998e-8,0p1,0.1
0.455,6.198299999999998e-8,0p1,0.1
0.456,6.198299999999998e-8,0p1,0.1
0.457,6.198299999999998e-8,0p1,0.1
0.458,6.198299999999998e-8,0p1,0.1
0.459,6.198299999999998e-8,0p1,0.1
0.46,6.198299999999998e-8,0p1,0.1
0.461,6.198299999999998e-8,0p1,0.1
0.462,6.198299999999998e-8,0p1,0.1
0.463,6.198299999999998e-8,0p1,0.1
0.464,6.198299999999998e-8,0p1,0.1
0.465,6.198299999999998e-8,0p1,0.1
0.466,6.198299999999998e-8,0p1,0.1
0.467,6.198299999999998e-8,0p1,0.1
0.468,6.198299999999998e-8,0p1,0.1
0.469,6.198299999999998e-8,0p1,0.1
0.47,6.198299999999998e-8,0p1,0.1
0.471,6.198299999999998e-8,0p1,0.1
0.472,6.198299999999998e-8,0p1,0.1
0.473,6.198299999999998e-8,0p1,0.1
0.474,6.198299999999998e-8,0p1,0.1
0.475,6.198299999999998e-8,0p1,0.1
0.476,6.198299999999998e-8,0p1,0.1
0.477,6.198299999999998e-8,0p1,0.1
0.478,6.198299999999998e-8,0p1,0.1
0.479,6.198299999999998e-8,0p1,0.1
0.48,6.198299999999998e-8,0p1,0.1
0.481,6.198299999999998e-8,0p1,0.1
0.482,6.198299999999998e-8,0p1,0.1
0.483,6.198299999999998e-8,0p1,0.1
0.484,6.198299999999998e-8,0p1,0.1
0.485,6.198299999999998e-8,0p1,0.1
0.486,6.198299999999998e-8,0p1,0.1
0.487,6.198299999999998e-8,0p1,0.1
0.488,6.198299999999998e-8,0p1,0.1
0.489,6.198299999999998e-8,0p1,0.1
0.49,6.198299999999998e-8,0p1,0.1
0.491,6.198299999999998e-8,0p1,0.1
0.492,6.198299999999998e-8,0p1,0.1
0.493,6.198299999999998e-8,0p1,0.1
0.494,6.198299999999998e-8,0p1,0.1
0.495,6.198299999999998e-8,0p1,0.1
0.496,6.198299999999998e-8,0p1,0.1
0.497,6.198299999999998e-8,0p1,0.1
0.498,6.198299999999998e-8,0p1,0.1
0.499,6.198299999999998e-8,0p1,0.1
0.5,6.198299999999998e-8,0p1,0.1
0.501,6.198299999999998e-8,0p1,0.1
0.502,6.198299999999998e-8,0p1,0.1
0.503,6.198299999999998e-8,0p1,0.1
0.504,6.198299999999998e-8,0p1,0.1
0.505,6.198299999999998e-8,0p1,0.1
0.506,6.198299999999998e-8,0p1,0.1
0.507,6.198299999999998e-8,0p1,0.1
0.508,6.198299999999998e-8,0p1,0.1
0.509,6.198299999999998e-8,0p1,0.1
0.51,6.198299999999998e-8,0p1,0.1
0.511,6.198299999999998e-8,0p1,0.1
0.512,6.198299999999998e-8,0p1,0.1
0.513,6.198299999999998e-8,0p1,0.1
0.514,6.198299999999998e-8,0p1,0.1
0.515,6.198299999999998e-8,0p1,0.1
0.516,6.198299999999998e-8,0p1,0.1
0.517,6.198299999999998e-8,0p1,0.1
0.518,6.198299999999998e-8,0p1,0.1
0.519,6.198299999999998e-8,0p1,0.1
0.52,6.198299999999998e-8,0p1,0.1
0.521,6.198299999999998e-8,0p1,0.1
0.522,6.198299999999998e-8,0p1,0.1
0.523,6.198299999999998e-8,0p1,0.1
0.524,6.198299999999998e-8,0p1,0.1
0.525,6.198299999999998e-8,0p1,0.1
0.526,6.198299999999998e-8,0p1,0.1
0.527,6.198299999999998e-8,0p1,0.1
0.528,6.198299999999998e-8,0p1,0.1
0.529,6.198299999999998e-8,0p1,0.1
0.53,6.198299999999998e-8,0p1,0.1
0.531,6.198299999999998e-8,0p1,0.1
0.532,6.198299999999998e-8,0p1,0.1
0.533,6.198299999999998e-8,0p1,0.1
0.534,6.198299999999998e-8,0p1,0.1
0.535,6.198299999999998e-8,0p1,0.1
0.536,6.198299999999998e-8,0p1,0.1
0.537,6.198299999999998e-8,0p1,0.1
0.538,6.198299999999998e-8,0p1,0.1
0.539,6.198299999999998e-8,0p1,0.1
0.54,6.198299999999998e-8,0p1,0.1
0.541,6.198299999999998e-8,0p1,0.1
0.542,6.198299999999998e-8,0p1,0.1
0.543,6.198299999999998e-8,0p1,0.1
0.544,6.198299999999998e-8,0p1,0.1
0.545,6.198299999999998e-8,0p1,0.1
0.546,6.198299999999998e-8,0p1,0.1
0.547,6.198299999999998e-8,0p1,0.1
0.548,6.198299999999998e-8,0p1,0.1
0.549,6.198299999999998e-8,0p1,0.1
0.55,6.198299999999998e-8,0p1,0.1
0.551,6.198299999999998e-8,0p1,0.1
0.552,6.198299999999998e-8,0p1,0.1
0.553,6.198299999999998e-8,0p1,0.1
0.554,6.198299999999998e-8,0p1,0.1
0.555,6.198299999999998e-8,0p1,0.1
0.556,6.198299999999998e-8,0p1,0.1
0.557,6.198299999999998e-8,0p1,0.1
0.558,6.198299999999998e-8,0p1,0.1
0.559,6.198299999999998e-8,0p1,0.1
0.56,6.198299999999998e-8,0p1,0.1
0.561,6.198299999999998e-8,0p1,0.1
0.562,6.198299999999998e-8,0p1,0.1
0.563,6.198299999999998e-8,0p1,0.1
0.564,6.198299999999998e-8,0p1,0.1
0.565,6.198299999999998e-8,0p1,0.1
0.566,6.198299999999998e-8,0p1,0.1
0.567,6.198299999999998e-8,0p1,0.1
0.568,6.198299999999998e-8,0p1,0.1
0.569,6.198299999999998e-8,0p1,0.1
0.57,6.198299999999998e-8,0p1,0.1
0.571,6.198299999999998e-8,0p1,0.1
0.572,6.198299999999998e-8,0p1,0.1
0.573,6.198299999999998e-8,0p1,0.1
0.574,6.198299999999998e-8,0p1,0.1
0.575,6.198299999999998e-8,0p1,0.1
0.576,6.198299999999998e-8,0p1,0.1
0.577,6.198299999999998e-8,0p1,0.1
0.578,6.198299999999998e-8,0p1,0.1
0.579,6.198299999999998e-8,0p1,0.1
0.58,6.198299999999998e-8,0p1,0.1
0.581,6.198299999999998e-8,0p1,0.1
0.582,6.198299999999998e-8,0p1,0.1
0.583,6.198299999999998e-8,0p1,0.1
0.584,6.198299999999998e-8,0p1,0.1
0.585,6.198299999999998e-8,0p1,0.1
0.586,6.198299999999998e-8,0p1,0.1
0.587,6.198299999999998e-8,0p1,0.1
0.588,6.198299999999998e-8,0p1,0.1
0.589,6.198299999999998e-8,0p1,0.1
0.59,6.198299999999998e-8,0p1,0.1
0.591,6.198299999999998e-8,0p1,0.1
0.592,6.198299999999998e-8,0p1,0.1
0.593,6.198299999999998e-8,0p1,0.1
0.594,6.198299999999998e-8,0p1,0.1
0.595,6.198299999999998e-8,0p1,0.1
0.596,6.198299999999998e-8,0p1,0.1
0.597,6.198299999999998e-8,0p1,0.1
0.598,6.198299999999998e-8,0p1,0.1
0.599,6.198299999999998e-8,0p1,0.1
0.6,6.198299999999998e-8,0p1,0.1
0.601,6.198299999999998e-8,0p1,0.1
0.602,6.198299999999998e-8,0p1,0.1
0.603,6.198299999999998e-8,0p1,0.1
0.604,6.198299999999998e-8,0p1,0.1
0.605,6.198299999999998e-8,0p1,0.1
0.606,6.198299999999998e-8,0p1,0.1
0.607,6.198299999999998e-8,0p1,0.1
0.608,6.198299999999998e-8,0p1,0.1
0.609,6.198299999999998e-8,0p1,0.1
0.61,6.198299999999998e-8,0p1,0.1
0.611,6.198299999999998e-8,0p1,0.1
0.612,6.198299999999998e-8,0p1,0.1
0.613,6.198299999999998e-8,0p1,0.1
0.614,6.198299999999998e-8,0p1,0.1
0.615,6.198299999999998e-8,0p1,0.1
0.616,6.198299999999998e-8,0p1,0.1
0.617,6.198299999999998e-8,0p1,0.1
0.618,6.198299999999998e-8,0p1,0.1
0.619,6.198299999999998e-8,0p1,0.1
0.62,6.198299999999998e-8,0p1,0.1
0.621,6.198299999999998e-8,0p1,0.1
0.622,6.198299999999998e-8,0p1,0.1
0.623,6.198299999999998e-8,0p1,0.1
0.624,6.198299999999998e-8,0p1,0.1
0.625,6.198299999999998e-8,0p1,0.1
0.626,6.198299999999998e-8,0p1,0.1
0.627,6.198299999999998e-8,0p1,0.1
0.628,6.198299999999998e-8,0p1,0.1
0.629,6.198299999999998e-8,0p1,0.1
0.63,6.198299999999998e-8,0p1,0.1
0.631,6.198299999999998e-8,0p1,0.1
0.632,6.198299999999998e-8,0p1,0.1
0.633,6.198299999999998e-8,0p1,0.1
0.634,6.198299999999998e-8,0p1,0.1
0.635,6.198299999999998e-8,0p1,0.1
0.636,6.198299999999998e-8,0p1,0.1
0.637,6.198299999999998e-8,0p1,0.1
0.638,6.198299999999998e-8,0p1,0.1
0.639,6.198299999999998e-8,0p1,0.1
0.64,6.198299999999998e-8,0p1,0.1
0.641,6.198299999999998e-8,0p1,0.1
0.642,6.198299999999998e-8,0p1,0.1
0.643,6.198299999999998e-8,0p1,0.1
0.644,6.198299999999998e-8,0p1,0.1
0.645,6.198299999999998e-8,0p1,0.1
0.646,6.198299999999998e-8,0p1,0.1
0.647,6.198299999999998e-8,0p1,0.1
0.648,6.198299999999998e-8,0p1,0.1
0.649,6.198299999999998e-8,0p1,0.1
0.65,6.198299999999998e-8,0p1,0.1
0.651,6.198299999999998e-8,0p1,0.1
0.652,6.198299999999998e-8,0p1,0.1
0.653,6.198299999999998e-8,0p1,0.1
0.654,6.198299999999998e-8,0p1,0.1
0.655,6.198299999999998e-8,0p1,0.1
0.656,6.198299999999998e-8,0p1,0.1
0.657,6.198299999999998e-8,0p1,0.1
0.658,6.198299999999998e-8,0p1,0.1
0.659,6.198299999999998e-8,0p1,0.1
0.66,6.198299999999998e-8,0p1,0.1
0.661,6.198299999999998e-8,0p1,0.1
0.662,6.198299999999998e-8,0p1,0.1
0.663,6.198299999999998e-8,0p1,0.1
0.664,6.198299999999998e-8,0p1,0.1
0.665,6.198299999999998e-8,0p1,0.1
0.666,6.198299999999998e-8,0p1,0.1
0.667,6.198299999999998e-8,0p1,0.1
0.668,6.198299999999998e-8,0p1,0.1
0.669,6.198299999999998e-8,0p1,0.1
0.67,6.198299999999998e-8,0p1,0.1
0.671,6.198299999999998e-8,0p1,0.1
0.672,6.198299999999998e-8,0p1,0.1
0.673,6.198299999999998e-8,0p1,0.1
0.674,6.198299999999998e-8,0p1,0.1
0.675,6.198299999999998e-8,0p1,0.1
0.676,6.198299999999998e-8,0p1,0.1
0.677,6.198299999999998e-8,0p1,0.1
0.678,6.198299999999998e-8,0p1,0.1
0.679,6.198299999999998e-8,0p1,0.1
0.68,6.198299999999998e-8,0p1,0.1
0.681,6.198299999999998e-8,0p1,0.1
0.682,6.198299999999998e-8,0p1,0.1
0.683,6.198299999999998e-8,0p1,0.1
0.684,6.198299999999998e-8,0p1,0.1
0.685,6.198299999999998e-8,0p1,0.1
0.686,6.198299999999998e-8,0p1,0.1
0.687,6.198299999999998e-8,0p1,0.1
0.688,6.198299999999998e-8,0p1,0.1
0.689,6.198299999999998e-8,0p1,0.1
0.69,6.198299999999998e-8,0p1,0.1
0.691,6.198299999999998e-8,0p1,0.1
0.692,6.198299999999998e-8,0p1,0.1
0.693,6.198299999999998e-8,0p1,0.1
0.694,6.198299999999998e-8,0p1,0.1
0.695,6.198299999999998e-8,0p1,0.1
0.696,6.198299999999998e-8,0p1,0.1
0.697,6.198299999999998e-8,0p1,0.1
0.698,6.198299999999998e-8,0p1,0.1
0.699,6.198299999999998e-8,0p1,0.1
0.7,6.198299999999998e-8,0p1,0.1
0.701,6.198299999999998e-8,0p1,0.1
0.702,6.198299999999998e-8,0p1,0.1
0.703,6.198299999999998e-8,0p1,0.1
0.704,6.198299999999998e-8,0p1,0.1
0.705,6.198299999999998e-8,0p1,0.1
0.706,6.198299999999998e-8,0p1,0.1
0.707,6.198299999999998e-8,0p1,0.1
0.708,6.198299999999998e-8,0p1,0.1
0.709,6.198299999999998e-8,0p1,0.1
0.71,6.198299999999998e-8,0p1,0.1
0.711,6.198299999999998e-8,0p1,0.1
0.712,6.198299999999998e-8,0p1,0.1
0.713,6.198299999999998e-8,0p1,0.1
0.714,6.198299999999998e-8,0p1,0.1
0.715,6.198299999999998e-8,0p1,0.1
0.716,6.198299999999998e-8,0p1,0.1
0.717,6.198299999999998e-8,0p1,0.1
0.718,6.198299999999998e-8,0p1,0.1
0.719,6.198299999999998e-8,0p1,0.1
0.72,6.198299999999998e-8,0p1,0.1
0.721,6.198299999999998e-8,0p1,0.1
0.722,6.198299999999998e-8,0p1,0.1
0.723,6.198299999999998e-8,0p1,0.1
0.724,6.198299999999998e-8,0p1,0.1
0.725,6.198299999999998e-8,0p1,0.1
0.726,6.198299999999998e-8,0p1,0.1
0.727,6.198299999999998e-8,0p1,0.1
0.728,6.198299999999998e-8,0p1,0.1
0.729,6.198299999999998e-8,0p1,0.1
0.73,6.198299999999998e-8,0p1,0.1
0.731,6.198299999999998e-8,0p1,0.1
0.732,6.198299999999998e-8,0p1,0.1
0.733,6.198299999999998e-8,0p1,0.1
0.734,6.198299999999998e-8,0p1,0.1
0.735,6.198299999999998e-8,0p1,0.1
0.736,6.198299999999998e-8,0p1,0.1
0.737,6.198299999999998e-8,0p1,0.1
0.738,6.198299999999998e-8,0p1,0.1
0.739,6.198299999999998e-8,0p1,0.1
0.74,6.198299999999998e-8,0p1,0.1
0.741,6.198299999999998e-8,0p1,0.1
0.742,6.198299999999998e-8,0p1,0.1
0.743,6.198299999999998e-8,0p1,0.1
0.744,6.198299999999998e-8,0p1,0.1
0.745,6.198299999999998e-8,0p1,0.1
0.746,6.198299999999998e-8,0p1,0.1
0.747,6.198299999999998e-8,0p1,0.1
0.748,6.198299999999998e-8,0p1,0.1
0.749,6.198299999999998e-8,0p1,0.1
0.75,6.198299999999998e-8,0p1,0.1
0.751,6.198299999999998e-8,0p1,0.1
0.752,6.198299999999998e-8,0p1,0.1
0.753,6.198299999999998e-8,0p1,0.1
0.754,6.198299999999998e-8,0p1,0.1
0.755,6.198299999999998e-8,0p1,0.1
0.756,6.198299999999998e-8,0p1,0.1
0.757,6.198299999999998e-8,0p1,0.1
0.758,6.198299999999998e-8,0p1,0.1
0.759,6.198299999999998e-8,0p1,0.1
0.76,6.198299999999998e-8,0p1,0.1
0.761,6.198299999999998e-8,0p1,0.1
0.762,6.198299999999998e-8,0p1,0.1
0.763,6.198299999999998e-8,0p1,0.1
0.764,6.198299999999998e-8,0p1,0.1
0.765,6.198299999999998e-8,0p1,0.1
0.766,6.198299999999998e-8,0p1,0.1
0.767,6.198299999999998e-8,0p1,0.1
0.768,6.198299999999998e-8,0p1,0.1
0.769,6.198299999999998e-8,0p1,0.1
0.77,6.198299999999998e-8,0p1,0.1
0.771,6.198299999999998e-8,0p1,0.1
0.772,6.198299999999998e-8,0p1,0.1
0.773,6.198299999999998e-8,0p1,0.1
0.774,6.198299999999998e-8,0p1,0.1
0.775,6.198299999999998e-8,0p1,0.1
0.776,6.198299999999998e-8,0p1,0.1
0.777,6.198299999999998e-8,0p1,0.1
0.778,6.198299999999998e-8,0p1,0.1
0.779,6.198299999999998e-8,0p1,0.1
0.78,6.198299999999998e-8,0p1,0.1
0.781,6.198299999999998e-8,0p1,0.1
0.782,6.198299999999998e-8,0p1,0.1
0.783,6.198299999999998e-8,0p1,0.1
0.784,6.198299999999998e-8,0p1,0.1
0.785,6.198299999999998e-8,0p1,0.1
0.786,6.198299999999998e-8,0p1,0.1
0.787,6.198299999999998e-8,0p1,0.1
0.788,6.198299999999998e-8,0p1,0.1
0.789,6.198299999999998e-8,0p1,0.1
0.79,6.198299999999998e-8,0p1,0.1
0.791,6.198299999999998e-8,0p1,0.1
0.792,6.198299999999998e-8,0p1,0.1
0.793,6.198299999999998e-8,0p1,0.1
0.794,6.198299999999998e-8,0p1,0.1
0.795,6.198299999999998e-8,0p1,0.1
0.796,6.198299999999998e-8,0p1,0.1
0.797,6.198299999999998e-8,0p1,0.1
0.798,6.198299999999998e-8,0p1,0.1
0.799,6.198299999999998e-8,0p1,0.1
0.8,6.198299999999998e-8,0p1,0.1
0.801,6.198299999999998e-8,0p1,0.1
0.802,6.198299999999998e-8,0p1,0.1
0.803,6.198299999999998e-8,0p1,0.1
0.804,6.198299999999998e-8,0p1,0.1
0.805,6.198299999999998e-8,0p1,0.1
0.806,6.198299999999998e-8,0p1,0.1
0.807,6.198299999999998e-8,0p1,0.1
0.808,6.198299999999998e-8,0p1,0.1
0.809,6.198299999999998e-8,0p1,0.1
0.81,6.198299999999998e-8,0p1,0.1
0.811,6.198299999999998e-8,0p1,0.1
0.812,6.198299999999998e-8,0p1,0.1
0.813,6.198299999999998e-8,0p1,0.1
0.814,6.198299999999998e-8,0p1,0.1
0.815,6.198299999999998e-8,0p1,0.1
0.816,6.198299999999998e-8,0p1,0.1
0.817,6.198299999999998e-8,0p1,0.1
0.818,6.198299999999998e-8,0p1,0.1
0.819,6.198299999999998e-8,0p1,0.1
0.82,6.198299999999998e-8,0p1,0.1
0.821,6.198299999999998e-8,0p1,0.1
0.822,6.198299999999998e-8,0p1,0.1
0.823,6.198299999999998e-8,0p1,0.1
0.824,6.198299999999998e-8,0p1,0.1
0.825,6.198299999999998e-8,0p1,0.1
0.826,6.198299999999998e-8,0p1,0.1
0.827,6.198299999999998e-8,0p1,0.1
0.828,6.198299999999998e-8,0p1,0.1
0.829,6.198299999999998e-8,0p1,0.1
0.83,6.198299999999998e-8,0p1,0.1
0.831,6.198299999999998e-8,0p1,0.1
0.832,6.198299999999998e-8,0p1,0.1
0.833,6.198299999999998e-8,0p1,0.1
0.834,6.198299999999998e-8,0p1,0.1
0.835,6.198299999999998e-8,0p1,0.1
0.836,6.198299999999998e-8,0p1,0.1
0.837,6.198299999999998e-8,0p1,0.1
0.838,6.198299999999998e-8,0p1,0.1
0.839,6.198299999999998e-8,0p1,0.1
0.84,6.198299999999998e-8,0p1,0.1
0.841,6.198299999999998e-8,0p1,0.1
0.842,6.198299999999998e-8,0p1,0.1
0.843,6.198299999999998e-8,0p1,0.1
0.844,6.198299999999998e-8,0p1,0.1
0.845,6.198299999999998e-8,0p1,0.1
0.846,6.198299999999998e-8,0p1,0.1
0.847,6.198299999999998e-8,0p1,0.1
0.848,6.198299999999998e-8,0p1,0.1
0.849,6.198299999999998e-8,0p1,0.1
0.85,6.198299999999998e-8,0p1,0.1
0.851,6.198299999999998e-8,0p1,0.1
0.852,6.198299999999998e-8,0p1,0.1
0.853,6.198299999999998e-8,0p1,0.1
0.854,6.198299999999998e-8,0p1,0.1
0.855,6.198299999999998e-8,0p1,0.1
0.856,6.198299999999998e-8,0p1,0.1
0.857,6.198299999999998e-8,0p1,0.1
0.858,6.198299999999998e-8,0p1,0.1
0.859,6.198299999999998e-8,0p1,0.1
0.86,6.198299999999998e-8,0p1,0.1
0.861,6.198299999999998e-8,0p1,0.1
0.862,6.198299999999998e-8,0p1,0.1
0.863,6.198299999999998e-8,0p1,0.1
0.864,6.198299999999998e-8,0p1,0.1
0.865,6.198299999999998e-8,0p1,0.1
0.866,6.198299999999998e-8,0p1,0.1
0.867,6.198299999999998e-8,0p1,0.1
0.868,6.198299999999998e-8,0p1,0.1
0.869,6.198299999999998e-8,0p1,0.1
0.87,6.198299999999998e-8,0p1,0.1
0.871,6.198299999999998e-8,0p1,0.1
0.872,6.198299999999998e-8,0p1,0.1
0.873,6.198299999999998e-8,0p1,0.1
0.874,6.198299999999998e-8,0p1,0.1
0.875,6.198299999999998e-8,0p1,0.1
0.876,6.198299999999998e-8,0p1,0.1
0.877,6.198299999999998e-8,0p1,0.1
0.878,6.198299999999998e-8,0p1,0.1
0.879,6.198299999999998e-8,0p1,0.1
0.88,6.198299999999998e-8,0p1,0.1
0.881,6.198299999999998e-8,0p1,0.1
0.882,6.198299999999998e-8,0p1,0.1
0.883,6.198299999999998e-8,0p1,0.1
0.884,6.198299999999998e-8,0p1,0.1
0.885,6.198299999999998e-8,0p1,0.1
0.886,6.198299999999998e-8,0p1,0.1
0.887,6.198299999999998e-8,0p1,0.1
0.888,6.198299999999998e-8,0p1,0.1
0.889,6.198299999999998e-8,0p1,0.1
0.89,6.198299999999998e-8,0p1,0.1
0.891,6.198299999999998e-8,0p1,0.1
0.892,6.198299999999998e-8,0p1,0.1
0.893,6.198299999999998e-8,0p1,0.1
0.894,6.198299999999998e-8,0p1,0.1
0.895,6.198299999999998e-8,0p1,0.1
0.896,6.198299999999998e-8,0p1,0.1
0.897,6.198299999999998e-8,0p1,0.1
0.898,6.198299999999998e-8,0p1,0.1
0.899,6.198299999999998e-8,0p1,0.1
0.9,6.198299999999998e-8,0p1,0.1
0.901,6.198299999999998e-8,0p1,0.1
0.902,6.198299999999998e-8,0p1,0.1
0.903,6.198299999999998e-8,0p1,0.1
0.904,6.198299999999998e-8,0p1,0.1
0.905,6.198299999999998e-8,0p1,0.1
0.906,6.198299999999998e-8,0p1,0.1
0.907,6.198299999999998e-8,0p1,0.1
0.908,6.198299999999998e-8,0p1,0.1
0.909,6.198299999999998e-8,0p1,0.1
0.91,6.198299999999998e-8,0p1,0.1
0.911,6.198299999999998e-8,0p1,0.1
0.912,6.198299999999998e-8,0p1,0.1
0.913,6.198299999999998e-8,0p1,0.1
0.914,6.198299999999998e-8,0p1,0.1
0.915,6.198299999999998e-8,0p1,0.1
0.916,6.198299999999998e-8,0p1,0.1
0.917,6.198299999999998e-8,0p1,0.1
0.918,6.198299999999998e-8,0p1,0.1
0.919,6.198299999999998e-8,0p1,0.1
0.92,6.198299999999998e-8,0p1,0.1
0.921,6.198299999999998e-8,0p1,0.1
0.922,6.198299999999998e-8,0p1,0.1
0.923,6.198299999999998e-8,0p1,0.1
0.924,6.198299999999998e-8,0p1,0.1
0.925,6.198299999999998e-8,0p1,0.1
0.926,6.198299999999998e-8,0p1,0.1
0.927,6.198299999999998e-8,0p1,0.1
0.928,6.198299999999998e-8,0p1,0.1
0.929,6.198299999999998e-8,0p1,0.1
0.93,6.198299999999998e-8,0p1,0.1
0.931,6.198299999999998e-8,0p1,0.1
0.932,6.198299999999998e-8,0p1,0.1
0.933,6.198299999999998e-8,0p1,0.1
0.934,6.198299999999998e-8,0p1,0.1
0.935,6.198299999999998e-8,0p1,0.1
0.936,6.198299999999998e-8,0p1,0.1
0.937,6.198299999999998e-8,0p1,0.1
0.938,6.198299999999998e-8,0p1,0.1
0.939,6.198299999999998e-8,0p1,0.1
0.94,6.198299999999998e-8,0p1,0.1
0.941,6.198299999999998e-8,0p1,0.1
0.942,6.198299999999998e-8,0p1,0.1
0.943,6.198299999999998e-8,0p1,0.1
0.944,6.198299999999998e-8,0p1,0.1
0.945,6.198299999999998e-8,0p1,0.1
0.946,6.198299999999998e-8,0p1,0.1
0.947,6.198299999999998e-8,0p1,0.1
0.948,6.198299999999998e-8,0p1,0.1
0.949,6.198299999999998e-8,0p1,0.1
0.95,6.198299999999998e-8,0p1,0.1
0.951,6.198299999999998e-8,0p1,0.1
0.952,6.198299999999998e-8,0p1,0.1
0.953,6.198299999999998e-8,0p1,0.1
0.954,6.198299999999998e-8,0p1,0.1
0.955,6.198299999999998e-8,0p1,0.1
0.956,6.198299999999998e-8,0p1,0.1
0.957,6.198299999999998e-8,0p1,0.1
0.958,6.198299999999998e-8,0p1,0.1
0.959,6.198299999999998e-8,0p1,0.1
0.96,6.198299999999998e-8,0p1,0.1
0.961,6.198299999999998e-8,0p1,0.1
0.962,6.198299999999998e-8,0p1,0.1
0.963,6.198299999999998e-8,0p1,0.1
0.964,6.198299999999998e-8,0p1,0.1
0.965,6.198299999999998e-8,0p1,0.1
0.966,6.198299999999998e-8,0p1,0.1
0.967,6.198299999999998e-8,0p1,0.1
0.968,6.198299999999998e-8,0p1,0.1
0.969,6.198299999999998e-8,0p1,0.1
0.97,6.198299999999998e-8,0p1,0.1
0.971,6.198299999999998e-8,0p1,0.1
0.972,6.198299999999998e-8,0p1,0.1
0.973,6.198299999999998e-8,0p1,0.1
0.974,6.198299999999998e-8,0p1,0.1
0.975,6.198299999999998e-8,0p1,0.1
0.976,6.198299999999998e-8,0p1,0.1
0.977,6.198299999999998e-8,0p1,0.1
0.978,6.198299999999998e-8,0p1,0.1
0.979,6.198299999999998e-8,0p1,0.1
0.98,6.198299999999998e-8,0p1,0.1
0.981,6.198299999999998e-8,0p1,0.1
0.982,6.198299999999998e-8,0p1,0.1
0.983,6.198299999999998e-8,0p1,0.1
0.984,6.198299999999998e-8,0p1,0.1
0.985,6.198299999999998e-8,0p1,0.1
0.986,6.198299999999998e-8,0p1,0.1
0.987,6.198299999999998e-8,0p1,0.1
0.988,6.198299999999998e-8,0p1,0.1
0.989,6.198299999999998e-8,0p1,0.1
0.99,6.198299999999998e-8,0p1,0.1
0.991,6.198299999999998e-8,0p1,0.1
0.992,6.198299999999998e-8,0p1,0.1
0.993,6.198299999999998e-8,0p1,0.1
0.994,6.198299999999998e-8,0p1,0.1
0.995,6.198299999999998e-8,0p1,0.1
0.996,6.198299999999998e-8,0p1,0.1
0.997,6.198299999999998e-8,0p1,0.1
0.998,6.198299999999998e-8,0p1,0.1
0.999,6.198299999999998e-8,0p1,0.1
1.0,6.198299999999998e-8,0p1,0.1
1.000000002000481,6.198299999999998e-8,0p1,0.1
1.000000002000481,6.198299999999998e-8,0p1,0.1
1.001,6.205921687662942e-8,0p1,0.1
1.002,6.228020828763767e-8,0p1,0.1
1.003,6.263444900427655e-8,0p1,0.1
1.004,6.310562262551941e-8,0p1,0.1
1.005,6.365437746158415e-8,0p1,0.1
1.006,6.424821954323524e-8,0p1,0.1
1.007,6.487340426412038e-8,0p1,0.1
1.008,6.552528817080051e-8,0p1,0.1
1.009,6.620297940270614e-8,0p1,0.1
1.01,6.690671388377992e-8,0p1,0.1
1.011,6.763668292693777e-8,0p1,0.1
1.012,6.83925990341981e-8,0p1,0.1
1.013,6.917360480453787e-8,0p1,0.1
1.014,6.997808078351533e-8,0p1,0.1
1.015,7.080443069831474e-8,0p1,0.1
1.016,7.164138916643204e-8,0p1,0.1
1.017,7.247898134649907e-8,0p1,0.1
1.018,7.331813370454998e-8,0p1,0.1
1.019,7.416090305976916e-8,0p1,0.1
1.02,7.500910251414204e-8,0p1,0.1
1.021,7.584657514829035e-8,0p1,0.1
1.022,7.663018364063415e-8,0p1,0.1
1.023,7.735782941833959e-8,0p1,0.1
1.024,7.803326502555041e-8,0p1,0.1
1.025,7.866083015999372e-8,0p1,0.1
1.026,7.924402212845812e-8,0p1,0.1
1.027,7.97863370702769e-8,0p1,0.1
1.028,8.029087067228979e-8,0p1,0.1
1.029,8.076058425207702e-8,0p1,0.1
1.03,8.119813244516388e-8,0p1,0.1
1.031,8.160589899467575e-8,0p1,0.1
1.032,8.198610655170074e-8,0p1,0.1
1.033,8.234082932011475e-8,0p1,0.1
1.034,8.267197347465099e-8,0p1,0.1
1.035,8.298121388652031e-8,0p1,0.1
1.036,8.327012911671714e-8,0p1,0.1
1.037,8.354018601813838e-8,0p1,0.1
1.038,8.37927689890739e-8,0p1,0.1
1.039,8.40290690667039e-8,0p1,0.1
1.04,8.425022117574883e-8,0p1,0.1
1.041,8.445727505978176e-8,0p1,0.1
1.042,8.465124845408025e-8,0p1,0.1
1.043,8.483299894391275e-8,0p1,0.1
1.044,8.500335246181348e-8,0p1,0.1
1.045,8.516307390105473e-8,0p1,0.1
1.046,8.53129057071155e-8,0p1,0.1
1.047,8.545348722530966e-8,0p1,0.1
1.048,8.558551921337927e-8,0p1,0.1
1.049,8.57095420071417e-8,0p1,0.1
1.05,8.58260859732169e-8,0p1,0.1
1.051,8.593547051149986e-8,0p1,0.1
1.052,8.603824236625346e-8,0p1,0.1
1.053,8.613492240930886e-8,0p1,0.1
1.054,8.622573538298628e-8,0p1,0.1
1.055,8.631107781178678e-8,0p1,0.1
1.056,8.639139727134925e-8,0p1,0.1
1.057,8.646691295335321e-8,0p1,0.1
1.058,8.653791768635198e-8,0p1,0.1
1.059,8.660476584029874e-8,0p1,0.1
1.06,8.666767671701943e-8,0p1,0.1
1.061,8.672685917242416e-8,0p1,0.1
1.062,8.678259056525605e-8,0p1,0.1
1.063,8.683509056856297e-8,0p1,0.1
1.064,8.688450166605913e-8,0p1,0.1
1.065,8.693103860092762e-8,0p1,0.1
1.066,8.697492054105299e-8,0p1,0.1
1.067,8.701623803258784e-8,0p1,0.1
1.068,8.705516252402789e-8,0p1,0.1
1.069,8.709188897567306e-8,0p1,0.1
1.07,8.712648991813213e-8,0p1,0.1
1.071,8.715909998667812e-8,0p1,0.1
1.072,8.718987588084343e-8,0p1,0.1
1.073,8.721889391158488e-8,0p1,0.1
1.074,8.7246253094332e-8,0p1,0.1
1.075,8.727207830407168e-8,0p1,0.1
1.076,8.729644911572175e-8,0p1,0.1
1.077,8.731943589132662e-8,0p1,0.1
1.078,8.734113712180462e-8,0p1,0.1
1.079,8.736163478199231e-8,0p1,0.1
1.08,8.738097634186277e-8,0p1,0.1
1.081,8.739923850482501e-8,0p1,0.1
1.082,8.741650463173085e-8,0p1,0.1
1.083,8.743283167265423e-8,0p1,0.1
1.084,8.744831669199679e-8,0p1,0.1
1.085,8.746292972447104e-8,0p1,0.1
1.086,8.74767596153499e-8,0p1,0.1
1.087,8.748983944499372e-8,0p1,0.1
1.088,8.750213181494645e-8,0p1,0.1
1.089,8.751385125869878e-8,0p1,0.1
1.09,8.752490310237286e-8,0p1,0.1
1.091,8.753534016954521e-8,0p1,0.1
1.092,8.754525560903417e-8,0p1,0.1
1.093,8.755459507218141e-8,0p1,0.1
1.094,8.756346459261717e-8,0p1,0.1
1.095,8.757186178333977e-8,0p1,0.1
1.096,8.757978025241991e-8,0p1,0.1
1.097,8.758732679686213e-8,0p1,0.1
1.098,8.759444975385949e-8,0p1,0.1
1.099,8.760120065483015e-8,0p1,0.1
1.1,8.760761799170856e-8,0p1,0.1
1.101,8.761367240148117e-8,0p1,0.1
1.102,8.761944841242535e-8,0p1,0.1
1.103,8.762491800884018e-8,0p1,0.1
1.104,8.763009666322751e-8,0p1,0.1
1.105,8.763503761549296e-8,0p1,0.1
1.106,8.763971179938964e-8,0p1,0.1
1.107,8.764416281497104e-8,0p1,0.1
1.108,8.764839815556121e-8,0p1,0.1
1.109,8.765240825347877e-8,0p1,0.1
1.11,8.765624702866285e-8,0p1,0.1
1.111,8.765988939986801e-8,0p1,0.1
1.112,8.766335529493121e-8,0p1,0.1
1.113,8.766666784896194e-8,0p1,0.1
1.114,8.766981176783146e-8,0p1,0.1
1.115,8.767282201278356e-8,0p1,0.1
1.116,8.76756916677286e-8,0p1,0.1
1.117,8.767842327218681e-8,0p1,0.1
1.118,8.768104458038202e-8,0p1,0.1
1.119,8.768354129768082e-8,0p1,0.1
1.12,8.768593089380361e-8,0p1,0.1
1.121,8.768822061403226e-8,0p1,0.1
1.122,8.769040326328679e-8,0p1,0.1
1.123,8.769250554216587e-8,0p1,0.1
1.124,8.769451549459195e-8,0p1,0.1
1.125,8.769644507162146e-8,0p1,0.1
1.126,8.769831499985227e-8,0p1,0.1
1.127,8.770011290380772e-8,0p1,0.1
1.128,8.770183878816035e-8,0p1,0.1
1.129,8.77034926570428e-8,0p1,0.1
1.13,8.770507918825872e-8,0p1,0.1
1.131,8.770662418909253e-8,0p1,0.1
1.132,8.770810791093577e-8,0p1,0.1
1.133,8.770953035572244e-8,0p1,0.1
1.134,8.77108915250108e-8,0p1,0.1
1.135,8.771220875334982e-8,0p1,0.1
1.136,8.771349625128826e-8,0p1,0.1
1.137,8.771473725071196e-8,0p1,0.1
1.138,8.771593175193393e-8,0p1,0.1
1.139,8.771707975506902e-8,0p1,0.1
1.14,8.771820166719601e-8,0p1,0.1
1.141,8.771929271946462e-8,0p1,0.1
1.142,8.772034728288058e-8,0p1,0.1
1.143,8.77213653570673e-8,0p1,0.1
1.144,8.772234771611263e-8,0p1,0.1
1.145,8.772331613467488e-8,0p1,0.1
1.146,8.772425612213199e-8,0p1,0.1
1.147,8.77251676779295e-8,0p1,0.1
1.148,8.772605080145495e-8,0p1,0.1
1.149,8.772691068510175e-8,0p1,0.1
1.15,8.772775663626977e-8,0p1,0.1
1.151,8.772858033305004e-8,0p1,0.1
1.152,8.77293817748433e-8,0p1,0.1
1.153,8.773016096102066e-8,0p1,0.1
1.154,8.773092576833328e-8,0p1,0.1
1.155,8.773167685205611e-8,0p1,0.1
1.156,8.773241039438172e-8,0p1,0.1
1.157,8.773312639477092e-8,0p1,0.1
1.158,8.773382485267037e-8,0p1,0.1
1.159,8.773451503210324e-8,0p1,0.1
1.16,8.773519191850756e-8,0p1,0.1
1.161,8.773585484326144e-8,0p1,0.1
1.162,8.773650380592067e-8,0p1,0.1
1.163,8.773714022564136e-8,0p1,0.1
1.164,8.773776959685458e-8,0p1,0.1
1.165,8.773838772324696e-8,0p1,0.1
1.166,8.773899460447336e-8,0p1,0.1
1.167,8.773959024018653e-8,0p1,0.1
1.168,8.77401773488178e-8,0p1,0.1
1.169,8.774075742730596e-8,0p1,0.1
1.17,8.774132832413028e-8,0p1,0.1
1.171,8.774189003902922e-8,0p1,0.1
1.172,8.774244257174091e-8,0p1,0.1
1.173,8.77429911468278e-8,0p1,0.1
1.174,8.774353399806563e-8,0p1,0.1
1.175,8.774407004454205e-8,0p1,0.1
1.176,8.774459928609891e-8,0p1,0.1
1.177,8.774512172257883e-8,0p1,0.1
1.178,8.774563735382498e-8,0p1,0.1
1.179,8.774614617968131e-8,0p1,0.1
1.18,8.77466481999924e-8,0p1,0.1
1.181,8.774714341460362e-8,0p1,0.1
1.182,8.774763397503416e-8,0p1,0.1
1.183,8.774812197028789e-8,0p1,0.1
1.184,8.774860430288316e-8,0p1,0.1
1.185,8.774908097271481e-8,0p1,0.1
1.186,8.774955197967841e-8,0p1,0.1
1.187,8.775001732367033e-8,0p1,0.1
1.188,8.775047700458762e-8,0p1,0.1
1.189,8.775093102232803e-8,0p1,0.1
1.19,8.775137937679005e-8,0p1,0.1
1.191,8.775182206787294e-8,0p1,0.1
1.192,8.775226549576922e-8,0p1,0.1
1.193,8.775270470950273e-8,0p1,0.1
1.194,8.775313953053756e-8,0p1,0.1
1.195,8.775356995882398e-8,0p1,0.1
1.196,8.775399599431281e-8,0p1,0.1
1.197,8.775441763695545e-8,0p1,0.1
1.198,8.775483488670364e-8,0p1,0.1
1.199,8.775524774350984e-8,0p1,0.1
1.2,8.775565620732694e-8,0p1,0.1
1.201,8.775606264986101e-8,0p1,0.1
1.202,8.775646725929621e-8,0p1,0.1
1.203,8.775686833147465e-8,0p1,0.1
1.204,8.775726586637932e-8,0p1,0.1
1.205,8.775765986399337e-8,0p1,0.1
1.206,8.775805032430033e-8,0p1,0.1
1.207,8.775843724728394e-8,0p1,0.1
1.208,8.775882063292825e-8,0p1,0.1
1.209,8.775920048121749e-8,0p1,0.1
1.21,8.775957717393583e-8,0p1,0.1
1.211,8.775995295973613e-8,0p1,0.1
1.212,8.776032577134808e-8,0p1,0.1
1.213,8.776069560877194e-8,0p1,0.1
1.214,8.77610624720082e-8,0p1,0.1
1.215,8.776142636105731e-8,0p1,0.1
1.216,8.776178727591985e-8,0p1,0.1
1.217,8.776214521659665e-8,0p1,0.1
1.218,8.776250018308842e-8,0p1,0.1
1.219,8.776285217539601e-8,0p1,0.1
1.22,8.776320258477128e-8,0p1,0.1
1.221,8.776355086595298e-8,0p1,0.1
1.222,8.776389654995108e-8,0p1,0.1
1.223,8.77642396367741e-8,0p1,0.1
1.224,8.776458012643067e-8,0p1,0.1
1.225,8.776491801892921e-8,0p1,0.1
1.226,8.776525331427835e-8,0p1,0.1
1.227,8.776558601248654e-8,0p1,0.1
1.228,8.776591611356238e-8,0p1,0.1
1.229,8.776624402134636e-8,0p1,0.1
1.23,8.776657038923744e-8,0p1,0.1
1.231,8.776689442468184e-8,0p1,0.1
1.232,8.776721612769135e-8,0p1,0.1
1.233,8.776753549827768e-8,0p1,0.1
1.234,8.776785253645246e-8,0p1,0.1
1.235,8.776816724222724e-8,0p1,0.1
1.236,8.776847961561357e-8,0p1,0.1
1.237,8.776878965662296e-8,0p1,0.1
1.238,8.776909736526676e-8,0p1,0.1
1.239,8.7769403662335e-8,0p1,0.1
1.24,8.77697079182938e-8,0p1,0.1
1.241,8.777001004039909e-8,0p1,0.1
1.242,8.777031002866322e-8,0p1,0.1
1.243,8.77706078830985e-8,0p1,0.1
1.244,8.777090360371718e-8,0p1,0.1
1.245,8.777119719053139e-8,0p1,0.1
1.246,8.777148864355318e-8,0p1,0.1
1.247,8.777177796279461e-8,0p1,0.1
1.248,8.777206553130274e-8,0p1,0.1
1.249,8.77723514902534e-8,0p1,0.1
1.25,8.777263547483083e-8,0p1,0.1
1.251,8.777291748504696e-8,0p1,0.1
1.252,8.77731975209136e-8,0p1,0.1
1.253,8.77734755824425e-8,0p1,0.1
1.254,8.777375166964539e-8,0p1,0.1
1.255,8.777402578253381e-8,0p1,0.1
1.256,8.777429792111933e-8,0p1,0.1
1.257,8.777456813135191e-8,0p1,0.1
1.258,8.777483703670944e-8,0p1,0.1
1.259,8.777510410331708e-8,0p1,0.1
1.26,8.777536933118564e-8,0p1,0.1
1.261,8.777563272032612e-8,0p1,0.1
1.262,8.777589427074933e-8,0p1,0.1
1.263,8.777615398246596e-8,0p1,0.1
1.264,8.777641185548676e-8,0p1,0.1
1.265,8.777666788982229e-8,0p1,0.1
1.266,8.77769220854831e-8,0p1,0.1
1.267,8.777717483988058e-8,0p1,0.1
1.268,8.777742606221709e-8,0p1,0.1
1.269,8.777767556595293e-8,0p1,0.1
1.27,8.777792335109798e-8,0p1,0.1
1.271,8.777816941766199e-8,0p1,0.1
1.272,8.777841376565457e-8,0p1,0.1
1.273,8.777865639508542e-8,0p1,0.1
1.274,8.777889730596407e-8,0p1,0.1
1.275,8.777913649830003e-8,0p1,0.1
1.276,8.777937418884442e-8,0p1,0.1
1.277,8.777961094963464e-8,0p1,0.1
1.278,8.777984617639266e-8,0p1,0.1
1.279,8.778007986912685e-8,0p1,0.1
1.28,8.778031202784559e-8,0p1,0.1
1.281,8.77805426525572e-8,0p1,0.1
1.282,8.778077174326984e-8,0p1,0.1
1.283,8.778099929999175e-8,0p1,0.1
1.284,8.7781225322731e-8,0p1,0.1
1.285,8.778144981149573e-8,0p1,0.1
1.286,8.778167276629389e-8,0p1,0.1
1.287,8.778189418713353e-8,0p1,0.1
1.288,8.778211407402248e-8,0p1,0.1
1.289,8.778233242696858e-8,0p1,0.1
1.29,8.77825492459797e-8,0p1,0.1
1.291,8.778276453106354e-8,0p1,0.1
1.292,8.778297828222783e-8,0p1,0.1
1.293,8.77831904994802e-8,0p1,0.1
1.294,8.778340118282816e-8,0p1,0.1
1.295,8.778361081346497e-8,0p1,0.1
1.296,8.778381967337066e-8,0p1,0.1
1.297,8.778402711985873e-8,0p1,0.1
1.298,8.778423315293609e-8,0p1,0.1
1.299,8.778443777260945e-8,0p1,0.1
1.3,8.778464097888566e-8,0p1,0.1
1.301,8.778484277177134e-8,0p1,0.1
1.302,8.778504315127324e-8,0p1,0.1
1.303,8.778524211739786e-8,0p1,0.1
1.304,8.778543967015187e-8,0p1,0.1
1.305,8.778563580954176e-8,0p1,0.1
1.306,8.7785830535574e-8,0p1,0.1
1.307,8.778602384825501e-8,0p1,0.1
1.308,8.778621574759116e-8,0p1,0.1
1.309,8.77864062335888e-8,0p1,0.1
1.31,8.778659530625423e-8,0p1,0.1
1.311,8.778678296559366e-8,0p1,0.1
1.312,8.778696921161331e-8,0p1,0.1
1.313,8.778715404431936e-8,0p1,0.1
1.314,8.778733838549835e-8,0p1,0.1
1.315,8.77875220903713e-8,0p1,0.1
1.316,8.778770454371602e-8,0p1,0.1
1.317,8.77878857455378e-8,0p1,0.1
1.318,8.778806569584203e-8,0p1,0.1
1.319,8.778824439463399e-8,0p1,0.1
1.32,8.778842184191882e-8,0p1,0.1
1.321,8.778859803770181e-8,0p1,0.1
1.322,8.77887729819881e-8,0p1,0.1
1.323,8.778894667478284e-8,0p1,0.1
1.324,8.778911911609111e-8,0p1,0.1
1.325,8.778929030591794e-8,0p1,0.1
1.326,8.778946024426839e-8,0p1,0.1
1.327,8.778962893114743e-8,0p1,0.1
1.328,8.778979636655999e-8,0p1,0.1
1.329,8.778996255051099e-8,0p1,0.1
1.33,8.779012748300534e-8,0p1,0.1
1.331,8.779029116404783e-8,0p1,0.1
1.332,8.779045359364328e-8,0p1,0.1
1.333,8.77906151218773e-8,0p1,0.1
1.334,8.779077555138269e-8,0p1,0.1
1.335,8.779093477656312e-8,0p1,0.1
1.336,8.779109279742302e-8,0p1,0.1
1.337,8.779124962636613e-8,0p1,0.1
1.338,8.779140553112705e-8,0p1,0.1
1.339,8.77915603322687e-8,0p1,0.1
1.34,8.779171408569003e-8,0p1,0.1
1.341,8.779186681467568e-8,0p1,0.1
1.342,8.779201852193876e-8,0p1,0.1
1.343,8.77921692081776e-8,0p1,0.1
1.344,8.779231887922279e-8,0p1,0.1
1.345,8.779246732488337e-8,0p1,0.1
1.346,8.779261435903584e-8,0p1,0.1
1.347,8.779275987401703e-8,0p1,0.1
1.348,8.779290426828299e-8,0p1,0.1
1.349,8.779304624155431e-8,0p1,0.1
1.35,8.779318821466794e-8,0p1,0.1
1.351,8.779333018762393e-8,0p1,0.1
1.352,8.779346795597965e-8,0p1,0.1
1.353,8.779360318236017e-8,0p1,0.1
1.354,8.779373840859764e-8,0p1,0.1
1.355,8.77938736346921e-8,0p1,0.1
1.356,8.77940088606436e-8,0p1,0.1
1.357,8.779414408645204e-8,0p1,0.1
1.358,8.779427931211748e-8,0p1,0.1
1.359,8.779441301575387e-8,0p1,0.1
1.36,8.779454181540522e-8,0p1,0.1
1.361,8.779467061492686e-8,0p1,0.1
1.362,8.779479941431871e-8,0p1,0.1
1.363,8.779492821358087e-8,0p1,0.1
1.364,8.779505701271323e-8,0p1,0.1
1.365,8.779518581171588e-8,0p1,0.1
1.366,8.779531461058877e-8,0p1,0.1
1.367,8.77954382042148e-8,0p1,0.1
1.368,8.779556088248421e-8,0p1,0.1
1.369,8.779568356063585e-8,0p1,0.1
1.37,8.779580623866981e-8,0p1,0.1
1.371,8.779592891658607e-8,0p1,0.1
1.372,8.779605159438463e-8,0p1,0.1
1.373,8.779617427206548e-8,0p1,0.1
1.374,8.7796295842059e-8,0p1,0.1
1.375,8.779641568781261e-8,0p1,0.1
1.376,8.779653492543866e-8,0p1,0.1
1.377,8.779665355493892e-8,0p1,0.1
1.378,8.779677157631496e-8,0p1,0.1
1.379,8.779688898956853e-8,0p1,0.1
1.38,8.779700579470135e-8,0p1,0.1
1.381,8.779712199171502e-8,0p1,0.1
1.382,8.779723758061124e-8,0p1,0.1
1.383,8.779735256139163e-8,0p1,0.1
1.384,8.779746693405789e-8,0p1,0.1
1.385,8.779758069861153e-8,0p1,0.1
1.386,8.779769385505427e-8,0p1,0.1
1.387,8.779780640338772e-8,0p1,0.1
1.388,8.779791834361346e-8,0p1,0.1
1.389,8.779802927578272e-8,0p1,0.1
1.39,8.779813935798654e-8,0p1,0.1
1.391,8.77982487572653e-8,0p1,0.1
1.392,8.779835747362072e-8,0p1,0.1
1.393,8.779846550705454e-8,0p1,0.1
1.394,8.779857285756849e-8,0p1,0.1
1.395,8.779867952516427e-8,0p1,0.1
1.396,8.779878550984363e-8,0p1,0.1
1.397,8.779889081160827e-8,0p1,0.1
1.398,8.779899543045985e-8,0p1,0.1
1.399,8.779909936640007e-8,0p1,0.1
1.4,8.779920261943054e-8,0p1,0.1
1.401,8.7799305189553e-8,0p1,0.1
1.402,8.7799407076769e-8,0p1,0.1
1.403,8.779950828108025e-8,0p1,0.1
1.404,8.779960914861102e-8,0p1,0.1
1.405,8.77997094100043e-8,0p1,0.1
1.406,8.779980903652532e-8,0p1,0.1
1.407,8.779990802817565e-8,0p1,0.1
1.408,8.780000638495669e-8,0p1,0.1
1.409,8.780010410686999e-8,0p1,0.1
1.41,8.780020119391694e-8,0p1,0.1
1.411,8.780029764609896e-8,0p1,0.1
1.412,8.780039346341756e-8,0p1,0.1
1.413,8.780048864587418e-8,0p1,0.1
1.414,8.780058319347011e-8,0p1,0.1
1.415,8.780067710620689e-8,0p1,0.1
1.416,8.780077038408588e-8,0p1,0.1
1.417,8.780086302710847e-8,0p1,0.1
1.418,8.780095503527596e-8,0p1,0.1
1.419,8.780104640858984e-8,0p1,0.1
1.42,8.780113714705142e-8,0p1,0.1
1.421,8.780122725066209e-8,0p1,0.1
1.422,8.78013167194231e-8,0p1,0.1
1.423,8.780140555333583e-8,0p1,0.1
1.424,8.780149375240167e-8,0p1,0.1
1.425,8.780158131662184e-8,0p1,0.1
1.426,8.78016682459977e-8,0p1,0.1
1.427,8.780175454053052e-8,0p1,0.1
1.428,8.780184020022158e-8,0p1,0.1
1.429,8.780192522507215e-8,0p1,0.1
1.43,8.780200961508355e-8,0p1,0.1
1.431,8.780209337025694e-8,0p1,0.1
1.432,8.780217649059369e-8,0p1,0.1
1.433,8.780225942126205e-8,0p1,0.1
1.434,8.780234252011221e-8,0p1,0.1
1.435,8.780242506390526e-8,0p1,0.1
1.436,8.780250705264239e-8,0p1,0.1
1.437,8.780258848632462e-8,0p1,0.1
1.438,8.7802669364953e-8,0p1,0.1
1.439,8.780274968852857e-8,0p1,0.1
1.44,8.780282945705242e-8,0p1,0.1
1.441,8.780290867052557e-8,0p1,0.1
1.442,8.780298732894906e-8,0p1,0.1
1.443,8.780306543232385e-8,0p1,0.1
1.444,8.780314298065104e-8,0p1,0.1
1.445,8.780321997393163e-8,0p1,0.1
1.446,8.780329641216656e-8,0p1,0.1
1.447,8.78033722953569e-8,0p1,0.1
1.448,8.78034476235036e-8,0p1,0.1
1.449,8.780352239660764e-8,0p1,0.1
1.45,8.780359661467001e-8,0p1,0.1
1.451,8.78036702776917e-8,0p1,0.1
1.452,8.780374338567359e-8,0p1,0.1
1.453,8.780381593861669e-8,0p1,0.1
1.454,8.780388793652195e-8,0p1,0.1
1.455,8.780395937939027e-8,0p1,0.1
1.456,8.78040302672226e-8,0p1,0.1
1.457,8.780410060001988e-8,0p1,0.1
1.458,8.7804170377783e-8,0p1,0.1
1.459,8.780423960051289e-8,0p1,0.1
1.46,8.780430826821043e-8,0p1,0.1
1.461,8.780437638087654e-8,0p1,0.1
1.462,8.78044439385121e-8,0p1,0.1
1.463,8.78045120995171e-8,0p1,0.1
1.464,8.7804580031217e-8,0p1,0.1
1.465,8.780464750006751e-8,0p1,0.1
1.466,8.780471450606934e-8,0p1,0.1
1.467,8.780478104922321e-8,0p1,0.1
1.468,8.780484712952987e-8,0p1,0.1
1.469,8.780491274699003e-8,0p1,0.1
1.47,8.780497790160439e-8,0p1,0.1
1.471,8.780504259337368e-8,0p1,0.1
1.472,8.780510682229855e-8,0p1,0.1
1.473,8.780517058837977e-8,0p1,0.1
1.474,8.780523389161798e-8,0p1,0.1
1.475,8.780529673201387e-8,0p1,0.1
1.476,8.780535910956817e-8,0p1,0.1
1.477,8.780542102428149e-8,0p1,0.1
1.478,8.780548247615453e-8,0p1,0.1
1.479,8.780554346518799e-8,0p1,0.1
1.48,8.780560399138252e-8,0p1,0.1
1.481,8.780566405473872e-8,0p1,0.1
1.482,8.780572365525729e-8,0p1,0.1
1.483,8.780578279293892e-8,0p1,0.1
1.484,8.78058414677842e-8,0p1,0.1
1.485,8.780589967979372e-8,0p1,0.1
1.486,8.78059574289682e-8,0p1,0.1
1.487,8.780601471530823e-8,0p1,0.1
1.488,8.780607153881442e-8,0p1,0.1
1.489,8.780612789948743e-8,0p1,0.1
1.49,8.780618379732781e-8,0p1,0.1
1.491,8.780623923233626e-8,0p1,0.1
1.492,8.780629454710191e-8,0p1,0.1
1.493,8.780635032369057e-8,0p1,0.1
1.494,8.780640571891788e-8,0p1,0.1
1.495,8.780646073278428e-8,0p1,0.1
1.496,8.780651536529037e-8,0p1,0.1
1.497,8.780656961643648e-8,0p1,0.1
1.498,8.780662348622324e-8,0p1,0.1
1.499,8.780667697465106e-8,0p1,0.1
1.5,8.780673008172042e-8,0p1,0.1
1.500000003000721,8.78067300818786e-8,0p1,0.1
1.500000003000721,8.780673008187864e-8,0p1,0.1
1.501,9.173999514892316e-8,0p1,0.1
1.502,9.325678445281042e-8,0p1,0.1
1.503,9.384591737523288e-8,0p1,0.1
1.504,9.407301900155178e-8,0p1,0.1
1.505,9.402687355448247e-8,0p1,0.1
1.506,9.372482105326977e-8,0p1,0.1
1.507,9.324177224810045e-8,0p1,0.1
1.508,9.262500657183943e-8,0p1,0.1
1.509,9.190829948265543e-8,0p1,0.1
1.51,9.115682054578184e-8,0p1,0.1
1.511,9.053127957255989e-8,0p1,0.1
1.512,9.006322761288302e-8,0p1,0.1
1.513,8.972459526902078e-8,0p1,0.1
1.514,8.93947727959319e-8,0p1,0.1
1.515,8.90111456828916e-8,0p1,0.1
1.516,8.856251961431996e-8,0p1,0.1
1.517,8.805036947698555e-8,0p1,0.1
1.518,8.748020603889822e-8,0p1,0.1
1.519,8.685833807116927e-8,0p1,0.1
1.52,8.61910615535908e-8,0p1,0.1
1.521,8.548420112343848e-8,0p1,0.1
1.522,8.474312730949608e-8,0p1,0.1
1.523,8.39727491777652e-8,0p1,0.1
1.524,8.317754979578185e-8,0p1,0.1
1.525,8.236162592900413e-8,0p1,0.1
1.526,8.152872481541729e-8,0p1,0.1
1.527,8.068227695619044e-8,0p1,0.1
1.528,7.982542514489173e-8,0p1,0.1
1.529,7.89610501696727e-8,0p1,0.1
1.53,7.809179360787225e-8,0p1,0.1
1.531,7.722017579649184e-8,0p1,0.1
1.532,7.634829294490045e-8,0p1,0.1
1.533,7.548099719013564e-8,0p1,0.1
1.534,7.461967149996203e-8,0p1,0.1
1.535,7.376544593892869e-8,0p1,0.1
1.536,7.291939561173544e-8,0p1,0.1
1.537,7.208188039094532e-8,0p1,0.1
1.538,7.125323161859862e-8,0p1,0.1
1.539,7.043382711214874e-8,0p1,0.1
1.54,6.962410314522187e-8,0p1,0.1
1.541,6.88245722204376e-8,0p1,0.1
1.542,6.803575625669598e-8,0p1,0.1
1.543,6.725822763016976e-8,0p1,0.1
1.544,6.649257622871385e-8,0p1,0.1
1.545,6.57394002546039e-8,0p1,0.1
1.546,6.499930483876112e-8,0p1,0.1
1.547,6.427289206269162e-8,0p1,0.1
1.548,6.356075436800312e-8,0p1,0.1
1.549,6.286346909600313e-8,0p1,0.1
1.55,6.218159391030541e-8,0p1,0.1
1.551,6.151566300975864e-8,0p1,0.1
1.552,6.086618403298538e-8,0p1,0.1
1.553,6.023363556813624e-8,0p1,0.1
1.554,5.96184651886437e-8,0p1,0.1
1.555,5.902108794329716e-8,0p1,0.1
1.556,5.844188142442972e-8,0p1,0.1
1.557,5.788116014976188e-8,0p1,0.1
1.558,5.733921300238184e-8,0p1,0.1
1.559,5.681623786489341e-8,0p1,0.1
1.56,5.631236200396704e-8,0p1,0.1
1.561,5.582766497738485e-8,0p1,0.1
1.562,5.536208795789187e-8,0p1,0.1
1.563,5.491552124753253e-8,0p1,0.1
1.564,5.448781613518535e-8,0p1,0.1
1.565,5.407877097854065e-8,0p1,0.1
1.566,5.368814629234867e-8,0p1,0.1
1.567,5.331566813873475e-8,0p1,0.1
1.568,5.29610330561898e-8,0p1,0.1
1.569,5.262391255010244e-8,0p1,0.1
1.57,5.230395229904307e-8,0p1,0.1
1.571,5.200077101120654e-8,0p1,0.1
1.572,5.171401193130325e-8,0p1,0.1
1.573,5.144328421732374e-8,0p1,0.1
1.574,5.118818825792397e-8,0p1,0.1
1.575,5.09483180943785e-8,0p1,0.1
1.576,5.072326357317933e-8,0p1,0.1
1.577,5.05126122532887e-8,0p1,0.1
1.578,5.031595109039072e-8,0p1,0.1
1.579,5.01328679187786e-8,0p1,0.1
1.58,4.996293343249509e-8,0p1,0.1
1.581,4.980575773999611e-8,0p1,0.1
1.582,4.96609478131028e-8,0p1,0.1
1.583,4.952810622462825e-8,0p1,0.1
1.584,4.940684131305548e-8,0p1,0.1
1.585,4.929676782108229e-8,0p1,0.1
1.586,4.919750743132013e-8,0p1,0.1
1.587,4.9108646597747e-8,0p1,0.1
1.588,4.9029543329911e-8,0p1,0.1
1.589,4.896029001253734e-8,0p1,0.1
1.59,4.890017956073836e-8,0p1,0.1
1.591,4.884945500940701e-8,0p1,0.1
1.592,4.880709529137772e-8,0p1,0.1
1.593,4.877338613109878e-8,0p1,0.1
1.594,4.874750414504506e-8,0p1,0.1
1.595,4.872966684879799e-8,0p1,0.1
1.596,4.871907702643118e-8,0p1,0.1
1.597,4.871592882900146e-8,0p1,0.1
1.598,4.871948785308401e-8,0p1,0.1
1.599,4.872991844087377e-8,0p1,0.1
1.6,4.874654535640336e-8,0p1,0.1
1.601,4.876950548017662e-8,0p1,0.1
1.602,4.879818102793682e-8,0p1,0.1
1.603,4.883268360761725e-8,0p1,0.1
1.604,4.88724495247298e-8,0p1,0.1
1.605,4.891756755291402e-8,0p1,0.1
1.606,4.896752445289765e-8,0p1,0.1
1.607,4.902238855098743e-8,0p1,0.1
1.608,4.908169334757497e-8,0p1,0.1
1.609,4.914548898956105e-8,0p1,0.1
1.61,4.921335207066554e-8,0p1,0.1
1.611,4.928531667227459e-8,0p1,0.1
1.612,4.936099897386996e-8,0p1,0.1
1.613,4.944041893828771e-8,0p1,0.1
1.614,4.952322900150204e-8,0p1,0.1
1.615,4.960943678518787e-8,0p1,0.1
1.616,4.969872785224657e-8,0p1,0.1
1.617,4.979109909430218e-8,0p1,0.1
1.618,4.988626628157066e-8,0p1,0.1
1.619,4.998421702738466e-8,0p1,0.1
1.62,5.008469460226533e-8,0p1,0.1
1.621,5.018767864284875e-8,0p1,0.1
1.622,5.029293742286716e-8,0p1,0.1
1.623,5.040044376421085e-8,0p1,0.1
1.624,5.050998865018822e-8,0p1,0.1
1.625,5.062153912144455e-8,0p1,0.1
1.626,5.073490677163192e-8,0p1,0.1
1.627,5.085005377658593e-8,0p1,0.1
1.628,5.096681042470575e-8,0p1,0.1
1.629,5.108513483761013e-8,0p1,0.1
1.63,5.12048742546954e-8,0p1,0.1
1.631,5.132598345892606e-8,0p1,0.1
1.632,5.144832505650485e-8,0p1,0.1
1.633,5.157185112250465e-8,0p1,0.1
1.634,5.169632444606835e-8,0p1,0.1
1.635,5.182166116458957e-8,0p1,0.1
1.636,5.194793465921758e-8,0p1,0.1
1.637,5.207514492968086e-8,0p1,0.1
1.638,5.220300016262593e-8,0p1,0.1
1.639,5.233150518797714e-8,0p1,0.1
1.64,5.246076592482369e-8,0p1,0.1
1.641,5.25907507999455e-8,0p1,0.1
1.642,5.272087463700358e-8,0p1,0.1
1.643,5.285148105100812e-8,0p1,0.1
1.644,5.298257004172302e-8,0p1,0.1
1.645,5.311394933915529e-8,0p1,0.1
1.646,5.324541280155792e-8,0p1,0.1
1.647,5.337714419132182e-8,0p1,0.1
1.648,5.350914350824047e-8,0p1,0.1
1.649,5.364104539434674e-8,0p1,0.1
1.65,5.37729518483434e-8,0p1,0.1
1.651,5.390492536471232e-8,0p1,0.1
1.652,5.403689805835302e-8,0p1,0.1
1.653,5.416855391584048e-8,0p1,0.1
1.654,5.430009671747193e-8,0p1,0.1
1.655,5.443152646310264e-8,0p1,0.1
1.656,5.456264848545667e-8,0p1,0.1
1.657,5.46933869506584e-8,0p1,0.1
1.658,5.4823851205006e-8,0p1,0.1
1.659,5.495404124838088e-8,0p1,0.1
1.66,5.508364386792734e-8,0p1,0.1
1.661,5.52128168762398e-8,0p1,0.1
1.662,5.534157213310649e-8,0p1,0.1
1.663,5.546982600526396e-8,0p1,0.1
1.664,5.559740897841e-8,0p1,0.1
1.665,5.572444677086833e-8,0p1,0.1
1.666,5.585093938256106e-8,0p1,0.1
1.667,5.597671344797957e-8,0p1,0.1
1.668,5.610177521993637e-8,0p1,0.1
1.669,5.622617911076081e-8,0p1,0.1
1.67,5.634990884910995e-8,0p1,0.1
1.671,5.64727589358596e-8,0p1,0.1
1.672,5.65948519284975e-8,0p1,0.1
1.673,5.671618782697363e-8,0p1,0.1
1.674,5.683668381065991e-8,0p1,0.1
1.675,5.695626435719413e-8,0p1,0.1
1.676,5.707500098224314e-8,0p1,0.1
1.677,5.719289368576725e-8,0p1,0.1
1.678,5.730980016920956e-8,0p1,0.1
1.679,5.742576702528232e-8,0p1,0.1
1.68,5.754081453972878e-8,0p1,0.1
1.681,5.765491489207493e-8,0p1,0.1
1.682,5.776795930543339e-8,0p1,0.1
1.683,5.788001949052436e-8,0p1,0.1
1.684,5.79910954473228e-8,0p1,0.1
1.685,5.810111717484533e-8,0p1,0.1
1.686,5.821006410103969e-8,0p1,0.1
1.687,5.831797165925693e-8,0p1,0.1
1.688,5.842483984947743e-8,0p1,0.1
1.689,5.853056477746154e-8,0p1,0.1
1.69,5.863520252394977e-8,0p1,0.1
1.691,5.87387547954174e-8,0p1,0.1
1.692,5.884119474286071e-8,0p1,0.1
1.693,5.894247538288958e-8,0p1,0.1
1.694,5.90426328189814e-8,0p1,0.1
1.695,5.914166705112409e-8,0p1,0.1
1.696,5.923953005098154e-8,0p1,0.1
1.697,5.933622660747955e-8,0p1,0.1
1.698,5.943177000430217e-8,0p1,0.1
1.699,5.952615539495145e-8,0p1,0.1
1.7,5.961933731442815e-8,0p1,0.1
1.701,5.971134332831513e-8,0p1,0.1
1.702,5.980217343660505e-8,0p1,0.1
1.703,5.98918113721443e-8,0p1,0.1
1.704,5.998024463824605e-8,0p1,0.1
1.705,6.006748593443913e-8,0p1,0.1
1.706,6.015353526071799e-8,0p1,0.1
1.707,6.02383732980325e-8,0p1,0.1
1.708,6.032200725012952e-8,0p1,0.1
1.709,6.040443935157276e-8,0p1,0.1
1.71,6.048566759598199e-8,0p1,0.1
1.711,6.056568532554327e-8,0p1,0.1
1.712,6.06444970355792e-8,0p1,0.1
1.713,6.072210272608673e-8,0p1,0.1
1.714,6.079850385489988e-8,0p1,0.1
1.715,6.087370072228386e-8,0p1,0.1
1.716,6.094769266481087e-8,0p1,0.1
1.717,6.102047973739721e-8,0p1,0.1
1.718,6.109207556648388e-8,0p1,0.1
1.719,6.116247240173861e-8,0p1,0.1
1.72,6.123167024315985e-8,0p1,0.1
1.721,6.12996770428723e-8,0p1,0.1
1.722,6.136650480768552e-8,0p1,0.1
1.723,6.143214393830879e-8,0p1,0.1
1.724,6.149659443474112e-8,0p1,0.1
1.725,6.155988032835349e-8,0p1,0.1
1.726,6.162199779528958e-8,0p1,0.1
1.727,6.168294102675581e-8,0p1,0.1
1.728,6.174271477030784e-8,0p1,0.1
1.729,6.180135380264356e-8,0p1,0.1
1.73,6.185883666502607e-8,0p1,0.1
1.731,6.191516335745516e-8,0p1,0.1
1.732,6.19703567968876e-8,0p1,0.1
1.733,6.202443162022028e-8,0p1,0.1
1.734,6.207737165019451e-8,0p1,0.1
1.735,6.212917688681037e-8,0p1,0.1
1.736,6.217989661920651e-8,0p1,0.1
1.737,6.222951035411467e-8,0p1,0.1
1.738,6.227801364366245e-8,0p1,0.1
1.739,6.232541738688541e-8,0p1,0.1
1.74,6.2371752505972e-8,0p1,0.1
1.741,6.241699757242768e-8,0p1,0.1
1.742,6.246116656693081e-8,0p1,0.1
1.743,6.250428365022362e-8,0p1,0.1
1.744,6.25463383925501e-8,0p1,0.1
1.745,6.258736182679615e-8,0p1,0.1
1.746,6.262734089616845e-8,0p1,0.1
1.747,6.26663042112627e-8,0p1,0.1
1.748,6.270424152156688e-8,0p1,0.1
1.749,6.274118282096411e-8,0p1,0.1
1.75,6.277711885177832e-8,0p1,0.1
1.751,6.281207480211859e-8,0p1,0.1
1.752,6.284604343095118e-8,0p1,0.1
1.753,6.287905091436231e-8,0p1,0.1
1.754,6.29110901311587e-8,0p1,0.1
1.755,6.29421871631961e-8,0p1,0.1
1.756,6.297233545689611e-8,0p1,0.1
1.757,6.30015609614038e-8,0p1,0.1
1.758,6.302985775507258e-8,0p1,0.1
1.759,6.305725151296621e-8,0p1,0.1
1.76,6.308373703608356e-8,0p1,0.1
1.761,6.310933961476303e-8,0p1,0.1
1.762,6.313405484385383e-8,0p1,0.1
1.763,6.315790752191132e-8,0p1,0.1
1.764,6.318089871681941e-8,0p1,0.1
1.765,6.320307090744682e-8,0p1,0.1
1.766,6.322440737472592e-8,0p1,0.1
1.767,6.324490805710772e-8,0p1,0.1
1.768,6.326459041889071e-8,0p1,0.1
1.769,6.3283490925803e-8,0p1,0.1
1.77,6.330158119114136e-8,0p1,0.1
1.771,6.331886119585388e-8,0p1,0.1
1.772,6.33354007534552e-8,0p1,0.1
1.773,6.335118765102404e-8,0p1,0.1
1.774,6.336620619461812e-8,0p1,0.1
1.775,6.338047206105425e-8,0p1,0.1
1.776,6.339404592375234e-8,0p1,0.1
1.777,6.340688840129641e-8,0p1,0.1
1.778,6.341899957178449e-8,0p1,0.1
1.779,6.343043428699052e-8,0p1,0.1
1.78,6.344119602451308e-8,0p1,0.1
1.781,6.345126501593248e-8,0p1,0.1
1.782,6.346065049399155e-8,0p1,0.1
1.783,6.346942609643574e-8,0p1,0.1
1.784,6.347754748536008e-8,0p1,0.1
1.785,6.348501478013071e-8,0p1,0.1
1.786,6.349187377109603e-8,0p1,0.1
1.787,6.349814173093598e-8,0p1,0.1
1.788,6.350379396035443e-8,0p1,0.1
1.789,6.350883291119538e-8,0p1,0.1
1.79,6.351334082386724e-8,0p1,0.1
1.791,6.351727097567623e-8,0p1,0.1
1.792,6.352062348981174e-8,0p1,0.1
1.793,6.352343489197368e-8,0p1,0.1
1.794,6.352573482821935e-8,0p1,0.1
1.795,6.352749455718375e-8,0p1,0.1
1.796,6.352871419324296e-8,0p1,0.1
1.797,6.35294706209641e-8,0p1,0.1
1.798,6.352972748453148e-8,0p1,0.1
1.799,6.352948102260747e-8,0p1,0.1
1.8,6.352875887194969e-8,0p1,0.1
1.801,6.352760125950538e-8,0p1,0.1
1.802,6.35259763349104e-8,0p1,0.1
1.803,6.35238841890122e-8,0p1,0.1
1.804,6.35213895887417e-8,0p1,0.1
1.805,6.351847210718435e-8,0p1,0.1
1.806,6.351512256785751e-8,0p1,0.1
1.807,6.351136040770593e-8,0p1,0.1
1.808,6.350723445350916e-8,0p1,0.1
1.809,6.350271069416077e-8,0p1,0.1
1.81,6.349778919245093e-8,0p1,0.1
1.811,6.349256092657756e-8,0p1,0.1
1.812,6.348701507185863e-8,0p1,0.1
1.813,6.34811282052085e-8,0p1,0.1
1.814,6.347490037299818e-8,0p1,0.1
1.815,6.34683316183373e-8,0p1,0.1
1.816,6.346142198107425e-8,0p1,0.1
1.817,6.345417149779593e-8,0p1,0.1
1.818,6.344667349276006e-8,0p1,0.1
1.819,6.343891481087963e-8,0p1,0.1
1.82,6.343085225833948e-8,0p1,0.1
1.821,6.342248585838263e-8,0p1,0.1
1.822,6.341381563131326e-8,0p1,0.1
1.823,6.340484159449662e-8,0p1,0.1
1.824,6.339561457141663e-8,0p1,0.1
1.825,6.338625960205083e-8,0p1,0.1
1.826,6.337665809239894e-8,0p1,0.1
1.827,6.336681004878391e-8,0p1,0.1
1.828,6.33567154751152e-8,0p1,0.1
1.829,6.334637437288856e-8,0p1,0.1
1.83,6.333578674118616e-8,0p1,0.1
1.831,6.332510230315997e-8,0p1,0.1
1.832,6.331423555298097e-8,0p1,0.1
1.833,6.330316903623101e-8,0p1,0.1
1.834,6.32919027445632e-8,0p1,0.1
1.835,6.328043666766696e-8,0p1,0.1
1.836,6.326877079326817e-8,0p1,0.1
1.837,6.325698207399477e-8,0p1,0.1
1.838,6.32451058169672e-8,0p1,0.1
1.839,6.323307491109757e-8,0p1,0.1
1.84,6.32208893396669e-8,0p1,0.1
1.841,6.320854908442563e-8,0p1,0.1
1.842,6.319605412559363e-8,0p1,0.1
1.843,6.318341918405927e-8,0p1,0.1
1.844,6.317077289569994e-8,0p1,0.1
1.845,6.315801343853545e-8,0p1,0.1
1.846,6.31451407909691e-8,0p1,0.1
1.847,6.313215493025503e-8,0p1,0.1
1.848,6.311905583249822e-8,0p1,0.1
1.849,6.310584347265437e-8,0p1,0.1
1.85,6.309261534608623e-8,0p1,0.1
1.851,6.307934391795284e-8,0p1,0.1
1.852,6.306599709617911e-8,0p1,0.1
1.853,6.305257485640904e-8,0p1,0.1
1.854,6.303907717345902e-8,0p1,0.1
1.855,6.302550402131804e-8,0p1,0.1
1.856,6.301189414718842e-8,0p1,0.1
1.857,6.299830779217986e-8,0p1,0.1
1.858,6.298468009493608e-8,0p1,0.1
1.859,6.297101103176141e-8,0p1,0.1
1.86,6.295730057839227e-8,0p1,0.1
1.861,6.29435487099976e-8,0p1,0.1
1.862,6.292975540117854e-8,0p1,0.1
1.863,6.291602704949671e-8,0p1,0.1
1.864,6.290229240258895e-8,0p1,0.1
1.865,6.288854674594325e-8,0p1,0.1
1.866,6.28747900578289e-8,0p1,0.1
1.867,6.286102231614863e-8,0p1,0.1
1.868,6.284724349843863e-8,0p1,0.1
1.869,6.283350640169272e-8,0p1,0.1
1.87,6.281981981055716e-8,0p1,0.1
1.871,6.280614896548898e-8,0p1,0.1
1.872,6.279249384836322e-8,0p1,0.1
1.873,6.277885444083684e-8,0p1,0.1
1.874,6.276523072434845e-8,0p1,0.1
1.875,6.275163646532718e-8,0p1,0.1
1.876,6.273813462486867e-8,0p1,0.1
1.877,6.272467181617384e-8,0p1,0.1
1.878,6.27112480253325e-8,0p1,0.1
1.879,6.269786323831909e-8,0p1,0.1
1.88,6.268451744099295e-8,0p1,0.1
1.881,6.267121061909817e-8,0p1,0.1
1.882,6.265799986467688e-8,0p1,0.1
1.883,6.264486088782298e-8,0p1,0.1
1.884,6.263178090415305e-8,0p1,0.1
1.885,6.261875990414866e-8,0p1,0.1
1.886,6.260579787824183e-8,0p1,0.1
1.887,6.259289481681469e-8,0p1,0.1
1.888,6.258007408818943e-8,0p1,0.1
1.889,6.25673581431347e-8,0p1,0.1
1.89,6.255471802604372e-8,0p1,0.1
1.891,6.254215373180223e-8,0p1,0.1
1.892,6.25296652552822e-8,0p1,0.1
1.893,6.251725259134174e-8,0p1,0.1
1.894,6.250491670940018e-8,0p1,0.1
1.895,6.249270729887866e-8,0p1,0.1
1.896,6.248058759904902e-8,0p1,0.1
1.897,6.246855760888206e-8,0p1,0.1
1.898,6.245661732734782e-8,0p1,0.1
1.899,6.244476675341577e-8,0p1,0.1
1.9,6.243300588605457e-8,0p1,0.1
1.901,6.24213595686583e-8,0p1,0.1
1.902,6.240982628583322e-8,0p1,0.1
1.903,6.239839384603069e-8,0p1,0.1
1.904,6.23870622518347e-8,0p1,0.1
1.905,6.23758315058257e-8,0p1,0.1
1.906,6.236470161058026e-8,0p1,0.1
1.907,6.235367967137356e-8,0p1,0.1
1.908,6.234278524392133e-8,0p1,0.1
1.909,6.233200024550063e-8,0p1,0.1
1.91,6.232132468174031e-8,0p1,0.1
1.911,6.231075855825178e-8,0p1,0.1
1.912,6.230030188062884e-8,0p1,0.1
1.913,6.22899546544478e-8,0p1,0.1
1.914,6.227973633358118e-8,0p1,0.1
1.915,6.226963632569682e-8,0p1,0.1
1.916,6.22596520037668e-8,0p1,0.1
1.917,6.224978337582044e-8,0p1,0.1
1.918,6.224003044984961e-8,0p1,0.1
1.919,6.22303932338084e-8,0p1,0.1
1.92,6.222087841649492e-8,0p1,0.1
1.921,6.221148962586787e-8,0p1,0.1
1.922,6.220222064625184e-8,0p1,0.1
1.923,6.219307148748518e-8,0p1,0.1
1.924,6.21840421593458e-8,0p1,0.1
1.925,6.217513267155116e-8,0p1,0.1
1.926,6.21663436756173e-8,0p1,0.1
1.927,6.215768202231885e-8,0p1,0.1
1.928,6.214914238925625e-8,0p1,0.1
1.929,6.214072478749974e-8,0p1,0.1
1.93,6.213242922803633e-8,0p1,0.1
1.931,6.212425572176947e-8,0p1,0.1
1.932,6.211620427951948e-8,0p1,0.1
1.933,6.210827599439815e-8,0p1,0.1
1.934,6.210047061599214e-8,0p1,0.1
1.935,6.209278777008918e-8,0p1,0.1
1.936,6.208522746836184e-8,0p1,0.1
1.937,6.207778972237857e-8,0p1,0.1
1.938,6.207047454360358e-8,0p1,0.1
1.939,6.206328078518837e-8,0p1,0.1
1.94,6.20562064514324e-8,0p1,0.1
1.941,6.204925364405785e-8,0p1,0.1
1.942,6.204242237496602e-8,0p1,0.1
1.943,6.203571265593631e-8,0p1,0.1
1.944,6.202912449862644e-8,0p1,0.1
1.945,6.202265791457235e-8,0p1,0.1
1.946,6.201630474042021e-8,0p1,0.1
1.947,6.201007028053582e-8,0p1,0.1
1.948,6.200395504042123e-8,0p1,0.1
1.949,6.199795903168677e-8,0p1,0.1
1.95,6.199208226580735e-8,0p1,0.1
1.951,6.198632475412265e-8,0p1,0.1
1.952,6.198067982389064e-8,0p1,0.1
1.953,6.197514595333079e-8,0p1,0.1
1.954,6.196972785831427e-8,0p1,0.1
1.955,6.196442554997682e-8,0p1,0.1
1.956,6.195923903930966e-8,0p1,0.1
1.957,6.195416833715952e-8,0p1,0.1
1.958,6.194921115737799e-8,0p1,0.1
1.959,6.194435549717126e-8,0p1,0.1
1.96,6.193961138099595e-8,0p1,0.1
1.961,6.193497882263253e-8,0p1,0.1
1.962,6.193045783558813e-8,0p1,0.1
1.963,6.192604843309659e-8,0p1,0.1
1.964,6.19217506281182e-8,0p1,0.1
1.965,6.191755194688901e-8,0p1,0.1
1.966,6.191345330533762e-8,0p1,0.1
1.967,6.190946085189741e-8,0p1,0.1
1.968,6.190557460487668e-8,0p1,0.1
1.969,6.190179458180826e-8,0p1,0.1
1.97,6.189812079944942e-8,0p1,0.1
1.971,6.189455104964706e-8,0p1,0.1
1.972,6.18910663784936e-8,0p1,0.1
1.973,6.188768194698479e-8,0p1,0.1
1.974,6.188439776832777e-8,0p1,0.1
1.975,6.188121385501447e-8,0p1,0.1
1.976,6.18781302188217e-8,0p1,0.1
1.977,6.187514687081111e-8,0p1,0.1
1.978,6.187225029389475e-8,0p1,0.1
1.979,6.186943926639728e-8,0p1,0.1
1.98,6.186672204464739e-8,0p1,0.1
1.981,6.186409863571723e-8,0p1,0.1
1.982,6.186156904623953e-8,0p1,0.1
1.983,6.18591332824074e-8,0p1,0.1
1.984,6.1856790020769e-8,0p1,0.1
1.985,6.185451574962982e-8,0p1,0.1
1.986,6.185232846753368e-8,0p1,0.1
1.987,6.185022817809594e-8,0p1,0.1
1.988,6.184821488470496e-8,0p1,0.1
1.989,6.184628859052214e-8,0p1,0.1
1.99,6.184444929848189e-8,0p1,0.1
1.991,6.184268371507866e-8,0p1,0.1
1.992,6.184098806946626e-8,0p1,0.1
1.993,6.183937236297204e-8,0p1,0.1
1.994,6.183783659725365e-8,0p1,0.1
1.995,6.183638077386023e-8,0p1,0.1
1.996,6.183500489423241e-8,0p1,0.1
1.997,6.183370879516796e-8,0p1,0.1
1.998,6.183246576722258e-8,0p1,0.1
1.999,6.18312955133841e-8,0p1,0.1
2.0,6.183019803444857e-8,0p1,0.1
2.001,6.182917333116219e-8,0p1,0.1
2.002,6.182822140422102e-8,0p1,0.1
2.003,6.18273422542711e-8,0p1,0.1
2.004,6.18265237911019e-8,0p1,0.1
2.005,6.182575975032886e-8,0p1,0.1
2.006,6.18250613137576e-8,0p1,0.1
2.007,6.182442848174568e-8,0p1,0.1
2.008,6.182386125462809e-8,0p1,0.1
2.009,6.182335963271722e-8,0p1,0.1
2.01,6.182292361630276e-8,0p1,0.1
2.011,6.182252789064592e-8,0p1,0.1
2.012,6.182218965369326e-8,0p1,0.1
2.013,6.182190993673991e-8,0p1,0.1
2.014,6.18216887399477e-8,0p1,0.1
2.015,6.182152606346837e-8,0p1,0.1
2.016,6.182142190744355e-8,0p1,0.1
2.017,6.182136594362716e-8,0p1,0.1
2.018,6.182134981515668e-8,0p1,0.1
2.019,6.1821385286366e-8,0p1,0.1
2.02,6.182147235733422e-8,0p1,0.1
2.021,6.182161102813585e-8,0p1,0.1
2.022,6.1821801298841e-8,0p1,0.1
2.023,6.182204316951511e-8,0p1,0.1
2.024,6.182231419310949e-8,0p1,0.1
2.025,6.18226280431081e-8,0p1,0.1
2.026,6.182298680227893e-8,0p1,0.1
2.027,6.182339047065927e-8,0p1,0.1
2.028,6.182383904828437e-8,0p1,0.1
2.029,6.182433253518747e-8,0p1,0.1
2.03,6.182486259024624e-8,0p1,0.1
2.031,6.182541937091334e-8,0p1,0.1
2.032,6.182601465422813e-8,0p1,0.1
2.033,6.182664844020965e-8,0p1,0.1
2.034,6.182732072887608e-8,0p1,0.1
2.035,6.182803152024465e-8,0p1,0.1
2.036,6.182878081433174e-8,0p1,0.1
2.037,6.182953617220089e-8,0p1,0.1
2.038,6.183031480095735e-8,0p1,0.1
2.039,6.183112160117242e-8,0p1,0.1
2.04,6.183195657285404e-8,0p1,0.1
2.041,6.183281971600982e-8,0p1,0.1
2.042,6.183371103064714e-8,0p1,0.1
2.043,6.183463051677319e-8,0p1,0.1
2.044,6.183557817439478e-8,0p1,0.1
2.045,6.183655400351857e-8,0p1,0.1
2.046,6.18375580041509e-8,0p1,0.1
2.047,6.183859017629787e-8,0p1,0.1
2.048,6.18396505199653e-8,0p1,0.1
2.049,6.184073903515883e-8,0p1,0.1
2.05,6.18418182539586e-8,0p1,0.1
2.051,6.184291014763916e-8,0p1,0.1
2.052,6.1844023444453e-8,0p1,0.1
2.053,6.184515814440367e-8,0p1,0.1
2.054,6.184631424749463e-8,0p1,0.1
2.055,6.184749175372916e-8,0p1,0.1
2.056,6.184869066311048e-8,0p1,0.1
2.057,6.184991097564163e-8,0p1,0.1
2.058,6.185115269132558e-8,0p1,0.1
2.059,6.185241581016512e-8,0p1,0.1
2.06,6.185370033216297e-8,0p1,0.1
2.061,6.185500625732174e-8,0p1,0.1
2.062,6.185633358564389e-8,0p1,0.1
2.063,6.185763673902263e-8,0p1,0.1
2.064,6.185893816768407e-8,0p1,0.1
2.065,6.186025216084497e-8,0p1,0.1
2.066,6.186157871850652e-8,0p1,0.1
2.067,6.18629178406699e-8,0p1,0.1
2.068,6.186426952733623e-8,0p1,0.1
2.069,6.186563377850668e-8,0p1,0.1
2.07,6.186701059418229e-8,0p1,0.1
2.071,6.186839997436413e-8,0p1,0.1
2.072,6.18698019190532e-8,0p1,0.1
2.073,6.187121642825052e-8,0p1,0.1
2.074,6.187264350195698e-8,0p1,0.1
2.075,6.187408314017354e-8,0p1,0.1
2.076,6.187549903054368e-8,0p1,0.1
2.077,6.187690514432522e-8,0p1,0.1
2.078,6.187831622641327e-8,0p1,0.1
2.079,6.187973227680824e-8,0p1,0.1
2.08,6.188115329551048e-8,0p1,0.1
2.081,6.188257928252045e-8,0p1,0.1
2.082,6.188401023783844e-8,0p1,0.1
2.083,6.188544616146492e-8,0p1,0.1
2.084,6.188688705340019e-8,0p1,0.1
2.085,6.188833291364464e-8,0p1,0.1
2.086,6.188978374219859e-8,0p1,0.1
2.087,6.189123953906241e-8,0p1,0.1
2.088,6.18927003042364e-8,0p1,0.1
2.089,6.189413896204574e-8,0p1,0.1
2.09,6.189556254072449e-8,0p1,0.1
2.091,6.189698494348178e-8,0p1,0.1
2.092,6.189840617031769e-8,0p1,0.1
2.093,6.189982622123239e-8,0p1,0.1
2.094,6.190124509622594e-8,0p1,0.1
2.095,6.190266279529856e-8,0p1,0.1
2.096,6.190407931845027e-8,0p1,0.1
2.097,6.190549466568125e-8,0p1,0.1
2.098,6.19069088369916e-8,0p1,0.1
2.099,6.190832183238142e-8,0p1,0.1
2.1,6.190973365185085e-8,0p1,0.1
2.101,6.19111442954e-8,0p1,0.1
2.102,6.191253480948779e-8,0p1,0.1
2.103,6.19139073258312e-8,0p1,0.1
2.104,6.191527396982098e-8,0p1,0.1
2.105,6.191663474145718e-8,0p1,0.1
2.106,6.191798964073986e-8,0p1,0.1
2.107,6.191933866766899e-8,0p1,0.1
2.108,6.192068182224467e-8,0p1,0.1
2.109,6.192201910446692e-8,0p1,0.1
2.11,6.192335051433577e-8,0p1,0.1
2.111,6.192467605185126e-8,0p1,0.1
2.112,6.192599571701339e-8,0p1,0.1
2.113,6.192730950982224e-8,0p1,0.1
2.114,6.192861743027783e-8,0p1,0.1
2.115,6.192990718803176e-8,0p1,0.1
2.116,6.193117801003669e-8,0p1,0.1
2.117,6.193243960851516e-8,0p1,0.1
2.118,6.19336919834672e-8,0p1,0.1
2.119,6.19349351348928e-8,0p1,0.1
2.12,6.193616906279199e-8,0p1,0.1
2.121,6.193739376716477e-8,0p1,0.1
2.122,6.193860924801115e-8,0p1,0.1
2.123,6.193981550533115e-8,0p1,0.1
2.124,6.194101253912473e-8,0p1,0.1
2.125,6.194220034939198e-8,0p1,0.1
2.126,6.19433789361329e-8,0p1,0.1
2.127,6.194454829934744e-8,0p1,0.1
2.128,6.19457013155056e-8,0p1,0.1
2.129,6.194683602166731e-8,0p1,0.1
2.13,6.194795934691133e-8,0p1,0.1
2.131,6.19490712912377e-8,0p1,0.1
2.132,6.195017185464634e-8,0p1,0.1
2.133,6.195126103713732e-8,0p1,0.1
2.134,6.195233883871063e-8,0p1,0.1
2.135,6.195340525936627e-8,0p1,0.1
2.136,6.195446029910426e-8,0p1,0.1
2.137,6.195550395792458e-8,0p1,0.1
2.138,6.195653623582724e-8,0p1,0.1
2.139,6.195755713281226e-8,0p1,0.1
2.14,6.195856664887965e-8,0p1,0.1
2.141,6.195956146479435e-8,0p1,0.1
2.142,6.196053979204152e-8,0p1,0.1
2.143,6.196150560901725e-8,0p1,0.1
2.144,6.196245891572154e-8,0p1,0.1
2.145,6.196339971215439e-8,0p1,0.1
2.146,6.19643279983158e-8,0p1,0.1
2.147,6.19652437742058e-8,0p1,0.1
2.148,6.196614703982438e-8,0p1,0.1
2.149,6.196703779517155e-8,0p1,0.1
2.15,6.196791604024732e-8,0p1,0.1
2.151,6.196878177505164e-8,0p1,0.1
2.152,6.19696349995846e-8,0p1,0.1
2.153,6.197047571384614e-8,0p1,0.1
2.154,6.197130391783628e-8,0p1,0.1
2.155,6.197211961155505e-8,0p1,0.1
2.156,6.197292279500244e-8,0p1,0.1
2.157,6.197371346817846e-8,0p1,0.1
2.158,6.197449163108309e-8,0p1,0.1
2.159,6.197525728371636e-8,0p1,0.1
2.16,6.197601042607827e-8,0p1,0.1
2.161,6.19767510581688e-8,0p1,0.1
2.162,6.1977479179988e-8,0p1,0.1
2.163,6.197819479153584e-8,0p1,0.1
2.164,6.197889789281234e-8,0p1,0.1
2.165,6.197958848381747e-8,0p1,0.1
2.166,6.198026656455129e-8,0p1,0.1
2.167,6.198093519516883e-8,0p1,0.1
2.168,6.198159793841752e-8,0p1,0.1
2.169,6.198224886882457e-8,0p1,0.1
2.17,6.198288798638797e-8,0p1,0.1
2.171,6.198351529110534e-8,0p1,0.1
2.172,6.198413078297415e-8,0p1,0.1
2.173,6.198473446199151e-8,0p1,0.1
2.174,6.19853263281544e-8,0p1,0.1
2.175,6.198590638145942e-8,0p1,0.1
2.176,6.198647462190298e-8,0p1,0.1
2.177,6.19870310494812e-8,0p1,0.1
2.178,6.198757566418997e-8,0p1,0.1
2.179,6.198810846602497e-8,0p1,0.1
2.18,6.198862945498153e-8,0p1,0.1
2.181,6.198913863105475e-8,0p1,0.1
2.182,6.198963599423952e-8,0p1,0.1
2.183,6.19901215445304e-8,0p1,0.1
2.184,6.199059528192184e-8,0p1,0.1
2.185,6.199105720640784e-8,0p1,0.1
2.186,6.199150731798227e-8,0p1,0.1
2.187,6.199194561663869e-8,0p1,0.1
2.188,6.199237210237042e-8,0p1,0.1
2.189,6.199278677517058e-8,0p1,0.1
2.19,6.199318963503196e-8,0p1,0.1
2.191,6.199358068194705e-8,0p1,0.1
2.192,6.199395991590824e-8,0p1,0.1
2.193,6.19943323983763e-8,0p1,0.1
2.194,6.199471123116641e-8,0p1,0.1
2.195,6.199507993636622e-8,0p1,0.1
2.196,6.199543851396623e-8,0p1,0.1
2.197,6.199578696395678e-8,0p1,0.1
2.198,6.199612528632781e-8,0p1,0.1
2.199,6.19964534810691e-8,0p1,0.1
2.2,6.199677154817006e-8,0p1,0.1
2.201,6.199707948761983e-8,0p1,0.1
2.202,6.199737729940731e-8,0p1,0.1
2.203,6.199766498352105e-8,0p1,0.1
2.204,6.199794253994937e-8,0p1,0.1
2.205,6.199820996868029e-8,0p1,0.1
2.206,6.199846726970153e-8,0p1,0.1
2.207,6.199871444300054e-8,0p1,0.1
2.208,6.199895148856456e-8,0p1,0.1
2.209,6.199917840638036e-8,0p1,0.1
2.21,6.199939519643459e-8,0p1,0.1
2.211,6.19996018587136e-8,0p1,0.1
2.212,6.199979839320337e-8,0p1,0.1
2.213,6.199998479988971e-8,0p1,0.1
2.214,6.200016107875805e-8,0p1,0.1
2.215,6.200032722979356e-8,0p1,0.1
2.216,6.200048325298116e-8,0p1,0.1
2.217,6.200062914830547e-8,0p1,0.1
2.218,6.200076491575086e-8,0p1,0.1
2.219,6.200089453336176e-8,0p1,0.1
2.22,6.20010434362498e-8,0p1,0.1
2.221,6.200118465295043e-8,0p1,0.1
2.222,6.200131818346738e-8,0p1,0.1
2.223,6.200144402780433e-8,0p1,0.1
2.224,6.2001562185965e-8,0p1,0.1
2.225,6.2001672657953e-8,0p1,0.1
2.226,6.200177544377191e-8,0p1,0.1
2.227,6.200187054342539e-8,0p1,0.1
2.228,6.200195795691684e-8,0p1,0.1
2.229,6.200203768424995e-8,0p1,0.1
2.23,6.200210972542803e-8,0p1,0.1
2.231,6.200217408045465e-8,0p1,0.1
2.232,6.200223074933318e-8,0p1,0.1
2.233,6.200227973206699e-8,0p1,0.1
2.234,6.200232102865948e-8,0p1,0.1
2.235,6.200235463911388e-8,0p1,0.1
2.236,6.200238056343359e-8,0p1,0.1
2.237,6.200239880162179e-8,0p1,0.1
2.238,6.200240935368176e-8,0p1,0.1
2.239,6.200241221961663e-8,0p1,0.1
2.24,6.200240739942962e-8,0p1,0.1
2.241,6.200239489312385e-8,0p1,0.1
2.242,6.200237470070236e-8,0p1,0.1
2.243,6.200234682216833e-8,0p1,0.1
2.244,6.200231125752466e-8,0p1,0.1
2.245,6.200226870655426e-8,0p1,0.1
2.246,6.200225343844153e-8,0p1,0.1
2.247,6.20022331123224e-8,0p1,0.1
2.248,6.200220772820267e-8,0p1,0.1
2.249,6.200217728608793e-8,0p1,0.1
2.25,6.200214178598343e-8,0p1,0.1
2.251,6.200210122789417e-8,0p1,0.1
2.252,6.200205561182499e-8,0p1,0.1
2.253,6.200200493778043e-8,0p1,0.1
2.254,6.200194920576469e-8,0p1,0.1
2.255,6.20018884157818e-8,0p1,0.1
2.256,6.200182256783554e-8,0p1,0.1
2.257,6.200175166192938e-8,0p1,0.1
2.258,6.200167569806657e-8,0p1,0.1
2.259,6.200159467625005e-8,0p1,0.1
2.26,6.200150859648256e-8,0p1,0.1
2.261,6.200141745876661e-8,0p1,0.1
2.262,6.200132126310433e-8,0p1,0.1
2.263,6.200122000949775e-8,0p1,0.1
2.264,6.200111369794849e-8,0p1,0.1
2.265,6.200100232845802e-8,0p1,0.1
2.266,6.200088590102753e-8,0p1,0.1
2.267,6.20007644156579e-8,0p1,0.1
2.268,6.200063787234984e-8,0p1,0.1
2.269,6.200050627110374e-8,0p1,0.1
2.27,6.200036961191972e-8,0p1,0.1
2.271,6.200022789479773e-8,0p1,0.1
2.272,6.200011057819835e-8,0p1,0.1
2.273,6.199999316629864e-8,0p1,0.1
2.274,6.19998730755043e-8,0p1,0.1
2.275,6.199975030581445e-8,0p1,0.1
2.276,6.19996248572282e-8,0p1,0.1
2.277,6.19994967297443e-8,0p1,0.1
2.278,6.199936592336139e-8,0p1,0.1
2.279,6.199923243807777e-8,0p1,0.1
2.28,6.199909627389159e-8,0p1,0.1
2.281,6.199895743080076e-8,0p1,0.1
2.282,6.199881590880299e-8,0p1,0.1
2.283,6.199867170789578e-8,0p1,0.1
2.284,6.199852482807634e-8,0p1,0.1
2.285,6.199837526934174e-8,0p1,0.1
2.286,6.199822303168881e-8,0p1,0.1
2.287,6.199806811511409e-8,0p1,0.1
2.288,6.199791051961402e-8,0p1,0.1
2.289,6.199775024518473e-8,0p1,0.1
2.29,6.199758729182218e-8,0p1,0.1
2.291,6.199742165952209e-8,0p1,0.1
2.292,6.199725334827992e-8,0p1,0.1
2.293,6.199708235809098e-8,0p1,0.1
2.294,6.199690868895033e-8,0p1,0.1
2.295,6.19967323408528e-8,0p1,0.1
2.296,6.199655331379302e-8,0p1,0.1
2.297,6.199637160776536e-8,0p1,0.1
2.298,6.199620774928491e-8,0p1,0.1
2.299,6.1996047644372e-8,0p1,0.1
2.3,6.199588673726643e-8,0p1,0.1
2.301,6.199572502796506e-8,0p1,0.1
2.302,6.199556251646465e-8,0p1,0.1
2.303,6.199539920276183e-8,0p1,0.1
2.304,6.199523508685329e-8,0p1,0.1
2.305,6.199507016873543e-8,0p1,0.1
2.306,6.199490444840478e-8,0p1,0.1
2.307,6.199473792585761e-8,0p1,0.1
2.308,6.199457060109026e-8,0p1,0.1
2.309,6.199440247409885e-8,0p1,0.1
2.31,6.199423354487952e-8,0p1,0.1
2.311,6.199406381342827e-8,0p1,0.1
2.312,6.199389327974106e-8,0p1,0.1
2.313,6.199372194381371e-8,0p1,0.1
2.314,6.199354980564206e-8,0p1,0.1
2.315,6.199337686522169e-8,0p1,0.1
2.316,6.199320312254832e-8,0p1,0.1
2.317,6.19930285776174e-8,0p1,0.1
2.318,6.199285323042441e-8,0p1,0.1
2.319,6.199267708096471e-8,0p1,0.1
2.32,6.19925001292336e-8,0p1,0.1
2.321,6.199232237522623e-8,0p1,0.1
2.322,6.199214381893777e-8,0p1,0.1
2.323,6.199196446036323e-8,0p1,0.1
2.324,6.199179651415798e-8,0p1,0.1
2.325,6.199163388177696e-8,0p1,0.1
2.326,6.199147173252655e-8,0p1,0.1
2.327,6.199131006640523e-8,0p1,0.1
2.328,6.199114888341135e-8,0p1,0.1
2.329,6.199098818354333e-8,0p1,0.1
2.33,6.199082796679959e-8,0p1,0.1
2.331,6.19906682331785e-8,0p1,0.1
2.332,6.199050898267841e-8,0p1,0.1
2.333,6.199035021529774e-8,0p1,0.1
2.334,6.19901919310348e-8,0p1,0.1
2.335,6.199003412988794e-8,0p1,0.1
2.336,6.198987681185554e-8,0p1,0.1
2.337,6.198971997693587e-8,0p1,0.1
2.338,6.198956362512727e-8,0p1,0.1
2.339,6.198940775642801e-8,0p1,0.1
2.34,6.198925237083645e-8,0p1,0.1
2.341,6.198909746835082e-8,0p1,0.1
2.342,6.198894304896944e-8,0p1,0.1
2.343,6.198878911269052e-8,0p1,0.1
2.344,6.198863565951233e-8,0p1,0.1
2.345,6.198848268943314e-8,0p1,0.1
2.346,6.198833020245119e-8,0p1,0.1
2.347,6.198817819856465e-8,0p1,0.1
2.348,6.198802667777174e-8,0p1,0.1
2.349,6.198787564007075e-8,0p1,0.1
2.35,6.198773094428935e-8,0p1,0.1
2.351,6.19875911394224e-8,0p1,0.1
2.352,6.198745254287006e-8,0p1,0.1
2.353,6.198731515463284e-8,0p1,0.1
2.354,6.198717897471135e-8,0p1,0.1
2.355,6.198704400310612e-8,0p1,0.1
2.356,6.198691023981777e-8,0p1,0.1
2.357,6.198677768484678e-8,0p1,0.1
2.358,6.198664633819381e-8,0p1,0.1
2.359,6.198651619985936e-8,0p1,0.1
2.36,6.1986387269844e-8,0p1,0.1
2.361,6.198625954814826e-8,0p1,0.1
2.362,6.198613303477276e-8,0p1,0.1
2.363,6.198600772971802e-8,0p1,0.1
2.364,6.198588363298461e-8,0p1,0.1
2.365,6.198576074457305e-8,0p1,0.1
2.366,6.198563906448395e-8,0p1,0.1
2.367,6.19855185927178e-8,0p1,0.1
2.368,6.198539932927522e-8,0p1,0.1
2.369,6.198528127415667e-8,0p1,0.1
2.37,6.19851644273628e-8,0p1,0.1
2.371,6.198504878889407e-8,0p1,0.1
2.372,6.198493435875107e-8,0p1,0.1
2.373,6.198482113693433e-8,0p1,0.1
2.374,6.198470912344442e-8,0p1,0.1
2.375,6.198459831828183e-8,0p1,0.1
2.376,6.198449050793212e-8,0p1,0.1
2.377,6.198438588569734e-8,0p1,0.1
2.378,6.198428273980842e-8,0p1,0.1
2.379,6.198418107026717e-8,0p1,0.1
2.38,6.198408087707532e-8,0p1,0.1
2.381,6.198398216023457e-8,0p1,0.1
2.382,6.19838849197467e-8,0p1,0.1
2.383,6.198378915561332e-8,0p1,0.1
2.384,6.198369486783619e-8,0p1,0.1
2.385,6.198360205641689e-8,0p1,0.1
2.386,6.198351072135712e-8,0p1,0.1
2.387,6.19834208626585e-8,0p1,0.1
2.388,6.198333248032265e-8,0p1,0.1
2.389,6.198324557435116e-8,0p1,0.1
2.39,6.198316014474557e-8,0p1,0.1
2.391,6.198307619150751e-8,0p1,0.1
2.392,6.198299371463848e-8,0p1,0.1
2.393,6.198291271414003e-8,0p1,0.1
2.394,6.198283319001369e-8,0p1,0.1
2.395,6.198275514226097e-8,0p1,0.1
2.396,6.198267857088334e-8,0p1,0.1
2.397,6.198260347588223e-8,0p1,0.1
2.398,6.198252985725914e-8,0p1,0.1
2.399,6.19824577150155e-8,0p1,0.1
2.4,6.198238704915273e-8,0p1,0.1
2.401,6.198231785967223e-8,0p1,0.1
2.402,6.198224984931163e-8,0p1,0.1
2.403,6.198218282484093e-8,0p1,0.1
2.404,6.198211722029423e-8,0p1,0.1
2.405,6.198205303567368e-8,0p1,0.1
2.406,6.198199027098137e-8,0p1,0.1
2.407,6.198192892621939e-8,0p1,0.1
2.408,6.198186900138971e-8,0p1,0.1
2.409,6.198181049649424e-8,0p1,0.1
2.41,6.198175341153486e-8,0p1,0.1
2.411,6.198169774651338e-8,0p1,0.1
2.412,6.198164350143153e-8,0p1,0.1
2.413,6.198159067629101e-8,0p1,0.1
2.414,6.198153927109341e-8,0p1,0.1
2.415,6.198148928584027e-8,0p1,0.1
2.416,6.198144072053315e-8,0p1,0.1
2.417,6.198139357517344e-8,0p1,0.1
2.418,6.19813478497625e-8,0p1,0.1
2.419,6.198130354430167e-8,0p1,0.1
2.42,6.198126065879218e-8,0p1,0.1
2.421,6.198121919323522e-8,0p1,0.1
2.422,6.198117914763192e-8,0p1,0.1
2.423,6.198114052198336e-8,0p1,0.1
2.424,6.19811033162905e-8,0p1,0.1
2.425,6.198106753055432e-8,0p1,0.1
2.426,6.198103316477568e-8,0p1,0.1
2.427,6.198100021895537e-8,0p1,0.1
2.428,6.198096772675202e-8,0p1,0.1
2.429,6.198093416574087e-8,0p1,0.1
2.43,6.198090177513655e-8,0p1,0.1
2.431,6.19808705549396e-8,0p1,0.1
2.432,6.198084050515059e-8,0p1,0.1
2.433,6.198081162577e-8,0p1,0.1
2.434,6.198078391679835e-8,0p1,0.1
2.435,6.198075737823609e-8,0p1,0.1
2.436,6.19807320100837e-8,0p1,0.1
2.437,6.198070781234156e-8,0p1,0.1
2.438,6.198068478501011e-8,0p1,0.1
2.439,6.198066292808971e-8,0p1,0.1
2.44,6.198064224158072e-8,0p1,0.1
2.441,6.198062272548346e-8,0p1,0.1
2.442,6.198060437979828e-8,0p1,0.1
2.443,6.198058720452544e-8,0p1,0.1
2.444,6.198057119966525e-8,0p1,0.1
2.445,6.19805563652179e-8,0p1,0.1
2.446,6.198054270118364e-8,0p1,0.1
2.447,6.198053020756266e-8,0p1,0.1
2.448,6.198051888435517e-8,0p1,0.1
2.449,6.198050873156128e-8,0p1,0.1
2.45,6.198049974918115e-8,0p1,0.1
2.451,6.19804919372149e-8,0p1,0.1
2.452,6.198048529566261e-8,0p1,0.1
2.453,6.198047982452432e-8,0p1,0.1
2.454,6.198047469690896e-8,0p1,0.1
2.455,6.1980467006423e-8,0p1,0.1
2.456,6.198046015449541e-8,0p1,0.1
2.457,6.19804541411263e-8,0p1,0.1
2.458,6.198044896631569e-8,0p1,0.1
2.459,6.198044463006367e-8,0p1,0.1
2.46,6.198044113237029e-8,0p1,0.1
2.461,6.19804384732356e-8,0p1,0.1
2.462,6.198043665265966e-8,0p1,0.1
2.463,6.198043567064254e-8,0p1,0.1
2.464,6.198043552718422e-8,0p1,0.1
2.465,6.198043622228483e-8,0p1,0.1
2.466,6.198043775594431e-8,0p1,0.1
2.467,6.198044012816278e-8,0p1,0.1
2.468,6.19804433389402e-8,0p1,0.1
2.469,6.198044738827668e-8,0p1,0.1
2.47,6.198045227617218e-8,0p1,0.1
2.471,6.198045800262674e-8,0p1,0.1
2.472,6.198046456764038e-8,0p1,0.1
2.473,6.198047197121309e-8,0p1,0.1
2.474,6.198048021334495e-8,0p1,0.1
2.475,6.198048929403592e-8,0p1,0.1
2.476,6.198049921328599e-8,0p1,0.1
2.477,6.19805099710952e-8,0p1,0.1
2.478,6.19805215674635e-8,0p1,0.1
2.479,6.198053400239093e-8,0p1,0.1
2.48,6.198054690241168e-8,0p1,0.1
2.481,6.198055647468744e-8,0p1,0.1
2.482,6.19805665526361e-8,0p1,0.1
2.483,6.198057713625766e-8,0p1,0.1
2.484,6.19805882255521e-8,0p1,0.1
2.485,6.198059982051948e-8,0p1,0.1
2.486,6.198061192115975e-8,0p1,0.1
2.487,6.198062452747294e-8,0p1,0.1
2.488,6.198063763945905e-8,0p1,0.1
2.489,6.198065125711809e-8,0p1,0.1
2.49,6.198066538045003e-8,0p1,0.1
2.491,6.198068000945491e-8,0p1,0.1
2.492,6.198069514413268e-8,0p1,0.1
2.493,6.198071078448343e-8,0p1,0.1
2.494,6.198072693050707e-8,0p1,0.1
2.495,6.198074358220366e-8,0p1,0.1
2.496,6.19807607395732e-8,0p1,0.1
2.497,6.198077840261564e-8,0p1,0.1
2.498,6.198079657133103e-8,0p1,0.1
2.499,6.198081524571937e-8,0p1,0.1
2.5,6.198083442578066e-8,0p1,0.1
2.501,6.198085411151484e-8,0p1,0.1
2.502,6.1980874302922e-8,0p1,0.1
2.503,6.198089500000207e-8,0p1,0.1
2.504,6.198091620275507e-8,0p1,0.1
2.505,6.198093791118104e-8,0p1,0.1
2.506,6.19809601252799e-8,0p1,0.1
2.507,6.198097735611285e-8,0p1,0.1
2.508,6.198099458192187e-8,0p1,0.1
2.509,6.198101190059662e-8,0p1,0.1
2.51,6.198102931213704e-8,0p1,0.1
2.511,6.19810468165432e-8,0p1,0.1
2.512,6.198106441381506e-8,0p1,0.1
2.513,6.198108210395263e-8,0p1,0.1
2.514,6.198109988695595e-8,0p1,0.1
2.515,6.198111776282491e-8,0p1,0.1
2.516,6.198113573155962e-8,0p1,0.1
2.517,6.198115379316004e-8,0p1,0.1
2.518,6.198117194762616e-8,0p1,0.1
2.519,6.198119019495799e-8,0p1,0.1
2.52,6.198120853515551e-8,0p1,0.1
2.521,6.198122696821876e-8,0p1,0.1
2.522,6.198124549414771e-8,0p1,0.1
2.523,6.198126411294236e-8,0p1,0.1
2.524,6.198128282460269e-8,0p1,0.1
2.525,6.198130162912877e-8,0p1,0.1
2.526,6.198132052652052e-8,0p1,0.1
2.527,6.1981339516778e-8,0p1,0.1
2.528,6.198135859990116e-8,0p1,0.1
2.529,6.198137777589004e-8,0p1,0.1
2.53,6.19813970447446e-8,0p1,0.1
2.531,6.198141640646487e-8,0p1,0.1
2.532,6.198143586105083e-8,0p1,0.1
2.533,6.19814554085025e-8,0p1,0.1
2.534,6.198147504881986e-8,0p1,0.1
2.535,6.198149478200293e-8,0p1,0.1
2.536,6.198151460805168e-8,0p1,0.1
2.537,6.198153452696615e-8,0p1,0.1
2.538,6.19815545387463e-8,0p1,0.1
2.539,6.198157464339215e-8,0p1,0.1
2.54,6.198159484090371e-8,0p1,0.1
2.541,6.198161513128095e-8,0p1,0.1
2.542,6.198163551452388e-8,0p1,0.1
2.543,6.198165599063253e-8,0p1,0.1
2.544,6.198167655960686e-8,0p1,0.1
2.545,6.198169722144687e-8,0p1,0.1
2.546,6.198171797615258e-8,0p1,0.1
2.547,6.1981738823724e-8,0p1,0.1
2.548,6.19817597641611e-8,0p1,0.1
2.549,6.198178079746388e-8,0p1,0.1
2.55,6.198180192363236e-8,0p1,0.1
2.551,6.198182314266653e-8,0p1,0.1
2.552,6.198184445456638e-8,0p1,0.1
2.553,6.198186585933194e-8,0p1,0.1
2.554,6.198188735696318e-8,0p1,0.1
2.555,6.198190894746009e-8,0p1,0.1
2.556,6.198193063082271e-8,0p1,0.1
2.557,6.1981952407051e-8,0p1,0.1
2.558,6.198197427614501e-8,0p1,0.1
2.559,6.198199028706547e-8,0p1,0.1
2.56,6.198200457188366e-8,0p1,0.1
2.561,6.198201885670187e-8,0p1,0.1
2.562,6.198203314152007e-8,0p1,0.1
2.563,6.198204742633826e-8,0p1,0.1
2.564,6.198206171115648e-8,0p1,0.1
2.565,6.198207599597469e-8,0p1,0.1
2.566,6.198209028079289e-8,0p1,0.1
2.567,6.198210456561108e-8,0p1,0.1
2.568,6.19821188504293e-8,0p1,0.1
2.569,6.198213313524751e-8,0p1,0.1
2.57,6.198214742006572e-8,0p1,0.1
2.571,6.198216170488391e-8,0p1,0.1
2.572,6.198217598970217e-8,0p1,0.1
2.573,6.198219027452038e-8,0p1,0.1
2.574,6.198220455933858e-8,0p1,0.1
2.575,6.19822188441568e-8,0p1,0.1
2.576,6.198223312897502e-8,0p1,0.1
2.577,6.198224741379325e-8,0p1,0.1
2.578,6.198226169861149e-8,0p1,0.1
2.579,6.198227598342971e-8,0p1,0.1
2.58,6.198229026824793e-8,0p1,0.1
2.581,6.198230455306616e-8,0p1,0.1
2.582,6.198231883788439e-8,0p1,0.1
2.583,6.198233312270262e-8,0p1,0.1
2.584,6.198234740752087e-8,0p1,0.1
2.585,6.19823616923391e-8,0p1,0.1
2.586,6.198237597715734e-8,0p1,0.1
2.587,6.198239026197558e-8,0p1,0.1
2.588,6.198240454679381e-8,0p1,0.1
2.589,6.198241883161206e-8,0p1,0.1
2.59,6.19824331164303e-8,0p1,0.1
2.591,6.198244740124855e-8,0p1,0.1
2.592,6.198246168606679e-8,0p1,0.1
2.593,6.198247597088504e-8,0p1,0.1
2.594,6.198249025570328e-8,0p1,0.1
2.595,6.198250454052155e-8,0p1,0.1
2.596,6.19825188253398e-8,0p1,0.1
2.597,6.198253311015806e-8,0p1,0.1
2.598,6.198254739497631e-8,0p1,0.1
2.599,6.198256167979458e-8,0p1,0.1
2.6,6.198257596461285e-8,0p1,0.1
2.601,6.19825902494311e-8,0p1,0.1
2.602,6.198260453424935e-8,0p1,0.1
2.603,6.198261881906764e-8,0p1,0.1
2.604,6.19826331038859e-8,0p1,0.1
2.605,6.198264738870416e-8,0p1,0.1
2.606,6.198266167352242e-8,0p1,0.1
2.607,6.19826759583407e-8,0p1,0.1
2.608,6.198269024315897e-8,0p1,0.1
2.609,6.198270452797725e-8,0p1,0.1
2.61,6.198271881279553e-8,0p1,0.1
2.611,6.198272890093831e-8,0p1,0.1
2.612,6.198273577627454e-8,0p1,0.1
2.613,6.19827426516107e-8,0p1,0.1
2.614,6.198274952694672e-8,0p1,0.1
2.615,6.198275640228268e-8,0p1,0.1
2.616,6.198276327761852e-8,0p1,0.1
2.617,6.198277015295425e-8,0p1,0.1
2.618,6.198277702828993e-8,0p1,0.1
2.619,6.198278390362548e-8,0p1,0.1
2.62,6.198279077896095e-8,0p1,0.1
2.621,6.19827976542963e-8,0p1,0.1
2.622,6.198280452963157e-8,0p1,0.1
2.623,6.198281140496674e-8,0p1,0.1
2.624,6.19828182803018e-8,0p1,0.1
2.625,6.19828251556368e-8,0p1,0.1
2.626,6.198283203097166e-8,0p1,0.1
2.627,6.198283890630647e-8,0p1,0.1
2.628,6.198284578164113e-8,0p1,0.1
2.629,6.198285265697575e-8,0p1,0.1
2.63,6.198285953231023e-8,0p1,0.1
2.631,6.198286640764461e-8,0p1,0.1
2.632,6.198287328297892e-8,0p1,0.1
2.633,6.198288015831313e-8,0p1,0.1
2.634,6.198288703364724e-8,0p1,0.1
2.635,6.198289390898125e-8,0p1,0.1
2.636,6.198290078431516e-8,0p1,0.1
2.637,6.198290765964896e-8,0p1,0.1
2.638,6.198291453498269e-8,0p1,0.1
2.639,6.198292141031632e-8,0p1,0.1
2.64,6.198292828564984e-8,0p1,0.1
2.641,6.198293516098327e-8,0p1,0.1
2.642,6.198294203631659e-8,0p1,0.1
2.643,6.198294891164984e-8,0p1,0.1
2.644,6.198295578698297e-8,0p1,0.1
2.645,6.198296266231603e-8,0p1,0.1
2.646,6.198296953764896e-8,0p1,0.1
2.647,6.198297641298182e-8,0p1,0.1
2.648,6.198298328831455e-8,0p1,0.1
2.649,6.198299016364723e-8,0p1,0.1
2.65,6.198299703897979e-8,0p1,0.1
2.651,6.198300391431224e-8,0p1,0.1
2.652,6.198301078964462e-8,0p1,0.1
2.653,6.198301766497685e-8,0p1,0.1
2.654,6.198302454030906e-8,0p1,0.1
2.655,6.198303141564112e-8,0p1,0.1
2.656,6.19830382909731e-8,0p1,0.1
2.657,6.198304516630498e-8,0p1,0.1
2.658,6.198305204163676e-8,0p1,0.1
2.659,6.198305891696847e-8,0p1,0.1
2.66,6.198306579230002e-8,0p1,0.1
2.661,6.198307266763153e-8,0p1,0.1
2.662,6.198307954296293e-8,0p1,0.1
2.663,6.198308450344475e-8,0p1,0.1
2.664,6.198308604016498e-8,0p1,0.1
2.665,6.198308757688521e-8,0p1,0.1
2.666,6.198308911360542e-8,0p1,0.1
2.667,6.198309065032564e-8,0p1,0.1
2.668,6.198309218704587e-8,0p1,0.1
2.669,6.198309372376607e-8,0p1,0.1
2.67,6.198309526048629e-8,0p1,0.1
2.671,6.198309679720651e-8,0p1,0.1
2.672,6.198309833392672e-8,0p1,0.1
2.673,6.198309987064694e-8,0p1,0.1
2.674,6.198310140736714e-8,0p1,0.1
2.675,6.198310294408738e-8,0p1,0.1
2.676,6.198310448080759e-8,0p1,0.1
2.677,6.19831060175278e-8,0p1,0.1
2.678,6.198310755424801e-8,0p1,0.1
2.679,6.198310909096822e-8,0p1,0.1
2.68,6.198311062768844e-8,0p1,0.1
2.681,6.198311216440863e-8,0p1,0.1
2.682,6.198311370112885e-8,0p1,0.1
2.683,6.198311523784906e-8,0p1,0.1
2.684,6.198311677456926e-8,0p1,0.1
2.685,6.198311831128946e-8,0p1,0.1
2.686,6.198311984800967e-8,0p1,0.1
2.687,6.198312138472988e-8,0p1,0.1
2.688,6.198312292145011e-8,0p1,0.1
2.689,6.198312445817027e-8,0p1,0.1
2.69,6.198312599489049e-8,0p1,0.1
2.691,6.19831275316107e-8,0p1,0.1
2.692,6.198312906833087e-8,0p1,0.1
2.693,6.19831306050511e-8,0p1,0.1
2.694,6.198313214177131e-8,0p1,0.1
2.695,6.198313367849148e-8,0p1,0.1
2.696,6.198313521521169e-8,0p1,0.1
2.697,6.198313675193188e-8,0p1,0.1
2.698,6.198313828865209e-8,0p1,0.1
2.699,6.19831398253723e-8,0p1,0.1
2.7,6.198314136209247e-8,0p1,0.1
2.701,6.198314289881267e-8,0p1,0.1
2.702,6.198314443553287e-8,0p1,0.1
2.703,6.198314597225306e-8,0p1,0.1
2.704,6.198314750897324e-8,0p1,0.1
2.705,6.198314904569343e-8,0p1,0.1
2.706,6.198315058241362e-8,0p1,0.1
2.707,6.198315211913382e-8,0p1,0.1
2.708,6.1983153655854e-8,0p1,0.1
2.709,6.198315519257417e-8,0p1,0.1
2.71,6.198315672929438e-8,0p1,0.1
2.711,6.198315826601457e-8,0p1,0.1
2.712,6.198315980273477e-8,0p1,0.1
2.713,6.198316133945492e-8,0p1,0.1
2.714,6.198316287617511e-8,0p1,0.1
2.715,6.198316407922611e-8,0p1,0.1
2.716,6.198316340572049e-8,0p1,0.1
2.717,6.198316273221482e-8,0p1,0.1
2.718,6.198316205870914e-8,0p1,0.1
2.719,6.19831613852034e-8,0p1,0.1
2.72,6.198316071169765e-8,0p1,0.1
2.721,6.198316003819186e-8,0p1,0.1
2.722,6.198315936468601e-8,0p1,0.1
2.723,6.198315869118015e-8,0p1,0.1
2.724,6.198315801767424e-8,0p1,0.1
2.725,6.19831573441683e-8,0p1,0.1
2.726,6.198315667066233e-8,0p1,0.1
2.727,6.198315599715632e-8,0p1,0.1
2.728,6.198315532365028e-8,0p1,0.1
2.729,6.198315465014421e-8,0p1,0.1
2.73,6.19831539766381e-8,0p1,0.1
2.731,6.198315330313196e-8,0p1,0.1
2.732,6.19831526296258e-8,0p1,0.1
2.733,6.198315195611959e-8,0p1,0.1
2.734,6.198315128261332e-8,0p1,0.1
2.735,6.198315060910704e-8,0p1,0.1
2.736,6.198314993560074e-8,0p1,0.1
2.737,6.198314926209439e-8,0p1,0.1
2.738,6.198314858858799e-8,0p1,0.1
2.739,6.198314791508159e-8,0p1,0.1
2.74,6.198314724157512e-8,0p1,0.1
2.741,6.198314656806863e-8,0p1,0.1
2.742,6.198314589456213e-8,0p1,0.1
2.743,6.198314522105558e-8,0p1,0.1
2.744,6.198314454754898e-8,0p1,0.1
2.745,6.198314387404236e-8,0p1,0.1
2.746,6.19831432005357e-8,0p1,0.1
2.747,6.198314252702899e-8,0p1,0.1
2.748,6.198314185352227e-8,0p1,0.1
2.749,6.19831411800155e-8,0p1,0.1
2.75,6.198314050650871e-8,0p1,0.1
2.751,6.198313983300188e-8,0p1,0.1
2.752,6.198313915949501e-8,0p1,0.1
2.753,6.198313848598808e-8,0p1,0.1
2.754,6.198313781248114e-8,0p1,0.1
2.755,6.19831371389742e-8,0p1,0.1
2.756,6.198313646546721e-8,0p1,0.1
2.757,6.198313579196017e-8,0p1,0.1
2.758,6.198313511845309e-8,0p1,0.1
2.759,6.198313444494599e-8,0p1,0.1
2.76,6.198313377143884e-8,0p1,0.1
2.761,6.198313309793166e-8,0p1,0.1
2.762,6.198313242442445e-8,0p1,0.1
2.763,6.198313175091717e-8,0p1,0.1
2.764,6.198313107740991e-8,0p1,0.1
2.765,6.19831304039026e-8,0p1,0.1
2.766,6.198312973039525e-8,0p1,0.1
2.767,6.198312905688787e-8,0p1,0.1
2.768,6.198312838338043e-8,0p1,0.1
2.769,6.198312770987299e-8,0p1,0.1
2.77,6.19831270363655e-8,0p1,0.1
2.771,6.198312636285798e-8,0p1,0.1
2.772,6.198312568935043e-8,0p1,0.1
2.773,6.198312501584285e-8,0p1,0.1
2.774,6.19831243423352e-8,0p1,0.1
2.775,6.198312366882755e-8,0p1,0.1
2.776,6.198312299531987e-8,0p1,0.1
2.777,6.198312232181214e-8,0p1,0.1
2.778,6.198312164830439e-8,0p1,0.1
2.779,6.19831209747966e-8,0p1,0.1
2.78,6.198312030128876e-8,0p1,0.1
2.781,6.198311962778088e-8,0p1,0.1
2.782,6.198311895427298e-8,0p1,0.1
2.783,6.198311828076506e-8,0p1,0.1
2.784,6.198311760725706e-8,0p1,0.1
2.785,6.198311693374907e-8,0p1,0.1
2.786,6.198311626024103e-8,0p1,0.1
2.787,6.198311558673295e-8,0p1,0.1
2.788,6.198311491322485e-8,0p1,0.1
2.789,6.198311423971673e-8,0p1,0.1
2.79,6.198311356620854e-8,0p1,0.1
2.791,6.198311289270032e-8,0p1,0.1
2.792,6.198311221919209e-8,0p1,0.1
2.793,6.198311154568378e-8,0p1,0.1
2.794,6.198311087217546e-8,0p1,0.1
2.795,6.198311019866714e-8,0p1,0.1
2.796,6.198310952515875e-8,0p1,0.1
2.797,6.198310885165032e-8,0p1,0.1
2.798,6.198310817814188e-8,0p1,0.1
2.799,6.198310750463336e-8,0p1,0.1
2.8,6.198310683112486e-8,0p1,0.1
2.801,6.198310615761632e-8,0p1,0.1
2.802,6.198310548410772e-8,0p1,0.1
2.803,6.198310481059912e-8,0p1,0.1
2.804,6.198310413709046e-8,0p1,0.1
2.805,6.198310346358178e-8,0p1,0.1
2.806,6.198310279007302e-8,0p1,0.1
2.807,6.198310211656426e-8,0p1,0.1
2.808,6.198310144305546e-8,0p1,0.1
2.809,6.198310076954662e-8,0p1,0.1
2.81,6.198310009603777e-8,0p1,0.1
2.811,6.198309942252887e-8,0p1,0.1
2.812,6.198309874901994e-8,0p1,0.1
2.813,6.198309807551094e-8,0p1,0.1
2.814,6.198309740200196e-8,0p1,0.1
2.815,6.198309672849291e-8,0p1,0.1
2.816,6.198309605498384e-8,0p1,0.1
2.817,6.198309538147473e-8,0p1,0.1
2.818,6.19830947079656e-8,0p1,0.1
2.819,6.198309403445642e-8,0p1,0.1
2.82,6.198309344839711e-8,0p1,0.1
2.821,6.198309289378006e-8,0p1,0.1
2.822,6.198309233916303e-8,0p1,0.1
2.823,6.198309178454594e-8,0p1,0.1
2.824,6.19830912299289e-8,0p1,0.1
2.825,6.198309067531183e-8,0p1,0.1
2.826,6.198309012069476e-8,0p1,0.1
2.827,6.198308956607766e-8,0p1,0.1
2.828,6.198308901146059e-8,0p1,0.1
2.829,6.198308845684351e-8,0p1,0.1
2.83,6.198308790222641e-8,0p1,0.1
2.831,6.198308734760932e-8,0p1,0.1
2.832,6.19830867929922e-8,0p1,0.1
2.833,6.198308623837512e-8,0p1,0.1
2.834,6.198308568375801e-8,0p1,0.1
2.835,6.19830851291409e-8,0p1,0.1
2.836,6.19830845745238e-8,0p1,0.1
2.837,6.198308401990668e-8,0p1,0.1
2.838,6.198308346528956e-8,0p1,0.1
2.839,6.198308291067242e-8,0p1,0.1
2.84,6.198308235605525e-8,0p1,0.1
2.841,6.198308180143814e-8,0p1,0.1
2.842,6.1983081246821e-8,0p1,0.1
2.843,6.198308069220385e-8,0p1,0.1
2.844,6.198308013758672e-8,0p1,0.1
2.845,6.198307958296953e-8,0p1,0.1
2.846,6.198307902835239e-8,0p1,0.1
2.847,6.198307847373522e-8,0p1,0.1
2.848,6.198307791911808e-8,0p1,0.1
2.849,6.198307736450088e-8,0p1,0.1
2.85,6.198307680988373e-8,0p1,0.1
2.851,6.198307625526653e-8,0p1,0.1
2.852,6.198307570064935e-8,0p1,0.1
2.853,6.198307514603217e-8,0p1,0.1
2.854,6.198307459141498e-8,0p1,0.1
2.855,6.198307403679777e-8,0p1,0.1
2.856,6.198307348218057e-8,0p1,0.1
2.857,6.198307292756338e-8,0p1,0.1
2.858,6.198307237294615e-8,0p1,0.1
2.859,6.198307181832892e-8,0p1,0.1
2.86,6.198307126371172e-8,0p1,0.1
2.861,6.198307070909447e-8,0p1,0.1
2.862,6.198307015447726e-8,0p1,0.1
2.863,6.198306959986003e-8,0p1,0.1
2.864,6.198306904524279e-8,0p1,0.1
2.865,6.198306849062553e-8,0p1,0.1
2.866,6.198306793600829e-8,0p1,0.1
2.867,6.198306738139104e-8,0p1,0.1
2.868,6.198306682677378e-8,0p1,0.1
2.869,6.198306627215651e-8,0p1,0.1
2.87,6.198306571753926e-8,0p1,0.1
2.871,6.198306516292197e-8,0p1,0.1
2.872,6.19830646083047e-8,0p1,0.1
2.873,6.198306405368744e-8,0p1,0.1
2.874,6.198306349907015e-8,0p1,0.1
2.875,6.198306294445287e-8,0p1,0.1
2.876,6.198306238983558e-8,0p1,0.1
2.877,6.198306183521827e-8,0p1,0.1
2.878,6.198306128060099e-8,0p1,0.1
2.879,6.198306072598368e-8,0p1,0.1
2.88,6.198306017136634e-8,0p1,0.1
2.881,6.198305961674906e-8,0p1,0.1
2.882,6.198305906213173e-8,0p1,0.1
2.883,6.19830585075144e-8,0p1,0.1
2.884,6.198305795289711e-8,0p1,0.1
2.885,6.198305739827976e-8,0p1,0.1
2.886,6.198305684366244e-8,0p1,0.1
2.887,6.19830562890451e-8,0p1,0.1
2.888,6.198305573442775e-8,0p1,0.1
2.889,6.19830551798104e-8,0p1,0.1
2.89,6.198305462519305e-8,0p1,0.1
2.891,6.19830540705757e-8,0p1,0.1
2.892,6.198305351595833e-8,0p1,0.1
2.893,6.198305296134098e-8,0p1,0.1
2.894,6.198305240672358e-8,0p1,0.1
2.895,6.198305185210623e-8,0p1,0.1
2.896,6.198305129748883e-8,0p1,0.1
2.897,6.198305074287148e-8,0p1,0.1
2.898,6.198305018825405e-8,0p1,0.1
2.899,6.198304963363665e-8,0p1,0.1
2.9,6.198304907901927e-8,0p1,0.1
2.901,6.198304852440186e-8,0p1,0.1
2.902,6.198304796978445e-8,0p1,0.1
2.903,6.198304741516704e-8,0p1,0.1
2.904,6.198304686054962e-8,0p1,0.1
2.905,6.198304630593222e-8,0p1,0.1
2.906,6.19830457513148e-8,0p1,0.1
2.907,6.198304519669737e-8,0p1,0.1
2.908,6.198304464207994e-8,0p1,0.1
2.909,6.19830440874625e-8,0p1,0.1
2.91,6.198304353284504e-8,0p1,0.1
2.911,6.19830429782276e-8,0p1,0.1
2.912,6.198304242361018e-8,0p1,0.1
2.913,6.198304186899272e-8,0p1,0.1
2.914,6.198304131437527e-8,0p1,0.1
2.915,6.19830407597578e-8,0p1,0.1
2.916,6.198304020514033e-8,0p1,0.1
2.917,6.198303965052285e-8,0p1,0.1
2.918,6.198303909590539e-8,0p1,0.1
2.919,6.198303854128792e-8,0p1,0.1
2.92,6.198303798667043e-8,0p1,0.1
2.921,6.198303743205292e-8,0p1,0.1
2.922,6.198303687743547e-8,0p1,0.1
2.923,6.198303632281793e-8,0p1,0.1
2.924,6.198303589985079e-8,0p1,0.1
2.925,6.198303575649508e-8,0p1,0.1
2.926,6.198303561313937e-8,0p1,0.1
2.927,6.198303546978366e-8,0p1,0.1
2.928,6.198303532642796e-8,0p1,0.1
2.929,6.198303518307226e-8,0p1,0.1
2.93,6.198303503971657e-8,0p1,0.1
2.931,6.198303489636085e-8,0p1,0.1
2.932,6.198303475300514e-8,0p1,0.1
2.933,6.198303460964945e-8,0p1,0.1
2.934,6.198303446629371e-8,0p1,0.1
2.935,6.198303432293802e-8,0p1,0.1
2.936,6.19830341795823e-8,0p1,0.1
2.937,6.19830340362266e-8,0p1,0.1
2.938,6.198303389287088e-8,0p1,0.1
2.939,6.198303374951516e-8,0p1,0.1
2.94,6.198303360615948e-8,0p1,0.1
2.941,6.198303346280376e-8,0p1,0.1
2.942,6.198303331944805e-8,0p1,0.1
2.943,6.198303317609235e-8,0p1,0.1
2.944,6.198303303273663e-8,0p1,0.1
2.945,6.198303288938092e-8,0p1,0.1
2.946,6.198303274602522e-8,0p1,0.1
2.947,6.198303260266949e-8,0p1,0.1
2.948,6.198303245931377e-8,0p1,0.1
2.949,6.198303231595808e-8,0p1,0.1
2.95,6.198303217260237e-8,0p1,0.1
2.951,6.198303202924664e-8,0p1,0.1
2.952,6.198303188589094e-8,0p1,0.1
2.953,6.198303174253521e-8,0p1,0.1
2.954,6.198303159917949e-8,0p1,0.1
2.955,6.198303145582378e-8,0p1,0.1
2.956,6.198303131246807e-8,0p1,0.1
2.957,6.198303116911232e-8,0p1,0.1
2.958,6.198303102575664e-8,0p1,0.1
2.959,6.198303088240092e-8,0p1,0.1
2.96,6.19830307390452e-8,0p1,0.1
2.961,6.19830305956895e-8,0p1,0.1
2.962,6.198303045233376e-8,0p1,0.1
2.963,6.198303030897805e-8,0p1,0.1
2.964,6.198303016562233e-8,0p1,0.1
2.965,6.198303002226661e-8,0p1,0.1
2.966,6.198302987891088e-8,0p1,0.1
2.967,6.198302973555517e-8,0p1,0.1
2.968,6.198302959219944e-8,0p1,0.1
2.969,6.198302944884373e-8,0p1,0.1
2.97,6.198302930548801e-8,0p1,0.1
2.971,6.19830291621323e-8,0p1,0.1
2.972,6.198302901877657e-8,0p1,0.1
2.973,6.198302887542085e-8,0p1,0.1
2.974,6.198302873206514e-8,0p1,0.1
2.975,6.19830285887094e-8,0p1,0.1
2.976,6.198302844535369e-8,0p1,0.1
2.977,6.198302830199795e-8,0p1,0.1
2.978,6.198302815864225e-8,0p1,0.1
2.979,6.198302801528651e-8,0p1,0.1
2.98,6.198302787193082e-8,0p1,0.1
2.981,6.198302772857506e-8,0p1,0.1
2.982,6.198302758521936e-8,0p1,0.1
2.983,6.198302744186363e-8,0p1,0.1
2.984,6.19830272985079e-8,0p1,0.1
2.985,6.198302715515217e-8,0p1,0.1
2.986,6.198302701179645e-8,0p1,0.1
2.987,6.198302686844073e-8,0p1,0.1
2.988,6.1983026725085e-8,0p1,0.1
2.989,6.198302658172927e-8,0p1,0.1
2.99,6.198302643837356e-8,0p1,0.1
2.991,6.198302629501781e-8,0p1,0.1
2.992,6.198302615166209e-8,0p1,0.1
2.993,6.198302600830637e-8,0p1,0.1
2.994,6.198302586495065e-8,0p1,0.1
2.995,6.19830257215949e-8,0p1,0.1
2.996,6.198302557823917e-8,0p1,0.1
2.997,6.198302543488345e-8,0p1,0.1
2.998,6.198302529152773e-8,0p1,0.1
2.999,6.198302514817198e-8,0p1,0.1
3.0,6.198302500481625e-8,0p1,0.1
3.0,6.198302500481625e-8,0p1,0.1
