time,BESS.terminal.V.im,case,parameter_value
0.0,6.198300000000003e-8,0p5,0.5
0.001,6.194066491200122e-8,0p5,0.5
0.002,6.172450904700786e-8,0p5,0.5
0.003,6.130050748052149e-8,0p5,0.5
0.004,6.068766941712615e-8,0p5,0.5
0.005,5.991570285123171e-8,0p5,0.5
0.006,5.901238559038835e-8,0p5,0.5
0.007,5.800167422203993e-8,0p5,0.5
0.008,5.690514475984274e-8,0p5,0.5
0.009,5.573688773376088e-8,0p5,0.5
0.01,5.451272434055847e-8,0p5,0.5
0.011,5.324522450268358e-8,0p5,0.5
0.012,5.194500450044671e-8,0p5,0.5
0.013,5.062107087845347e-8,0p5,0.5
0.014,4.928114856505912e-8,0p5,0.5
0.015,4.793175300249917e-8,0p5,0.5
0.016,4.657837338147227e-8,0p5,0.5
0.017,4.522552750463918e-8,0p5,0.5
0.018,4.387658853773307e-8,0p5,0.5
0.019,4.253520846093183e-8,0p5,0.5
0.02,4.120391266963783e-8,0p5,0.5
0.021,3.98848871263665e-8,0p5,0.5
0.022,3.857956315516607e-8,0p5,0.5
0.023,3.728932181546545e-8,0p5,0.5
0.024,3.601511036470345e-8,0p5,0.5
0.025,3.475758563117926e-8,0p5,0.5
0.026,3.351702780806676e-8,0p5,0.5
0.027,3.229371935328084e-8,0p5,0.5
0.028,3.108775217443386e-8,0p5,0.5
0.029,2.98990517204706e-8,0p5,0.5
0.03,2.872733722218111e-8,0p5,0.5
0.031,2.75723409952024e-8,0p5,0.5
0.032,2.643374721588964e-8,0p5,0.5
0.033,2.531130901800998e-8,0p5,0.5
0.034,2.420445678776303e-8,0p5,0.5
0.035,2.311272768109114e-8,0p5,0.5
0.036,2.203585572329758e-8,0p5,0.5
0.037,2.097376110494485e-8,0p5,0.5
0.038,1.992667002495437e-8,0p5,0.5
0.039,1.889483704210897e-8,0p5,0.5
0.04,1.787864160704576e-8,0p5,0.5
0.041,1.687856292306336e-8,0p5,0.5
0.042,1.589516261301849e-8,0p5,0.5
0.043,1.492906651408753e-8,0p5,0.5
0.044,1.398096081088623e-8,0p5,0.5
0.045,1.305154615150823e-8,0p5,0.5
0.046,1.21415421831387e-8,0p5,0.5
0.047,1.12516779018567e-8,0p5,0.5
0.048,1.038267877249884e-8,0p5,0.5
0.049,9.53525807922383e-9,0p5,0.5
0.05,8.710109552961309e-9,0p5,0.5
0.051,7.907901138215824e-9,0p5,0.5
0.052,7.129269773578089e-9,0p5,0.5
0.053,6.374817072030261e-9,0p5,0.5
0.054,5.645105798212812e-9,0p5,0.5
0.055,4.940657050106596e-9,0p5,0.5
0.056,4.26195560976585e-9,0p5,0.5
0.057,3.609431552548008e-9,0p5,0.5
0.058,2.983462735681917e-9,0p5,0.5
0.059,2.384386010285836e-9,0p5,0.5
0.06,1.812490446114888e-9,0p5,0.5
0.061,1.268017281755883e-9,0p5,0.5
0.062,7.511601529968012e-10,0p5,0.5
0.063,2.620655629203872e-10,0p5,0.5
0.064,-1.792978680457022e-10,0p5,0.5
0.065,-4.753457177102282e-10,0p5,0.5
0.066,-5.826419710929532e-10,0p5,0.5
0.067,-4.994105880295988e-10,0p5,0.5
0.068,-2.40227590804809e-10,0p5,0.5
0.069,1.734107746623706e-10,0p5,0.5
0.07,7.171518609172469e-10,0p5,0.5
0.071,1.365673105041494e-9,0p5,0.5
0.072,2.093837069837612e-9,0p5,0.5
0.073,2.878536425754714e-9,0p5,0.5
0.074,3.698455854649762e-9,0p5,0.5
0.075,4.534605043997429e-9,0p5,0.5
0.076,5.370936143248048e-9,0p5,0.5
0.077,6.193756717827666e-9,0p5,0.5
0.078,6.991104504951913e-9,0p5,0.5
0.079,7.755027619094112e-9,0p5,0.5
0.08,8.478847168242745e-9,0p5,0.5
0.081,9.158317773543583e-9,0p5,0.5
0.082,9.79013725155502e-9,0p5,0.5
0.083,1.037192022002356e-8,0p5,0.5
0.084,1.090285159362511e-8,0p5,0.5
0.085,1.13826964443919e-8,0p5,0.5
0.086,1.181179663906774e-8,0p5,0.5
0.087,1.219107361918886e-8,0p5,0.5
0.088,1.252175154802263e-8,0p5,0.5
0.089,1.280530024152565e-8,0p5,0.5
0.09,1.304314494337545e-8,0p5,0.5
0.091,1.32371204264964e-8,0p5,0.5
0.092,1.33889654627644e-8,0p5,0.5
0.093,1.350026930488709e-8,0p5,0.5
0.094,1.357239360195088e-8,0p5,0.5
0.095,1.360615019405773e-8,0p5,0.5
0.096,1.360206973587219e-8,0p5,0.5
0.097,1.356068341117849e-8,0p5,0.5
0.098,1.348229018184213e-8,0p5,0.5
0.099,1.336701157226884e-8,0p5,0.5
0.1,1.321516930828303e-8,0p5,0.5
0.101,1.302709496980373e-8,0p5,0.5
0.102,1.280342396692561e-8,0p5,0.5
0.103,1.254516809726254e-8,0p5,0.5
0.104,1.225587638634125e-8,0p5,0.5
0.105,1.195325986406861e-8,0p5,0.5
0.106,1.165193642270619e-8,0p5,0.5
0.107,1.135582050604202e-8,0p5,0.5
0.108,1.106563194907833e-8,0p5,0.5
0.109,1.078050437990528e-8,0p5,0.5
0.11,1.049969679755273e-8,0p5,0.5
0.111,1.022247327791876e-8,0p5,0.5
0.112,9.94823289089744e-9,0p5,0.5
0.113,9.67658356329413e-9,0p5,0.5
0.114,9.407350250834259e-9,0p5,0.5
0.115,9.140557485853178e-9,0p5,0.5
0.116,8.876402291160611e-9,0p5,0.5
0.117,8.61523660048932e-9,0p5,0.5
0.118,8.357521993040772e-9,0p5,0.5
0.119,8.103806630176036e-9,0p5,0.5
0.12,7.85470731396746e-9,0p5,0.5
0.121,7.61089056870417e-9,0p5,0.5
0.122,7.373056178365257e-9,0p5,0.5
0.123,7.141926442639677e-9,0p5,0.5
0.124,6.918252388216142e-9,0p5,0.5
0.125,6.702734564573365e-9,0p5,0.5
0.126,6.496080583632701e-9,0p5,0.5
0.127,6.29897751889955e-9,0p5,0.5
0.128,6.112085703946998e-9,0p5,0.5
0.129,5.936033624841275e-9,0p5,0.5
0.13,5.771413782008441e-9,0p5,0.5
0.131,5.618797902745205e-9,0p5,0.5
0.132,5.478686079298621e-9,0p5,0.5
0.133,5.352238750346885e-9,0p5,0.5
0.134,5.245640754598926e-9,0p5,0.5
0.135,5.167922925681228e-9,0p5,0.5
0.136,5.122766289939747e-9,0p5,0.5
0.137,5.11077425265068e-9,0p5,0.5
0.138,5.130688781096669e-9,0p5,0.5
0.139,5.179840610542786e-9,0p5,0.5
0.14,5.254920852403357e-9,0p5,0.5
0.141,5.352170646860248e-9,0p5,0.5
0.142,5.467651465521773e-9,0p5,0.5
0.143,5.59818675307568e-9,0p5,0.5
0.144,5.739664745967496e-9,0p5,0.5
0.145,5.887998320589889e-9,0p5,0.5
0.146,6.039204106513467e-9,0p5,0.5
0.147,6.189749387246231e-9,0p5,0.5
0.148,6.336351910094839e-9,0p5,0.5
0.149,6.475923443034612e-9,0p5,0.5
0.15,6.605666818855816e-9,0p5,0.5
0.151,6.723421930713123e-9,0p5,0.5
0.152,6.837608525572097e-9,0p5,0.5
0.153,6.959450893077789e-9,0p5,0.5
0.154,7.092894362537129e-9,0p5,0.5
0.155,7.23961032107319e-9,0p5,0.5
0.156,7.400043805402749e-9,0p5,0.5
0.157,7.573859445722217e-9,0p5,0.5
0.158,7.760400634139185e-9,0p5,0.5
0.159,7.959142202633873e-9,0p5,0.5
0.16,8.169589608926838e-9,0p5,0.5
0.161,8.391096021632219e-9,0p5,0.5
0.162,8.623014043620807e-9,0p5,0.5
0.163,8.864669772201799e-9,0p5,0.5
0.164,9.115624917041942e-9,0p5,0.5
0.165,9.375366974530645e-9,0p5,0.5
0.166,9.643369070675456e-9,0p5,0.5
0.167,9.91908887502074e-9,0p5,0.5
0.168,1.020198369467526e-8,0p5,0.5
0.169,1.049165940324753e-8,0p5,0.5
0.17,1.078762179587133e-8,0p5,0.5
0.171,1.108938897529886e-8,0p5,0.5
0.172,1.1396435620082e-8,0p5,0.5
0.173,1.170837630052727e-8,0p5,0.5
0.174,1.202480882125062e-8,0p5,0.5
0.175,1.234530567164978e-8,0p5,0.5
0.176,1.266944799624187e-8,0p5,0.5
0.177,1.299679156958773e-8,0p5,0.5
0.178,1.332705615980579e-8,0p5,0.5
0.179,1.365987352945749e-8,0p5,0.5
0.18,1.399489188973063e-8,0p5,0.5
0.181,1.433174247650561e-8,0p5,0.5
0.182,1.467013700450012e-8,0p5,0.5
0.183,1.500964007627629e-8,0p5,0.5
0.184,1.534983655917321e-8,0p5,0.5
0.185,1.569085016936047e-8,0p5,0.5
0.186,1.603208468806943e-8,0p5,0.5
0.187,1.637380706743047e-8,0p5,0.5
0.188,1.671541045873594e-8,0p5,0.5
0.189,1.705676706044265e-8,0p5,0.5
0.19,1.739780087324837e-8,0p5,0.5
0.191,1.773807861531472e-8,0p5,0.5
0.192,1.807778364515438e-8,0p5,0.5
0.193,1.841629024271327e-8,0p5,0.5
0.194,1.875386211940195e-8,0p5,0.5
0.195,1.909005833541848e-8,0p5,0.5
0.196,1.942488421882264e-8,0p5,0.5
0.197,1.97582085584161e-8,0p5,0.5
0.198,2.008979180088868e-8,0p5,0.5
0.199,2.041971767090816e-8,0p5,0.5
0.2,2.074762550083526e-8,0p5,0.5
0.201,2.107367563180492e-8,0p5,0.5
0.202,2.139756343332534e-8,0p5,0.5
0.203,2.171934746971201e-8,0p5,0.5
0.204,2.203890960328542e-8,0p5,0.5
0.205,2.235614690602371e-8,0p5,0.5
0.206,2.267108227476263e-8,0p5,0.5
0.207,2.298353789123285e-8,0p5,0.5
0.208,2.329359785558031e-8,0p5,0.5
0.209,2.360108317589748e-8,0p5,0.5
0.21,2.390605500111928e-8,0p5,0.5
0.211,2.420843382049089e-8,0p5,0.5
0.212,2.450818862667455e-8,0p5,0.5
0.213,2.480531708584953e-8,0p5,0.5
0.214,2.509974666922035e-8,0p5,0.5
0.215,2.539151126124302e-8,0p5,0.5
0.216,2.568052253829847e-8,0p5,0.5
0.217,2.596681678663095e-8,0p5,0.5
0.218,2.625033817304245e-8,0p5,0.5
0.219,2.653108044564063e-8,0p5,0.5
0.22,2.680902919725119e-8,0p5,0.5
0.221,2.708414356142297e-8,0p5,0.5
0.222,2.735643930899861e-8,0p5,0.5
0.223,2.762585262840894e-8,0p5,0.5
0.224,2.789241100987095e-8,0p5,0.5
0.225,2.815606158454818e-8,0p5,0.5
0.226,2.84168091249122e-8,0p5,0.5
0.227,2.867463392602406e-8,0p5,0.5
0.228,2.892951030231711e-8,0p5,0.5
0.229,2.91814457149102e-8,0p5,0.5
0.23,2.943039785742467e-8,0p5,0.5
0.231,2.967638595972326e-8,0p5,0.5
0.232,2.991937145294141e-8,0p5,0.5
0.233,3.015936420773121e-8,0p5,0.5
0.234,3.039634920041412e-8,0p5,0.5
0.235,3.063031672330569e-8,0p5,0.5
0.236,3.086126911431652e-8,0p5,0.5
0.237,3.108919103017524e-8,0p5,0.5
0.238,3.131408992962458e-8,0p5,0.5
0.239,3.15359554241827e-8,0p5,0.5
0.24,3.175479164113754e-8,0p5,0.5
0.241,3.197059915749071e-8,0p5,0.5
0.242,3.218337814020611e-8,0p5,0.5
0.243,3.239313220334739e-8,0p5,0.5
0.244,3.259986850328225e-8,0p5,0.5
0.245,3.280358468994767e-8,0p5,0.5
0.246,3.300430158972969e-8,0p5,0.5
0.247,3.320201060782794e-8,0p5,0.5
0.248,3.339673518360821e-8,0p5,0.5
0.249,3.358847597127921e-8,0p5,0.5
0.25,3.377724496140403e-8,0p5,0.5
0.251,3.396306258486002e-8,0p5,0.5
0.252,3.414592334255087e-8,0p5,0.5
0.253,3.432586983081528e-8,0p5,0.5
0.254,3.450288348064081e-8,0p5,0.5
0.255,3.467701211343912e-8,0p5,0.5
0.256,3.484824812066276e-8,0p5,0.5
0.257,3.501661760889062e-8,0p5,0.5
0.258,3.51821446639633e-8,0p5,0.5
0.259,3.534482701449319e-8,0p5,0.5
0.26,3.55047188292533e-8,0p5,0.5
0.261,3.566179505717438e-8,0p5,0.5
0.262,3.581612716096412e-8,0p5,0.5
0.263,3.596769277759037e-8,0p5,0.5
0.264,3.611653585681545e-8,0p5,0.5
0.265,3.626267616211225e-8,0p5,0.5
0.266,3.640611964664108e-8,0p5,0.5
0.267,3.654692322183776e-8,0p5,0.5
0.268,3.66850607304853e-8,0p5,0.5
0.269,3.682061905304361e-8,0p5,0.5
0.27,3.695356323790744e-8,0p5,0.5
0.271,3.708395486069824e-8,0p5,0.5
0.272,3.721180360759707e-8,0p5,0.5
0.273,3.733712704818831e-8,0p5,0.5
0.274,3.745997806091912e-8,0p5,0.5
0.275,3.758033637378613e-8,0p5,0.5
0.276,3.769828893386925e-8,0p5,0.5
0.277,3.781379898244587e-8,0p5,0.5
0.278,3.792694186317327e-8,0p5,0.5
0.279,3.803771351610495e-8,0p5,0.5
0.28,3.814614509095373e-8,0p5,0.5
0.281,3.825228068580909e-8,0p5,0.5
0.282,3.83561088296836e-8,0p5,0.5
0.283,3.845771129124941e-8,0p5,0.5
0.284,3.855705157021772e-8,0p5,0.5
0.285,3.865421732334965e-8,0p5,0.5
0.286,3.874918876053536e-8,0p5,0.5
0.287,3.884201145461113e-8,0p5,0.5
0.288,3.893271768628503e-8,0p5,0.5
0.289,3.902130657847403e-8,0p5,0.5
0.29,3.910785111248186e-8,0p5,0.5
0.291,3.919231661569376e-8,0p5,0.5
0.292,3.927480146798688e-8,0p5,0.5
0.293,3.935526941679229e-8,0p5,0.5
0.294,3.94337804830285e-8,0p5,0.5
0.295,3.951035342041873e-8,0p5,0.5
0.296,3.958502050038315e-8,0p5,0.5
0.297,3.965788820797674e-8,0p5,0.5
0.298,3.972890199427821e-8,0p5,0.5
0.299,3.979806185031079e-8,0p5,0.5
0.3,3.986536776717359e-8,0p5,0.5
0.301,3.993096603156168e-8,0p5,0.5
0.302,3.999481887160125e-8,0p5,0.5
0.303,4.005688917847597e-8,0p5,0.5
0.304,4.011717694383426e-8,0p5,0.5
0.305,4.017584801345261e-8,0p5,0.5
0.306,4.023293265086145e-8,0p5,0.5
0.307,4.028834827043379e-8,0p5,0.5
0.308,4.034209486451542e-8,0p5,0.5
0.309,4.039427656836857e-8,0p5,0.5
0.31,4.044498052859951e-8,0p5,0.5
0.311,4.04941126608636e-8,0p5,0.5
0.312,4.054167295814186e-8,0p5,0.5
0.313,4.058773079848735e-8,0p5,0.5
0.314,4.063243223553756e-8,0p5,0.5
0.315,4.067566037896483e-8,0p5,0.5
0.316,4.07174152223784e-8,0p5,0.5
0.317,4.075773117170874e-8,0p5,0.5
0.318,4.079680216279611e-8,0p5,0.5
0.319,4.083449570572839e-8,0p5,0.5
0.32,4.087081179471552e-8,0p5,0.5
0.321,4.090575378301143e-8,0p5,0.5
0.322,4.093955596087156e-8,0p5,0.5
0.323,4.097207365764259e-8,0p5,0.5
0.324,4.100330686810356e-8,0p5,0.5
0.325,4.10332555870903e-8,0p5,0.5
0.326,4.106211538251215e-8,0p5,0.5
0.327,4.108980420469068e-8,0p5,0.5
0.328,4.111629830216492e-8,0p5,0.5
0.329,4.114159767030028e-8,0p5,0.5
0.33,4.116585364277438e-8,0p5,0.5
0.331,4.118904823776927e-8,0p5,0.5
0.332,4.121113452505806e-8,0p5,0.5
0.333,4.123211250049969e-8,0p5,0.5
0.334,4.125209386220383e-8,0p5,0.5
0.335,4.127111624552947e-8,0p5,0.5
0.336,4.128911331368994e-8,0p5,0.5
0.337,4.130608506300157e-8,0p5,0.5
0.338,4.132210806188588e-8,0p5,0.5
0.339,4.133726745343981e-8,0p5,0.5
0.34,4.135148105813467e-8,0p5,0.5
0.341,4.136474887270877e-8,0p5,0.5
0.342,4.137711667213143e-8,0p5,0.5
0.343,4.138870942910661e-8,0p5,0.5
0.344,4.139943244961937e-8,0p5,0.5
0.345,4.140928573079589e-8,0p5,0.5
0.346,4.141828837842016e-8,0p5,0.5
0.347,4.142659799970076e-8,0p5,0.5
0.348,4.143411046299599e-8,0p5,0.5
0.349,4.144082576578701e-8,0p5,0.5
0.35,4.14467439055867e-8,0p5,0.5
0.351,4.145203741796679e-8,0p5,0.5
0.352,4.145660657573047e-8,0p5,0.5
0.353,4.146044770159203e-8,0p5,0.5
0.354,4.146356079338481e-8,0p5,0.5
0.355,4.146608073230393e-8,0p5,0.5
0.356,4.146796118258104e-8,0p5,0.5
0.357,4.146917931414796e-8,0p5,0.5
0.358,4.14697351251295e-8,0p5,0.5
0.359,4.146973032955497e-8,0p5,0.5
0.36,4.146916417657375e-8,0p5,0.5
0.361,4.146799804861265e-8,0p5,0.5
0.362,4.146623194406086e-8,0p5,0.5
0.363,4.146393862604718e-8,0p5,0.5
0.364,4.146115567304154e-8,0p5,0.5
0.365,4.145783177482633e-8,0p5,0.5
0.366,4.14539669300296e-8,0p5,0.5
0.367,4.144960888682698e-8,0p5,0.5
0.368,4.144482685748442e-8,0p5,0.5
0.369,4.14395596624773e-8,0p5,0.5
0.37,4.143380730064889e-8,0p5,0.5
0.371,4.142759615602738e-8,0p5,0.5
0.372,4.142102094077585e-8,0p5,0.5
0.373,4.141401316000938e-8,0p5,0.5
0.374,4.140657281276458e-8,0p5,0.5
0.375,4.139870828350286e-8,0p5,0.5
0.376,4.139053420729687e-8,0p5,0.5
0.377,4.138197706325456e-8,0p5,0.5
0.378,4.13730368505856e-8,0p5,0.5
0.379,4.136371356851244e-8,0p5,0.5
0.38,4.135411714318691e-8,0p5,0.5
0.381,4.134419066130557e-8,0p5,0.5
0.382,4.133392758828624e-8,0p5,0.5
0.383,4.132332792350396e-8,0p5,0.5
0.384,4.131247563320033e-8,0p5,0.5
0.385,4.13013489483894e-8,0p5,0.5
0.386,4.12899292160936e-8,0p5,0.5
0.387,4.127821643582346e-8,0p5,0.5
0.388,4.126627221574436e-8,0p5,0.5
0.389,4.125410389154914e-8,0p5,0.5
0.39,4.124168321988536e-8,0p5,0.5
0.391,4.122901020038354e-8,0p5,0.5
0.392,4.121612738660078e-8,0p5,0.5
0.393,4.120306574483791e-8,0p5,0.5
0.394,4.118978970519299e-8,0p5,0.5
0.395,4.117629926740213e-8,0p5,0.5
0.396,4.116262094264111e-8,0p5,0.5
0.397,4.114880440151293e-8,0p5,0.5
0.398,4.113480875726779e-8,0p5,0.5
0.399,4.112063400973453e-8,0p5,0.5
0.4,4.110629335755965e-8,0p5,0.5
0.401,4.109185077641207e-8,0p5,0.5
0.402,4.107726182954573e-8,0p5,0.5
0.403,4.106252651687027e-8,0p5,0.5
0.404,4.10476471822872e-8,0p5,0.5
0.405,4.103269821132107e-8,0p5,0.5
0.406,4.101763315345713e-8,0p5,0.5
0.407,4.100245200867516e-8,0p5,0.5
0.408,4.098715477695801e-8,0p5,0.5
0.409,4.097180389670457e-8,0p5,0.5
0.41,4.095637116308242e-8,0p5,0.5
0.411,4.094085026250249e-8,0p5,0.5
0.412,4.092524119500693e-8,0p5,0.5
0.413,4.090959030369374e-8,0p5,0.5
0.414,4.089388992866279e-8,0p5,0.5
0.415,4.087812704779571e-8,0p5,0.5
0.416,4.086230166118542e-8,0p5,0.5
0.417,4.084644662069998e-8,0p5,0.5
0.418,4.083057059344459e-8,0p5,0.5
0.419,4.08146555627677e-8,0p5,0.5
0.42,4.079870152880507e-8,0p5,0.5
0.421,4.078274412466503e-8,0p5,0.5
0.422,4.076681827089663e-8,0p5,0.5
0.423,4.075088862877e-8,0p5,0.5
0.424,4.073495519847677e-8,0p5,0.5
0.425,4.071901798020862e-8,0p5,0.5
0.426,4.070307697415729e-8,0p5,0.5
0.427,4.068713218051453e-8,0p5,0.5
0.428,4.067118359947215e-8,0p5,0.5
0.429,4.06552435559906e-8,0p5,0.5
0.43,4.063938533935468e-8,0p5,0.5
0.431,4.062354377437344e-8,0p5,0.5
0.432,4.060771886126614e-8,0p5,0.5
0.433,4.059191060025169e-8,0p5,0.5
0.434,4.057611899154844e-8,0p5,0.5
0.435,4.056034403537443e-8,0p5,0.5
0.436,4.054458573194718e-8,0p5,0.5
0.437,4.052892443912253e-8,0p5,0.5
0.438,4.051334304827908e-8,0p5,0.5
0.439,4.049780756606905e-8,0p5,0.5
0.44,4.0482317992744e-8,0p5,0.5
0.441,4.046687432855456e-8,0p5,0.5
0.442,4.045147657375025e-8,0p5,0.5
0.443,4.043612472857956e-8,0p5,0.5
0.444,4.042083543857673e-8,0p5,0.5
0.445,4.040566872871042e-8,0p5,0.5
0.446,4.03905689437331e-8,0p5,0.5
0.447,4.037553608391248e-8,0p5,0.5
0.448,4.036057014951495e-8,0p5,0.5
0.449,4.03456711408053e-8,0p5,0.5
0.45,4.033083905804702e-8,0p5,0.5
0.451,4.031607390150208e-8,0p5,0.5
0.452,4.030142898011917e-8,0p5,0.5
0.453,4.028688518861979e-8,0p5,0.5
0.454,4.027242592404116e-8,0p5,0.5
0.455,4.025805118665692e-8,0p5,0.5
0.456,4.024376097673893e-8,0p5,0.5
0.457,4.022955529455724e-8,0p5,0.5
0.458,4.021543414038034e-8,0p5,0.5
0.459,4.020141177969042e-8,0p5,0.5
0.46,4.018752119800508e-8,0p5,0.5
0.461,4.017372880296079e-8,0p5,0.5
0.462,4.016003459483077e-8,0p5,0.5
0.463,4.014643857388632e-8,0p5,0.5
0.464,4.013294074039683e-8,0p5,0.5
0.465,4.011954109462983e-8,0p5,0.5
0.466,4.010623963685086e-8,0p5,0.5
0.467,4.009306985542712e-8,0p5,0.5
0.468,4.008001564489601e-8,0p5,0.5
0.469,4.006706972485614e-8,0p5,0.5
0.47,4.005423209557249e-8,0p5,0.5
0.471,4.004150275730791e-8,0p5,0.5
0.472,4.002888171032334e-8,0p5,0.5
0.473,4.00163689548777e-8,0p5,0.5
0.474,4.000397349983967e-8,0p5,0.5
0.475,3.999170895857319e-8,0p5,0.5
0.476,3.997955963454751e-8,0p5,0.5
0.477,3.996752552801672e-8,0p5,0.5
0.478,3.9955606639233e-8,0p5,0.5
0.479,3.994380296844643e-8,0p5,0.5
0.48,3.993211451590506e-8,0p5,0.5
0.481,3.992054128185501e-8,0p5,0.5
0.482,3.990909821969011e-8,0p5,0.5
0.483,3.989777657319307e-8,0p5,0.5
0.484,3.988657429345066e-8,0p5,0.5
0.485,3.987549138070108e-8,0p5,0.5
0.486,3.986452783518061e-8,0p5,0.5
0.487,3.985368365712351e-8,0p5,0.5
0.488,3.984295884676202e-8,0p5,0.5
0.489,3.983235614448588e-8,0p5,0.5
0.49,3.982187819779351e-8,0p5,0.5
0.491,3.981152137446017e-8,0p5,0.5
0.492,3.980128567470808e-8,0p5,0.5
0.493,3.979117109875764e-8,0p5,0.5
0.494,3.978117764682724e-8,0p5,0.5
0.495,3.977130531913348e-8,0p5,0.5
0.496,3.976155411589099e-8,0p5,0.5
0.497,3.97519229598602e-8,0p5,0.5
0.498,3.974241257962511e-8,0p5,0.5
0.499,3.973302304815591e-8,0p5,0.5
0.5,3.97237543656559e-8,0p5,0.5
0.501,3.971460653232658e-8,0p5,0.5
0.502,3.97055795483676e-8,0p5,0.5
0.503,3.969667341397684e-8,0p5,0.5
0.504,3.968788452512076e-8,0p5,0.5
0.505,3.96792108231532e-8,0p5,0.5
0.506,3.96706559973181e-8,0p5,0.5
0.507,3.966222004780115e-8,0p5,0.5
0.508,3.965390297478628e-8,0p5,0.5
0.509,3.964570477845581e-8,0p5,0.5
0.51,3.96376254589904e-8,0p5,0.5
0.511,3.962966501656888e-8,0p5,0.5
0.512,3.962180931684843e-8,0p5,0.5
0.513,3.961406903108026e-8,0p5,0.5
0.514,3.960644425576192e-8,0p5,0.5
0.515,3.959893499105996e-8,0p5,0.5
0.516,3.959154123713928e-8,0p5,0.5
0.517,3.958426299416324e-8,0p5,0.5
0.518,3.957710026229367e-8,0p5,0.5
0.519,3.957004364909748e-8,0p5,0.5
0.52,3.956309060095876e-8,0p5,0.5
0.521,3.955624857972356e-8,0p5,0.5
0.522,3.954951758554129e-8,0p5,0.5
0.523,3.954289761855988e-8,0p5,0.5
0.524,3.95363886789259e-8,0p5,0.5
0.525,3.952999076678447e-8,0p5,0.5
0.526,3.952370275676377e-8,0p5,0.5
0.527,3.951750392650731e-8,0p5,0.5
0.528,3.951141076899213e-8,0p5,0.5
0.529,3.950542328435122e-8,0p5,0.5
0.53,3.949954147271631e-8,0p5,0.5
0.531,3.949376533421774e-8,0p5,0.5
0.532,3.948809486898465e-8,0p5,0.5
0.533,3.948253007714485e-8,0p5,0.5
0.534,3.947705674266893e-8,0p5,0.5
0.535,3.947167433808748e-8,0p5,0.5
0.536,3.946639160115494e-8,0p5,0.5
0.537,3.946120853198754e-8,0p5,0.5
0.538,3.945612513070048e-8,0p5,0.5
0.539,3.945114139740766e-8,0p5,0.5
0.54,3.944625733222197e-8,0p5,0.5
0.541,3.944147000722743e-8,0p5,0.5
0.542,3.943675713866712e-8,0p5,0.5
0.543,3.943213747480586e-8,0p5,0.5
0.544,3.942761101574561e-8,0p5,0.5
0.545,3.942317776158726e-8,0p5,0.5
0.546,3.941883771243067e-8,0p5,0.5
0.547,3.941459086837467e-8,0p5,0.5
0.548,3.941043722951704e-8,0p5,0.5
0.549,3.940634542334348e-8,0p5,0.5
0.55,3.94023202187411e-8,0p5,0.5
0.551,3.939837635202924e-8,0p5,0.5
0.552,3.939451382329125e-8,0p5,0.5
0.553,3.939073263260963e-8,0p5,0.5
0.554,3.938703278006598e-8,0p5,0.5
0.555,3.938341426574122e-8,0p5,0.5
0.556,3.937987708971532e-8,0p5,0.5
0.557,3.937642125206741e-8,0p5,0.5
0.558,3.937304675287589e-8,0p5,0.5
0.559,3.936975359221829e-8,0p5,0.5
0.56,3.93665417701713e-8,0p5,0.5
0.561,3.936341128681078e-8,0p5,0.5
0.562,3.936036214221177e-8,0p5,0.5
0.563,3.935739433644851e-8,0p5,0.5
0.564,3.935446186235631e-8,0p5,0.5
0.565,3.935158530990272e-8,0p5,0.5
0.566,3.934878187061154e-8,0p5,0.5
0.567,3.934605154454769e-8,0p5,0.5
0.568,3.93433943317755e-8,0p5,0.5
0.569,3.934081023235852e-8,0p5,0.5
0.57,3.933829924635962e-8,0p5,0.5
0.571,3.933586137384094e-8,0p5,0.5
0.572,3.933349661486395e-8,0p5,0.5
0.573,3.933120496948941e-8,0p5,0.5
0.574,3.932898643777742e-8,0p5,0.5
0.575,3.93268410197873e-8,0p5,0.5
0.576,3.932476871557775e-8,0p5,0.5
0.577,3.9322745390756e-8,0p5,0.5
0.578,3.932072231694497e-8,0p5,0.5
0.579,3.931875941249529e-8,0p5,0.5
0.58,3.931685667745443e-8,0p5,0.5
0.581,3.931501411186936e-8,0p5,0.5
0.582,3.931323171578651e-8,0p5,0.5
0.583,3.931150948925178e-8,0p5,0.5
0.584,3.930984743231059e-8,0p5,0.5
0.585,3.930824554500776e-8,0p5,0.5
0.586,3.930670382738764e-8,0p5,0.5
0.587,3.930522227949406e-8,0p5,0.5
0.588,3.930380090137027e-8,0p5,0.5
0.589,3.930243969305906e-8,0p5,0.5
0.59,3.930113865460269e-8,0p5,0.5
0.591,3.929983462849235e-8,0p5,0.5
0.592,3.929856798838856e-8,0p5,0.5
0.593,3.929735084290591e-8,0p5,0.5
0.594,3.929618319207844e-8,0p5,0.5
0.595,3.929506503593989e-8,0p5,0.5
0.596,3.929399637452352e-8,0p5,0.5
0.597,3.929297720786223e-8,0p5,0.5
0.598,3.929200753598857e-8,0p5,0.5
0.599,3.929108735893464e-8,0p5,0.5
0.6,3.929021667673213e-8,0p5,0.5
0.601,3.928939548941239e-8,0p5,0.5
0.602,3.92886237970063e-8,0p5,0.5
0.603,3.928790159954446e-8,0p5,0.5
0.604,3.92872016034286e-8,0p5,0.5
0.605,3.928650065061807e-8,0p5,0.5
0.606,3.928583897346916e-8,0p5,0.5
0.607,3.928521657200562e-8,0p5,0.5
0.608,3.928463344625091e-8,0p5,0.5
0.609,3.928408959622823e-8,0p5,0.5
0.61,3.928358502196041e-8,0p5,0.5
0.611,3.928311972347009e-8,0p5,0.5
0.612,3.928269370077953e-8,0p5,0.5
0.613,3.928230695391082e-8,0p5,0.5
0.614,3.928195948288563e-8,0p5,0.5
0.615,3.928165128772546e-8,0p5,0.5
0.616,3.928138236845141e-8,0p5,0.5
0.617,3.928115272508438e-8,0p5,0.5
0.618,3.928090025854914e-8,0p5,0.5
0.619,3.92806744530668e-8,0p5,0.5
0.62,3.928047877283747e-8,0p5,0.5
0.621,3.928031321787673e-8,0p5,0.5
0.622,3.928017778820003e-8,0p5,0.5
0.623,3.928007248382255e-8,0p5,0.5
0.624,3.927999730475936e-8,0p5,0.5
0.625,3.927995225102522e-8,0p5,0.5
0.626,3.927993732263476e-8,0p5,0.5
0.627,3.92799525196024e-8,0p5,0.5
0.628,3.927999784194231e-8,0p5,0.5
0.629,3.928007328966852e-8,0p5,0.5
0.63,3.928017886279481e-8,0p5,0.5
0.631,3.928028668985405e-8,0p5,0.5
0.632,3.928039084833583e-8,0p5,0.5
0.633,3.928051714658216e-8,0p5,0.5
0.634,3.928066558460278e-8,0p5,0.5
0.635,3.928083616240738e-8,0p5,0.5
0.636,3.92810288800054e-8,0p5,0.5
0.637,3.928124373740623e-8,0p5,0.5
0.638,3.928148073461908e-8,0p5,0.5
0.639,3.928173987165307e-8,0p5,0.5
0.64,3.928202114851711e-8,0p5,0.5
0.641,3.928232456522007e-8,0p5,0.5
0.642,3.928265012177057e-8,0p5,0.5
0.643,3.928299781817723e-8,0p5,0.5
0.644,3.92833650095186e-8,0p5,0.5
0.645,3.928370764392095e-8,0p5,0.5
0.646,3.928406563974585e-8,0p5,0.5
0.647,3.928443899699889e-8,0p5,0.5
0.648,3.928482771568551e-8,0p5,0.5
0.649,3.928523179581105e-8,0p5,0.5
0.65,3.928565123738083e-8,0p5,0.5
0.651,3.928608604040001e-8,0p5,0.5
0.652,3.928653620487366e-8,0p5,0.5
0.653,3.928700173080689e-8,0p5,0.5
0.654,3.928748261820452e-8,0p5,0.5
0.655,3.92879788670715e-8,0p5,0.5
0.656,3.928849047741253e-8,0p5,0.5
0.657,3.928901744923229e-8,0p5,0.5
0.658,3.928953556628913e-8,0p5,0.5
0.659,3.929004936054875e-8,0p5,0.5
0.66,3.929057291415707e-8,0p5,0.5
0.661,3.929110622711664e-8,0p5,0.5
0.662,3.929164929942997e-8,0p5,0.5
0.663,3.929220213109948e-8,0p5,0.5
0.664,3.929276472212748e-8,0p5,0.5
0.665,3.929333707251636e-8,0p5,0.5
0.666,3.92939191822684e-8,0p5,0.5
0.667,3.92945110513858e-8,0p5,0.5
0.668,3.929511267987072e-8,0p5,0.5
0.669,3.92957240677253e-8,0p5,0.5
0.67,3.929634521495163e-8,0p5,0.5
0.671,3.929697084639618e-8,0p5,0.5
0.672,3.929757823524944e-8,0p5,0.5
0.673,3.929819088265893e-8,0p5,0.5
0.674,3.929880878862515e-8,0p5,0.5
0.675,3.929943195314875e-8,0p5,0.5
0.676,3.93000603762302e-8,0p5,0.5
0.677,3.930069405787002e-8,0p5,0.5
0.678,3.930133299806866e-8,0p5,0.5
0.679,3.930197719682659e-8,0p5,0.5
0.68,3.930262665414423e-8,0p5,0.5
0.681,3.930328137002197e-8,0p5,0.5
0.682,3.930394134446019e-8,0p5,0.5
0.683,3.930460657745926e-8,0p5,0.5
0.684,3.930527706901944e-8,0p5,0.5
0.685,3.930593471527748e-8,0p5,0.5
0.686,3.930658787325633e-8,0p5,0.5
0.687,3.93072427868941e-8,0p5,0.5
0.688,3.930789945619009e-8,0p5,0.5
0.689,3.930855788114365e-8,0p5,0.5
0.69,3.930921806175413e-8,0p5,0.5
0.691,3.930987999802083e-8,0p5,0.5
0.692,3.931054368994303e-8,0p5,0.5
0.693,3.931120913752002e-8,0p5,0.5
0.694,3.931187634075113e-8,0p5,0.5
0.695,3.931254529963562e-8,0p5,0.5
0.696,3.931321601417274e-8,0p5,0.5
0.697,3.931388848436178e-8,0p5,0.5
0.698,3.931455754874722e-8,0p5,0.5
0.699,3.931521382893203e-8,0p5,0.5
0.7,3.931586924070174e-8,0p5,0.5
0.701,3.931652378405509e-8,0p5,0.5
0.702,3.931717745899066e-8,0p5,0.5
0.703,3.931783026550712e-8,0p5,0.5
0.704,3.931848220360309e-8,0p5,0.5
0.705,3.931913327327729e-8,0p5,0.5
0.706,3.93197834745283e-8,0p5,0.5
0.707,3.932043280735485e-8,0p5,0.5
0.708,3.932108127175553e-8,0p5,0.5
0.709,3.932172886772906e-8,0p5,0.5
0.71,3.932237559527407e-8,0p5,0.5
0.711,3.932302145438927e-8,0p5,0.5
0.712,3.932365517263958e-8,0p5,0.5
0.713,3.93242842102604e-8,0p5,0.5
0.714,3.932491050909272e-8,0p5,0.5
0.715,3.93255340691348e-8,0p5,0.5
0.716,3.932615489038506e-8,0p5,0.5
0.717,3.932677297284179e-8,0p5,0.5
0.718,3.932738831650331e-8,0p5,0.5
0.719,3.932800092136805e-8,0p5,0.5
0.72,3.932861078743434e-8,0p5,0.5
0.721,3.932921791470055e-8,0p5,0.5
0.722,3.932982230316503e-8,0p5,0.5
0.723,3.933042395282627e-8,0p5,0.5
0.724,3.933102286368259e-8,0p5,0.5
0.725,3.933161444794152e-8,0p5,0.5
0.726,3.933219527944135e-8,0p5,0.5
0.727,3.933277171885933e-8,0p5,0.5
0.728,3.933334376619368e-8,0p5,0.5
0.729,3.933391142144255e-8,0p5,0.5
0.73,3.933447468460423e-8,0p5,0.5
0.731,3.93350335556769e-8,0p5,0.5
0.732,3.933558803465883e-8,0p5,0.5
0.733,3.933613812154827e-8,0p5,0.5
0.734,3.933668381634349e-8,0p5,0.5
0.735,3.933722511904282e-8,0p5,0.5
0.736,3.933776202964449e-8,0p5,0.5
0.737,3.933829454814685e-8,0p5,0.5
0.738,3.933882267454818e-8,0p5,0.5
0.739,3.933934640884685e-8,0p5,0.5
0.74,3.933986575104123e-8,0p5,0.5
0.741,3.934038070112964e-8,0p5,0.5
0.742,3.934089125911045e-8,0p5,0.5
0.743,3.934139742498207e-8,0p5,0.5
0.744,3.934189919874289e-8,0p5,0.5
0.745,3.934239658039131e-8,0p5,0.5
0.746,3.934288956992573e-8,0p5,0.5
0.747,3.934337816734462e-8,0p5,0.5
0.748,3.934386237264642e-8,0p5,0.5
0.749,3.934434218582962e-8,0p5,0.5
0.75,3.934481760689264e-8,0p5,0.5
0.751,3.934528863583398e-8,0p5,0.5
0.752,3.934575319160765e-8,0p5,0.5
0.753,3.934621117418232e-8,0p5,0.5
0.754,3.934666446983952e-8,0p5,0.5
0.755,3.934711307857778e-8,0p5,0.5
0.756,3.934755700039568e-8,0p5,0.5
0.757,3.934799623529175e-8,0p5,0.5
0.758,3.93484307832646e-8,0p5,0.5
0.759,3.934886064431278e-8,0p5,0.5
0.76,3.934928581843492e-8,0p5,0.5
0.761,3.934970630562963e-8,0p5,0.5
0.762,3.935012210589553e-8,0p5,0.5
0.763,3.935053321923124e-8,0p5,0.5
0.764,3.935093964563544e-8,0p5,0.5
0.765,3.935134138510676e-8,0p5,0.5
0.766,3.935173843764391e-8,0p5,0.5
0.767,3.935213080324555e-8,0p5,0.5
0.768,3.935251848191036e-8,0p5,0.5
0.769,3.935290147363709e-8,0p5,0.5
0.77,3.935327977842443e-8,0p5,0.5
0.771,3.935365339627112e-8,0p5,0.5
0.772,3.935402232717589e-8,0p5,0.5
0.773,3.935438657113756e-8,0p5,0.5
0.774,3.93547461281548e-8,0p5,0.5
0.775,3.935510099822648e-8,0p5,0.5
0.776,3.935545118135133e-8,0p5,0.5
0.777,3.935579667752821e-8,0p5,0.5
0.778,3.935613748675589e-8,0p5,0.5
0.779,3.935647424859852e-8,0p5,0.5
0.78,3.935680675986258e-8,0p5,0.5
0.781,3.935713465800839e-8,0p5,0.5
0.782,3.935745794303491e-8,0p5,0.5
0.783,3.935777661494104e-8,0p5,0.5
0.784,3.935809067372577e-8,0p5,0.5
0.785,3.935840011938803e-8,0p5,0.5
0.786,3.935870495192673e-8,0p5,0.5
0.787,3.935900517134094e-8,0p5,0.5
0.788,3.935930077762957e-8,0p5,0.5
0.789,3.935959177079161e-8,0p5,0.5
0.79,3.935987815082611e-8,0p5,0.5
0.791,3.936015991773206e-8,0p5,0.5
0.792,3.936043707150846e-8,0p5,0.5
0.793,3.936070961215436e-8,0p5,0.5
0.794,3.93609775396688e-8,0p5,0.5
0.795,3.936124085405083e-8,0p5,0.5
0.796,3.936149955529954e-8,0p5,0.5
0.797,3.936175364341397e-8,0p5,0.5
0.798,3.936200311839319e-8,0p5,0.5
0.799,3.936224798023633e-8,0p5,0.5
0.8,3.936248822894247e-8,0p5,0.5
0.801,3.936272386451078e-8,0p5,0.5
0.802,3.936295488694027e-8,0p5,0.5
0.803,3.936318129623015e-8,0p5,0.5
0.804,3.936340309237954e-8,0p5,0.5
0.805,3.93636202753876e-8,0p5,0.5
0.806,3.936383928549786e-8,0p5,0.5
0.807,3.936405644488543e-8,0p5,0.5
0.808,3.936426961772403e-8,0p5,0.5
0.809,3.936447880401287e-8,0p5,0.5
0.81,3.936468400375128e-8,0p5,0.5
0.811,3.936488521693856e-8,0p5,0.5
0.812,3.936508244357402e-8,0p5,0.5
0.813,3.936527568365697e-8,0p5,0.5
0.814,3.936546493718676e-8,0p5,0.5
0.815,3.93656502041627e-8,0p5,0.5
0.816,3.936583148458411e-8,0p5,0.5
0.817,3.936600877845037e-8,0p5,0.5
0.818,3.936618208576086e-8,0p5,0.5
0.819,3.936635140651485e-8,0p5,0.5
0.82,3.936651674071176e-8,0p5,0.5
0.821,3.936667808835096e-8,0p5,0.5
0.822,3.936683544943187e-8,0p5,0.5
0.823,3.936698882395381e-8,0p5,0.5
0.824,3.936713821191621e-8,0p5,0.5
0.825,3.93672836133185e-8,0p5,0.5
0.826,3.936742502816006e-8,0p5,0.5
0.827,3.936756245644029e-8,0p5,0.5
0.828,3.936769589815866e-8,0p5,0.5
0.829,3.93678253533146e-8,0p5,0.5
0.83,3.936795082190752e-8,0p5,0.5
0.831,3.936807230393687e-8,0p5,0.5
0.832,3.936818979940215e-8,0p5,0.5
0.833,3.936831393725465e-8,0p5,0.5
0.834,3.936843667184518e-8,0p5,0.5
0.835,3.93685563125199e-8,0p5,0.5
0.836,3.936867285927841e-8,0p5,0.5
0.837,3.936878631212031e-8,0p5,0.5
0.838,3.936889667104512e-8,0p5,0.5
0.839,3.936900393605246e-8,0p5,0.5
0.84,3.936910810714195e-8,0p5,0.5
0.841,3.936920918431317e-8,0p5,0.5
0.842,3.936930716756571e-8,0p5,0.5
0.843,3.936940205689922e-8,0p5,0.5
0.844,3.936949385231329e-8,0p5,0.5
0.845,3.936958255380756e-8,0p5,0.5
0.846,3.936966816138159e-8,0p5,0.5
0.847,3.936975067503508e-8,0p5,0.5
0.848,3.936983009476765e-8,0p5,0.5
0.849,3.936990642057891e-8,0p5,0.5
0.85,3.936997965246854e-8,0p5,0.5
0.851,3.937004979043615e-8,0p5,0.5
0.852,3.937011683448142e-8,0p5,0.5
0.853,3.9370180784604e-8,0p5,0.5
0.854,3.937024164080355e-8,0p5,0.5
0.855,3.93702994030797e-8,0p5,0.5
0.856,3.937035407143222e-8,0p5,0.5
0.857,3.937040564586068e-8,0p5,0.5
0.858,3.937045412636481e-8,0p5,0.5
0.859,3.937049951294428e-8,0p5,0.5
0.86,3.937055440975162e-8,0p5,0.5
0.861,3.937060748356888e-8,0p5,0.5
0.862,3.937065839370489e-8,0p5,0.5
0.863,3.937070714015937e-8,0p5,0.5
0.864,3.937075372293223e-8,0p5,0.5
0.865,3.937079814202313e-8,0p5,0.5
0.866,3.937084039743191e-8,0p5,0.5
0.867,3.937088048915834e-8,0p5,0.5
0.868,3.937091841720224e-8,0p5,0.5
0.869,3.937095418156339e-8,0p5,0.5
0.87,3.937098778224156e-8,0p5,0.5
0.871,3.93710192192366e-8,0p5,0.5
0.872,3.937104849254827e-8,0p5,0.5
0.873,3.937107560217638e-8,0p5,0.5
0.874,3.937110054812079e-8,0p5,0.5
0.875,3.937112333038123e-8,0p5,0.5
0.876,3.937114394895756e-8,0p5,0.5
0.877,3.93711624038496e-8,0p5,0.5
0.878,3.937117869505715e-8,0p5,0.5
0.879,3.937119282258006e-8,0p5,0.5
0.88,3.937120478641811e-8,0p5,0.5
0.881,3.937121458657118e-8,0p5,0.5
0.882,3.937122222303905e-8,0p5,0.5
0.883,3.937122769582155e-8,0p5,0.5
0.884,3.937123100491859e-8,0p5,0.5
0.885,3.937123215032991e-8,0p5,0.5
0.886,3.937123209973248e-8,0p5,0.5
0.887,3.93712404763411e-8,0p5,0.5
0.888,3.937124751311616e-8,0p5,0.5
0.889,3.937125321005743e-8,0p5,0.5
0.89,3.937125756716496e-8,0p5,0.5
0.891,3.937126058443857e-8,0p5,0.5
0.892,3.937126226187816e-8,0p5,0.5
0.893,3.937126259948368e-8,0p5,0.5
0.894,3.937126159725498e-8,0p5,0.5
0.895,3.937125925519205e-8,0p5,0.5
0.896,3.937125557329472e-8,0p5,0.5
0.897,3.937125055156295e-8,0p5,0.5
0.898,3.937124418999664e-8,0p5,0.5
0.899,3.937123648859573e-8,0p5,0.5
0.9,3.937122744736009e-8,0p5,0.5
0.901,3.937121706628968e-8,0p5,0.5
0.902,3.937120534538438e-8,0p5,0.5
0.903,3.937119228464414e-8,0p5,0.5
0.904,3.937117788406887e-8,0p5,0.5
0.905,3.937116214365853e-8,0p5,0.5
0.906,3.937114506341295e-8,0p5,0.5
0.907,3.937112664333216e-8,0p5,0.5
0.908,3.937110688341607e-8,0p5,0.5
0.909,3.937108578366455e-8,0p5,0.5
0.91,3.937106334407755e-8,0p5,0.5
0.911,3.937103956465504e-8,0p5,0.5
0.912,3.937101444539694e-8,0p5,0.5
0.913,3.937099054153427e-8,0p5,0.5
0.914,3.937097598881381e-8,0p5,0.5
0.915,3.937096103276474e-8,0p5,0.5
0.916,3.937094567338707e-8,0p5,0.5
0.917,3.937092991068078e-8,0p5,0.5
0.918,3.937091374464586e-8,0p5,0.5
0.919,3.93708971752823e-8,0p5,0.5
0.92,3.937088020259009e-8,0p5,0.5
0.921,3.937086282656918e-8,0p5,0.5
0.922,3.937084504721961e-8,0p5,0.5
0.923,3.937082686454138e-8,0p5,0.5
0.924,3.93708082785344e-8,0p5,0.5
0.925,3.937078928919871e-8,0p5,0.5
0.926,3.937076989653431e-8,0p5,0.5
0.927,3.937075010054117e-8,0p5,0.5
0.928,3.937072990121927e-8,0p5,0.5
0.929,3.937070929856864e-8,0p5,0.5
0.93,3.937068829258922e-8,0p5,0.5
0.931,3.937066688328104e-8,0p5,0.5
0.932,3.937064507064406e-8,0p5,0.5
0.933,3.937062285467829e-8,0p5,0.5
0.934,3.937060023538372e-8,0p5,0.5
0.935,3.937057721276034e-8,0p5,0.5
0.936,3.937055378680815e-8,0p5,0.5
0.937,3.937052995752709e-8,0p5,0.5
0.938,3.937050572491724e-8,0p5,0.5
0.939,3.937048108897853e-8,0p5,0.5
0.94,3.937045604971097e-8,0p5,0.5
0.941,3.937043060711457e-8,0p5,0.5
0.942,3.937040476118929e-8,0p5,0.5
0.943,3.937037851193515e-8,0p5,0.5
0.944,3.937035185935213e-8,0p5,0.5
0.945,3.93703248034402e-8,0p5,0.5
0.946,3.937029734419942e-8,0p5,0.5
0.947,3.937026948162974e-8,0p5,0.5
0.948,3.937024121573117e-8,0p5,0.5
0.949,3.937021254650369e-8,0p5,0.5
0.95,3.937018347394731e-8,0p5,0.5
0.951,3.937015399806203e-8,0p5,0.5
0.952,3.937012411884781e-8,0p5,0.5
0.953,3.93700938363047e-8,0p5,0.5
0.954,3.937006315043267e-8,0p5,0.5
0.955,3.93700320612317e-8,0p5,0.5
0.956,3.937000056870183e-8,0p5,0.5
0.957,3.936996867284303e-8,0p5,0.5
0.958,3.936993637365527e-8,0p5,0.5
0.959,3.936990367113863e-8,0p5,0.5
0.96,3.936987056529301e-8,0p5,0.5
0.961,3.936983705611848e-8,0p5,0.5
0.962,3.9369803143615e-8,0p5,0.5
0.963,3.936976882778261e-8,0p5,0.5
0.964,3.936973410862126e-8,0p5,0.5
0.965,3.936969898613099e-8,0p5,0.5
0.966,3.936966346031179e-8,0p5,0.5
0.967,3.936963126390708e-8,0p5,0.5
0.968,3.936960383734861e-8,0p5,0.5
0.969,3.936957632763595e-8,0p5,0.5
0.97,3.93695487347691e-8,0p5,0.5
0.971,3.936952105874812e-8,0p5,0.5
0.972,3.936949329957296e-8,0p5,0.5
0.973,3.936946545724366e-8,0p5,0.5
0.974,3.936943753176019e-8,0p5,0.5
0.975,3.936940952312261e-8,0p5,0.5
0.976,3.93693814313309e-8,0p5,0.5
0.977,3.936935325638507e-8,0p5,0.5
0.978,3.936932499828517e-8,0p5,0.5
0.979,3.936929665703116e-8,0p5,0.5
0.98,3.936926823262303e-8,0p5,0.5
0.981,3.936923972506087e-8,0p5,0.5
0.982,3.936921113434461e-8,0p5,0.5
0.983,3.936918246047431e-8,0p5,0.5
0.984,3.936915370344995e-8,0p5,0.5
0.985,3.936912486327155e-8,0p5,0.5
0.986,3.936909593993914e-8,0p5,0.5
0.987,3.936906693345272e-8,0p5,0.5
0.988,3.936903784381226e-8,0p5,0.5
0.989,3.936900867101782e-8,0p5,0.5
0.99,3.936897941506937e-8,0p5,0.5
0.991,3.936895007596695e-8,0p5,0.5
0.992,3.936892065371055e-8,0p5,0.5
0.993,3.936889114830022e-8,0p5,0.5
0.994,3.936886155973589e-8,0p5,0.5
0.995,3.936883188801765e-8,0p5,0.5
0.996,3.936880213314546e-8,0p5,0.5
0.997,3.936877229511936e-8,0p5,0.5
0.998,3.936874237393935e-8,0p5,0.5
0.999,3.936871236960543e-8,0p5,0.5
1.0,3.936868228211763e-8,0p5,0.5
1.000000002000481,3.936868228205729e-8,0p5,0.5
1.000000002000481,3.936868228205726e-8,0p5,0.5
1.001,2.435363002377592e-8,0p5,0.5
1.002,1.467064070061563e-8,0p5,0.5
1.003,8.451382599270443e-9,0p5,0.5
1.004,4.504073688026809e-9,0p5,0.5
1.005,3.719940721480696e-9,0p5,0.5
1.006,7.096446576941137e-9,0p5,0.5
1.007,1.25127191888675e-8,0p5,0.5
1.008,1.888288638119991e-8,0p5,0.5
1.009,2.562447094490363e-8,0p5,0.5
1.01,3.236168247804872e-8,0p5,0.5
1.011,3.940609137854304e-8,0p5,0.5
1.012,4.703182816072742e-8,0p5,0.5
1.013,5.494806089562512e-8,0p5,0.5
1.014,6.276682113526643e-8,0p5,0.5
1.015,7.010744895098163e-8,0p5,0.5
1.016,7.666570848060765e-8,0p5,0.5
1.017,8.224986205329617e-8,0p5,0.5
1.018,8.678326107322864e-8,0p5,0.5
1.019,9.028738769680847e-8,0p5,0.5
1.02,9.285386728810439e-8,0p5,0.5
1.021,9.461561807024919e-8,0p5,0.5
1.022,9.572033271650546e-8,0p5,0.5
1.023,9.631373900012317e-8,0p5,0.5
1.024,9.65283951567249e-8,0p5,0.5
1.025,9.647799836002252e-8,0p5,0.5
1.026,9.625543209961645e-8,0p5,0.5
1.027,9.593350802404686e-8,0p5,0.5
1.028,9.556721796286774e-8,0p5,0.5
1.029,9.519636268356118e-8,0p5,0.5
1.03,9.484866018551673e-8,0p5,0.5
1.031,9.454220183592657e-8,0p5,0.5
1.032,9.428802470541183e-8,0p5,0.5
1.033,9.40918306131871e-8,0p5,0.5
1.034,9.395571529605896e-8,0p5,0.5
1.035,9.387920011685346e-8,0p5,0.5
1.036,9.386024209957375e-8,0p5,0.5
1.037,9.389573241422323e-8,0p5,0.5
1.038,9.398162937961038e-8,0p5,0.5
1.039,9.411527532894061e-8,0p5,0.5
1.04,9.42924919981412e-8,0p5,0.5
1.041,9.45090218015761e-8,0p5,0.5
1.042,9.476057082880329e-8,0p5,0.5
1.043,9.504232150319673e-8,0p5,0.5
1.044,9.534923211373765e-8,0p5,0.5
1.045,9.567554770183575e-8,0p5,0.5
1.046,9.60150319860298e-8,0p5,0.5
1.047,9.636103636009243e-8,0p5,0.5
1.048,9.670677935592732e-8,0p5,0.5
1.049,9.704483099002677e-8,0p5,0.5
1.05,9.736827832917477e-8,0p5,0.5
1.051,9.76700733750561e-8,0p5,0.5
1.052,9.794463115201161e-8,0p5,0.5
1.053,9.818603093471487e-8,0p5,0.5
1.054,9.83884929399596e-8,0p5,0.5
1.055,9.854738080788224e-8,0p5,0.5
1.056,9.865837190972431e-8,0p5,0.5
1.057,9.871495016795876e-8,0p5,0.5
1.058,9.871145153010432e-8,0p5,0.5
1.059,9.864646883670535e-8,0p5,0.5
1.06,9.852069442495587e-8,0p5,0.5
1.061,9.833586534806987e-8,0p5,0.5
1.062,9.809451098232938e-8,0p5,0.5
1.063,9.779930566511848e-8,0p5,0.5
1.064,9.745235084128422e-8,0p5,0.5
1.065,9.705442611116585e-8,0p5,0.5
1.066,9.66049247005546e-8,0p5,0.5
1.067,9.610407236611254e-8,0p5,0.5
1.068,9.555308954292698e-8,0p5,0.5
1.069,9.495407281037004e-8,0p5,0.5
1.07,9.43097756702051e-8,0p5,0.5
1.071,9.362342513251297e-8,0p5,0.5
1.072,9.289846044242834e-8,0p5,0.5
1.073,9.213809160793798e-8,0p5,0.5
1.074,9.13448381217026e-8,0p5,0.5
1.075,9.051962067420721e-8,0p5,0.5
1.076,8.966170476068528e-8,0p5,0.5
1.077,8.876864213920747e-8,0p5,0.5
1.078,8.783638248695032e-8,0p5,0.5
1.079,8.68575758569537e-8,0p5,0.5
1.08,8.582381366347536e-8,0p5,0.5
1.081,8.472476763646065e-8,0p5,0.5
1.082,8.354856087104138e-8,0p5,0.5
1.083,8.228183504274615e-8,0p5,0.5
1.084,8.090960638513679e-8,0p5,0.5
1.085,7.941540832957586e-8,0p5,0.5
1.086,7.778132171159266e-8,0p5,0.5
1.087,7.598786523894587e-8,0p5,0.5
1.088,7.401384996421442e-8,0p5,0.5
1.089,7.183611913686801e-8,0p5,0.5
1.09,6.944778435798286e-8,0p5,0.5
1.091,6.692851076237908e-8,0p5,0.5
1.092,6.434072599716242e-8,0p5,0.5
1.093,6.172485931958105e-8,0p5,0.5
1.094,5.911294525780707e-8,0p5,0.5
1.095,5.652963556651503e-8,0p5,0.5
1.096,5.399332642603311e-8,0p5,0.5
1.097,5.151792651132636e-8,0p5,0.5
1.098,4.911407482129069e-8,0p5,0.5
1.099,4.678946108910875e-8,0p5,0.5
1.1,4.455017250821929e-8,0p5,0.5
1.101,4.240031469341996e-8,0p5,0.5
1.102,4.034255336534465e-8,0p5,0.5
1.103,3.837831770659743e-8,0p5,0.5
1.104,3.6507829134245e-8,0p5,0.5
1.105,3.473115439710131e-8,0p5,0.5
1.106,3.304746996558374e-8,0p5,0.5
1.107,3.145543805178859e-8,0p5,0.5
1.108,2.995319813542811e-8,0p5,0.5
1.109,2.85384045968141e-8,0p5,0.5
1.11,2.720892097461554e-8,0p5,0.5
1.111,2.596217369637942e-8,0p5,0.5
1.112,2.479542439934721e-8,0p5,0.5
1.113,2.370569344216176e-8,0p5,0.5
1.114,2.268987283309178e-8,0p5,0.5
1.115,2.17451456086309e-8,0p5,0.5
1.116,2.086849285345568e-8,0p5,0.5
1.117,2.005689076829782e-8,0p5,0.5
1.118,1.930720515095625e-8,0p5,0.5
1.119,1.86163692360149e-8,0p5,0.5
1.12,1.798158902729755e-8,0p5,0.5
1.121,1.73999981101452e-8,0p5,0.5
1.122,1.686879633684575e-8,0p5,0.5
1.123,1.638348358642354e-8,0p5,0.5
1.124,1.59431705384006e-8,0p5,0.5
1.125,1.554520715607451e-8,0p5,0.5
1.126,1.518700001334165e-8,0p5,0.5
1.127,1.486595965837231e-8,0p5,0.5
1.128,1.457560350371101e-8,0p5,0.5
1.129,1.430599436997193e-8,0p5,0.5
1.13,1.405151949938744e-8,0p5,0.5
1.131,1.380861068536039e-8,0p5,0.5
1.132,1.35755177148112e-8,0p5,0.5
1.133,1.335296684791962e-8,0p5,0.5
1.134,1.314020335532147e-8,0p5,0.5
1.135,1.293709055361844e-8,0p5,0.5
1.136,1.274336756221338e-8,0p5,0.5
1.137,1.255879311775362e-8,0p5,0.5
1.138,1.238310951489451e-8,0p5,0.5
1.139,1.221604477976677e-8,0p5,0.5
1.14,1.205732295029546e-8,0p5,0.5
1.141,1.190666026646558e-8,0p5,0.5
1.142,1.176376949746547e-8,0p5,0.5
1.143,1.162836127711651e-8,0p5,0.5
1.144,1.15001293860828e-8,0p5,0.5
1.145,1.137849104637272e-8,0p5,0.5
1.146,1.12636293960364e-8,0p5,0.5
1.147,1.115490076864551e-8,0p5,0.5
1.148,1.105254679357203e-8,0p5,0.5
1.149,1.095585181776066e-8,0p5,0.5
1.15,1.08650417874165e-8,0p5,0.5
1.151,1.077927884202178e-8,0p5,0.5
1.152,1.069881886563468e-8,0p5,0.5
1.153,1.062289868722547e-8,0p5,0.5
1.154,1.055176711485585e-8,0p5,0.5
1.155,1.048473098239093e-8,0p5,0.5
1.156,1.042202808857691e-8,0p5,0.5
1.157,1.036301400384644e-8,0p5,0.5
1.158,1.030791919068545e-8,0p5,0.5
1.159,1.025613759929879e-8,0p5,0.5
1.16,1.020789168473335e-8,0p5,0.5
1.161,1.016261933578392e-8,0p5,0.5
1.162,1.012052397750153e-8,0p5,0.5
1.163,1.008109827766318e-8,0p5,0.5
1.164,1.004451843755367e-8,0p5,0.5
1.165,1.001033129464492e-8,0p5,0.5
1.166,9.978688958010429e-9,0p5,0.5
1.167,9.94918781712112e-9,0p5,0.5
1.168,9.921958358028061e-9,0p5,0.5
1.169,9.8966344398903e-9,0p5,0.5
1.17,9.873330916568861e-9,0p5,0.5
1.171,9.851729893371e-9,0p5,0.5
1.172,9.831928530497632e-9,0p5,0.5
1.173,9.813661310314129e-9,0p5,0.5
1.174,9.797004944261048e-9,0p5,0.5
1.175,9.78171750324376e-9,0p5,0.5
1.176,9.767864904934657e-9,0p5,0.5
1.177,9.755218389168284e-9,0p5,0.5
1.178,9.743838696570687e-9,0p5,0.5
1.179,9.733522494552696e-9,0p5,0.5
1.18,9.724322388751659e-9,0p5,0.5
1.181,9.716065796148409e-9,0p5,0.5
1.182,9.70879522637547e-9,0p5,0.5
1.183,9.702363369462055e-9,0p5,0.5
1.184,9.696804180356142e-9,0p5,0.5
1.185,9.691989017045075e-9,0p5,0.5
1.186,9.687945584456105e-9,0p5,0.5
1.187,9.684560495970781e-9,0p5,0.5
1.188,9.681841266223082e-9,0p5,0.5
1.189,9.679616247325535e-9,0p5,0.5
1.19,9.677952336237463e-9,0p5,0.5
1.191,9.676849948974326e-9,0p5,0.5
1.192,9.6762706347079e-9,0p5,0.5
1.193,9.676101780405259e-9,0p5,0.5
1.194,9.676426064126466e-9,0p5,0.5
1.195,9.677243743136962e-9,0p5,0.5
1.196,9.678395566031998e-9,0p5,0.5
1.197,9.679879406892593e-9,0p5,0.5
1.198,9.68174933517024e-9,0p5,0.5
1.199,9.683987593787988e-9,0p5,0.5
1.2,9.686439799741825e-9,0p5,0.5
1.201,9.689199395155042e-9,0p5,0.5
1.202,9.692266455896537e-9,0p5,0.5
1.203,9.695564130949018e-9,0p5,0.5
1.204,9.69905437281819e-9,0p5,0.5
1.205,9.702784574013188e-9,0p5,0.5
1.206,9.706754765220237e-9,0p5,0.5
1.207,9.710841915017207e-9,0p5,0.5
1.208,9.715112048018145e-9,0p5,0.5
1.209,9.719567074133208e-9,0p5,0.5
1.21,9.724170577608801e-9,0p5,0.5
1.211,9.728874991343769e-9,0p5,0.5
1.212,9.733719624669565e-9,0p5,0.5
1.213,9.738704473078352e-9,0p5,0.5
1.214,9.743763003014256e-9,0p5,0.5
1.215,9.748915849871645e-9,0p5,0.5
1.216,9.754172905871634e-9,0p5,0.5
1.217,9.759519329584447e-9,0p5,0.5
1.218,9.764911042888813e-9,0p5,0.5
1.219,9.770378054094949e-9,0p5,0.5
1.22,9.775920350348939e-9,0p5,0.5
1.221,9.78150356946679e-9,0p5,0.5
1.222,9.787127482066707e-9,0p5,0.5
1.223,9.792803532620745e-9,0p5,0.5
1.224,9.798527427738439e-9,0p5,0.5
1.225,9.804263245635484e-9,0p5,0.5
1.226,9.81003272117866e-9,0p5,0.5
1.227,9.815835842168593e-9,0p5,0.5
1.228,9.821655807514153e-9,0p5,0.5
1.229,9.827484502022422e-9,0p5,0.5
1.23,9.833332132707048e-9,0p5,0.5
1.231,9.83919868864092e-9,0p5,0.5
1.232,9.845058090084699e-9,0p5,0.5
1.233,9.850924418443882e-9,0p5,0.5
1.234,9.85679800512e-9,0p5,0.5
1.235,9.862671287517714e-9,0p5,0.5
1.236,9.868534562229593e-9,0p5,0.5
1.237,9.874395878344228e-9,0p5,0.5
1.238,9.880255228035391e-9,0p5,0.5
1.239,9.886099192468924e-9,0p5,0.5
1.24,9.891932000324367e-9,0p5,0.5
1.241,9.897755598675406e-9,0p5,0.5
1.242,9.903567050695828e-9,0p5,0.5
1.243,9.909357795956946e-9,0p5,0.5
1.244,9.915133675178465e-9,0p5,0.5
1.245,9.920894683124603e-9,0p5,0.5
1.246,9.926634291721672e-9,0p5,0.5
1.247,9.932352506762301e-9,0p5,0.5
1.248,9.938051470272076e-9,0p5,0.5
1.249,9.943730382951797e-9,0p5,0.5
1.25,9.949382755436458e-9,0p5,0.5
1.251,9.95501252011918e-9,0p5,0.5
1.252,9.960619673651168e-9,0p5,0.5
1.253,9.966201306158991e-9,0p5,0.5
1.254,9.971756047583216e-9,0p5,0.5
1.255,9.977285643805231e-9,0p5,0.5
1.256,9.982790092193354e-9,0p5,0.5
1.257,9.988263250369361e-9,0p5,0.5
1.258,9.993708459853927e-9,0p5,0.5
1.259,9.99912578463578e-9,0p5,0.5
1.26,1.000451522294569e-8,0p5,0.5
1.261,1.00098767730299e-8,0p5,0.5
1.262,1.001521043315023e-8,0p5,0.5
1.263,1.002051620158413e-8,0p5,0.5
1.264,1.002579072475049e-8,0p5,0.5
1.265,1.003103581969726e-8,0p5,0.5
1.266,1.003625202532067e-8,0p5,0.5
1.267,1.004143934032147e-8,0p5,0.5
1.268,1.004659776341352e-8,0p5,0.5
1.269,1.005172729332391e-8,0p5,0.5
1.27,1.005682649900638e-8,0p5,0.5
1.271,1.006189409753679e-8,0p5,0.5
1.272,1.006693179793805e-8,0p5,0.5
1.273,1.007193959944625e-8,0p5,0.5
1.274,1.007691750130662e-8,0p5,0.5
1.275,1.008186550277328e-8,0p5,0.5
1.276,1.008678360310947e-8,0p5,0.5
1.277,1.009167098144283e-8,0p5,0.5
1.278,1.009652822627155e-8,0p5,0.5
1.279,1.010135534518875e-8,0p5,0.5
1.28,1.010615233775979e-8,0p5,0.5
1.281,1.011091920355601e-8,0p5,0.5
1.282,1.011565594215486e-8,0p5,0.5
1.283,1.012036300741698e-8,0p5,0.5
1.284,1.012504048141806e-8,0p5,0.5
1.285,1.012968805939267e-8,0p5,0.5
1.286,1.013430574112631e-8,0p5,0.5
1.287,1.013889352640813e-8,0p5,0.5
1.288,1.014345141503108e-8,0p5,0.5
1.289,1.014797964979056e-8,0p5,0.5
1.29,1.015247988448001e-8,0p5,0.5
1.291,1.015695077852642e-8,0p5,0.5
1.292,1.016139233185662e-8,0p5,0.5
1.293,1.016580454439952e-8,0p5,0.5
1.294,1.017018741608619e-8,0p5,0.5
1.295,1.017454094684972e-8,0p5,0.5
1.296,1.017886707216344e-8,0p5,0.5
1.297,1.018316532115553e-8,0p5,0.5
1.298,1.018743499869313e-8,0p5,0.5
1.299,1.019167610479184e-8,0p5,0.5
1.3,1.01958886394684e-8,0p5,0.5
1.301,1.020007260274036e-8,0p5,0.5
1.302,1.02042288315323e-8,0p5,0.5
1.303,1.020835924209703e-8,0p5,0.5
1.304,1.021246198088792e-8,0p5,0.5
1.305,1.021653704797207e-8,0p5,0.5
1.306,1.022058444341687e-8,0p5,0.5
1.307,1.022460416729001e-8,0p5,0.5
1.308,1.022859621965946e-8,0p5,0.5
1.309,1.023256360370131e-8,0p5,0.5
1.31,1.023650474585181e-8,0p5,0.5
1.311,1.024041918807561e-8,0p5,0.5
1.312,1.024430693046829e-8,0p5,0.5
1.313,1.024816797312536e-8,0p5,0.5
1.314,1.025200231614215e-8,0p5,0.5
1.315,1.025581140966935e-8,0p5,0.5
1.316,1.025959650410331e-8,0p5,0.5
1.317,1.026335590275781e-8,0p5,0.5
1.318,1.026708960574241e-8,0p5,0.5
1.319,1.027079761316625e-8,0p5,0.5
1.32,1.027447992513807e-8,0p5,0.5
1.321,1.027813654176628e-8,0p5,0.5
1.322,1.028177118748906e-8,0p5,0.5
1.323,1.028538116684667e-8,0p5,0.5
1.324,1.028896646078672e-8,0p5,0.5
1.325,1.029252706942326e-8,0p5,0.5
1.326,1.029606299286987e-8,0p5,0.5
1.327,1.029957423123947e-8,0p5,0.5
1.328,1.030306276230101e-8,0p5,0.5
1.329,1.030652890538767e-8,0p5,0.5
1.33,1.030997136242337e-8,0p5,0.5
1.331,1.031339013352173e-8,0p5,0.5
1.332,1.031678521879579e-8,0p5,0.5
1.333,1.0320156618358e-8,0p5,0.5
1.334,1.032350477648439e-8,0p5,0.5
1.335,1.032683256922721e-8,0p5,0.5
1.336,1.033013765372535e-8,0p5,0.5
1.337,1.033342003008888e-8,0p5,0.5
1.338,1.033667969842727e-8,0p5,0.5
1.339,1.033991665884946e-8,0p5,0.5
1.34,1.034313091146361e-8,0p5,0.5
1.341,1.034632486379281e-8,0p5,0.5
1.342,1.034949790062075e-8,0p5,0.5
1.343,1.035264917909602e-8,0p5,0.5
1.344,1.035577869932296e-8,0p5,0.5
1.345,1.035888646140515e-8,0p5,0.5
1.346,1.036197246544557e-8,0p5,0.5
1.347,1.036503758218732e-8,0p5,0.5
1.348,1.036808373737923e-8,0p5,0.5
1.349,1.037110905231052e-8,0p5,0.5
1.35,1.037411352707937e-8,0p5,0.5
1.351,1.037709716178335e-8,0p5,0.5
1.352,1.038005995651942e-8,0p5,0.5
1.353,1.038300191138392e-8,0p5,0.5
1.354,1.038592577868125e-8,0p5,0.5
1.355,1.038883009293506e-8,0p5,0.5
1.356,1.039171445157841e-8,0p5,0.5
1.357,1.039457885470256e-8,0p5,0.5
1.358,1.039742330239797e-8,0p5,0.5
1.359,1.040024779475487e-8,0p5,0.5
1.36,1.040305357615731e-8,0p5,0.5
1.361,1.040584167732009e-8,0p5,0.5
1.362,1.040861067322974e-8,0p5,0.5
1.363,1.041136056397112e-8,0p5,0.5
1.364,1.041409134962846e-8,0p5,0.5
1.365,1.041680303028548e-8,0p5,0.5
1.366,1.041949560602536e-8,0p5,0.5
1.367,1.042217210442994e-8,0p5,0.5
1.368,1.042483031550197e-8,0p5,0.5
1.369,1.042747023765737e-8,0p5,0.5
1.37,1.043009187097421e-8,0p5,0.5
1.371,1.04326952155301e-8,0p5,0.5
1.372,1.043528027140214e-8,0p5,0.5
1.373,1.043784969002389e-8,0p5,0.5
1.374,1.044040384920879e-8,0p5,0.5
1.375,1.044294104544085e-8,0p5,0.5
1.376,1.044546127879026e-8,0p5,0.5
1.377,1.044796454932671e-8,0p5,0.5
1.378,1.045045085711956e-8,0p5,0.5
1.379,1.045292020223762e-8,0p5,0.5
1.38,1.04553725847493e-8,0p5,0.5
1.381,1.045780800472253e-8,0p5,0.5
1.382,1.046022646222495e-8,0p5,0.5
1.383,1.046262795732357e-8,0p5,0.5
1.384,1.046501249008508e-8,0p5,0.5
1.385,1.046738006057568e-8,0p5,0.5
1.386,1.046973481496021e-8,0p5,0.5
1.387,1.04720749846582e-8,0p5,0.5
1.388,1.04743990457162e-8,0p5,0.5
1.389,1.047670699819559e-8,0p5,0.5
1.39,1.047899884215746e-8,0p5,0.5
1.391,1.048127457766248e-8,0p5,0.5
1.392,1.048353420477091e-8,0p5,0.5
1.393,1.04857777235426e-8,0p5,0.5
1.394,1.048800513403703e-8,0p5,0.5
1.395,1.049021643631322e-8,0p5,0.5
1.396,1.049241163042983e-8,0p5,0.5
1.397,1.049459183846251e-8,0p5,0.5
1.398,1.049676326220771e-8,0p5,0.5
1.399,1.049891989126178e-8,0p5,0.5
1.4,1.050106172567728e-8,0p5,0.5
1.401,1.050318876550668e-8,0p5,0.5
1.402,1.05053010108019e-8,0p5,0.5
1.403,1.050739846161466e-8,0p5,0.5
1.404,1.050948111799625e-8,0p5,0.5
1.405,1.051154897999767e-8,0p5,0.5
1.406,1.051360204766956e-8,0p5,0.5
1.407,1.051564032106216e-8,0p5,0.5
1.408,1.051766380022546e-8,0p5,0.5
1.409,1.051967341415802e-8,0p5,0.5
1.41,1.052166912772649e-8,0p5,0.5
1.411,1.052365031288002e-8,0p5,0.5
1.412,1.0525617596695e-8,0p5,0.5
1.413,1.052757178508454e-8,0p5,0.5
1.414,1.052951237448508e-8,0p5,0.5
1.415,1.053143981537747e-8,0p5,0.5
1.416,1.053335416716937e-8,0p5,0.5
1.417,1.053525479572991e-8,0p5,0.5
1.418,1.053713928434255e-8,0p5,0.5
1.419,1.053900258623966e-8,0p5,0.5
1.42,1.05408471371656e-8,0p5,0.5
1.421,1.054267330915214e-8,0p5,0.5
1.422,1.054449947927091e-8,0p5,0.5
1.423,1.054630653582918e-8,0p5,0.5
1.424,1.054809649551474e-8,0p5,0.5
1.425,1.054988645340493e-8,0p5,0.5
1.426,1.05516567726349e-8,0p5,0.5
1.427,1.05534112361414e-8,0p5,0.5
1.428,1.055516569792216e-8,0p5,0.5
1.429,1.055691080824852e-8,0p5,0.5
1.43,1.055864193338521e-8,0p5,0.5
1.431,1.056036396368789e-8,0p5,0.5
1.432,1.056207689918258e-8,0p5,0.5
1.433,1.056378073989526e-8,0p5,0.5
1.434,1.056547548585175e-8,0p5,0.5
1.435,1.056715825048196e-8,0p5,0.5
1.436,1.056882908675225e-8,0p5,0.5
1.437,1.057048943459338e-8,0p5,0.5
1.438,1.057213929403447e-8,0p5,0.5
1.439,1.057377866510445e-8,0p5,0.5
1.44,1.057540754783201e-8,0p5,0.5
1.441,1.057702541429432e-8,0p5,0.5
1.442,1.057863234795983e-8,0p5,0.5
1.443,1.058022855932773e-8,0p5,0.5
1.444,1.058181404842658e-8,0p5,0.5
1.445,1.058338881528487e-8,0p5,0.5
1.446,1.058495285993082e-8,0p5,0.5
1.447,1.058650618239258e-8,0p5,0.5
1.448,1.058804878269803e-8,0p5,0.5
1.449,1.058958066087487e-8,0p5,0.5
1.45,1.059110181695062e-8,0p5,0.5
1.451,1.059261225095259e-8,0p5,0.5
1.452,1.059411196290799e-8,0p5,0.5
1.453,1.059560494101389e-8,0p5,0.5
1.454,1.059708902351351e-8,0p5,0.5
1.455,1.059856318810687e-8,0p5,0.5
1.456,1.060002743481842e-8,0p5,0.5
1.457,1.060148176367255e-8,0p5,0.5
1.458,1.060292617469346e-8,0p5,0.5
1.459,1.060436066790517e-8,0p5,0.5
1.46,1.060578524333165e-8,0p5,0.5
1.461,1.060719990099652e-8,0p5,0.5
1.462,1.060860464092337e-8,0p5,0.5
1.463,1.060999946313566e-8,0p5,0.5
1.464,1.061138436765657e-8,0p5,0.5
1.465,1.061275935450923e-8,0p5,0.5
1.466,1.061412442371652e-8,0p5,0.5
1.467,1.061547957530127e-8,0p5,0.5
1.468,1.061682582393762e-8,0p5,0.5
1.469,1.061816916896426e-8,0p5,0.5
1.47,1.061950354555754e-8,0p5,0.5
1.471,1.062082895373751e-8,0p5,0.5
1.472,1.062214539352414e-8,0p5,0.5
1.473,1.062345286493737e-8,0p5,0.5
1.474,1.06247513679969e-8,0p5,0.5
1.475,1.062604090272231e-8,0p5,0.5
1.476,1.06273214691331e-8,0p5,0.5
1.477,1.062859306724856e-8,0p5,0.5
1.478,1.062985569708799e-8,0p5,0.5
1.479,1.063110935867038e-8,0p5,0.5
1.48,1.063235405201472e-8,0p5,0.5
1.481,1.063358977713979e-8,0p5,0.5
1.482,1.063481653406431e-8,0p5,0.5
1.483,1.063603432280679e-8,0p5,0.5
1.484,1.063724604192115e-8,0p5,0.5
1.485,1.063845237338857e-8,0p5,0.5
1.486,1.063965047196611e-8,0p5,0.5
1.487,1.064084033767052e-8,0p5,0.5
1.488,1.064202197051825e-8,0p5,0.5
1.489,1.064319537052568e-8,0p5,0.5
1.49,1.064436053770921e-8,0p5,0.5
1.491,1.064551747208498e-8,0p5,0.5
1.492,1.064666617366901e-8,0p5,0.5
1.493,1.064780664247735e-8,0p5,0.5
1.494,1.064893887852578e-8,0p5,0.5
1.495,1.065006288183014e-8,0p5,0.5
1.496,1.065117865240595e-8,0p5,0.5
1.497,1.065228619026881e-8,0p5,0.5
1.498,1.065338549543411e-8,0p5,0.5
1.499,1.065447656791712e-8,0p5,0.5
1.5,1.065556507658876e-8,0p5,0.5
1.500000003000721,1.065556507983481e-8,0p5,0.5
1.500000003000721,1.065556507983582e-8,0p5,0.5
1.501,3.845718347043376e-8,0p5,0.5
1.502,5.062579915098226e-8,0p5,0.5
1.503,5.730760565168261e-8,0p5,0.5
1.504,6.363334872647033e-8,0p5,0.5
1.505,6.927659385841735e-8,0p5,0.5
1.506,7.40708404992584e-8,0p5,0.5
1.507,7.852894504577044e-8,0p5,0.5
1.508,8.366260727172174e-8,0p5,0.5
1.509,8.861660776320855e-8,0p5,0.5
1.51,9.293775572321974e-8,0p5,0.5
1.511,9.643340700517556e-8,0p5,0.5
1.512,9.902743073599237e-8,0p5,0.5
1.513,1.007921593968541e-7,0p5,0.5
1.514,1.018355712590744e-7,0p5,0.5
1.515,1.022612852002586e-7,0p5,0.5
1.516,1.021625262352161e-7,0p5,0.5
1.517,1.016214162970829e-7,0p5,0.5
1.518,1.007096765296084e-7,0p5,0.5
1.519,9.949005638660186e-8,0p5,0.5
1.52,9.801621452520483e-8,0p5,0.5
1.521,9.633505799185297e-8,0p5,0.5
1.522,9.448705975544562e-8,0p5,0.5
1.523,9.250716756073435e-8,0p5,0.5
1.524,9.042543028970087e-8,0p5,0.5
1.525,8.826759707532364e-8,0p5,0.5
1.526,8.605565263585026e-8,0p5,0.5
1.527,8.380830088878938e-8,0p5,0.5
1.528,8.154137116616043e-8,0p5,0.5
1.529,7.92681866893801e-8,0p5,0.5
1.53,7.699988831653564e-8,0p5,0.5
1.531,7.47457196148718e-8,0p5,0.5
1.532,7.251327775061216e-8,0p5,0.5
1.533,7.030873416754309e-8,0p5,0.5
1.534,6.813702856615034e-8,0p5,0.5
1.535,6.600203928937885e-8,0p5,0.5
1.536,6.39067185176959e-8,0p5,0.5
1.537,6.185286256918549e-8,0p5,0.5
1.538,5.984235690584793e-8,0p5,0.5
1.539,5.78767554474893e-8,0p5,0.5
1.54,5.595629682206822e-8,0p5,0.5
1.541,5.408081035904034e-8,0p5,0.5
1.542,5.224993368546521e-8,0p5,0.5
1.543,5.046311597858059e-8,0p5,0.5
1.544,4.871960655878664e-8,0p5,0.5
1.545,4.701847198263443e-8,0p5,0.5
1.546,4.535862959457887e-8,0p5,0.5
1.547,4.373888246695616e-8,0p5,0.5
1.548,4.215794943509553e-8,0p5,0.5
1.549,4.061442872107815e-8,0p5,0.5
1.55,3.910686795307975e-8,0p5,0.5
1.551,3.763404813009306e-8,0p5,0.5
1.552,3.619478243163442e-8,0p5,0.5
1.553,3.478818058223928e-8,0p5,0.5
1.554,3.341361996012671e-8,0p5,0.5
1.555,3.207033118485303e-8,0p5,0.5
1.556,3.075775505331038e-8,0p5,0.5
1.557,2.947556529060201e-8,0p5,0.5
1.558,2.822352836781196e-8,0p5,0.5
1.559,2.7001505009204e-8,0p5,0.5
1.56,2.580943054550068e-8,0p5,0.5
1.561,2.4647301014502e-8,0p5,0.5
1.562,2.351515904782169e-8,0p5,0.5
1.563,2.241309103025884e-8,0p5,0.5
1.564,2.134120801332551e-8,0p5,0.5
1.565,2.029963656497354e-8,0p5,0.5
1.566,1.928851291313863e-8,0p5,0.5
1.567,1.830797608276713e-8,0p5,0.5
1.568,1.735816191648642e-8,0p5,0.5
1.569,1.643920218066102e-8,0p5,0.5
1.57,1.555120805391725e-8,0p5,0.5
1.571,1.469427610834582e-8,0p5,0.5
1.572,1.386848341615645e-8,0p5,0.5
1.573,1.307388449094615e-8,0p5,0.5
1.574,1.231050915183935e-8,0p5,0.5
1.575,1.157836060611935e-8,0p5,0.5
1.576,1.087741194974416e-8,0p5,0.5
1.577,1.020760902646723e-8,0p5,0.5
1.578,9.568868186182688e-9,0p5,0.5
1.579,8.961075976481946e-9,0p5,0.5
1.58,8.384088996997145e-9,0p5,0.5
1.581,7.8377339652401e-9,0p5,0.5
1.582,7.32180276525424e-9,0p5,0.5
1.583,6.83605741182339e-9,0p5,0.5
1.584,6.380241101561742e-9,0p5,0.5
1.585,5.954064156047989e-9,0p5,0.5
1.586,5.557209822960933e-9,0p5,0.5
1.587,5.189335185115893e-9,0p5,0.5
1.588,4.850072151531528e-9,0p5,0.5
1.589,4.538730471289783e-9,0p5,0.5
1.59,4.255141922798058e-9,0p5,0.5
1.591,3.998828677140375e-9,0p5,0.5
1.592,3.769382908979554e-9,0p5,0.5
1.593,3.566375701365719e-9,0p5,0.5
1.594,3.38906469248682e-9,0p5,0.5
1.595,3.23731553397116e-9,0p5,0.5
1.596,3.110507590942562e-9,0p5,0.5
1.597,3.007735811074717e-9,0p5,0.5
1.598,2.928558348656075e-9,0p5,0.5
1.599,2.872454437875408e-9,0p5,0.5
1.6,2.838842140958496e-9,0p5,0.5
1.601,2.834887982635213e-9,0p5,0.5
1.602,2.896702744795361e-9,0p5,0.5
1.603,3.036525981270805e-9,0p5,0.5
1.604,3.251240694611684e-9,0p5,0.5
1.605,3.531089301845352e-9,0p5,0.5
1.606,3.863587257329823e-9,0p5,0.5
1.607,4.235676932350032e-9,0p5,0.5
1.608,4.634137445325245e-9,0p5,0.5
1.609,5.045730093418984e-9,0p5,0.5
1.61,5.461066181489071e-9,0p5,0.5
1.611,5.869923014813662e-9,0p5,0.5
1.612,6.263924458657032e-9,0p5,0.5
1.613,6.635125105622916e-9,0p5,0.5
1.614,6.977588129904032e-9,0p5,0.5
1.615,7.286188403511448e-9,0p5,0.5
1.616,7.556834393046405e-9,0p5,0.5
1.617,7.786504208918803e-9,0p5,0.5
1.618,7.972742503528412e-9,0p5,0.5
1.619,8.127134397887279e-9,0p5,0.5
1.62,8.276663014806325e-9,0p5,0.5
1.621,8.43295329534157e-9,0p5,0.5
1.622,8.600101952776964e-9,0p5,0.5
1.623,8.779065612242915e-9,0p5,0.5
1.624,8.969377004959517e-9,0p5,0.5
1.625,9.170243532975618e-9,0p5,0.5
1.626,9.380837051217606e-9,0p5,0.5
1.627,9.6002572744217e-9,0p5,0.5
1.628,9.827251403113392e-9,0p5,0.5
1.629,1.0061705180933e-8,0p5,0.5
1.63,1.030275912287188e-8,0p5,0.5
1.631,1.055015292186938e-8,0p5,0.5
1.632,1.080315468571847e-8,0p5,0.5
1.633,1.106128029789547e-8,0p5,0.5
1.634,1.132440593733184e-8,0p5,0.5
1.635,1.159186625505284e-8,0p5,0.5
1.636,1.186361527057493e-8,0p5,0.5
1.637,1.213927034499208e-8,0p5,0.5
1.638,1.241854454006621e-8,0p5,0.5
1.639,1.270135697514793e-8,0p5,0.5
1.64,1.298731979303716e-8,0p5,0.5
1.641,1.327642660029222e-8,0p5,0.5
1.642,1.356846114207767e-8,0p5,0.5
1.643,1.386306223567851e-8,0p5,0.5
1.644,1.416019007180854e-8,0p5,0.5
1.645,1.44596686858424e-8,0p5,0.5
1.646,1.476122390837078e-8,0p5,0.5
1.647,1.506464474158439e-8,0p5,0.5
1.648,1.536968479586853e-8,0p5,0.5
1.649,1.567644306813442e-8,0p5,0.5
1.65,1.598452147279712e-8,0p5,0.5
1.651,1.629386852476582e-8,0p5,0.5
1.652,1.66046238082948e-8,0p5,0.5
1.653,1.691606811819023e-8,0p5,0.5
1.654,1.722823136338203e-8,0p5,0.5
1.655,1.754129249499875e-8,0p5,0.5
1.656,1.785440171393444e-8,0p5,0.5
1.657,1.816771887024978e-8,0p5,0.5
1.658,1.8481387175654e-8,0p5,0.5
1.659,1.879453984085003e-8,0p5,0.5
1.66,1.910744864926302e-8,0p5,0.5
1.661,1.942020082880546e-8,0p5,0.5
1.662,1.97319561260029e-8,0p5,0.5
1.663,2.004306907820673e-8,0p5,0.5
1.664,2.035356544267702e-8,0p5,0.5
1.665,2.066266979919203e-8,0p5,0.5
1.666,2.097076893920928e-8,0p5,0.5
1.667,2.127782084583091e-8,0p5,0.5
1.668,2.158319174061288e-8,0p5,0.5
1.669,2.188720919988191e-8,0p5,0.5
1.67,2.218980407553016e-8,0p5,0.5
1.671,2.24904663609712e-8,0p5,0.5
1.672,2.278947046641927e-8,0p5,0.5
1.673,2.308672734954742e-8,0p5,0.5
1.674,2.338183616938725e-8,0p5,0.5
1.675,2.367502286526694e-8,0p5,0.5
1.676,2.396618554142693e-8,0p5,0.5
1.677,2.425501869263268e-8,0p5,0.5
1.678,2.454170430940791e-8,0p5,0.5
1.679,2.482613424576947e-8,0p5,0.5
1.68,2.510808435740305e-8,0p5,0.5
1.681,2.538769754385146e-8,0p5,0.5
1.682,2.566486533787446e-8,0p5,0.5
1.683,2.593943102999244e-8,0p5,0.5
1.684,2.621150357464554e-8,0p5,0.5
1.685,2.648097932999913e-8,0p5,0.5
1.686,2.674775564227305e-8,0p5,0.5
1.687,2.701191271601595e-8,0p5,0.5
1.688,2.727335609616687e-8,0p5,0.5
1.689,2.753202474701977e-8,0p5,0.5
1.69,2.778797515031441e-8,0p5,0.5
1.691,2.80411256613704e-8,0p5,0.5
1.692,2.829144557826872e-8,0p5,0.5
1.693,2.853897237975955e-8,0p5,0.5
1.694,2.878364018113488e-8,0p5,0.5
1.695,2.902543855840843e-8,0p5,0.5
1.696,2.926439032685808e-8,0p5,0.5
1.697,2.950044770499766e-8,0p5,0.5
1.698,2.973361171379194e-8,0p5,0.5
1.699,2.996389443308833e-8,0p5,0.5
1.7,3.019126799062617e-8,0p5,0.5
1.701,3.041573719139212e-8,0p5,0.5
1.702,3.06373068900812e-8,0p5,0.5
1.703,3.085597046184772e-8,0p5,0.5
1.704,3.107172992954651e-8,0p5,0.5
1.705,3.128458602461343e-8,0p5,0.5
1.706,3.149455430771292e-8,0p5,0.5
1.707,3.170162845550826e-8,0p5,0.5
1.708,3.190580805070927e-8,0p5,0.5
1.709,3.210713065759123e-8,0p5,0.5
1.71,3.230557772807145e-8,0p5,0.5
1.711,3.250115249985198e-8,0p5,0.5
1.712,3.269390672352303e-8,0p5,0.5
1.713,3.28838139049776e-8,0p5,0.5
1.714,3.307088196201266e-8,0p5,0.5
1.715,3.325517177169701e-8,0p5,0.5
1.716,3.343665088990297e-8,0p5,0.5
1.717,3.361533336908956e-8,0p5,0.5
1.718,3.379128476828965e-8,0p5,0.5
1.719,3.396446850097599e-8,0p5,0.5
1.72,3.413490597196927e-8,0p5,0.5
1.721,3.430266353874905e-8,0p5,0.5
1.722,3.44677020995223e-8,0p5,0.5
1.723,3.463005142056538e-8,0p5,0.5
1.724,3.478977528120192e-8,0p5,0.5
1.725,3.494683352138018e-8,0p5,0.5
1.726,3.510126509496098e-8,0p5,0.5
1.727,3.525312828151014e-8,0p5,0.5
1.728,3.540238316128438e-8,0p5,0.5
1.729,3.55490785417546e-8,0p5,0.5
1.73,3.569326468759431e-8,0p5,0.5
1.731,3.583490307167789e-8,0p5,0.5
1.732,3.597405288110519e-8,0p5,0.5
1.733,3.611075421252748e-8,0p5,0.5
1.734,3.62449709495693e-8,0p5,0.5
1.735,3.637677306244179e-8,0p5,0.5
1.736,3.650618864854814e-8,0p5,0.5
1.737,3.663318489780423e-8,0p5,0.5
1.738,3.675784285952888e-8,0p5,0.5
1.739,3.68801770868377e-8,0p5,0.5
1.74,3.700015885972466e-8,0p5,0.5
1.741,3.711788050801304e-8,0p5,0.5
1.742,3.723334175016364e-8,0p5,0.5
1.743,3.734651863823784e-8,0p5,0.5
1.744,3.745751490034585e-8,0p5,0.5
1.745,3.756631435699429e-8,0p5,0.5
1.746,3.767289842152689e-8,0p5,0.5
1.747,3.777738226386216e-8,0p5,0.5
1.748,3.787973294625494e-8,0p5,0.5
1.749,3.797993774787291e-8,0p5,0.5
1.75,3.807812325767055e-8,0p5,0.5
1.751,3.817423910143435e-8,0p5,0.5
1.752,3.826827910593859e-8,0p5,0.5
1.753,3.836038043284768e-8,0p5,0.5
1.754,3.845047552123984e-8,0p5,0.5
1.755,3.853857153026336e-8,0p5,0.5
1.756,3.862479600822895e-8,0p5,0.5
1.757,3.870908389147224e-8,0p5,0.5
1.758,3.879145331065354e-8,0p5,0.5
1.759,3.887205231836432e-8,0p5,0.5
1.76,3.895080237651005e-8,0p5,0.5
1.761,3.902767737379664e-8,0p5,0.5
1.762,3.910216593219688e-8,0p5,0.5
1.763,3.917488215110487e-8,0p5,0.5
1.764,3.924588431795058e-8,0p5,0.5
1.765,3.931547160678282e-8,0p5,0.5
1.766,3.938360496677259e-8,0p5,0.5
1.767,3.945013196972252e-8,0p5,0.5
1.768,3.951501089484888e-8,0p5,0.5
1.769,3.95782687697171e-8,0p5,0.5
1.77,3.963993794306306e-8,0p5,0.5
1.771,3.970000880625824e-8,0p5,0.5
1.772,3.975850297651537e-8,0p5,0.5
1.773,3.981550014425437e-8,0p5,0.5
1.774,3.987095210202252e-8,0p5,0.5
1.775,3.992487677870927e-8,0p5,0.5
1.776,3.997749178324255e-8,0p5,0.5
1.777,4.002867848014282e-8,0p5,0.5
1.778,4.007843684871931e-8,0p5,0.5
1.779,4.012676686849391e-8,0p5,0.5
1.78,4.017366851920121e-8,0p5,0.5
1.781,4.021914178078838e-8,0p5,0.5
1.782,4.026340844647633e-8,0p5,0.5
1.783,4.030637115840244e-8,0p5,0.5
1.784,4.03479832593555e-8,0p5,0.5
1.785,4.038824473102299e-8,0p5,0.5
1.786,4.042715555529087e-8,0p5,0.5
1.787,4.046476666421907e-8,0p5,0.5
1.788,4.050140810418455e-8,0p5,0.5
1.789,4.0536823251815e-8,0p5,0.5
1.79,4.05710120911773e-8,0p5,0.5
1.791,4.060397460651421e-8,0p5,0.5
1.792,4.063571078224442e-8,0p5,0.5
1.793,4.066637501575907e-8,0p5,0.5
1.794,4.069605853298028e-8,0p5,0.5
1.795,4.072462067163206e-8,0p5,0.5
1.796,4.075206141795642e-8,0p5,0.5
1.797,4.077838075835208e-8,0p5,0.5
1.798,4.080357867937467e-8,0p5,0.5
1.799,4.082793150619829e-8,0p5,0.5
1.8,4.085131978991021e-8,0p5,0.5
1.801,4.08736910686875e-8,0p5,0.5
1.802,4.089504533077437e-8,0p5,0.5
1.803,4.091538256455317e-8,0p5,0.5
1.804,4.093474744746508e-8,0p5,0.5
1.805,4.095339731252426e-8,0p5,0.5
1.806,4.09711295911191e-8,0p5,0.5
1.807,4.098794427316265e-8,0p5,0.5
1.808,4.100384134868854e-8,0p5,0.5
1.809,4.101882080785124e-8,0p5,0.5
1.81,4.103302551620405e-8,0p5,0.5
1.811,4.10465303416727e-8,0p5,0.5
1.812,4.105921184678625e-8,0p5,0.5
1.813,4.107107002306251e-8,0p5,0.5
1.814,4.108210486212399e-8,0p5,0.5
1.815,4.10923163556978e-8,0p5,0.5
1.816,4.110194403649019e-8,0p5,0.5
1.817,4.111087876035834e-8,0p5,0.5
1.818,4.111907902189338e-8,0p5,0.5
1.819,4.112654481402825e-8,0p5,0.5
1.82,4.113327612978604e-8,0p5,0.5
1.821,4.113931377779056e-8,0p5,0.5
1.822,4.114486808237785e-8,0p5,0.5
1.823,4.114977133583314e-8,0p5,0.5
1.824,4.115402353225301e-8,0p5,0.5
1.825,4.115762466581103e-8,0p5,0.5
1.826,4.116057473075775e-8,0p5,0.5
1.827,4.116299535515811e-8,0p5,0.5
1.828,4.116494257860853e-8,0p5,0.5
1.829,4.116631673176007e-8,0p5,0.5
1.83,4.11671178098027e-8,0p5,0.5
1.831,4.11673458079917e-8,0p5,0.5
1.832,4.116700072164747e-8,0p5,0.5
1.833,4.116628187674567e-8,0p5,0.5
1.834,4.116509393494757e-8,0p5,0.5
1.835,4.116340555923924e-8,0p5,0.5
1.836,4.116121674575904e-8,0p5,0.5
1.837,4.115852749070012e-8,0p5,0.5
1.838,4.115537347105485e-8,0p5,0.5
1.839,4.115192013136857e-8,0p5,0.5
1.84,4.114803376448816e-8,0p5,0.5
1.841,4.114371436732429e-8,0p5,0.5
1.842,4.113896193683313e-8,0p5,0.5
1.843,4.113377647001648e-8,0p5,0.5
1.844,4.11282579125106e-8,0p5,0.5
1.845,4.112244631108209e-8,0p5,0.5
1.846,4.11162639894432e-8,0p5,0.5
1.847,4.110971094521384e-8,0p5,0.5
1.848,4.110278717605141e-8,0p5,0.5
1.849,4.109549267965087e-8,0p5,0.5
1.85,4.108798767801823e-8,0p5,0.5
1.851,4.108019201898775e-8,0p5,0.5
1.852,4.107208300790408e-8,0p5,0.5
1.853,4.106366064299149e-8,0p5,0.5
1.854,4.105492492250475e-8,0p5,0.5
1.855,4.104590580377727e-8,0p5,0.5
1.856,4.103672885341998e-8,0p5,0.5
1.857,4.102729115510567e-8,0p5,0.5
1.858,4.101759270754567e-8,0p5,0.5
1.859,4.100763350947557e-8,0p5,0.5
1.86,4.09974135596552e-8,0p5,0.5
1.861,4.098701203236343e-8,0p5,0.5
1.862,4.097645613354782e-8,0p5,0.5
1.863,4.0965687510664e-8,0p5,0.5
1.864,4.09547061628577e-8,0p5,0.5
1.865,4.094351208929366e-8,0p5,0.5
1.866,4.093210528915566e-8,0p5,0.5
1.867,4.092060978671718e-8,0p5,0.5
1.868,4.09089608976825e-8,0p5,0.5
1.869,4.089714292755277e-8,0p5,0.5
1.87,4.088515587583525e-8,0p5,0.5
1.871,4.087299974205169e-8,0p5,0.5
1.872,4.086069859635023e-8,0p5,0.5
1.873,4.084834397595037e-8,0p5,0.5
1.874,4.083585974232636e-8,0p5,0.5
1.875,4.082324589527262e-8,0p5,0.5
1.876,4.081050243459404e-8,0p5,0.5
1.877,4.079762936010607e-8,0p5,0.5
1.878,4.078468679295368e-8,0p5,0.5
1.879,4.077169212816523e-8,0p5,0.5
1.88,4.075860335370303e-8,0p5,0.5
1.881,4.074542046960671e-8,0p5,0.5
1.882,4.073214347592324e-8,0p5,0.5
1.883,4.071877237270673e-8,0p5,0.5
1.884,4.070539896002409e-8,0p5,0.5
1.885,4.069197346401618e-8,0p5,0.5
1.886,4.067848561324755e-8,0p5,0.5
1.887,4.066493540795441e-8,0p5,0.5
1.888,4.065132284837747e-8,0p5,0.5
1.889,4.063766629119413e-8,0p5,0.5
1.89,4.062402927238408e-8,0p5,0.5
1.891,4.061035812173577e-8,0p5,0.5
1.892,4.059665283963774e-8,0p5,0.5
1.893,4.05829134264808e-8,0p5,0.5
1.894,4.056913988265783e-8,0p5,0.5
1.895,4.0555375506805e-8,0p5,0.5
1.896,4.054163058768555e-8,0p5,0.5
1.897,4.052787644551482e-8,0p5,0.5
1.898,4.05141130808018e-8,0p5,0.5
1.899,4.050034049405572e-8,0p5,0.5
1.9,4.048655868578616e-8,0p5,0.5
1.901,4.047283178119076e-8,0p5,0.5
1.902,4.045912372631174e-8,0p5,0.5
1.903,4.04454282586426e-8,0p5,0.5
1.904,4.043174537878156e-8,0p5,0.5
1.905,4.041807508732573e-8,0p5,0.5
1.906,4.040443046339709e-8,0p5,0.5
1.907,4.039085281455833e-8,0p5,0.5
1.908,4.037730667714786e-8,0p5,0.5
1.909,4.036379205182946e-8,0p5,0.5
1.91,4.03503089392646e-8,0p5,0.5
1.911,4.033685734011206e-8,0p5,0.5
1.912,4.032346623107707e-8,0p5,0.5
1.913,4.031014106885837e-8,0p5,0.5
1.914,4.029686366680007e-8,0p5,0.5
1.915,4.028363402560802e-8,0p5,0.5
1.916,4.027045214598464e-8,0p5,0.5
1.917,4.025731802862892e-8,0p5,0.5
1.918,4.024427285925671e-8,0p5,0.5
1.919,4.023129267997184e-8,0p5,0.5
1.92,4.021837403785315e-8,0p5,0.5
1.921,4.020551693362991e-8,0p5,0.5
1.922,4.019272136802724e-8,0p5,0.5
1.923,4.017999576122009e-8,0p5,0.5
1.924,4.016736443004067e-8,0p5,0.5
1.925,4.015480613912674e-8,0p5,0.5
1.926,4.014232088922043e-8,0p5,0.5
1.927,4.01299086810592e-8,0p5,0.5
1.928,4.011756951537591e-8,0p5,0.5
1.929,4.010532062057339e-8,0p5,0.5
1.93,4.009316443004791e-8,0p5,0.5
1.931,4.008109070247528e-8,0p5,0.5
1.932,4.006909943859384e-8,0p5,0.5
1.933,4.00571906391369e-8,0p5,0.5
1.934,4.004536430483268e-8,0p5,0.5
1.935,4.003364330534794e-8,0p5,0.5
1.936,4.002201390517286e-8,0p5,0.5
1.937,4.001047449430536e-8,0p5,0.5
1.938,3.999902507346995e-8,0p5,0.5
1.939,3.998766564338578e-8,0p5,0.5
1.94,3.997640069203315e-8,0p5,0.5
1.941,3.996524209054417e-8,0p5,0.5
1.942,3.995417928477804e-8,0p5,0.5
1.943,3.994321227544282e-8,0p5,0.5
1.944,3.993234106324124e-8,0p5,0.5
1.945,3.992156564887063e-8,0p5,0.5
1.946,3.991089400606659e-8,0p5,0.5
1.947,3.990032690255034e-8,0p5,0.5
1.948,3.988985985165268e-8,0p5,0.5
1.949,3.987949285405392e-8,0p5,0.5
1.95,3.986922591042901e-8,0p5,0.5
1.951,3.985905902144746e-8,0p5,0.5
1.952,3.984900351172861e-8,0p5,0.5
1.953,3.983905237196347e-8,0p5,0.5
1.954,3.982920495300455e-8,0p5,0.5
1.955,3.98194612554957e-8,0p5,0.5
1.956,3.98098212800756e-8,0p5,0.5
1.957,3.980028502737771e-8,0p5,0.5
1.958,3.979085249803024e-8,0p5,0.5
1.959,3.978152369265625e-8,0p5,0.5
1.96,3.97722986118735e-8,0p5,0.5
1.961,3.976317725629456e-8,0p5,0.5
1.962,3.975415962652681e-8,0p5,0.5
1.963,3.974524667329175e-8,0p5,0.5
1.964,3.973643825848982e-8,0p5,0.5
1.965,3.972773383127424e-8,0p5,0.5
1.966,3.971913339222295e-8,0p5,0.5
1.967,3.971063694190886e-8,0p5,0.5
1.968,3.970224448090002e-8,0p5,0.5
1.969,3.969395600975932e-8,0p5,0.5
1.97,3.968577152904475e-8,0p5,0.5
1.971,3.967769103930932e-8,0p5,0.5
1.972,3.966971454110098e-8,0p5,0.5
1.973,3.966183868575698e-8,0p5,0.5
1.974,3.965406113505163e-8,0p5,0.5
1.975,3.964638607526857e-8,0p5,0.5
1.976,3.963881350691849e-8,0p5,0.5
1.977,3.963134343050738e-8,0p5,0.5
1.978,3.962397584653675e-8,0p5,0.5
1.979,3.961671075550353e-8,0p5,0.5
1.98,3.960954815790012e-8,0p5,0.5
1.981,3.960248805421426e-8,0p5,0.5
1.982,3.959553044492926e-8,0p5,0.5
1.983,3.958867126260178e-8,0p5,0.5
1.984,3.958189871622422e-8,0p5,0.5
1.985,3.957522524411623e-8,0p5,0.5
1.986,3.956865084672395e-8,0p5,0.5
1.987,3.956217552448943e-8,0p5,0.5
1.988,3.955579927785056e-8,0p5,0.5
1.989,3.954952210724109e-8,0p5,0.5
1.99,3.954334401309073e-8,0p5,0.5
1.991,3.953726499582496e-8,0p5,0.5
1.992,3.95312850558652e-8,0p5,0.5
1.993,3.952540322638726e-8,0p5,0.5
1.994,3.95195920133246e-8,0p5,0.5
1.995,3.951387465358415e-8,0p5,0.5
1.996,3.950825114754935e-8,0p5,0.5
1.997,3.950272149559988e-8,0p5,0.5
1.998,3.949728569811192e-8,0p5,0.5
1.999,3.949194375545779e-8,0p5,0.5
2.0,3.948669566800637e-8,0p5,0.5
2.001,3.948154143612276e-8,0p5,0.5
2.002,3.947648106016852e-8,0p5,0.5
2.003,3.947151454050138e-8,0p5,0.5
2.004,3.946661164911369e-8,0p5,0.5
2.005,3.946179105206453e-8,0p5,0.5
2.006,3.945705782316038e-8,0p5,0.5
2.007,3.945241196272281e-8,0p5,0.5
2.008,3.944785347107021e-8,0p5,0.5
2.009,3.944338234851775e-8,0p5,0.5
2.01,3.943899859537749e-8,0p5,0.5
2.011,3.943470221195829e-8,0p5,0.5
2.012,3.943049319856585e-8,0p5,0.5
2.013,3.942637155550268e-8,0p5,0.5
2.014,3.942231127777116e-8,0p5,0.5
2.015,3.941831842739236e-8,0p5,0.5
2.016,3.941440559418658e-8,0p5,0.5
2.017,3.941057277842232e-8,0p5,0.5
2.018,3.940681998036527e-8,0p5,0.5
2.019,3.940314720027849e-8,0p5,0.5
2.02,3.939955443842233e-8,0p5,0.5
2.021,3.939604169505438e-8,0p5,0.5
2.022,3.939260897042951e-8,0p5,0.5
2.023,3.938925626479993e-8,0p5,0.5
2.024,3.938596433951199e-8,0p5,0.5
2.025,3.938272413516487e-8,0p5,0.5
2.026,3.937955610106139e-8,0p5,0.5
2.027,3.937646023742263e-8,0p5,0.5
2.028,3.937343654446733e-8,0p5,0.5
2.029,3.937048502241199e-8,0p5,0.5
2.03,3.936760567147076e-8,0p5,0.5
2.031,3.936479849185555e-8,0p5,0.5
2.032,3.9362063483776e-8,0p5,0.5
2.033,3.93594006474394e-8,0p5,0.5
2.034,3.935679870858924e-8,0p5,0.5
2.035,3.935423307961559e-8,0p5,0.5
2.036,3.935173158484123e-8,0p5,0.5
2.037,3.934929422444563e-8,0p5,0.5
2.038,3.934692099860633e-8,0p5,0.5
2.039,3.934461190749899e-8,0p5,0.5
2.04,3.934236695129742e-8,0p5,0.5
2.041,3.934018613017347e-8,0p5,0.5
2.042,3.933806944429711e-8,0p5,0.5
2.043,3.933601689383639e-8,0p5,0.5
2.044,3.93340253586858e-8,0p5,0.5
2.045,3.933205582897614e-8,0p5,0.5
2.046,3.933014245747262e-8,0p5,0.5
2.047,3.932828524431889e-8,0p5,0.5
2.048,3.93264841896569e-8,0p5,0.5
2.049,3.932473929362721e-8,0p5,0.5
2.05,3.932305055636872e-8,0p5,0.5
2.051,3.932141797801881e-8,0p5,0.5
2.052,3.93198415587133e-8,0p5,0.5
2.053,3.931832129858646e-8,0p5,0.5
2.054,3.931685719777095e-8,0p5,0.5
2.055,3.931541144356457e-8,0p5,0.5
2.056,3.931400962073146e-8,0p5,0.5
2.057,3.931265623536381e-8,0p5,0.5
2.058,3.931135128757349e-8,0p5,0.5
2.059,3.931009477747106e-8,0p5,0.5
2.06,3.930888670516591e-8,0p5,0.5
2.061,3.930772707076613e-8,0p5,0.5
2.062,3.930661587437858e-8,0p5,0.5
2.063,3.930555311610881e-8,0p5,0.5
2.064,3.930453879606116e-8,0p5,0.5
2.065,3.930354534113867e-8,0p5,0.5
2.066,3.930258186903853e-8,0p5,0.5
2.067,3.930165951551212e-8,0p5,0.5
2.068,3.930077828064603e-8,0p5,0.5
2.069,3.929993816452586e-8,0p5,0.5
2.07,3.929913916723623e-8,0p5,0.5
2.071,3.929838128886075e-8,0p5,0.5
2.072,3.929766452948197e-8,0p5,0.5
2.073,3.92969888891816e-8,0p5,0.5
2.074,3.929635436804014e-8,0p5,0.5
2.075,3.929574274871296e-8,0p5,0.5
2.076,3.92951489336759e-8,0p5,0.5
2.077,3.92945894251141e-8,0p5,0.5
2.078,3.929406422309335e-8,0p5,0.5
2.079,3.92935733276786e-8,0p5,0.5
2.08,3.9293116738934e-8,0p5,0.5
2.081,3.9292694456923e-8,0p5,0.5
2.082,3.929230648170825e-8,0p5,0.5
2.083,3.929195281335151e-8,0p5,0.5
2.084,3.929163345191386e-8,0p5,0.5
2.085,3.929133830652133e-8,0p5,0.5
2.086,3.929105073499078e-8,0p5,0.5
2.087,3.92907912335531e-8,0p5,0.5
2.088,3.929055980225706e-8,0p5,0.5
2.089,3.92903564411508e-8,0p5,0.5
2.09,3.929018115028197e-8,0p5,0.5
2.091,3.929003392969745e-8,0p5,0.5
2.092,3.92899147794437e-8,0p5,0.5
2.093,3.928982369956641e-8,0p5,0.5
2.094,3.928976069011082e-8,0p5,0.5
2.095,3.928972238489195e-8,0p5,0.5
2.096,3.928968340156346e-8,0p5,0.5
2.097,3.928966686657474e-8,0p5,0.5
2.098,3.928967277996099e-8,0p5,0.5
2.099,3.928970114175686e-8,0p5,0.5
2.1,3.928975195199664e-8,0p5,0.5
2.101,3.928982521071415e-8,0p5,0.5
2.102,3.928992091794277e-8,0p5,0.5
2.103,3.929003907371531e-8,0p5,0.5
2.104,3.929017967806432e-8,0p5,0.5
2.105,3.929034273102175e-8,0p5,0.5
2.106,3.929048708077087e-8,0p5,0.5
2.107,3.929064279460031e-8,0p5,0.5
2.108,3.929081294556627e-8,0p5,0.5
2.109,3.929099753368907e-8,0p5,0.5
2.11,3.929119655898881e-8,0p5,0.5
2.111,3.929141002148526e-8,0p5,0.5
2.112,3.929163792119807e-8,0p5,0.5
2.113,3.929188025814644e-8,0p5,0.5
2.114,3.92921370323494e-8,0p5,0.5
2.115,3.929240824382576e-8,0p5,0.5
2.116,3.929269389259399e-8,0p5,0.5
2.117,3.929299397867229e-8,0p5,0.5
2.118,3.929330850207865e-8,0p5,0.5
2.119,3.929363746283082e-8,0p5,0.5
2.12,3.929398086094618e-8,0p5,0.5
2.121,3.929433869644194e-8,0p5,0.5
2.122,3.929471096933498e-8,0p5,0.5
2.123,3.929509767964199e-8,0p5,0.5
2.124,3.929549882737934e-8,0p5,0.5
2.125,3.929591441256315e-8,0p5,0.5
2.126,3.929632020000552e-8,0p5,0.5
2.127,3.929671649087324e-8,0p5,0.5
2.128,3.929712293068628e-8,0p5,0.5
2.129,3.929753951945544e-8,0p5,0.5
2.13,3.929796625719142e-8,0p5,0.5
2.131,3.929840314390468e-8,0p5,0.5
2.132,3.929885017960544e-8,0p5,0.5
2.133,3.929930736430388e-8,0p5,0.5
2.134,3.929977469800992e-8,0p5,0.5
2.135,3.930025218073333e-8,0p5,0.5
2.136,3.930073981248369e-8,0p5,0.5
2.137,3.930123759327041e-8,0p5,0.5
2.138,3.930174552310274e-8,0p5,0.5
2.139,3.930226360198977e-8,0p5,0.5
2.14,3.930279182994031e-8,0p5,0.5
2.141,3.930333020696314e-8,0p5,0.5
2.142,3.930387873306678e-8,0p5,0.5
2.143,3.930443740825962e-8,0p5,0.5
2.144,3.93049958823537e-8,0p5,0.5
2.145,3.930551822861616e-8,0p5,0.5
2.146,3.930604498511942e-8,0p5,0.5
2.147,3.930657615186622e-8,0p5,0.5
2.148,3.930711172885919e-8,0p5,0.5
2.149,3.930765171610091e-8,0p5,0.5
2.15,3.930819611359393e-8,0p5,0.5
2.151,3.930874492134062e-8,0p5,0.5
2.152,3.930929813934338e-8,0p5,0.5
2.153,3.930985576760448e-8,0p5,0.5
2.154,3.931041780612616e-8,0p5,0.5
2.155,3.931098425491055e-8,0p5,0.5
2.156,3.931155511395972e-8,0p5,0.5
2.157,3.931213038327564e-8,0p5,0.5
2.158,3.931271006286027e-8,0p5,0.5
2.159,3.931329415271545e-8,0p5,0.5
2.16,3.931388265284293e-8,0p5,0.5
2.161,3.931447556324446e-8,0p5,0.5
2.162,3.931507288392166e-8,0p5,0.5
2.163,3.931564505720086e-8,0p5,0.5
2.164,3.931621302786373e-8,0p5,0.5
2.165,3.931678178100887e-8,0p5,0.5
2.166,3.931735131663505e-8,0p5,0.5
2.167,3.931792163474092e-8,0p5,0.5
2.168,3.931849273532514e-8,0p5,0.5
2.169,3.931906461838633e-8,0p5,0.5
2.17,3.931963728392316e-8,0p5,0.5
2.171,3.932021073193419e-8,0p5,0.5
2.172,3.932078496241804e-8,0p5,0.5
2.173,3.932135997537326e-8,0p5,0.5
2.174,3.932193577079842e-8,0p5,0.5
2.175,3.9322512348692e-8,0p5,0.5
2.176,3.932308970905254e-8,0p5,0.5
2.177,3.932366785187849e-8,0p5,0.5
2.178,3.932424677716837e-8,0p5,0.5
2.179,3.932482648492061e-8,0p5,0.5
2.18,3.932540697513361e-8,0p5,0.5
2.181,3.932597602269969e-8,0p5,0.5
2.182,3.932653185293312e-8,0p5,0.5
2.183,3.932708588851532e-8,0p5,0.5
2.184,3.932763812944304e-8,0p5,0.5
2.185,3.932818857571305e-8,0p5,0.5
2.186,3.932873722732212e-8,0p5,0.5
2.187,3.932928408426702e-8,0p5,0.5
2.188,3.932982914654459e-8,0p5,0.5
2.189,3.933037241415162e-8,0p5,0.5
2.19,3.933091388708494e-8,0p5,0.5
2.191,3.933145356534137e-8,0p5,0.5
2.192,3.933199144891776e-8,0p5,0.5
2.193,3.933252753781101e-8,0p5,0.5
2.194,3.933306183201792e-8,0p5,0.5
2.195,3.933359433153542e-8,0p5,0.5
2.196,3.933412503636037e-8,0p5,0.5
2.197,3.933465394648971e-8,0p5,0.5
2.198,3.933518106192032e-8,0p5,0.5
2.199,3.933570408417335e-8,0p5,0.5
2.2,3.933621212711329e-8,0p5,0.5
2.201,3.933671680034121e-8,0p5,0.5
2.202,3.933721810385325e-8,0p5,0.5
2.203,3.93377160376456e-8,0p5,0.5
2.204,3.933821060171447e-8,0p5,0.5
2.205,3.933870179605604e-8,0p5,0.5
2.206,3.933918962066663e-8,0p5,0.5
2.207,3.933967407554251e-8,0p5,0.5
2.208,3.934015516067993e-8,0p5,0.5
2.209,3.934063287607528e-8,0p5,0.5
2.21,3.934110722172491e-8,0p5,0.5
2.211,3.934157819762514e-8,0p5,0.5
2.212,3.934204580377244e-8,0p5,0.5
2.213,3.934251004016326e-8,0p5,0.5
2.214,3.934297090679402e-8,0p5,0.5
2.215,3.934342840366125e-8,0p5,0.5
2.216,3.934388253076139e-8,0p5,0.5
2.217,3.934433328809103e-8,0p5,0.5
2.218,3.9344774532935e-8,0p5,0.5
2.219,3.934521027159616e-8,0p5,0.5
2.22,3.93456418508541e-8,0p5,0.5
2.221,3.934606927070517e-8,0p5,0.5
2.222,3.934649253114571e-8,0p5,0.5
2.223,3.934691163217214e-8,0p5,0.5
2.224,3.934732657378089e-8,0p5,0.5
2.225,3.934773735596838e-8,0p5,0.5
2.226,3.934814397873111e-8,0p5,0.5
2.227,3.934854644206564e-8,0p5,0.5
2.228,3.934894474596844e-8,0p5,0.5
2.229,3.934933889043616e-8,0p5,0.5
2.23,3.934972887546537e-8,0p5,0.5
2.231,3.935011470105269e-8,0p5,0.5
2.232,3.935049636719482e-8,0p5,0.5
2.233,3.935087387388848e-8,0p5,0.5
2.234,3.935124722113033e-8,0p5,0.5
2.235,3.935161640891716e-8,0p5,0.5
2.236,3.935198052538767e-8,0p5,0.5
2.237,3.935233928732596e-8,0p5,0.5
2.238,3.935269368200203e-8,0p5,0.5
2.239,3.935304370941272e-8,0p5,0.5
2.24,3.935338936955493e-8,0p5,0.5
2.241,3.935373066242553e-8,0p5,0.5
2.242,3.935406758802154e-8,0p5,0.5
2.243,3.935440014633986e-8,0p5,0.5
2.244,3.935472833737755e-8,0p5,0.5
2.245,3.935505216113166e-8,0p5,0.5
2.246,3.935537161759918e-8,0p5,0.5
2.247,3.935568670677724e-8,0p5,0.5
2.248,3.935599742866299e-8,0p5,0.5
2.249,3.93563037832535e-8,0p5,0.5
2.25,3.935660577054601e-8,0p5,0.5
2.251,3.935690339053772e-8,0p5,0.5
2.252,3.935719664322585e-8,0p5,0.5
2.253,3.935748552860764e-8,0p5,0.5
2.254,3.935777026078656e-8,0p5,0.5
2.255,3.935805228960939e-8,0p5,0.5
2.256,3.935833014288061e-8,0p5,0.5
2.257,3.935860382059776e-8,0p5,0.5
2.258,3.935887332275838e-8,0p5,0.5
2.259,3.935913864936e-8,0p5,0.5
2.26,3.935939980040024e-8,0p5,0.5
2.261,3.935965677587669e-8,0p5,0.5
2.262,3.935990957578699e-8,0p5,0.5
2.263,3.936015820012877e-8,0p5,0.5
2.264,3.936040264889972e-8,0p5,0.5
2.265,3.936064292209759e-8,0p5,0.5
2.266,3.936087901972009e-8,0p5,0.5
2.267,3.936111094176494e-8,0p5,0.5
2.268,3.936133868822992e-8,0p5,0.5
2.269,3.936156225911292e-8,0p5,0.5
2.27,3.936178165441164e-8,0p5,0.5
2.271,3.936199687412404e-8,0p5,0.5
2.272,3.936220791824794e-8,0p5,0.5
2.273,3.936242115044284e-8,0p5,0.5
2.274,3.936263281325523e-8,0p5,0.5
2.275,3.936284115899113e-8,0p5,0.5
2.276,3.936304618764885e-8,0p5,0.5
2.277,3.936324789922679e-8,0p5,0.5
2.278,3.936344629372331e-8,0p5,0.5
2.279,3.936364137113678e-8,0p5,0.5
2.28,3.936383313146566e-8,0p5,0.5
2.281,3.936402157470829e-8,0p5,0.5
2.282,3.936420670086316e-8,0p5,0.5
2.283,3.936438850992872e-8,0p5,0.5
2.284,3.936456700190343e-8,0p5,0.5
2.285,3.936474217678577e-8,0p5,0.5
2.286,3.936491403457426e-8,0p5,0.5
2.287,3.936508257526738e-8,0p5,0.5
2.288,3.93652477988637e-8,0p5,0.5
2.289,3.936540970536173e-8,0p5,0.5
2.29,3.936556829476007e-8,0p5,0.5
2.291,3.936572356705726e-8,0p5,0.5
2.292,3.936587552225192e-8,0p5,0.5
2.293,3.936602416034265e-8,0p5,0.5
2.294,3.936616948132808e-8,0p5,0.5
2.295,3.936631148520687e-8,0p5,0.5
2.296,3.936645017197763e-8,0p5,0.5
2.297,3.936658554163909e-8,0p5,0.5
2.298,3.936671759418988e-8,0p5,0.5
2.299,3.936684632962875e-8,0p5,0.5
2.3,3.93669717479544e-8,0p5,0.5
2.301,3.936709384916558e-8,0p5,0.5
2.302,3.936721263326101e-8,0p5,0.5
2.303,3.936732810023952e-8,0p5,0.5
2.304,3.936744025009981e-8,0p5,0.5
2.305,3.936754908284072e-8,0p5,0.5
2.306,3.93676545984611e-8,0p5,0.5
2.307,3.936775679695971e-8,0p5,0.5
2.308,3.936785567833545e-8,0p5,0.5
2.309,3.936795246053961e-8,0p5,0.5
2.31,3.936805961527512e-8,0p5,0.5
2.311,3.93681642404121e-8,0p5,0.5
2.312,3.936826633594963e-8,0p5,0.5
2.313,3.936836590188681e-8,0p5,0.5
2.314,3.936846293822283e-8,0p5,0.5
2.315,3.93685574449568e-8,0p5,0.5
2.316,3.936864942208794e-8,0p5,0.5
2.317,3.936873886961535e-8,0p5,0.5
2.318,3.936882578753821e-8,0p5,0.5
2.319,3.93689101758558e-8,0p5,0.5
2.32,3.936899203456719e-8,0p5,0.5
2.321,3.936907136367167e-8,0p5,0.5
2.322,3.936914816316844e-8,0p5,0.5
2.323,3.936922243305672e-8,0p5,0.5
2.324,3.936929417333575e-8,0p5,0.5
2.325,3.93693633840048e-8,0p5,0.5
2.326,3.936943006506315e-8,0p5,0.5
2.327,3.936949421650999e-8,0p5,0.5
2.328,3.936955583834463e-8,0p5,0.5
2.329,3.936961493056638e-8,0p5,0.5
2.33,3.936967149317456e-8,0p5,0.5
2.331,3.936972552616845e-8,0p5,0.5
2.332,3.936977702954735e-8,0p5,0.5
2.333,3.936982600331066e-8,0p5,0.5
2.334,3.936987244745762e-8,0p5,0.5
2.335,3.936991636198767e-8,0p5,0.5
2.336,3.936995774690012e-8,0p5,0.5
2.337,3.936999660219436e-8,0p5,0.5
2.338,3.937003292786973e-8,0p5,0.5
2.339,3.937006672392571e-8,0p5,0.5
2.34,3.937009799036162e-8,0p5,0.5
2.341,3.937012672717691e-8,0p5,0.5
2.342,3.937015293437098e-8,0p5,0.5
2.343,3.937017661194326e-8,0p5,0.5
2.344,3.937019775989322e-8,0p5,0.5
2.345,3.937021637822028e-8,0p5,0.5
2.346,3.937023969060269e-8,0p5,0.5
2.347,3.937027232587882e-8,0p5,0.5
2.348,3.937030342309688e-8,0p5,0.5
2.349,3.937033298225662e-8,0p5,0.5
2.35,3.937036100335766e-8,0p5,0.5
2.351,3.937038748639971e-8,0p5,0.5
2.352,3.937041243138242e-8,0p5,0.5
2.353,3.937043583830551e-8,0p5,0.5
2.354,3.937045770716866e-8,0p5,0.5
2.355,3.937047803797158e-8,0p5,0.5
2.356,3.937049683071392e-8,0p5,0.5
2.357,3.937051408539547e-8,0p5,0.5
2.358,3.937052980201586e-8,0p5,0.5
2.359,3.937054398057484e-8,0p5,0.5
2.36,3.937055662107216e-8,0p5,0.5
2.361,3.93705677235075e-8,0p5,0.5
2.362,3.937057728788061e-8,0p5,0.5
2.363,3.937058531419119e-8,0p5,0.5
2.364,3.937059180243906e-8,0p5,0.5
2.365,3.937059675262387e-8,0p5,0.5
2.366,3.937060016474542e-8,0p5,0.5
2.367,3.937060203880345e-8,0p5,0.5
2.368,3.937060237479773e-8,0p5,0.5
2.369,3.9370601172728e-8,0p5,0.5
2.37,3.937059843259406e-8,0p5,0.5
2.371,3.937059415439562e-8,0p5,0.5
2.372,3.937058833813251e-8,0p5,0.5
2.373,3.937058098380452e-8,0p5,0.5
2.374,3.93705720914114e-8,0p5,0.5
2.375,3.937056166095293e-8,0p5,0.5
2.376,3.937054969242895e-8,0p5,0.5
2.377,3.937053618583921e-8,0p5,0.5
2.378,3.937052114118357e-8,0p5,0.5
2.379,3.937050455846179e-8,0p5,0.5
2.38,3.93704864376737e-8,0p5,0.5
2.381,3.937046677881913e-8,0p5,0.5
2.382,3.93704455818979e-8,0p5,0.5
2.383,3.937043328320437e-8,0p5,0.5
2.384,3.937042456012774e-8,0p5,0.5
2.385,3.937041509449116e-8,0p5,0.5
2.386,3.937040488629451e-8,0p5,0.5
2.387,3.937039393553776e-8,0p5,0.5
2.388,3.937038224222081e-8,0p5,0.5
2.389,3.937036980634366e-8,0p5,0.5
2.39,3.937035662790621e-8,0p5,0.5
2.391,3.937034270690844e-8,0p5,0.5
2.392,3.937032804335028e-8,0p5,0.5
2.393,3.937031263723168e-8,0p5,0.5
2.394,3.937029648855262e-8,0p5,0.5
2.395,3.937027959731304e-8,0p5,0.5
2.396,3.937026196351284e-8,0p5,0.5
2.397,3.937024358715209e-8,0p5,0.5
2.398,3.937022446823067e-8,0p5,0.5
2.399,3.937020460674851e-8,0p5,0.5
2.4,3.937018400270568e-8,0p5,0.5
2.401,3.937016265610207e-8,0p5,0.5
2.402,3.937014056693764e-8,0p5,0.5
2.403,3.93701177352124e-8,0p5,0.5
2.404,3.937009416092629e-8,0p5,0.5
2.405,3.937006984407925e-8,0p5,0.5
2.406,3.937004478467131e-8,0p5,0.5
2.407,3.937001898270239e-8,0p5,0.5
2.408,3.93699924381725e-8,0p5,0.5
2.409,3.936996515108165e-8,0p5,0.5
2.41,3.936993712142973e-8,0p5,0.5
2.411,3.936990834921678e-8,0p5,0.5
2.412,3.936987883444276e-8,0p5,0.5
2.413,3.936984857710766e-8,0p5,0.5
2.414,3.936981757721146e-8,0p5,0.5
2.415,3.936978583475412e-8,0p5,0.5
2.416,3.936975334973568e-8,0p5,0.5
2.417,3.93697201221561e-8,0p5,0.5
2.418,3.936968615201536e-8,0p5,0.5
2.419,3.936965154258678e-8,0p5,0.5
2.42,3.936962621509391e-8,0p5,0.5
2.421,3.936960068214959e-8,0p5,0.5
2.422,3.936957494375384e-8,0p5,0.5
2.423,3.936954899990671e-8,0p5,0.5
2.424,3.936952285060825e-8,0p5,0.5
2.425,3.936949649585847e-8,0p5,0.5
2.426,3.936946993565746e-8,0p5,0.5
2.427,3.936944317000524e-8,0p5,0.5
2.428,3.936941619890183e-8,0p5,0.5
2.429,3.936938902234732e-8,0p5,0.5
2.43,3.936936164034172e-8,0p5,0.5
2.431,3.936933405288509e-8,0p5,0.5
2.432,3.936930625997747e-8,0p5,0.5
2.433,3.936927826161891e-8,0p5,0.5
2.434,3.936925005780945e-8,0p5,0.5
2.435,3.936922164854913e-8,0p5,0.5
2.436,3.9369193033838e-8,0p5,0.5
2.437,3.936916421367609e-8,0p5,0.5
2.438,3.936913518806347e-8,0p5,0.5
2.439,3.936910595700016e-8,0p5,0.5
2.44,3.936907652048625e-8,0p5,0.5
2.441,3.936904687852174e-8,0p5,0.5
2.442,3.936901703110668e-8,0p5,0.5
2.443,3.936898697824111e-8,0p5,0.5
2.444,3.936895671992512e-8,0p5,0.5
2.445,3.93689262561587e-8,0p5,0.5
2.446,3.936889558694193e-8,0p5,0.5
2.447,3.936886471227488e-8,0p5,0.5
2.448,3.936883363215755e-8,0p5,0.5
2.449,3.936880234658999e-8,0p5,0.5
2.45,3.936877085557225e-8,0p5,0.5
2.451,3.936873915910438e-8,0p5,0.5
2.452,3.936870725718644e-8,0p5,0.5
2.453,3.93686751498185e-8,0p5,0.5
2.454,3.936864283700056e-8,0p5,0.5
2.455,3.936861031873264e-8,0p5,0.5
2.456,3.936857935699483e-8,0p5,0.5
2.457,3.936855214336968e-8,0p5,0.5
2.458,3.936852502252512e-8,0p5,0.5
2.459,3.936849799446124e-8,0p5,0.5
2.46,3.936847105917804e-8,0p5,0.5
2.461,3.936844421667567e-8,0p5,0.5
2.462,3.936841746695415e-8,0p5,0.5
2.463,3.936839081001354e-8,0p5,0.5
2.464,3.936836424585391e-8,0p5,0.5
2.465,3.936833777447531e-8,0p5,0.5
2.466,3.936831139587781e-8,0p5,0.5
2.467,3.936828511006148e-8,0p5,0.5
2.468,3.936825891702634e-8,0p5,0.5
2.469,3.936823281677251e-8,0p5,0.5
2.47,3.93682068093e-8,0p5,0.5
2.471,3.93681808946089e-8,0p5,0.5
2.472,3.936815507269924e-8,0p5,0.5
2.473,3.936812934357112e-8,0p5,0.5
2.474,3.936810370722455e-8,0p5,0.5
2.475,3.936807816365961e-8,0p5,0.5
2.476,3.936805271287639e-8,0p5,0.5
2.477,3.936802735487487e-8,0p5,0.5
2.478,3.936800208965517e-8,0p5,0.5
2.479,3.936797691721733e-8,0p5,0.5
2.48,3.93679518375614e-8,0p5,0.5
2.481,3.936792685068745e-8,0p5,0.5
2.482,3.93679019565955e-8,0p5,0.5
2.483,3.936787715528567e-8,0p5,0.5
2.484,3.936785244675792e-8,0p5,0.5
2.485,3.936782783101238e-8,0p5,0.5
2.486,3.936780330804907e-8,0p5,0.5
2.487,3.936777887786808e-8,0p5,0.5
2.488,3.936775454046942e-8,0p5,0.5
2.489,3.936773029585316e-8,0p5,0.5
2.49,3.936770614401936e-8,0p5,0.5
2.491,3.936768208496804e-8,0p5,0.5
2.492,3.936765811869932e-8,0p5,0.5
2.493,3.936763557252968e-8,0p5,0.5
2.494,3.936761399739059e-8,0p5,0.5
2.495,3.936759262829298e-8,0p5,0.5
2.496,3.936757146523696e-8,0p5,0.5
2.497,3.93675505082225e-8,0p5,0.5
2.498,3.936752975724971e-8,0p5,0.5
2.499,3.936750921231859e-8,0p5,0.5
2.5,3.936748887342922e-8,0p5,0.5
2.501,3.936746874058162e-8,0p5,0.5
2.502,3.936744881377585e-8,0p5,0.5
2.503,3.936742909301195e-8,0p5,0.5
2.504,3.936740957828995e-8,0p5,0.5
2.505,3.936739026960989e-8,0p5,0.5
2.506,3.936737116697188e-8,0p5,0.5
2.507,3.936735227037589e-8,0p5,0.5
2.508,3.936733357982201e-8,0p5,0.5
2.509,3.936731509531024e-8,0p5,0.5
2.51,3.936729681684063e-8,0p5,0.5
2.511,3.936727874441326e-8,0p5,0.5
2.512,3.936726087802816e-8,0p5,0.5
2.513,3.936724321768536e-8,0p5,0.5
2.514,3.936722576338488e-8,0p5,0.5
2.515,3.93672085151268e-8,0p5,0.5
2.516,3.936719147291112e-8,0p5,0.5
2.517,3.936717463673791e-8,0p5,0.5
2.518,3.936715800660723e-8,0p5,0.5
2.519,3.93671415825191e-8,0p5,0.5
2.52,3.936712536447353e-8,0p5,0.5
2.521,3.936710935247059e-8,0p5,0.5
2.522,3.936709354651029e-8,0p5,0.5
2.523,3.936707794659272e-8,0p5,0.5
2.524,3.936706255271789e-8,0p5,0.5
2.525,3.93670473648858e-8,0p5,0.5
2.526,3.936703238309657e-8,0p5,0.5
2.527,3.936701760735016e-8,0p5,0.5
2.528,3.936700303764665e-8,0p5,0.5
2.529,3.936698867398607e-8,0p5,0.5
2.53,3.936697451636844e-8,0p5,0.5
2.531,3.936696056479381e-8,0p5,0.5
2.532,3.93669468192622e-8,0p5,0.5
2.533,3.936693327977368e-8,0p5,0.5
2.534,3.936691994632825e-8,0p5,0.5
2.535,3.936690681892596e-8,0p5,0.5
2.536,3.936689389756684e-8,0p5,0.5
2.537,3.936688118225095e-8,0p5,0.5
2.538,3.936686867297829e-8,0p5,0.5
2.539,3.936685636974888e-8,0p5,0.5
2.54,3.936684427256282e-8,0p5,0.5
2.541,3.936683238142005e-8,0p5,0.5
2.542,3.936682069632067e-8,0p5,0.5
2.543,3.93668092172647e-8,0p5,0.5
2.544,3.936679794425216e-8,0p5,0.5
2.545,3.93667868772831e-8,0p5,0.5
2.546,3.936677601635752e-8,0p5,0.5
2.547,3.936676536147548e-8,0p5,0.5
2.548,3.9366754912637e-8,0p5,0.5
2.549,3.936674466984211e-8,0p5,0.5
2.55,3.936673463309083e-8,0p5,0.5
2.551,3.936672480238322e-8,0p5,0.5
2.552,3.936671517771928e-8,0p5,0.5
2.553,3.936670575909904e-8,0p5,0.5
2.554,3.936669654652255e-8,0p5,0.5
2.555,3.936668753998984e-8,0p5,0.5
2.556,3.936667873950088e-8,0p5,0.5
2.557,3.936667014505577e-8,0p5,0.5
2.558,3.936666175665452e-8,0p5,0.5
2.559,3.936665357429711e-8,0p5,0.5
2.56,3.936664559798364e-8,0p5,0.5
2.561,3.936663782771407e-8,0p5,0.5
2.562,3.936663026348846e-8,0p5,0.5
2.563,3.936662290530684e-8,0p5,0.5
2.564,3.936661575316924e-8,0p5,0.5
2.565,3.936660880707566e-8,0p5,0.5
2.566,3.93666015537718e-8,0p5,0.5
2.567,3.936659289493195e-8,0p5,0.5
2.568,3.936658438537816e-8,0p5,0.5
2.569,3.936657602511054e-8,0p5,0.5
2.57,3.936656781412901e-8,0p5,0.5
2.571,3.936655975243367e-8,0p5,0.5
2.572,3.936655184002451e-8,0p5,0.5
2.573,3.936654407690155e-8,0p5,0.5
2.574,3.936653646306482e-8,0p5,0.5
2.575,3.93665289985143e-8,0p5,0.5
2.576,3.936652168325005e-8,0p5,0.5
2.577,3.936651451727206e-8,0p5,0.5
2.578,3.93665075005804e-8,0p5,0.5
2.579,3.936650063317505e-8,0p5,0.5
2.58,3.9366493915056e-8,0p5,0.5
2.581,3.936648734622331e-8,0p5,0.5
2.582,3.9366480926677e-8,0p5,0.5
2.583,3.936647465641707e-8,0p5,0.5
2.584,3.936646853544354e-8,0p5,0.5
2.585,3.93664625637564e-8,0p5,0.5
2.586,3.936645674135572e-8,0p5,0.5
2.587,3.936645106824151e-8,0p5,0.5
2.588,3.936644554441373e-8,0p5,0.5
2.589,3.936644016987246e-8,0p5,0.5
2.59,3.936643494461767e-8,0p5,0.5
2.591,3.936642986864943e-8,0p5,0.5
2.592,3.93664249419677e-8,0p5,0.5
2.593,3.936642016457251e-8,0p5,0.5
2.594,3.936641553646392e-8,0p5,0.5
2.595,3.936641105764188e-8,0p5,0.5
2.596,3.936640672810644e-8,0p5,0.5
2.597,3.936640254785761e-8,0p5,0.5
2.598,3.936639851689542e-8,0p5,0.5
2.599,3.936639463521988e-8,0p5,0.5
2.6,3.936639090283096e-8,0p5,0.5
2.601,3.936638731972874e-8,0p5,0.5
2.602,3.936638388591319e-8,0p5,0.5
2.603,3.936638060138433e-8,0p5,0.5
2.604,3.936637746614221e-8,0p5,0.5
2.605,3.936637448018679e-8,0p5,0.5
2.606,3.936637164351812e-8,0p5,0.5
2.607,3.936636895613619e-8,0p5,0.5
2.608,3.936636641804104e-8,0p5,0.5
2.609,3.936636402923266e-8,0p5,0.5
2.61,3.936636178971109e-8,0p5,0.5
2.611,3.936635969947632e-8,0p5,0.5
2.612,3.936635775852832e-8,0p5,0.5
2.613,3.936635596686721e-8,0p5,0.5
2.614,3.93663543244929e-8,0p5,0.5
2.615,3.936635283140547e-8,0p5,0.5
2.616,3.936635148760488e-8,0p5,0.5
2.617,3.936635029309118e-8,0p5,0.5
2.618,3.936634924786436e-8,0p5,0.5
2.619,3.936634835192446e-8,0p5,0.5
2.62,3.936634760527146e-8,0p5,0.5
2.621,3.936634700790536e-8,0p5,0.5
2.622,3.936634655982622e-8,0p5,0.5
2.623,3.936634626103401e-8,0p5,0.5
2.624,3.936634611152874e-8,0p5,0.5
2.625,3.936634611131045e-8,0p5,0.5
2.626,3.936634626037913e-8,0p5,0.5
2.627,3.936634655873479e-8,0p5,0.5
2.628,3.936634700637746e-8,0p5,0.5
2.629,3.93663476033071e-8,0p5,0.5
2.63,3.936634834952376e-8,0p5,0.5
2.631,3.936634924502745e-8,0p5,0.5
2.632,3.936635028981816e-8,0p5,0.5
2.633,3.936635148389592e-8,0p5,0.5
2.634,3.936635282726073e-8,0p5,0.5
2.635,3.936635431991258e-8,0p5,0.5
2.636,3.936635596185149e-8,0p5,0.5
2.637,3.936635775307749e-8,0p5,0.5
2.638,3.936635969359057e-8,0p5,0.5
2.639,3.936636178339071e-8,0p5,0.5
2.64,3.936636162090761e-8,0p5,0.5
2.641,3.936636115734498e-8,0p5,0.5
2.642,3.93663607681257e-8,0p5,0.5
2.643,3.936636045324984e-8,0p5,0.5
2.644,3.936636021271734e-8,0p5,0.5
2.645,3.936636004652827e-8,0p5,0.5
2.646,3.936635995468261e-8,0p5,0.5
2.647,3.936635993718032e-8,0p5,0.5
2.648,3.936635999402146e-8,0p5,0.5
2.649,3.936636012520601e-8,0p5,0.5
2.65,3.936636033073399e-8,0p5,0.5
2.651,3.936636061060538e-8,0p5,0.5
2.652,3.936636096482022e-8,0p5,0.5
2.653,3.936636139337847e-8,0p5,0.5
2.654,3.936636189628021e-8,0p5,0.5
2.655,3.936636247352535e-8,0p5,0.5
2.656,3.936636312511396e-8,0p5,0.5
2.657,3.936636385104603e-8,0p5,0.5
2.658,3.936636465132156e-8,0p5,0.5
2.659,3.936636552594056e-8,0p5,0.5
2.66,3.936636647490302e-8,0p5,0.5
2.661,3.936636749820896e-8,0p5,0.5
2.662,3.936636859585838e-8,0p5,0.5
2.663,3.936636976785129e-8,0p5,0.5
2.664,3.936637101418764e-8,0p5,0.5
2.665,3.936637233486753e-8,0p5,0.5
2.666,3.93663737298909e-8,0p5,0.5
2.667,3.936637519925777e-8,0p5,0.5
2.668,3.936637674296817e-8,0p5,0.5
2.669,3.936637836102204e-8,0p5,0.5
2.67,3.936638005341944e-8,0p5,0.5
2.671,3.936638182016036e-8,0p5,0.5
2.672,3.936638366124478e-8,0p5,0.5
2.673,3.936638557667275e-8,0p5,0.5
2.674,3.936638756644422e-8,0p5,0.5
2.675,3.936638963055924e-8,0p5,0.5
2.676,3.93663917690178e-8,0p5,0.5
2.677,3.936639398181988e-8,0p5,0.5
2.678,3.936639626896549e-8,0p5,0.5
2.679,3.936639863045467e-8,0p5,0.5
2.68,3.936640106628738e-8,0p5,0.5
2.681,3.936640357646366e-8,0p5,0.5
2.682,3.93664061609835e-8,0p5,0.5
2.683,3.936640881984686e-8,0p5,0.5
2.684,3.936641155305382e-8,0p5,0.5
2.685,3.936641436060433e-8,0p5,0.5
2.686,3.936641724249839e-8,0p5,0.5
2.687,3.936642019873604e-8,0p5,0.5
2.688,3.936642322931725e-8,0p5,0.5
2.689,3.936642633424205e-8,0p5,0.5
2.69,3.936642951351043e-8,0p5,0.5
2.691,3.936643276712236e-8,0p5,0.5
2.692,3.93664360950779e-8,0p5,0.5
2.693,3.936643949737703e-8,0p5,0.5
2.694,3.936644297401971e-8,0p5,0.5
2.695,3.936644652500603e-8,0p5,0.5
2.696,3.936645015033593e-8,0p5,0.5
2.697,3.936645385000939e-8,0p5,0.5
2.698,3.93664576240265e-8,0p5,0.5
2.699,3.936646147238718e-8,0p5,0.5
2.7,3.936646539509149e-8,0p5,0.5
2.701,3.936646939213935e-8,0p5,0.5
2.702,3.936647346353088e-8,0p5,0.5
2.703,3.936647760926598e-8,0p5,0.5
2.704,3.936648182934469e-8,0p5,0.5
2.705,3.936648612376702e-8,0p5,0.5
2.706,3.936649049253297e-8,0p5,0.5
2.707,3.936649493564252e-8,0p5,0.5
2.708,3.936649945309572e-8,0p5,0.5
2.709,3.93665040448925e-8,0p5,0.5
2.71,3.936650871103293e-8,0p5,0.5
2.711,3.936651345151698e-8,0p5,0.5
2.712,3.936651826634463e-8,0p5,0.5
2.713,3.936652182587586e-8,0p5,0.5
2.714,3.936652396845029e-8,0p5,0.5
2.715,3.93665261104867e-8,0p5,0.5
2.716,3.936652825198504e-8,0p5,0.5
2.717,3.93665303929454e-8,0p5,0.5
2.718,3.936653253336771e-8,0p5,0.5
2.719,3.9366534673252e-8,0p5,0.5
2.72,3.936653681259825e-8,0p5,0.5
2.721,3.936653895140647e-8,0p5,0.5
2.722,3.93665410896767e-8,0p5,0.5
2.723,3.936654322740885e-8,0p5,0.5
2.724,3.9366545364603e-8,0p5,0.5
2.725,3.936654750125915e-8,0p5,0.5
2.726,3.936654963737726e-8,0p5,0.5
2.727,3.936655177295734e-8,0p5,0.5
2.728,3.936655390799941e-8,0p5,0.5
2.729,3.936655604250344e-8,0p5,0.5
2.73,3.936655817646948e-8,0p5,0.5
2.731,3.936656030989747e-8,0p5,0.5
2.732,3.936656244278744e-8,0p5,0.5
2.733,3.936656457513942e-8,0p5,0.5
2.734,3.936656670695334e-8,0p5,0.5
2.735,3.936656883822924e-8,0p5,0.5
2.736,3.936657096896716e-8,0p5,0.5
2.737,3.936657309916704e-8,0p5,0.5
2.738,3.936657522882887e-8,0p5,0.5
2.739,3.936657735795273e-8,0p5,0.5
2.74,3.936657948653856e-8,0p5,0.5
2.741,3.936658161458639e-8,0p5,0.5
2.742,3.936658374209615e-8,0p5,0.5
2.743,3.936658586906793e-8,0p5,0.5
2.744,3.93665879955017e-8,0p5,0.5
2.745,3.936659012139744e-8,0p5,0.5
2.746,3.936659224675516e-8,0p5,0.5
2.747,3.936659437157486e-8,0p5,0.5
2.748,3.936659649585658e-8,0p5,0.5
2.749,3.936659861960026e-8,0p5,0.5
2.75,3.936660074280592e-8,0p5,0.5
2.751,3.936660286547357e-8,0p5,0.5
2.752,3.936660498760322e-8,0p5,0.5
2.753,3.936660710919486e-8,0p5,0.5
2.754,3.936660923024846e-8,0p5,0.5
2.755,3.936661135076408e-8,0p5,0.5
2.756,3.936661347074167e-8,0p5,0.5
2.757,3.936661559018126e-8,0p5,0.5
2.758,3.936661770908283e-8,0p5,0.5
2.759,3.936661982744637e-8,0p5,0.5
2.76,3.936662194527192e-8,0p5,0.5
2.761,3.936662406255949e-8,0p5,0.5
2.762,3.936662617930901e-8,0p5,0.5
2.763,3.936662829552054e-8,0p5,0.5
2.764,3.936663041119403e-8,0p5,0.5
2.765,3.936663252632952e-8,0p5,0.5
2.766,3.936663464092704e-8,0p5,0.5
2.767,3.936663675498651e-8,0p5,0.5
2.768,3.936663886850799e-8,0p5,0.5
2.769,3.936664098149147e-8,0p5,0.5
2.77,3.936664309393692e-8,0p5,0.5
2.771,3.936664520584439e-8,0p5,0.5
2.772,3.93666473172138e-8,0p5,0.5
2.773,3.936664942804524e-8,0p5,0.5
2.774,3.936665153833869e-8,0p5,0.5
2.775,3.936665364809412e-8,0p5,0.5
2.776,3.936665575731153e-8,0p5,0.5
2.777,3.936665786599096e-8,0p5,0.5
2.778,3.936665997413236e-8,0p5,0.5
2.779,3.936666208173576e-8,0p5,0.5
2.78,3.936666418880117e-8,0p5,0.5
2.781,3.936666629532858e-8,0p5,0.5
2.782,3.936666840131797e-8,0p5,0.5
2.783,3.936667050676936e-8,0p5,0.5
2.784,3.936667261168274e-8,0p5,0.5
2.785,3.936667471605811e-8,0p5,0.5
2.786,3.936667681989548e-8,0p5,0.5
2.787,3.936667892319486e-8,0p5,0.5
2.788,3.936668102595625e-8,0p5,0.5
2.789,3.936668312817962e-8,0p5,0.5
2.79,3.936668522986496e-8,0p5,0.5
2.791,3.936668733101231e-8,0p5,0.5
2.792,3.936668943162169e-8,0p5,0.5
2.793,3.936669153169304e-8,0p5,0.5
2.794,3.936669363122641e-8,0p5,0.5
2.795,3.936669573022175e-8,0p5,0.5
2.796,3.936669782867912e-8,0p5,0.5
2.797,3.936669992659849e-8,0p5,0.5
2.798,3.936670202397981e-8,0p5,0.5
2.799,3.936670412082318e-8,0p5,0.5
2.8,3.936670621712852e-8,0p5,0.5
2.801,3.936670831289586e-8,0p5,0.5
2.802,3.936671040812522e-8,0p5,0.5
2.803,3.936671250281658e-8,0p5,0.5
2.804,3.936671459696993e-8,0p5,0.5
2.805,3.936671669058525e-8,0p5,0.5
2.806,3.936671878366261e-8,0p5,0.5
2.807,3.936672087620196e-8,0p5,0.5
2.808,3.936672296820333e-8,0p5,0.5
2.809,3.936672505966667e-8,0p5,0.5
2.81,3.936672715059204e-8,0p5,0.5
2.811,3.936672924097938e-8,0p5,0.5
2.812,3.936673133082872e-8,0p5,0.5
2.813,3.936673342014008e-8,0p5,0.5
2.814,3.936673550891345e-8,0p5,0.5
2.815,3.936673759714882e-8,0p5,0.5
2.816,3.936673968484617e-8,0p5,0.5
2.817,3.93667417720055e-8,0p5,0.5
2.818,3.936674385862689e-8,0p5,0.5
2.819,3.936674594471027e-8,0p5,0.5
2.82,3.936674803025562e-8,0p5,0.5
2.821,3.9366750115263e-8,0p5,0.5
2.822,3.936675219973238e-8,0p5,0.5
2.823,3.936675428366376e-8,0p5,0.5
2.824,3.936675636705712e-8,0p5,0.5
2.825,3.93667584499125e-8,0p5,0.5
2.826,3.936676053222988e-8,0p5,0.5
2.827,3.936676261400926e-8,0p5,0.5
2.828,3.936676469525065e-8,0p5,0.5
2.829,3.936676677595404e-8,0p5,0.5
2.83,3.936676885611944e-8,0p5,0.5
2.831,3.936677093574685e-8,0p5,0.5
2.832,3.936677301483625e-8,0p5,0.5
2.833,3.936677509338765e-8,0p5,0.5
2.834,3.936677717140107e-8,0p5,0.5
2.835,3.936677924887646e-8,0p5,0.5
2.836,3.936678132581388e-8,0p5,0.5
2.837,3.93667834022133e-8,0p5,0.5
2.838,3.936678547807471e-8,0p5,0.5
2.839,3.936678755339813e-8,0p5,0.5
2.84,3.936678962818356e-8,0p5,0.5
2.841,3.9366791702431e-8,0p5,0.5
2.842,3.936679377614041e-8,0p5,0.5
2.843,3.936679584931185e-8,0p5,0.5
2.844,3.936679792194531e-8,0p5,0.5
2.845,3.936679999404076e-8,0p5,0.5
2.846,3.936680206559818e-8,0p5,0.5
2.847,3.936680413661764e-8,0p5,0.5
2.848,3.936680620709908e-8,0p5,0.5
2.849,3.936680827704255e-8,0p5,0.5
2.85,3.936681034644801e-8,0p5,0.5
2.851,3.936681241531546e-8,0p5,0.5
2.852,3.936681448364495e-8,0p5,0.5
2.853,3.93668165514364e-8,0p5,0.5
2.854,3.936681861868988e-8,0p5,0.5
2.855,3.936682068540537e-8,0p5,0.5
2.856,3.936682275158286e-8,0p5,0.5
2.857,3.936682481722234e-8,0p5,0.5
2.858,3.936682688232384e-8,0p5,0.5
2.859,3.936682894688731e-8,0p5,0.5
2.86,3.93668300149005e-8,0p5,0.5
2.861,3.936683068768326e-8,0p5,0.5
2.862,3.936683136046599e-8,0p5,0.5
2.863,3.936683203324875e-8,0p5,0.5
2.864,3.93668327060315e-8,0p5,0.5
2.865,3.936683337881424e-8,0p5,0.5
2.866,3.936683405159699e-8,0p5,0.5
2.867,3.936683472437975e-8,0p5,0.5
2.868,3.936683539716249e-8,0p5,0.5
2.869,3.936683606994526e-8,0p5,0.5
2.87,3.936683674272801e-8,0p5,0.5
2.871,3.936683741551076e-8,0p5,0.5
2.872,3.936683808829351e-8,0p5,0.5
2.873,3.936683876107626e-8,0p5,0.5
2.874,3.9366839433859e-8,0p5,0.5
2.875,3.936684010664177e-8,0p5,0.5
2.876,3.936684077942451e-8,0p5,0.5
2.877,3.936684145220728e-8,0p5,0.5
2.878,3.936684212499004e-8,0p5,0.5
2.879,3.936684279777279e-8,0p5,0.5
2.88,3.936684347055554e-8,0p5,0.5
2.881,3.936684414333832e-8,0p5,0.5
2.882,3.936684481612108e-8,0p5,0.5
2.883,3.936684548890382e-8,0p5,0.5
2.884,3.936684616168659e-8,0p5,0.5
2.885,3.936684683446935e-8,0p5,0.5
2.886,3.93668475072521e-8,0p5,0.5
2.887,3.936684818003486e-8,0p5,0.5
2.888,3.936684885281763e-8,0p5,0.5
2.889,3.936684952560038e-8,0p5,0.5
2.89,3.936685019838315e-8,0p5,0.5
2.891,3.936685087116592e-8,0p5,0.5
2.892,3.936685154394866e-8,0p5,0.5
2.893,3.936685221673144e-8,0p5,0.5
2.894,3.936685288951421e-8,0p5,0.5
2.895,3.936685356229695e-8,0p5,0.5
2.896,3.936685423507972e-8,0p5,0.5
2.897,3.936685490786251e-8,0p5,0.5
2.898,3.936685558064527e-8,0p5,0.5
2.899,3.936685625342805e-8,0p5,0.5
2.9,3.936685692621081e-8,0p5,0.5
2.901,3.936685759899356e-8,0p5,0.5
2.902,3.936685827177632e-8,0p5,0.5
2.903,3.936685894455912e-8,0p5,0.5
2.904,3.936685961734185e-8,0p5,0.5
2.905,3.936686029012463e-8,0p5,0.5
2.906,3.93668609629074e-8,0p5,0.5
2.907,3.936686163569017e-8,0p5,0.5
2.908,3.936686230847294e-8,0p5,0.5
2.909,3.936686298125573e-8,0p5,0.5
2.91,3.936686365403849e-8,0p5,0.5
2.911,3.936686432682126e-8,0p5,0.5
2.912,3.936686499960404e-8,0p5,0.5
2.913,3.93668656723868e-8,0p5,0.5
2.914,3.936686634516957e-8,0p5,0.5
2.915,3.936686701795235e-8,0p5,0.5
2.916,3.936686769073512e-8,0p5,0.5
2.917,3.936686836351791e-8,0p5,0.5
2.918,3.936686903630069e-8,0p5,0.5
2.919,3.936686970908345e-8,0p5,0.5
2.92,3.936687038186624e-8,0p5,0.5
2.921,3.936687105464902e-8,0p5,0.5
2.922,3.936687172743178e-8,0p5,0.5
2.923,3.936687240021457e-8,0p5,0.5
2.924,3.936687307299735e-8,0p5,0.5
2.925,3.936687374578012e-8,0p5,0.5
2.926,3.93668744185629e-8,0p5,0.5
2.927,3.936687509134569e-8,0p5,0.5
2.928,3.936687576412848e-8,0p5,0.5
2.929,3.936687643691125e-8,0p5,0.5
2.93,3.936687710969402e-8,0p5,0.5
2.931,3.93668777824768e-8,0p5,0.5
2.932,3.936687845525957e-8,0p5,0.5
2.933,3.936687912804237e-8,0p5,0.5
2.934,3.936687980082516e-8,0p5,0.5
2.935,3.936688047360794e-8,0p5,0.5
2.936,3.936688114639072e-8,0p5,0.5
2.937,3.936688181917349e-8,0p5,0.5
2.938,3.936688249195629e-8,0p5,0.5
2.939,3.936688316473909e-8,0p5,0.5
2.94,3.936688383752186e-8,0p5,0.5
2.941,3.936688451030465e-8,0p5,0.5
2.942,3.936688518308745e-8,0p5,0.5
2.943,3.936688585587022e-8,0p5,0.5
2.944,3.936688652865302e-8,0p5,0.5
2.945,3.936688720143581e-8,0p5,0.5
2.946,3.936688787421859e-8,0p5,0.5
2.947,3.936688854700138e-8,0p5,0.5
2.948,3.936688921978418e-8,0p5,0.5
2.949,3.936688989256694e-8,0p5,0.5
2.95,3.936689056534974e-8,0p5,0.5
2.951,3.936689123813255e-8,0p5,0.5
2.952,3.936689191091534e-8,0p5,0.5
2.953,3.936689258369812e-8,0p5,0.5
2.954,3.936689325648093e-8,0p5,0.5
2.955,3.936689392926372e-8,0p5,0.5
2.956,3.93668946020465e-8,0p5,0.5
2.957,3.93668952748293e-8,0p5,0.5
2.958,3.93668959476121e-8,0p5,0.5
2.959,3.936689662039489e-8,0p5,0.5
2.96,3.936689729317769e-8,0p5,0.5
2.961,3.936689796596049e-8,0p5,0.5
2.962,3.936689863874328e-8,0p5,0.5
2.963,3.936689931152608e-8,0p5,0.5
2.964,3.936689998430887e-8,0p5,0.5
2.965,3.936690065709166e-8,0p5,0.5
2.966,3.936690132987448e-8,0p5,0.5
2.967,3.936690200265727e-8,0p5,0.5
2.968,3.936690267544007e-8,0p5,0.5
2.969,3.936690334822288e-8,0p5,0.5
2.97,3.936690402100568e-8,0p5,0.5
2.971,3.936690469378847e-8,0p5,0.5
2.972,3.936690536657128e-8,0p5,0.5
2.973,3.936690603935408e-8,0p5,0.5
2.974,3.936690671213687e-8,0p5,0.5
2.975,3.936690738491969e-8,0p5,0.5
2.976,3.93669080577025e-8,0p5,0.5
2.977,3.936690873048528e-8,0p5,0.5
2.978,3.93669094032681e-8,0p5,0.5
2.979,3.93669100760509e-8,0p5,0.5
2.98,3.936691074883371e-8,0p5,0.5
2.981,3.936691142161651e-8,0p5,0.5
2.982,3.936691209439932e-8,0p5,0.5
2.983,3.936691276718213e-8,0p5,0.5
2.984,3.936691343996493e-8,0p5,0.5
2.985,3.936691411274775e-8,0p5,0.5
2.986,3.936691478553054e-8,0p5,0.5
2.987,3.936691545831336e-8,0p5,0.5
2.988,3.936691613109617e-8,0p5,0.5
2.989,3.936691680387897e-8,0p5,0.5
2.99,3.936691747666178e-8,0p5,0.5
2.991,3.93669181494446e-8,0p5,0.5
2.992,3.93669188222274e-8,0p5,0.5
2.993,3.936691949501023e-8,0p5,0.5
2.994,3.936692016779303e-8,0p5,0.5
2.995,3.936692084057584e-8,0p5,0.5
2.996,3.936692151335865e-8,0p5,0.5
2.997,3.936692218614147e-8,0p5,0.5
2.998,3.936692285892428e-8,0p5,0.5
2.999,3.936692353170709e-8,0p5,0.5
3.0,3.936692420448991e-8,0p5,0.5
3.0,3.936692420448991e-8,0p5,0.5
