time,BESS.terminal.V.im,case,parameter_value
0.0,6.198300000000003e-8,0p3,0.3
0.001,6.195799709284466e-8,0p3,0.3
0.002,6.18311463973931e-8,0p3,0.3
0.003,6.15832178399939e-8,0p3,0.3
0.004,6.122410642266352e-8,0p3,0.3
0.005,6.076902653909622e-8,0p3,0.3
0.006,6.023268330215045e-8,0p3,0.3
0.007,5.962764111296586e-8,0p3,0.3
0.008,5.896441561852415e-8,0p3,0.3
0.009,5.825187669903244e-8,0p3,0.3
0.01,5.749757804475915e-8,0p3,0.3
0.011,5.670802953200258e-8,0p3,0.3
0.012,5.588878156116919e-8,0p3,0.3
0.013,5.504450757955166e-8,0p3,0.3
0.014,5.417937291985859e-8,0p3,0.3
0.015,5.329680731015384e-8,0p3,0.3
0.016,5.239979049572215e-8,0p3,0.3
0.017,5.149097392190738e-8,0p3,0.3
0.018,5.057264623055595e-8,0p3,0.3
0.019,4.964666302170723e-8,0p3,0.3
0.02,4.871459044935576e-8,0p3,0.3
0.021,4.777780892835948e-8,0p3,0.3
0.022,4.68373725038519e-8,0p3,0.3
0.023,4.589443466907703e-8,0p3,0.3
0.024,4.4949632061118e-8,0p3,0.3
0.025,4.400357931475995e-8,0p3,0.3
0.026,4.30568490388578e-8,0p3,0.3
0.027,4.211003054798161e-8,0p3,0.3
0.028,4.1163811725638e-8,0p3,0.3
0.029,4.021900903912471e-8,0p3,0.3
0.03,3.927655722283515e-8,0p3,0.3
0.031,3.833748953151996e-8,0p3,0.3
0.032,3.740305033465603e-8,0p3,0.3
0.033,3.647417167723545e-8,0p3,0.3
0.034,3.555221279987185e-8,0p3,0.3
0.035,3.463838877395071e-8,0p3,0.3
0.036,3.373387616199519e-8,0p3,0.3
0.037,3.283991584362773e-8,0p3,0.3
0.038,3.195770023751045e-8,0p3,0.3
0.039,3.108836729665568e-8,0p3,0.3
0.04,3.023310815575306e-8,0p3,0.3
0.041,2.939295925943825e-8,0p3,0.3
0.042,2.856898756251048e-8,0p3,0.3
0.043,2.776219449390362e-8,0p3,0.3
0.044,2.697348062562079e-8,0p3,0.3
0.045,2.620378344814417e-8,0p3,0.3
0.046,2.545387529824563e-8,0p3,0.3
0.047,2.47245222171908e-8,0p3,0.3
0.048,2.402032088478982e-8,0p3,0.3
0.049,2.337743673458579e-8,0p3,0.3
0.05,2.281954496445477e-8,0p3,0.3
0.051,2.235195502278129e-8,0p3,0.3
0.052,2.197350555925795e-8,0p3,0.3
0.053,2.168019552605555e-8,0p3,0.3
0.054,2.146692158170635e-8,0p3,0.3
0.055,2.132818715282319e-8,0p3,0.3
0.056,2.125818226423512e-8,0p3,0.3
0.057,2.125136531500164e-8,0p3,0.3
0.058,2.130226545185386e-8,0p3,0.3
0.059,2.140467542606775e-8,0p3,0.3
0.06,2.155310729205809e-8,0p3,0.3
0.061,2.174217218142342e-8,0p3,0.3
0.062,2.196685962106434e-8,0p3,0.3
0.063,2.222246774258936e-8,0p3,0.3
0.064,2.25061692870317e-8,0p3,0.3
0.065,2.281076827462027e-8,0p3,0.3
0.066,2.313427898972387e-8,0p3,0.3
0.067,2.347377635401717e-8,0p3,0.3
0.068,2.382653987598106e-8,0p3,0.3
0.069,2.418993587988079e-8,0p3,0.3
0.07,2.456190828547014e-8,0p3,0.3
0.071,2.494037553742614e-8,0p3,0.3
0.072,2.532380286975776e-8,0p3,0.3
0.073,2.571062405800925e-8,0p3,0.3
0.074,2.609967355362828e-8,0p3,0.3
0.075,2.648980317159308e-8,0p3,0.3
0.076,2.688011669554968e-8,0p3,0.3
0.077,2.7269778676629e-8,0p3,0.3
0.078,2.765807600208485e-8,0p3,0.3
0.079,2.804439460667315e-8,0p3,0.3
0.08,2.84281348127134e-8,0p3,0.3
0.081,2.88088291651702e-8,0p3,0.3
0.082,2.918593879558069e-8,0p3,0.3
0.083,2.955907469184292e-8,0p3,0.3
0.084,2.992775464087262e-8,0p3,0.3
0.085,3.02916187796965e-8,0p3,0.3
0.086,3.065017114219295e-8,0p3,0.3
0.087,3.100285687104633e-8,0p3,0.3
0.088,3.134897878697816e-8,0p3,0.3
0.089,3.168767931871435e-8,0p3,0.3
0.09,3.20179932421397e-8,0p3,0.3
0.091,3.233888481131414e-8,0p3,0.3
0.092,3.264954208454091e-8,0p3,0.3
0.093,3.294906853971735e-8,0p3,0.3
0.094,3.32365114507388e-8,0p3,0.3
0.095,3.35107932325658e-8,0p3,0.3
0.096,3.377084873482531e-8,0p3,0.3
0.097,3.401569306021057e-8,0p3,0.3
0.098,3.424419365599014e-8,0p3,0.3
0.099,3.445522888924509e-8,0p3,0.3
0.1,3.464769278111291e-8,0p3,0.3
0.101,3.48205203210433e-8,0p3,0.3
0.102,3.497271051894707e-8,0p3,0.3
0.103,3.510334752864372e-8,0p3,0.3
0.104,3.521161985040305e-8,0p3,0.3
0.105,3.529683754246199e-8,0p3,0.3
0.106,3.535844551187798e-8,0p3,0.3
0.107,3.539604973025785e-8,0p3,0.3
0.108,3.540940620053101e-8,0p3,0.3
0.109,3.539843927576154e-8,0p3,0.3
0.11,3.536324809368482e-8,0p3,0.3
0.111,3.530411039248157e-8,0p3,0.3
0.112,3.522148393959456e-8,0p3,0.3
0.113,3.511600558631437e-8,0p3,0.3
0.114,3.498848798741284e-8,0p3,0.3
0.115,3.483991405360718e-8,0p3,0.3
0.116,3.46714292343265e-8,0p3,0.3
0.117,3.44843317582688e-8,0p3,0.3
0.118,3.428006098865768e-8,0p3,0.3
0.119,3.406018407799494e-8,0p3,0.3
0.12,3.382638113253272e-8,0p3,0.3
0.121,3.358042911879217e-8,0p3,0.3
0.122,3.332418476246004e-8,0p3,0.3
0.123,3.305958052229477e-8,0p3,0.3
0.124,3.278996314731027e-8,0p3,0.3
0.125,3.251755317201135e-8,0p3,0.3
0.126,3.224407852185502e-8,0p3,0.3
0.127,3.197048190728241e-8,0p3,0.3
0.128,3.169750352998374e-8,0p3,0.3
0.129,3.142596724560747e-8,0p3,0.3
0.13,3.115837680274972e-8,0p3,0.3
0.131,3.089706913479822e-8,0p3,0.3
0.132,3.064408818018927e-8,0p3,0.3
0.133,3.040124601415953e-8,0p3,0.3
0.134,3.01701293642472e-8,0p3,0.3
0.135,2.995213737546665e-8,0p3,0.3
0.136,2.974850725004358e-8,0p3,0.3
0.137,2.956032876951771e-8,0p3,0.3
0.138,2.938855063049413e-8,0p3,0.3
0.139,2.923398261274971e-8,0p3,0.3
0.14,2.909729631881276e-8,0p3,0.3
0.141,2.897901790331489e-8,0p3,0.3
0.142,2.887949239955126e-8,0p3,0.3
0.143,2.879895890565022e-8,0p3,0.3
0.144,2.873739897366298e-8,0p3,0.3
0.145,2.869462818720186e-8,0p3,0.3
0.146,2.867024337080438e-8,0p3,0.3
0.147,2.866372537629427e-8,0p3,0.3
0.148,2.867440278301458e-8,0p3,0.3
0.149,2.870142991763809e-8,0p3,0.3
0.15,2.874392223436345e-8,0p3,0.3
0.151,2.880094150941212e-8,0p3,0.3
0.152,2.887145721118685e-8,0p3,0.3
0.153,2.895442604383889e-8,0p3,0.3
0.154,2.904885486190209e-8,0p3,0.3
0.155,2.915369923134969e-8,0p3,0.3
0.156,2.926787095559277e-8,0p3,0.3
0.157,2.939038957812347e-8,0p3,0.3
0.158,2.952023620594351e-8,0p3,0.3
0.159,2.965630495023559e-8,0p3,0.3
0.16,2.979763657356993e-8,0p3,0.3
0.161,2.994323114242968e-8,0p3,0.3
0.162,3.009203994247118e-8,0p3,0.3
0.163,3.024311924279069e-8,0p3,0.3
0.164,3.039556871376985e-8,0p3,0.3
0.165,3.054848548254013e-8,0p3,0.3
0.166,3.070103530721291e-8,0p3,0.3
0.167,3.08524859921727e-8,0p3,0.3
0.168,3.100212290612355e-8,0p3,0.3
0.169,3.114926593490841e-8,0p3,0.3
0.17,3.129327374379728e-8,0p3,0.3
0.171,3.143366159026041e-8,0p3,0.3
0.172,3.157004082312547e-8,0p3,0.3
0.173,3.170186056176311e-8,0p3,0.3
0.174,3.182871078646059e-8,0p3,0.3
0.175,3.1950079509905e-8,0p3,0.3
0.176,3.206554057386142e-8,0p3,0.3
0.177,3.217461423761151e-8,0p3,0.3
0.178,3.227667876025881e-8,0p3,0.3
0.179,3.23717624618559e-8,0p3,0.3
0.18,3.246186449763052e-8,0p3,0.3
0.181,3.255368545486058e-8,0p3,0.3
0.182,3.264980022087373e-8,0p3,0.3
0.183,3.27517391897248e-8,0p3,0.3
0.184,3.285958610656366e-8,0p3,0.3
0.185,3.297305871365163e-8,0p3,0.3
0.186,3.309167995602057e-8,0p3,0.3
0.187,3.321485440241351e-8,0p3,0.3
0.188,3.334211246796443e-8,0p3,0.3
0.189,3.347312104032756e-8,0p3,0.3
0.19,3.360778757513172e-8,0p3,0.3
0.191,3.374548985653258e-8,0p3,0.3
0.192,3.388619965114704e-8,0p3,0.3
0.193,3.402956033553169e-8,0p3,0.3
0.194,3.41753946563873e-8,0p3,0.3
0.195,3.4323659067124e-8,0p3,0.3
0.196,3.44741698437866e-8,0p3,0.3
0.197,3.462695348651877e-8,0p3,0.3
0.198,3.47819359111807e-8,0p3,0.3
0.199,3.493909767921817e-8,0p3,0.3
0.2,3.509843677942397e-8,0p3,0.3
0.201,3.525990703895871e-8,0p3,0.3
0.202,3.542351372221227e-8,0p3,0.3
0.203,3.558923230268609e-8,0p3,0.3
0.204,3.575701265830065e-8,0p3,0.3
0.205,3.592682979901917e-8,0p3,0.3
0.206,3.60986202481376e-8,0p3,0.3
0.207,3.627226465067892e-8,0p3,0.3
0.208,3.644772902422911e-8,0p3,0.3
0.209,3.662491484511408e-8,0p3,0.3
0.21,3.680367177883752e-8,0p3,0.3
0.211,3.698396064813228e-8,0p3,0.3
0.212,3.716566398269158e-8,0p3,0.3
0.213,3.734861482357294e-8,0p3,0.3
0.214,3.753268894667141e-8,0p3,0.3
0.215,3.771763831754041e-8,0p3,0.3
0.216,3.790354903311463e-8,0p3,0.3
0.217,3.80902587018664e-8,0p3,0.3
0.218,3.82776324528601e-8,0p3,0.3
0.219,3.846578760219163e-8,0p3,0.3
0.22,3.865426521341313e-8,0p3,0.3
0.221,3.884312255606619e-8,0p3,0.3
0.222,3.903239771051983e-8,0p3,0.3
0.223,3.922162973685457e-8,0p3,0.3
0.224,3.941104498379143e-8,0p3,0.3
0.225,3.96004681723288e-8,0p3,0.3
0.226,3.978962719319616e-8,0p3,0.3
0.227,3.997869540708101e-8,0p3,0.3
0.228,4.016735843373481e-8,0p3,0.3
0.229,4.035558188592906e-8,0p3,0.3
0.23,4.054345273354936e-8,0p3,0.3
0.231,4.073053267899708e-8,0p3,0.3
0.232,4.091702522582996e-8,0p3,0.3
0.233,4.110282738759937e-8,0p3,0.3
0.234,4.128767379694222e-8,0p3,0.3
0.235,4.147171575213409e-8,0p3,0.3
0.236,4.165475320681773e-8,0p3,0.3
0.237,4.183670342532271e-8,0p3,0.3
0.238,4.201765403147149e-8,0p3,0.3
0.239,4.219731622112495e-8,0p3,0.3
0.24,4.237578641207917e-8,0p3,0.3
0.241,4.25530347854084e-8,0p3,0.3
0.242,4.272884327237314e-8,0p3,0.3
0.243,4.290332651272148e-8,0p3,0.3
0.244,4.30763737671002e-8,0p3,0.3
0.245,4.324789347335282e-8,0p3,0.3
0.246,4.341795620118593e-8,0p3,0.3
0.247,4.358639832948135e-8,0p3,0.3
0.248,4.375324536996471e-8,0p3,0.3
0.249,4.391850612136822e-8,0p3,0.3
0.25,4.408202612448633e-8,0p3,0.3
0.251,4.424388153048032e-8,0p3,0.3
0.252,4.440402009281192e-8,0p3,0.3
0.253,4.456236747227395e-8,0p3,0.3
0.254,4.471897181808667e-8,0p3,0.3
0.255,4.487375387617044e-8,0p3,0.3
0.256,4.502670830248064e-8,0p3,0.3
0.257,4.517785428596437e-8,0p3,0.3
0.258,4.532710189396215e-8,0p3,0.3
0.259,4.547449314407048e-8,0p3,0.3
0.26,4.562000925409663e-8,0p3,0.3
0.261,4.576360587957936e-8,0p3,0.3
0.262,4.590530865551279e-8,0p3,0.3
0.263,4.604508967584059e-8,0p3,0.3
0.264,4.618293898596495e-8,0p3,0.3
0.265,4.631886801759476e-8,0p3,0.3
0.266,4.645284860609108e-8,0p3,0.3
0.267,4.658489089917863e-8,0p3,0.3
0.268,4.671499369577875e-8,0p3,0.3
0.269,4.684314616177221e-8,0p3,0.3
0.27,4.696935408297291e-8,0p3,0.3
0.271,4.709361753602553e-8,0p3,0.3
0.272,4.721593657998756e-8,0p3,0.3
0.273,4.733631120480235e-8,0p3,0.3
0.274,4.745475180669185e-8,0p3,0.3
0.275,4.757125645802393e-8,0p3,0.3
0.276,4.768582634541767e-8,0p3,0.3
0.277,4.779848235971117e-8,0p3,0.3
0.278,4.79092141451049e-8,0p3,0.3
0.279,4.801803452875739e-8,0p3,0.3
0.28,4.812496023521657e-8,0p3,0.3
0.281,4.822998022849676e-8,0p3,0.3
0.282,4.833312416515791e-8,0p3,0.3
0.283,4.84343928563424e-8,0p3,0.3
0.284,4.853378071458579e-8,0p3,0.3
0.285,4.863133606017796e-8,0p3,0.3
0.286,4.872703618673908e-8,0p3,0.3
0.287,4.882089735569733e-8,0p3,0.3
0.288,4.891295474873508e-8,0p3,0.3
0.289,4.90031877654014e-8,0p3,0.3
0.29,4.909163315927957e-8,0p3,0.3
0.291,4.917830208148251e-8,0p3,0.3
0.292,4.926318053316625e-8,0p3,0.3
0.293,4.934633178665308e-8,0p3,0.3
0.294,4.942773154480038e-8,0p3,0.3
0.295,4.950739172916857e-8,0p3,0.3
0.296,4.958536506093675e-8,0p3,0.3
0.297,4.966162323481311e-8,0p3,0.3
0.298,4.973620279490485e-8,0p3,0.3
0.299,4.980912834591498e-8,0p3,0.3
0.3,4.988037941145003e-8,0p3,0.3
0.301,4.995002012009796e-8,0p3,0.3
0.302,5.001803645733521e-8,0p3,0.3
0.303,5.008443025805506e-8,0p3,0.3
0.304,5.014926948485709e-8,0p3,0.3
0.305,5.021252004363779e-8,0p3,0.3
0.306,5.02742141448717e-8,0p3,0.3
0.307,5.033439028828879e-8,0p3,0.3
0.308,5.039302237968419e-8,0p3,0.3
0.309,5.045017006235718e-8,0p3,0.3
0.31,5.050583259543311e-8,0p3,0.3
0.311,5.056000038125912e-8,0p3,0.3
0.312,5.061275371219178e-8,0p3,0.3
0.313,5.06640545159913e-8,0p3,0.3
0.314,5.071392858769198e-8,0p3,0.3
0.315,5.076242723220545e-8,0p3,0.3
0.316,5.080951987462171e-8,0p3,0.3
0.317,5.085525876197577e-8,0p3,0.3
0.318,5.089965704565349e-8,0p3,0.3
0.319,5.09426961377031e-8,0p3,0.3
0.32,5.098445908214168e-8,0p3,0.3
0.321,5.102491194542321e-8,0p3,0.3
0.322,5.106407116083416e-8,0p3,0.3
0.323,5.110199891624246e-8,0p3,0.3
0.324,5.113866138558199e-8,0p3,0.3
0.325,5.117410208269108e-8,0p3,0.3
0.326,5.12083472419087e-8,0p3,0.3
0.327,5.124137395640341e-8,0p3,0.3
0.328,5.12732546223582e-8,0p3,0.3
0.329,5.130397123481931e-8,0p3,0.3
0.33,5.133352744112471e-8,0p3,0.3
0.331,5.136199398585217e-8,0p3,0.3
0.332,5.138933500749698e-8,0p3,0.3
0.333,5.141558496498714e-8,0p3,0.3
0.334,5.144078153866124e-8,0p3,0.3
0.335,5.146489848238614e-8,0p3,0.3
0.336,5.148799691629326e-8,0p3,0.3
0.337,5.151007376265253e-8,0p3,0.3
0.338,5.153112115300473e-8,0p3,0.3
0.339,5.155121592632817e-8,0p3,0.3
0.34,5.157032132494449e-8,0p3,0.3
0.341,5.158846307919033e-8,0p3,0.3
0.342,5.160568823864193e-8,0p3,0.3
0.343,5.162196824789493e-8,0p3,0.3
0.344,5.163735310797379e-8,0p3,0.3
0.345,5.165185294281755e-8,0p3,0.3
0.346,5.166545117077495e-8,0p3,0.3
0.347,5.167822509653186e-8,0p3,0.3
0.348,5.169014129412112e-8,0p3,0.3
0.349,5.170121642610615e-8,0p3,0.3
0.35,5.171150465158746e-8,0p3,0.3
0.351,5.172097611153712e-8,0p3,0.3
0.352,5.172969868267778e-8,0p3,0.3
0.353,5.173770876796826e-8,0p3,0.3
0.354,5.174497282254543e-8,0p3,0.3
0.355,5.175149084558473e-8,0p3,0.3
0.356,5.175726283627044e-8,0p3,0.3
0.357,5.176231355034557e-8,0p3,0.3
0.358,5.176675337018629e-8,0p3,0.3
0.359,5.177049437584715e-8,0p3,0.3
0.36,5.177353656659565e-8,0p3,0.3
0.361,5.177587994170775e-8,0p3,0.3
0.362,5.177758818828682e-8,0p3,0.3
0.363,5.177877596639146e-8,0p3,0.3
0.364,5.177933918961856e-8,0p3,0.3
0.365,5.177927785735004e-8,0p3,0.3
0.366,5.177859196897528e-8,0p3,0.3
0.367,5.177736002187695e-8,0p3,0.3
0.368,5.177563663128887e-8,0p3,0.3
0.369,5.177335088406158e-8,0p3,0.3
0.37,5.177050277967284e-8,0p3,0.3
0.371,5.176709231760726e-8,0p3,0.3
0.372,5.176322371563934e-8,0p3,0.3
0.373,5.175890755653729e-8,0p3,0.3
0.374,5.175409082245051e-8,0p3,0.3
0.375,5.174877351294594e-8,0p3,0.3
0.376,5.174295562759649e-8,0p3,0.3
0.377,5.17367624898008e-8,0p3,0.3
0.378,5.173016022440634e-8,0p3,0.3
0.379,5.172311616328103e-8,0p3,0.3
0.38,5.171563030607198e-8,0p3,0.3
0.381,5.170770265243144e-8,0p3,0.3
0.382,5.169947789998535e-8,0p3,0.3
0.383,5.169088003136739e-8,0p3,0.3
0.384,5.168189606836929e-8,0p3,0.3
0.385,5.167252601070948e-8,0p3,0.3
0.386,5.166277564014863e-8,0p3,0.3
0.387,5.165278941790385e-8,0p3,0.3
0.388,5.164246957186944e-8,0p3,0.3
0.389,5.163181610182331e-8,0p3,0.3
0.39,5.162082900754703e-8,0p3,0.3
0.391,5.160953160382421e-8,0p3,0.3
0.392,5.159803061901045e-8,0p3,0.3
0.393,5.158624521973204e-8,0p3,0.3
0.394,5.157417540582274e-8,0p3,0.3
0.395,5.156182117711951e-8,0p3,0.3
0.396,5.154922195637531e-8,0p3,0.3
0.397,5.153644869010791e-8,0p3,0.3
0.398,5.15234369677451e-8,0p3,0.3
0.399,5.151018678916939e-8,0p3,0.3
0.4,5.149669815426585e-8,0p3,0.3
0.401,5.148302501617373e-8,0p3,0.3
0.402,5.146920489419644e-8,0p3,0.3
0.403,5.145518906126078e-8,0p3,0.3
0.404,5.144097751729138e-8,0p3,0.3
0.405,5.142657026221486e-8,0p3,0.3
0.406,5.141203408302044e-8,0p3,0.3
0.407,5.139737574776444e-8,0p3,0.3
0.408,5.138256129015249e-8,0p3,0.3
0.409,5.136759071014525e-8,0p3,0.3
0.41,5.135246400770502e-8,0p3,0.3
0.411,5.13372590178137e-8,0p3,0.3
0.412,5.13219546909859e-8,0p3,0.3
0.413,5.130653074542469e-8,0p3,0.3
0.414,5.129098718112143e-8,0p3,0.3
0.415,5.127532399806856e-8,0p3,0.3
0.416,5.125962823172976e-8,0p3,0.3
0.417,5.124385414943175e-8,0p3,0.3
0.418,5.122799395078075e-8,0p3,0.3
0.419,5.121204763579381e-8,0p3,0.3
0.42,5.119601858081957e-8,0p3,0.3
0.421,5.117999100994731e-8,0p3,0.3
0.422,5.116390791774994e-8,0p3,0.3
0.423,5.114776930426533e-8,0p3,0.3
0.424,5.113157516953186e-8,0p3,0.3
0.425,5.111533868475949e-8,0p3,0.3
0.426,5.109912011381564e-8,0p3,0.3
0.427,5.108287381172651e-8,0p3,0.3
0.428,5.10665997785478e-8,0p3,0.3
0.429,5.105029801433525e-8,0p3,0.3
0.43,5.103399004930665e-8,0p3,0.3
0.431,5.10177146142326e-8,0p3,0.3
0.432,5.100143654281142e-8,0p3,0.3
0.433,5.098515583511301e-8,0p3,0.3
0.434,5.096887249120723e-8,0p3,0.3
0.435,5.09526149327419e-8,0p3,0.3
0.436,5.093640291423847e-8,0p3,0.3
0.437,5.092021077397386e-8,0p3,0.3
0.438,5.090403851202908e-8,0p3,0.3
0.439,5.088788612848488e-8,0p3,0.3
0.44,5.087178745809519e-8,0p3,0.3
0.441,5.085574592259908e-8,0p3,0.3
0.442,5.083974431933154e-8,0p3,0.3
0.443,5.082378264838195e-8,0p3,0.3
0.444,5.080786090983948e-8,0p3,0.3
0.445,5.079201688207851e-8,0p3,0.3
0.446,5.077624034329758e-8,0p3,0.3
0.447,5.076052145305862e-8,0p3,0.3
0.448,5.074486021145716e-8,0p3,0.3
0.449,5.072925661858833e-8,0p3,0.3
0.45,5.071377493037919e-8,0p3,0.3
0.451,5.069838137742841e-8,0p3,0.3
0.452,5.068307020528243e-8,0p3,0.3
0.453,5.066784141404438e-8,0p3,0.3
0.454,5.065269500381683e-8,0p3,0.3
0.455,5.06376309747018e-8,0p3,0.3
0.456,5.062264932680059e-8,0p3,0.3
0.457,5.060775006021397e-8,0p3,0.3
0.458,5.059293317504198e-8,0p3,0.3
0.459,5.057821076354905e-8,0p3,0.3
0.46,5.056363069495797e-8,0p3,0.3
0.461,5.054914600219902e-8,0p3,0.3
0.462,5.05347566853744e-8,0p3,0.3
0.463,5.05204627445855e-8,0p3,0.3
0.464,5.050626417993311e-8,0p3,0.3
0.465,5.049216099151727e-8,0p3,0.3
0.466,5.047815317943737e-8,0p3,0.3
0.467,5.046424074379212e-8,0p3,0.3
0.468,5.045045868079877e-8,0p3,0.3
0.469,5.043682798697682e-8,0p3,0.3
0.47,5.042330978417878e-8,0p3,0.3
0.471,5.040990407250574e-8,0p3,0.3
0.472,5.039661085205802e-8,0p3,0.3
0.473,5.038343012293527e-8,0p3,0.3
0.474,5.037036188523625e-8,0p3,0.3
0.475,5.03574061390591e-8,0p3,0.3
0.476,5.034456288450114e-8,0p3,0.3
0.477,5.033186648367515e-8,0p3,0.3
0.478,5.03193059607083e-8,0p3,0.3
0.479,5.030686829047976e-8,0p3,0.3
0.48,5.029455347308614e-8,0p3,0.3
0.481,5.028236150862335e-8,0p3,0.3
0.482,5.027029239718661e-8,0p3,0.3
0.483,5.025834613887022e-8,0p3,0.3
0.484,5.024652273376772e-8,0p3,0.3
0.485,5.0234822181972e-8,0p3,0.3
0.486,5.022327536776823e-8,0p3,0.3
0.487,5.02118592138212e-8,0p3,0.3
0.488,5.020057254901322e-8,0p3,0.3
0.489,5.018941537343477e-8,0p3,0.3
0.49,5.01783876871756e-8,0p3,0.3
0.491,5.016748949032469e-8,0p3,0.3
0.492,5.015672078297021e-8,0p3,0.3
0.493,5.014608156519966e-8,0p3,0.3
0.494,5.013557468695779e-8,0p3,0.3
0.495,5.012520939284682e-8,0p3,0.3
0.496,5.011497652571953e-8,0p3,0.3
0.497,5.010487608565976e-8,0p3,0.3
0.498,5.009490807275064e-8,0p3,0.3
0.499,5.008507248707451e-8,0p3,0.3
0.5,5.007536932871296e-8,0p3,0.3
0.501,5.006579859774688e-8,0p3,0.3
0.502,5.00563602942564e-8,0p3,0.3
0.503,5.004705389820936e-8,0p3,0.3
0.504,5.003787917650361e-8,0p3,0.3
0.505,5.002883664426916e-8,0p3,0.3
0.506,5.001992630158164e-8,0p3,0.3
0.507,5.001114814851611e-8,0p3,0.3
0.508,5.000250218514688e-8,0p3,0.3
0.509,4.999398841154747e-8,0p3,0.3
0.51,4.998560682779082e-8,0p3,0.3
0.511,4.99773574339491e-8,0p3,0.3
0.512,4.996923022736945e-8,0p3,0.3
0.513,4.996122902795854e-8,0p3,0.3
0.514,4.995335712958234e-8,0p3,0.3
0.515,4.994561453230812e-8,0p3,0.3
0.516,4.993800123620255e-8,0p3,0.3
0.517,4.993051724133162e-8,0p3,0.3
0.518,4.992316254776064e-8,0p3,0.3
0.519,4.991593715555432e-8,0p3,0.3
0.52,4.990884106477676e-8,0p3,0.3
0.521,4.99018501006509e-8,0p3,0.3
0.522,4.989498314761732e-8,0p3,0.3
0.523,4.988824046754687e-8,0p3,0.3
0.524,4.988162206049863e-8,0p3,0.3
0.525,4.987512792653087e-8,0p3,0.3
0.526,4.986875806570142e-8,0p3,0.3
0.527,4.986251247806746e-8,0p3,0.3
0.528,4.985639116368564e-8,0p3,0.3
0.529,4.985038674550014e-8,0p3,0.3
0.53,4.984447972812834e-8,0p3,0.3
0.531,4.983869029040192e-8,0p3,0.3
0.532,4.983301843237231e-8,0p3,0.3
0.533,4.982746415409049e-8,0p3,0.3
0.534,4.982202745560693e-8,0p3,0.3
0.535,4.981670833697151e-8,0p3,0.3
0.536,4.981150679823359e-8,0p3,0.3
0.537,4.980642283944212e-8,0p3,0.3
0.538,4.980143804459488e-8,0p3,0.3
0.539,4.979654663230073e-8,0p3,0.3
0.54,4.979176487023364e-8,0p3,0.3
0.541,4.978709275843755e-8,0p3,0.3
0.542,4.978253029695589e-8,0p3,0.3
0.543,4.977807748583171e-8,0p3,0.3
0.544,4.977373432510754e-8,0p3,0.3
0.545,4.976950081482547e-8,0p3,0.3
0.546,4.976537695502712e-8,0p3,0.3
0.547,4.976133104133507e-8,0p3,0.3
0.548,4.975737701257751e-8,0p3,0.3
0.549,4.975352384906743e-8,0p3,0.3
0.55,4.97497715508419e-8,0p3,0.3
0.551,4.974612011793743e-8,0p3,0.3
0.552,4.974256955039028e-8,0p3,0.3
0.553,4.973911984823616e-8,0p3,0.3
0.554,4.973577101151053e-8,0p3,0.3
0.555,4.973252235886095e-8,0p3,0.3
0.556,4.972932974979759e-8,0p3,0.3
0.557,4.972622869732307e-8,0p3,0.3
0.558,4.972321920146851e-8,0p3,0.3
0.559,4.972030126226459e-8,0p3,0.3
0.56,4.971747487974171e-8,0p3,0.3
0.561,4.971474005392988e-8,0p3,0.3
0.562,4.97120967848588e-8,0p3,0.3
0.563,4.970954507255781e-8,0p3,0.3
0.564,4.970707312802754e-8,0p3,0.3
0.565,4.970465540217158e-8,0p3,0.3
0.566,4.970231968517532e-8,0p3,0.3
0.567,4.970006597706421e-8,0p3,0.3
0.568,4.969789427786339e-8,0p3,0.3
0.569,4.969580458759771e-8,0p3,0.3
0.57,4.969379690629174e-8,0p3,0.3
0.571,4.969187123396977e-8,0p3,0.3
0.572,4.969002757065578e-8,0p3,0.3
0.573,4.968824240670728e-8,0p3,0.3
0.574,4.968651118096771e-8,0p3,0.3
0.575,4.968485241668584e-8,0p3,0.3
0.576,4.968326611388213e-8,0p3,0.3
0.577,4.968175227257683e-8,0p3,0.3
0.578,4.968031089278998e-8,0p3,0.3
0.579,4.967894197454138e-8,0p3,0.3
0.58,4.967764551785053e-8,0p3,0.3
0.581,4.967642152273678e-8,0p3,0.3
0.582,4.96752348692248e-8,0p3,0.3
0.583,4.96741028798185e-8,0p3,0.3
0.584,4.967303400201356e-8,0p3,0.3
0.585,4.967202823582629e-8,0p3,0.3
0.586,4.967108558127273e-8,0p3,0.3
0.587,4.967020603836871e-8,0p3,0.3
0.588,4.96693896071299e-8,0p3,0.3
0.589,4.966863628757171e-8,0p3,0.3
0.59,4.966794428737033e-8,0p3,0.3
0.591,4.966727296908609e-8,0p3,0.3
0.592,4.966665576838025e-8,0p3,0.3
0.593,4.966609268526561e-8,0p3,0.3
0.594,4.966558371975478e-8,0p3,0.3
0.595,4.966512887186019e-8,0p3,0.3
0.596,4.966472814159416e-8,0p3,0.3
0.597,4.966438152896883e-8,0p3,0.3
0.598,4.966408903399611e-8,0p3,0.3
0.599,4.966383900635127e-8,0p3,0.3
0.6,4.966361068896888e-8,0p3,0.3
0.601,4.966342797393419e-8,0p3,0.3
0.602,4.966329086125692e-8,0p3,0.3
0.603,4.966319935094658e-8,0p3,0.3
0.604,4.966315344301262e-8,0p3,0.3
0.605,4.96631531374643e-8,0p3,0.3
0.606,4.966319843431089e-8,0p3,0.3
0.607,4.966328933356136e-8,0p3,0.3
0.608,4.966340515224904e-8,0p3,0.3
0.609,4.966354410470233e-8,0p3,0.3
0.61,4.96637207142831e-8,0p3,0.3
0.611,4.966393498099851e-8,0p3,0.3
0.612,4.966418690485555e-8,0p3,0.3
0.613,4.966447648586112e-8,0p3,0.3
0.614,4.966480372402211e-8,0p3,0.3
0.615,4.966516861934519e-8,0p3,0.3
0.616,4.966557117183699e-8,0p3,0.3
0.617,4.966596463202261e-8,0p3,0.3
0.618,4.966637438891175e-8,0p3,0.3
0.619,4.966680982918368e-8,0p3,0.3
0.62,4.966727095284275e-8,0p3,0.3
0.621,4.966775775989306e-8,0p3,0.3
0.622,4.96682702503388e-8,0p3,0.3
0.623,4.9668808424184e-8,0p3,0.3
0.624,4.966937228143268e-8,0p3,0.3
0.625,4.966996182208875e-8,0p3,0.3
0.626,4.967057704615612e-8,0p3,0.3
0.627,4.967121795363858e-8,0p3,0.3
0.628,4.967188454453992e-8,0p3,0.3
0.629,4.967257681886382e-8,0p3,0.3
0.63,4.967329477661387e-8,0p3,0.3
0.631,4.967403841779369e-8,0p3,0.3
0.632,4.967480774240678e-8,0p3,0.3
0.633,4.967560275045661e-8,0p3,0.3
0.634,4.9676403254751e-8,0p3,0.3
0.635,4.967718411423793e-8,0p3,0.3
0.636,4.967798381409877e-8,0p3,0.3
0.637,4.96788023543359e-8,0p3,0.3
0.638,4.967963973495142e-8,0p3,0.3
0.639,4.968049595594759e-8,0p3,0.3
0.64,4.968137101732653e-8,0p3,0.3
0.641,4.968226491909029e-8,0p3,0.3
0.642,4.968317766124098e-8,0p3,0.3
0.643,4.968410924378057e-8,0p3,0.3
0.644,4.968505966671106e-8,0p3,0.3
0.645,4.968602893003437e-8,0p3,0.3
0.646,4.968701703375236e-8,0p3,0.3
0.647,4.968802397786689e-8,0p3,0.3
0.648,4.968904976237976e-8,0p3,0.3
0.649,4.969009438729273e-8,0p3,0.3
0.65,4.969111158302704e-8,0p3,0.3
0.651,4.969210839612676e-8,0p3,0.3
0.652,4.969311451079838e-8,0p3,0.3
0.653,4.969412992704238e-8,0p3,0.3
0.654,4.969515464485914e-8,0p3,0.3
0.655,4.969618866424912e-8,0p3,0.3
0.656,4.969723198521264e-8,0p3,0.3
0.657,4.969828460775012e-8,0p3,0.3
0.658,4.969934653186187e-8,0p3,0.3
0.659,4.970041775754828e-8,0p3,0.3
0.66,4.970149828480961e-8,0p3,0.3
0.661,4.97025881136462e-8,0p3,0.3
0.662,4.970368724405827e-8,0p3,0.3
0.663,4.970479567604612e-8,0p3,0.3
0.664,4.970591340961001e-8,0p3,0.3
0.665,4.970704044475006e-8,0p3,0.3
0.666,4.970813066958132e-8,0p3,0.3
0.667,4.970921647539268e-8,0p3,0.3
0.668,4.971030509720879e-8,0p3,0.3
0.669,4.9711396535029e-8,0p3,0.3
0.67,4.971249078885285e-8,0p3,0.3
0.671,4.971358785867976e-8,0p3,0.3
0.672,4.971468774450925e-8,0p3,0.3
0.673,4.971579044634067e-8,0p3,0.3
0.674,4.971689596417352e-8,0p3,0.3
0.675,4.971800429800724e-8,0p3,0.3
0.676,4.971911544784127e-8,0p3,0.3
0.677,4.972022941367501e-8,0p3,0.3
0.678,4.972134619550789e-8,0p3,0.3
0.679,4.972246579333933e-8,0p3,0.3
0.68,4.972358820716871e-8,0p3,0.3
0.681,4.972470865884229e-8,0p3,0.3
0.682,4.972579400810226e-8,0p3,0.3
0.683,4.972687714334739e-8,0p3,0.3
0.684,4.972795806457661e-8,0p3,0.3
0.685,4.972903677178887e-8,0p3,0.3
0.686,4.973011326498306e-8,0p3,0.3
0.687,4.973118754415817e-8,0p3,0.3
0.688,4.973225960931314e-8,0p3,0.3
0.689,4.973332946044688e-8,0p3,0.3
0.69,4.973439709755839e-8,0p3,0.3
0.691,4.973546252064661e-8,0p3,0.3
0.692,4.973652572971048e-8,0p3,0.3
0.693,4.973758672474897e-8,0p3,0.3
0.694,4.973864550576106e-8,0p3,0.3
0.695,4.97397020727457e-8,0p3,0.3
0.696,4.974075642570188e-8,0p3,0.3
0.697,4.974179785286396e-8,0p3,0.3
0.698,4.974281738690745e-8,0p3,0.3
0.699,4.974383123417597e-8,0p3,0.3
0.7,4.974483939466827e-8,0p3,0.3
0.701,4.974584186838303e-8,0p3,0.3
0.702,4.974683865531901e-8,0p3,0.3
0.703,4.974782975547496e-8,0p3,0.3
0.704,4.97488151688496e-8,0p3,0.3
0.705,4.974979489544174e-8,0p3,0.3
0.706,4.975076893525008e-8,0p3,0.3
0.707,4.975173728827344e-8,0p3,0.3
0.708,4.975269995451056e-8,0p3,0.3
0.709,4.975365693396032e-8,0p3,0.3
0.71,4.975460822662141e-8,0p3,0.3
0.711,4.97555538324927e-8,0p3,0.3
0.712,4.975649375157298e-8,0p3,0.3
0.713,4.975741665578748e-8,0p3,0.3
0.714,4.975832589183244e-8,0p3,0.3
0.715,4.975922729895406e-8,0p3,0.3
0.716,4.976012087715104e-8,0p3,0.3
0.717,4.976100662642208e-8,0p3,0.3
0.718,4.976188454676592e-8,0p3,0.3
0.719,4.976275463818135e-8,0p3,0.3
0.72,4.976361690066705e-8,0p3,0.3
0.721,4.976447133422186e-8,0p3,0.3
0.722,4.976531793884449e-8,0p3,0.3
0.723,4.976615671453379e-8,0p3,0.3
0.724,4.976698766128848e-8,0p3,0.3
0.725,4.976781077910738e-8,0p3,0.3
0.726,4.976862606798936e-8,0p3,0.3
0.727,4.976943352793317e-8,0p3,0.3
0.728,4.977023315893769e-8,0p3,0.3
0.729,4.977101699985684e-8,0p3,0.3
0.73,4.977179120505238e-8,0p3,0.3
0.731,4.977255652838978e-8,0p3,0.3
0.732,4.977331296986784e-8,0p3,0.3
0.733,4.97740605294854e-8,0p3,0.3
0.734,4.977479920724134e-8,0p3,0.3
0.735,4.977552900313447e-8,0p3,0.3
0.736,4.977624991716373e-8,0p3,0.3
0.737,4.977696194932794e-8,0p3,0.3
0.738,4.977766509962602e-8,0p3,0.3
0.739,4.977835936805688e-8,0p3,0.3
0.74,4.977904475461942e-8,0p3,0.3
0.741,4.977972125931257e-8,0p3,0.3
0.742,4.978038888213527e-8,0p3,0.3
0.743,4.978104762308642e-8,0p3,0.3
0.744,4.978169719585944e-8,0p3,0.3
0.745,4.97823363792854e-8,0p3,0.3
0.746,4.978296647079044e-8,0p3,0.3
0.747,4.978358747037363e-8,0p3,0.3
0.748,4.978419937803387e-8,0p3,0.3
0.749,4.978480219377027e-8,0p3,0.3
0.75,4.978539591758181e-8,0p3,0.3
0.751,4.978598054946751e-8,0p3,0.3
0.752,4.978655608942645e-8,0p3,0.3
0.753,4.978712253745769e-8,0p3,0.3
0.754,4.978767989356026e-8,0p3,0.3
0.755,4.978822815773323e-8,0p3,0.3
0.756,4.978876732997571e-8,0p3,0.3
0.757,4.978929741028676e-8,0p3,0.3
0.758,4.978981839866551e-8,0p3,0.3
0.759,4.979033029511104e-8,0p3,0.3
0.76,4.979083451782224e-8,0p3,0.3
0.761,4.979133178590958e-8,0p3,0.3
0.762,4.979182036596793e-8,0p3,0.3
0.763,4.979230025799652e-8,0p3,0.3
0.764,4.979277146199448e-8,0p3,0.3
0.765,4.979323397796105e-8,0p3,0.3
0.766,4.979368780589543e-8,0p3,0.3
0.767,4.979413294579689e-8,0p3,0.3
0.768,4.979456939766461e-8,0p3,0.3
0.769,4.979499716149784e-8,0p3,0.3
0.77,4.979541623729585e-8,0p3,0.3
0.771,4.979582662505791e-8,0p3,0.3
0.772,4.979622832478323e-8,0p3,0.3
0.773,4.979662133647112e-8,0p3,0.3
0.774,4.979700566012085e-8,0p3,0.3
0.775,4.97973812957317e-8,0p3,0.3
0.776,4.979775747913686e-8,0p3,0.3
0.777,4.979813035501227e-8,0p3,0.3
0.778,4.979849615511722e-8,0p3,0.3
0.779,4.979885487945119e-8,0p3,0.3
0.78,4.979920652801369e-8,0p3,0.3
0.781,4.979955110080404e-8,0p3,0.3
0.782,4.979988859782175e-8,0p3,0.3
0.783,4.980021901906631e-8,0p3,0.3
0.784,4.980054236453713e-8,0p3,0.3
0.785,4.980085863423365e-8,0p3,0.3
0.786,4.980116782815538e-8,0p3,0.3
0.787,4.980146994630184e-8,0p3,0.3
0.788,4.980176498867242e-8,0p3,0.3
0.789,4.980205295526667e-8,0p3,0.3
0.79,4.980233384608405e-8,0p3,0.3
0.791,4.980260766112407e-8,0p3,0.3
0.792,4.980287440038623e-8,0p3,0.3
0.793,4.980313406387003e-8,0p3,0.3
0.794,4.980338665157502e-8,0p3,0.3
0.795,4.980363216350065e-8,0p3,0.3
0.796,4.980387059964651e-8,0p3,0.3
0.797,4.980410196001212e-8,0p3,0.3
0.798,4.980432624459698e-8,0p3,0.3
0.799,4.980454345340067e-8,0p3,0.3
0.8,4.980475358642271e-8,0p3,0.3
0.801,4.980495664366266e-8,0p3,0.3
0.802,4.98051526251201e-8,0p3,0.3
0.803,4.980534153079453e-8,0p3,0.3
0.804,4.98055233606856e-8,0p3,0.3
0.805,4.980569811479283e-8,0p3,0.3
0.806,4.980586579311583e-8,0p3,0.3
0.807,4.980603180202738e-8,0p3,0.3
0.808,4.980621051783109e-8,0p3,0.3
0.809,4.980638368816694e-8,0p3,0.3
0.81,4.980655131303455e-8,0p3,0.3
0.811,4.980671339243362e-8,0p3,0.3
0.812,4.980686992636383e-8,0p3,0.3
0.813,4.980702091482484e-8,0p3,0.3
0.814,4.980716635781635e-8,0p3,0.3
0.815,4.980730625533805e-8,0p3,0.3
0.816,4.980744060738962e-8,0p3,0.3
0.817,4.980756941397075e-8,0p3,0.3
0.818,4.980769267508116e-8,0p3,0.3
0.819,4.980781039072055e-8,0p3,0.3
0.82,4.980792256088862e-8,0p3,0.3
0.821,4.980802918558506e-8,0p3,0.3
0.822,4.980813026480962e-8,0p3,0.3
0.823,4.980822579856202e-8,0p3,0.3
0.824,4.980831578684195e-8,0p3,0.3
0.825,4.980840022964915e-8,0p3,0.3
0.826,4.980847912698336e-8,0p3,0.3
0.827,4.98085524788443e-8,0p3,0.3
0.828,4.980862028523173e-8,0p3,0.3
0.829,4.980868254614535e-8,0p3,0.3
0.83,4.980873926158492e-8,0p3,0.3
0.831,4.980879043155019e-8,0p3,0.3
0.832,4.980883605604094e-8,0p3,0.3
0.833,4.980887613505691e-8,0p3,0.3
0.834,4.980891066859782e-8,0p3,0.3
0.835,4.980893965666348e-8,0p3,0.3
0.836,4.980896309925362e-8,0p3,0.3
0.837,4.980898099636806e-8,0p3,0.3
0.838,4.980899334800653e-8,0p3,0.3
0.839,4.980902448115069e-8,0p3,0.3
0.84,4.98090599980052e-8,0p3,0.3
0.841,4.98090919861373e-8,0p3,0.3
0.842,4.980912044554691e-8,0p3,0.3
0.843,4.980914537623381e-8,0p3,0.3
0.844,4.980916677819789e-8,0p3,0.3
0.845,4.980918465143903e-8,0p3,0.3
0.846,4.980919899595709e-8,0p3,0.3
0.847,4.980920981175188e-8,0p3,0.3
0.848,4.980921709882329e-8,0p3,0.3
0.849,4.980922085717126e-8,0p3,0.3
0.85,4.980922108679555e-8,0p3,0.3
0.851,4.980921778769607e-8,0p3,0.3
0.852,4.980921095987272e-8,0p3,0.3
0.853,4.980920060332537e-8,0p3,0.3
0.854,4.980918671805386e-8,0p3,0.3
0.855,4.980916930405811e-8,0p3,0.3
0.856,4.980914836133796e-8,0p3,0.3
0.857,4.980912388989335e-8,0p3,0.3
0.858,4.980909588972414e-8,0p3,0.3
0.859,4.980906436083017e-8,0p3,0.3
0.86,4.980902930321136e-8,0p3,0.3
0.861,4.980899071686761e-8,0p3,0.3
0.862,4.980894860179882e-8,0p3,0.3
0.863,4.980890295800487e-8,0p3,0.3
0.864,4.980885378548565e-8,0p3,0.3
0.865,4.980880108424109e-8,0p3,0.3
0.866,4.980874485427105e-8,0p3,0.3
0.867,4.980868509557544e-8,0p3,0.3
0.868,4.980862180815418e-8,0p3,0.3
0.869,4.980855499200718e-8,0p3,0.3
0.87,4.980849218735995e-8,0p3,0.3
0.871,4.980844688925915e-8,0p3,0.3
0.872,4.980839979306718e-8,0p3,0.3
0.873,4.980835089878405e-8,0p3,0.3
0.874,4.980830020640965e-8,0p3,0.3
0.875,4.980824771594395e-8,0p3,0.3
0.876,4.980819342738695e-8,0p3,0.3
0.877,4.980813734073855e-8,0p3,0.3
0.878,4.980807945599876e-8,0p3,0.3
0.879,4.980801977316753e-8,0p3,0.3
0.88,4.98079582922448e-8,0p3,0.3
0.881,4.980789501323058e-8,0p3,0.3
0.882,4.980782993612475e-8,0p3,0.3
0.883,4.980776306092735e-8,0p3,0.3
0.884,4.98076943876383e-8,0p3,0.3
0.885,4.980762391625758e-8,0p3,0.3
0.886,4.980755164678518e-8,0p3,0.3
0.887,4.980747757922103e-8,0p3,0.3
0.888,4.980740171356513e-8,0p3,0.3
0.889,4.980732404981742e-8,0p3,0.3
0.89,4.980724458797786e-8,0p3,0.3
0.891,4.980716332804644e-8,0p3,0.3
0.892,4.980708027002313e-8,0p3,0.3
0.893,4.980699541390795e-8,0p3,0.3
0.894,4.980690875970077e-8,0p3,0.3
0.895,4.980682030740165e-8,0p3,0.3
0.896,4.98067300570105e-8,0p3,0.3
0.897,4.980663800852737e-8,0p3,0.3
0.898,4.980654416195214e-8,0p3,0.3
0.899,4.980644851728485e-8,0p3,0.3
0.9,4.980635107452548e-8,0p3,0.3
0.901,4.980625183367399e-8,0p3,0.3
0.902,4.980616719206711e-8,0p3,0.3
0.903,4.980608598855961e-8,0p3,0.3
0.904,4.980600425673096e-8,0p3,0.3
0.905,4.980592199658119e-8,0p3,0.3
0.906,4.980583920811028e-8,0p3,0.3
0.907,4.980575589131824e-8,0p3,0.3
0.908,4.980567204620507e-8,0p3,0.3
0.909,4.980558767277082e-8,0p3,0.3
0.91,4.980550277101539e-8,0p3,0.3
0.911,4.980541734093893e-8,0p3,0.3
0.912,4.980533138254133e-8,0p3,0.3
0.913,4.980524489582262e-8,0p3,0.3
0.914,4.980515788078284e-8,0p3,0.3
0.915,4.980507033742197e-8,0p3,0.3
0.916,4.980498226574001e-8,0p3,0.3
0.917,4.980489366573699e-8,0p3,0.3
0.918,4.980480453741289e-8,0p3,0.3
0.919,4.980471488076774e-8,0p3,0.3
0.92,4.980462469580152e-8,0p3,0.3
0.921,4.980453398251427e-8,0p3,0.3
0.922,4.980444274090598e-8,0p3,0.3
0.923,4.980435097097664e-8,0p3,0.3
0.924,4.980425867272628e-8,0p3,0.3
0.925,4.980416584615493e-8,0p3,0.3
0.926,4.980407249126252e-8,0p3,0.3
0.927,4.980397860804912e-8,0p3,0.3
0.928,4.980388419651474e-8,0p3,0.3
0.929,4.980378925665939e-8,0p3,0.3
0.93,4.980369378848302e-8,0p3,0.3
0.931,4.980359779198569e-8,0p3,0.3
0.932,4.980350126716742e-8,0p3,0.3
0.933,4.980340829214914e-8,0p3,0.3
0.934,4.98033237413824e-8,0p3,0.3
0.935,4.980323944902403e-8,0p3,0.3
0.936,4.980315541507407e-8,0p3,0.3
0.937,4.980307163953249e-8,0p3,0.3
0.938,4.980298812239931e-8,0p3,0.3
0.939,4.980290486367462e-8,0p3,0.3
0.94,4.980282186335837e-8,0p3,0.3
0.941,4.980273912145062e-8,0p3,0.3
0.942,4.980265663795136e-8,0p3,0.3
0.943,4.980257441286064e-8,0p3,0.3
0.944,4.980249244617844e-8,0p3,0.3
0.945,4.980241073790483e-8,0p3,0.3
0.946,4.980232928803979e-8,0p3,0.3
0.947,4.980224809658334e-8,0p3,0.3
0.948,4.980216716353553e-8,0p3,0.3
0.949,4.980208648889635e-8,0p3,0.3
0.95,4.980200607266582e-8,0p3,0.3
0.951,4.980192591484397e-8,0p3,0.3
0.952,4.980184601543082e-8,0p3,0.3
0.953,4.980176637442636e-8,0p3,0.3
0.954,4.980168699183068e-8,0p3,0.3
0.955,4.980160786764372e-8,0p3,0.3
0.956,4.980152900186553e-8,0p3,0.3
0.957,4.980145039449613e-8,0p3,0.3
0.958,4.980137204553555e-8,0p3,0.3
0.959,4.980129395498378e-8,0p3,0.3
0.96,4.980121612284083e-8,0p3,0.3
0.961,4.980113854910677e-8,0p3,0.3
0.962,4.980106123378158e-8,0p3,0.3
0.963,4.980098417686527e-8,0p3,0.3
0.964,4.980090737835788e-8,0p3,0.3
0.965,4.980083602994918e-8,0p3,0.3
0.966,4.98007661924646e-8,0p3,0.3
0.967,4.980069699048793e-8,0p3,0.3
0.968,4.980062842401912e-8,0p3,0.3
0.969,4.980056049305824e-8,0p3,0.3
0.97,4.980049319760532e-8,0p3,0.3
0.971,4.980042653766034e-8,0p3,0.3
0.972,4.980036051322334e-8,0p3,0.3
0.973,4.980029512429436e-8,0p3,0.3
0.974,4.980023037087341e-8,0p3,0.3
0.975,4.980016625296048e-8,0p3,0.3
0.976,4.980010277055559e-8,0p3,0.3
0.977,4.980003992365882e-8,0p3,0.3
0.978,4.979997771227011e-8,0p3,0.3
0.979,4.979991613638954e-8,0p3,0.3
0.98,4.979985519601709e-8,0p3,0.3
0.981,4.979979489115281e-8,0p3,0.3
0.982,4.979973522179671e-8,0p3,0.3
0.983,4.979967618794877e-8,0p3,0.3
0.984,4.979961778960906e-8,0p3,0.3
0.985,4.979956002677756e-8,0p3,0.3
0.986,4.97995028994543e-8,0p3,0.3
0.987,4.979944640763934e-8,0p3,0.3
0.988,4.979939055133262e-8,0p3,0.3
0.989,4.979933533053423e-8,0p3,0.3
0.99,4.979928074524411e-8,0p3,0.3
0.991,4.979922679546235e-8,0p3,0.3
0.992,4.979917348118894e-8,0p3,0.3
0.993,4.979912080242388e-8,0p3,0.3
0.994,4.979906875916719e-8,0p3,0.3
0.995,4.979901735141891e-8,0p3,0.3
0.996,4.97989665792068e-8,0p3,0.3
0.997,4.979891644255201e-8,0p3,0.3
0.998,4.979886694141027e-8,0p3,0.3
0.999,4.979881807578156e-8,0p3,0.3
1.0,4.979876984566593e-8,0p3,0.3
1.000000002000481,4.979876984557078e-8,0p3,0.3
1.000000002000481,4.979876984557073e-8,0p3,0.3
1.001,4.168295852945661e-8,0p3,0.3
1.002,3.73046613239259e-8,0p3,0.3
1.003,3.688795349986552e-8,0p3,0.3
1.004,3.866429235312202e-8,0p3,0.3
1.005,4.151172017341929e-8,0p3,0.3
1.006,4.488855806827456e-8,0p3,0.3
1.007,4.916224770372339e-8,0p3,0.3
1.008,5.444734729154777e-8,0p3,0.3
1.009,6.007431358961561e-8,0p3,0.3
1.01,6.531167866972156e-8,0p3,0.3
1.011,6.99581915013995e-8,0p3,0.3
1.012,7.394827643514306e-8,0p3,0.3
1.013,7.72892816484614e-8,0p3,0.3
1.014,8.002696552146059e-8,0p3,0.3
1.015,8.222086891843658e-8,0p3,0.3
1.016,8.393464993873086e-8,0p3,0.3
1.017,8.522985373301936e-8,0p3,0.3
1.018,8.614734275567696e-8,0p3,0.3
1.019,8.67224601933064e-8,0p3,0.3
1.02,8.700361647458966e-8,0p3,0.3
1.021,8.703549379961799e-8,0p3,0.3
1.022,8.6857410482204e-8,0p3,0.3
1.023,8.650374362157938e-8,0p3,0.3
1.024,8.60044713967469e-8,0p3,0.3
1.025,8.538568687118458e-8,0p3,0.3
1.026,8.467003642999867e-8,0p3,0.3
1.027,8.387717831437261e-8,0p3,0.3
1.028,8.302410680811703e-8,0p3,0.3
1.029,8.212543652075205e-8,0p3,0.3
1.03,8.119346302416131e-8,0p3,0.3
1.031,8.023949209898056e-8,0p3,0.3
1.032,7.927271184709382e-8,0p3,0.3
1.033,7.830116637032091e-8,0p3,0.3
1.034,7.733157640220917e-8,0p3,0.3
1.035,7.63694330317141e-8,0p3,0.3
1.036,7.541954395603075e-8,0p3,0.3
1.037,7.448583608353034e-8,0p3,0.3
1.038,7.357150430680605e-8,0p3,0.3
1.039,7.26791250223406e-8,0p3,0.3
1.04,7.181073732052544e-8,0p3,0.3
1.041,7.096777693771722e-8,0p3,0.3
1.042,7.015149155576396e-8,0p3,0.3
1.043,6.936273156517294e-8,0p3,0.3
1.044,6.860202790160593e-8,0p3,0.3
1.045,6.786965726540153e-8,0p3,0.3
1.046,6.716568011815268e-8,0p3,0.3
1.047,6.648986588001679e-8,0p3,0.3
1.048,6.584199718350502e-8,0p3,0.3
1.049,6.522169428453162e-8,0p3,0.3
1.05,6.46284513997162e-8,0p3,0.3
1.051,6.406167672887153e-8,0p3,0.3
1.052,6.352070948342842e-8,0p3,0.3
1.053,6.300475328910921e-8,0p3,0.3
1.054,6.251309389826172e-8,0p3,0.3
1.055,6.204496558849662e-8,0p3,0.3
1.056,6.159956382694682e-8,0p3,0.3
1.057,6.117607132736085e-8,0p3,0.3
1.058,6.077366502153941e-8,0p3,0.3
1.059,6.039146253017054e-8,0p3,0.3
1.06,6.0028570178233e-8,0p3,0.3
1.061,5.968377257441198e-8,0p3,0.3
1.062,5.935681820877604e-8,0p3,0.3
1.063,5.904725558773561e-8,0p3,0.3
1.064,5.875346583962985e-8,0p3,0.3
1.065,5.847551770357584e-8,0p3,0.3
1.066,5.821245862610284e-8,0p3,0.3
1.067,5.796333573370783e-8,0p3,0.3
1.068,5.772794452031949e-8,0p3,0.3
1.069,5.750531961907443e-8,0p3,0.3
1.07,5.729481828685544e-8,0p3,0.3
1.071,5.709610569901459e-8,0p3,0.3
1.072,5.690828639989924e-8,0p3,0.3
1.073,5.673094140873559e-8,0p3,0.3
1.074,5.656366371638437e-8,0p3,0.3
1.075,5.640564537547841e-8,0p3,0.3
1.076,5.625662815371019e-8,0p3,0.3
1.077,5.611618626423901e-8,0p3,0.3
1.078,5.598377857868848e-8,0p3,0.3
1.079,5.585893182789647e-8,0p3,0.3
1.08,5.574124370400212e-8,0p3,0.3
1.081,5.563040116172025e-8,0p3,0.3
1.082,5.552595691004996e-8,0p3,0.3
1.083,5.542757639135422e-8,0p3,0.3
1.084,5.533498860846286e-8,0p3,0.3
1.085,5.524786420494933e-8,0p3,0.3
1.086,5.516589136527745e-8,0p3,0.3
1.087,5.508873229172162e-8,0p3,0.3
1.088,5.501620130995692e-8,0p3,0.3
1.089,5.49480321510125e-8,0p3,0.3
1.09,5.488397434537823e-8,0p3,0.3
1.091,5.482375688979519e-8,0p3,0.3
1.092,5.476720877130365e-8,0p3,0.3
1.093,5.471413229358033e-8,0p3,0.3
1.094,5.466432567112695e-8,0p3,0.3
1.095,5.461758139809976e-8,0p3,0.3
1.096,5.457373423058576e-8,0p3,0.3
1.097,5.453264353594812e-8,0p3,0.3
1.098,5.449414739736783e-8,0p3,0.3
1.099,5.445808941712174e-8,0p3,0.3
1.1,5.442431191727102e-8,0p3,0.3
1.101,5.439271850662746e-8,0p3,0.3
1.102,5.436315226262557e-8,0p3,0.3
1.103,5.433541286476646e-8,0p3,0.3
1.104,5.430955618403432e-8,0p3,0.3
1.105,5.428537826609029e-8,0p3,0.3
1.106,5.426287663933533e-8,0p3,0.3
1.107,5.424205054593538e-8,0p3,0.3
1.108,5.422252553829054e-8,0p3,0.3
1.109,5.420448483189574e-8,0p3,0.3
1.11,5.418772870782194e-8,0p3,0.3
1.111,5.41721095248611e-8,0p3,0.3
1.112,5.415774305535169e-8,0p3,0.3
1.113,5.414430354876772e-8,0p3,0.3
1.114,5.413190688242286e-8,0p3,0.3
1.115,5.412049025184593e-8,0p3,0.3
1.116,5.410987020024351e-8,0p3,0.3
1.117,5.410015006561382e-8,0p3,0.3
1.118,5.409116931027704e-8,0p3,0.3
1.119,5.408291538201978e-8,0p3,0.3
1.12,5.407541097476733e-8,0p3,0.3
1.121,5.406847864009965e-8,0p3,0.3
1.122,5.406220339732569e-8,0p3,0.3
1.123,5.405650700355713e-8,0p3,0.3
1.124,5.405132268520876e-8,0p3,0.3
1.125,5.404669962335815e-8,0p3,0.3
1.126,5.40425040255028e-8,0p3,0.3
1.127,5.403877816054061e-8,0p3,0.3
1.128,5.403549839478979e-8,0p3,0.3
1.129,5.403257877764954e-8,0p3,0.3
1.13,5.403006645990656e-8,0p3,0.3
1.131,5.402788970427675e-8,0p3,0.3
1.132,5.40260382976507e-8,0p3,0.3
1.133,5.402452572353298e-8,0p3,0.3
1.134,5.402326649057876e-8,0p3,0.3
1.135,5.402230088651369e-8,0p3,0.3
1.136,5.402159413316302e-8,0p3,0.3
1.137,5.402111223338421e-8,0p3,0.3
1.138,5.402087897075364e-8,0p3,0.3
1.139,5.402083405007755e-8,0p3,0.3
1.14,5.402099405421646e-8,0p3,0.3
1.141,5.402135031052211e-8,0p3,0.3
1.142,5.402186131591132e-8,0p3,0.3
1.143,5.40225493313025e-8,0p3,0.3
1.144,5.402338249541219e-8,0p3,0.3
1.145,5.402435411822067e-8,0p3,0.3
1.146,5.402546995118253e-8,0p3,0.3
1.147,5.402666006548956e-8,0p3,0.3
1.148,5.402795694700291e-8,0p3,0.3
1.149,5.402936059240915e-8,0p3,0.3
1.15,5.403087099787396e-8,0p3,0.3
1.151,5.403248815904199e-8,0p3,0.3
1.152,5.403416767253741e-8,0p3,0.3
1.153,5.403593163100778e-8,0p3,0.3
1.154,5.403778555172125e-8,0p3,0.3
1.155,5.403972942938058e-8,0p3,0.3
1.156,5.404175119058772e-8,0p3,0.3
1.157,5.404379263230401e-8,0p3,0.3
1.158,5.404589681072254e-8,0p3,0.3
1.159,5.404806372100948e-8,0p3,0.3
1.16,5.405029335814413e-8,0p3,0.3
1.161,5.405256132437431e-8,0p3,0.3
1.162,5.405485277205943e-8,0p3,0.3
1.163,5.405718787213839e-8,0p3,0.3
1.164,5.405956662035884e-8,0p3,0.3
1.165,5.406198901237524e-8,0p3,0.3
1.166,5.406442114826925e-8,0p3,0.3
1.167,5.406687491260106e-8,0p3,0.3
1.168,5.406935699342241e-8,0p3,0.3
1.169,5.407186738731016e-8,0p3,0.3
1.17,5.407440281032407e-8,0p3,0.3
1.171,5.407693535249085e-8,0p3,0.3
1.172,5.407948456061703e-8,0p3,0.3
1.173,5.408205043210883e-8,0p3,0.3
1.174,5.408463296435902e-8,0p3,0.3
1.175,5.408722257285431e-8,0p3,0.3
1.176,5.408980984849666e-8,0p3,0.3
1.177,5.409240505012491e-8,0p3,0.3
1.178,5.40950081758412e-8,0p3,0.3
1.179,5.409761922374688e-8,0p3,0.3
1.18,5.410022519902962e-8,0p3,0.3
1.181,5.410282892206377e-8,0p3,0.3
1.182,5.410543410155357e-8,0p3,0.3
1.183,5.41080407361699e-8,0p3,0.3
1.184,5.411064823642879e-8,0p3,0.3
1.185,5.411324407642666e-8,0p3,0.3
1.186,5.411583663853533e-8,0p3,0.3
1.187,5.411842592186421e-8,0p3,0.3
1.188,5.412101192552803e-8,0p3,0.3
1.189,5.412359150187472e-8,0p3,0.3
1.19,5.412615997015581e-8,0p3,0.3
1.191,5.412872173658118e-8,0p3,0.3
1.192,5.413127680059607e-8,0p3,0.3
1.193,5.413382516165071e-8,0p3,0.3
1.194,5.413636240295876e-8,0p3,0.3
1.195,5.413888878159343e-8,0p3,0.3
1.196,5.414140602019749e-8,0p3,0.3
1.197,5.414391411846475e-8,0p3,0.3
1.198,5.41464130760928e-8,0p3,0.3
1.199,5.414889608311011e-8,0p3,0.3
1.2,5.415136744946966e-8,0p3,0.3
1.201,5.415382724548481e-8,0p3,0.3
1.202,5.415627547110653e-8,0p3,0.3
1.203,5.415871212628774e-8,0p3,0.3
1.204,5.416113721098328e-8,0p3,0.3
1.205,5.416355072514988e-8,0p3,0.3
1.206,5.416595266874618e-8,0p3,0.3
1.207,5.416834304173278e-8,0p3,0.3
1.208,5.417071942341719e-8,0p3,0.3
1.209,5.417308205487727e-8,0p3,0.3
1.21,5.417543232276343e-8,0p3,0.3
1.211,5.417777022713303e-8,0p3,0.3
1.212,5.418009576804453e-8,0p3,0.3
1.213,5.418240894555732e-8,0p3,0.3
1.214,5.41847097597318e-8,0p3,0.3
1.215,5.418699821062929e-8,0p3,0.3
1.216,5.41892737220919e-8,0p3,0.3
1.217,5.419153364385989e-8,0p3,0.3
1.218,5.419378042550526e-8,0p3,0.3
1.219,5.419601406719472e-8,0p3,0.3
1.22,5.419823456909469e-8,0p3,0.3
1.221,5.420044193137134e-8,0p3,0.3
1.222,5.420263615419062e-8,0p3,0.3
1.223,5.420481723771821e-8,0p3,0.3
1.224,5.420698518211963e-8,0p3,0.3
1.225,5.420913948531551e-8,0p3,0.3
1.226,5.421128033769844e-8,0p3,0.3
1.227,5.421340790230106e-8,0p3,0.3
1.228,5.421552217933456e-8,0p3,0.3
1.229,5.421762316900919e-8,0p3,0.3
1.23,5.421971087153445e-8,0p3,0.3
1.231,5.422178528711887e-8,0p3,0.3
1.232,5.422384641597011e-8,0p3,0.3
1.233,5.422589450133952e-8,0p3,0.3
1.234,5.422793000553046e-8,0p3,0.3
1.235,5.422995241280764e-8,0p3,0.3
1.236,5.423196172339799e-8,0p3,0.3
1.237,5.423395793752744e-8,0p3,0.3
1.238,5.423594105542049e-8,0p3,0.3
1.239,5.423791107730054e-8,0p3,0.3
1.24,5.423986800338976e-8,0p3,0.3
1.241,5.424181183390908e-8,0p3,0.3
1.242,5.424374415241144e-8,0p3,0.3
1.243,5.424566401290899e-8,0p3,0.3
1.244,5.424757117681987e-8,0p3,0.3
1.245,5.424946564436765e-8,0p3,0.3
1.246,5.425134741577457e-8,0p3,0.3
1.247,5.425321649126154e-8,0p3,0.3
1.248,5.425507287104811e-8,0p3,0.3
1.249,5.425691655535247e-8,0p3,0.3
1.25,5.425874849221989e-8,0p3,0.3
1.251,5.426056942581527e-8,0p3,0.3
1.252,5.426237817851708e-8,0p3,0.3
1.253,5.426417475053725e-8,0p3,0.3
1.254,5.426595914208652e-8,0p3,0.3
1.255,5.42677313533742e-8,0p3,0.3
1.256,5.426949138460828e-8,0p3,0.3
1.257,5.427123923599537e-8,0p3,0.3
1.258,5.427297490774083e-8,0p3,0.3
1.259,5.42747010147596e-8,0p3,0.3
1.26,5.427641556411095e-8,0p3,0.3
1.261,5.427811850246912e-8,0p3,0.3
1.262,5.427980983002906e-8,0p3,0.3
1.263,5.428148954698434e-8,0p3,0.3
1.264,5.428315765352731e-8,0p3,0.3
1.265,5.428481414984909e-8,0p3,0.3
1.266,5.428645903613941e-8,0p3,0.3
1.267,5.42880937265565e-8,0p3,0.3
1.268,5.428971846795486e-8,0p3,0.3
1.269,5.429133218458787e-8,0p3,0.3
1.27,5.429293487663331e-8,0p3,0.3
1.271,5.429452654426776e-8,0p3,0.3
1.272,5.429610718766672e-8,0p3,0.3
1.273,5.429767680700435e-8,0p3,0.3
1.274,5.429923540245371e-8,0p3,0.3
1.275,5.430078322117293e-8,0p3,0.3
1.276,5.430232256296851e-8,0p3,0.3
1.277,5.430385146103738e-8,0p3,0.3
1.278,5.430536991554039e-8,0p3,0.3
1.279,5.430687792663734e-8,0p3,0.3
1.28,5.430837549448691e-8,0p3,0.3
1.281,5.430986261924669e-8,0p3,0.3
1.282,5.43113393010732e-8,0p3,0.3
1.283,5.431280554012187e-8,0p3,0.3
1.284,5.431426420277674e-8,0p3,0.3
1.285,5.431571468517927e-8,0p3,0.3
1.286,5.431715567839688e-8,0p3,0.3
1.287,5.431858718256809e-8,0p3,0.3
1.288,5.432000919783064e-8,0p3,0.3
1.289,5.432142172432126e-8,0p3,0.3
1.29,5.432282476217584e-8,0p3,0.3
1.291,5.432421831152933e-8,0p3,0.3
1.292,5.43256023725158e-8,0p3,0.3
1.293,5.432697694526837e-8,0p3,0.3
1.294,5.432834202991931e-8,0p3,0.3
1.295,5.432969762659997e-8,0p3,0.3
1.296,5.433104373544083e-8,0p3,0.3
1.297,5.433238035657135e-8,0p3,0.3
1.298,5.433370749012024e-8,0p3,0.3
1.299,5.433502513621517e-8,0p3,0.3
1.3,5.433633329498301e-8,0p3,0.3
1.301,5.433763667137162e-8,0p3,0.3
1.302,5.433893247051259e-8,0p3,0.3
1.303,5.434021946302488e-8,0p3,0.3
1.304,5.434149764902368e-8,0p3,0.3
1.305,5.43427670286233e-8,0p3,0.3
1.306,5.434402760193731e-8,0p3,0.3
1.307,5.434527936907855e-8,0p3,0.3
1.308,5.434652233015901e-8,0p3,0.3
1.309,5.434775648528994e-8,0p3,0.3
1.31,5.434898183458178e-8,0p3,0.3
1.311,5.435019837814423e-8,0p3,0.3
1.312,5.435140611608614e-8,0p3,0.3
1.313,5.435260504851563e-8,0p3,0.3
1.314,5.435379517554003e-8,0p3,0.3
1.315,5.435497649726588e-8,0p3,0.3
1.316,5.435614901379895e-8,0p3,0.3
1.317,5.43573127252442e-8,0p3,0.3
1.318,5.435847492624048e-8,0p3,0.3
1.319,5.435962994896943e-8,0p3,0.3
1.32,5.436077707308854e-8,0p3,0.3
1.321,5.436191629869e-8,0p3,0.3
1.322,5.436304762586548e-8,0p3,0.3
1.323,5.436417105470595e-8,0p3,0.3
1.324,5.436528658530181e-8,0p3,0.3
1.325,5.436639421774274e-8,0p3,0.3
1.326,5.436749395211787e-8,0p3,0.3
1.327,5.436858578851567e-8,0p3,0.3
1.328,5.436966972702396e-8,0p3,0.3
1.329,5.437074576772998e-8,0p3,0.3
1.33,5.437181391072025e-8,0p3,0.3
1.331,5.437287415608076e-8,0p3,0.3
1.332,5.437392650389679e-8,0p3,0.3
1.333,5.437497095425304e-8,0p3,0.3
1.334,5.437600770198682e-8,0p3,0.3
1.335,5.437704388294356e-8,0p3,0.3
1.336,5.437807300591378e-8,0p3,0.3
1.337,5.437909507097155e-8,0p3,0.3
1.338,5.438011007819039e-8,0p3,0.3
1.339,5.438111802764335e-8,0p3,0.3
1.34,5.438211891940295e-8,0p3,0.3
1.341,5.438311275354124e-8,0p3,0.3
1.342,5.438409953012973e-8,0p3,0.3
1.343,5.438507924923944e-8,0p3,0.3
1.344,5.438605191094088e-8,0p3,0.3
1.345,5.438701751530405e-8,0p3,0.3
1.346,5.438797606239846e-8,0p3,0.3
1.347,5.43889275522931e-8,0p3,0.3
1.348,5.438987198505648e-8,0p3,0.3
1.349,5.439080936075656e-8,0p3,0.3
1.35,5.439173967946082e-8,0p3,0.3
1.351,5.439266390874098e-8,0p3,0.3
1.352,5.439358701572437e-8,0p3,0.3
1.353,5.439450382529168e-8,0p3,0.3
1.354,5.439541433750175e-8,0p3,0.3
1.355,5.439631855241309e-8,0p3,0.3
1.356,5.43972164700838e-8,0p3,0.3
1.357,5.439810809057158e-8,0p3,0.3
1.358,5.439899341393376e-8,0p3,0.3
1.359,5.439987244022716e-8,0p3,0.3
1.36,5.440074516950833e-8,0p3,0.3
1.361,5.440161160183331e-8,0p3,0.3
1.362,5.440247173725778e-8,0p3,0.3
1.363,5.440332557583707e-8,0p3,0.3
1.364,5.4404173117626e-8,0p3,0.3
1.365,5.440501436267907e-8,0p3,0.3
1.366,5.440584931105034e-8,0p3,0.3
1.367,5.440667796279346e-8,0p3,0.3
1.368,5.440750190496429e-8,0p3,0.3
1.369,5.440832423484668e-8,0p3,0.3
1.37,5.440914094908514e-8,0p3,0.3
1.371,5.440995204772652e-8,0p3,0.3
1.372,5.441075753081733e-8,0p3,0.3
1.373,5.441155739840372e-8,0p3,0.3
1.374,5.441235165053154e-8,0p3,0.3
1.375,5.441314028724637e-8,0p3,0.3
1.376,5.441392330859337e-8,0p3,0.3
1.377,5.441470071461745e-8,0p3,0.3
1.378,5.441547250536321e-8,0p3,0.3
1.379,5.441623868087484e-8,0p3,0.3
1.38,5.441699924119632e-8,0p3,0.3
1.381,5.441775418637125e-8,0p3,0.3
1.382,5.441850351644291e-8,0p3,0.3
1.383,5.441924723145426e-8,0p3,0.3
1.384,5.441998533144799e-8,0p3,0.3
1.385,5.442071847469616e-8,0p3,0.3
1.386,5.442144715018353e-8,0p3,0.3
1.387,5.442217040421462e-8,0p3,0.3
1.388,5.442288823682945e-8,0p3,0.3
1.389,5.442360080740963e-8,0p3,0.3
1.39,5.442430895412973e-8,0p3,0.3
1.391,5.442501211028246e-8,0p3,0.3
1.392,5.442571059632853e-8,0p3,0.3
1.393,5.442640353532463e-8,0p3,0.3
1.394,5.442708970056095e-8,0p3,0.3
1.395,5.442776914496384e-8,0p3,0.3
1.396,5.442844218988671e-8,0p3,0.3
1.397,5.442911523326589e-8,0p3,0.3
1.398,5.442976709640991e-8,0p3,0.3
1.399,5.443041863995311e-8,0p3,0.3
1.4,5.443107018204962e-8,0p3,0.3
1.401,5.44317217226994e-8,0p3,0.3
1.402,5.443236890297357e-8,0p3,0.3
1.403,5.443298010902887e-8,0p3,0.3
1.404,5.443359131381095e-8,0p3,0.3
1.405,5.443420251731984e-8,0p3,0.3
1.406,5.443481371955553e-8,0p3,0.3
1.407,5.443542492051795e-8,0p3,0.3
1.408,5.443603612020713e-8,0p3,0.3
1.409,5.443664731862306e-8,0p3,0.3
1.41,5.44372585157657e-8,0p3,0.3
1.411,5.443786971163502e-8,0p3,0.3
1.412,5.443846751842033e-8,0p3,0.3
1.413,5.443904087502415e-8,0p3,0.3
1.414,5.443961423050737e-8,0p3,0.3
1.415,5.444018758487006e-8,0p3,0.3
1.416,5.444076093811216e-8,0p3,0.3
1.417,5.444133429023367e-8,0p3,0.3
1.418,5.444190764123457e-8,0p3,0.3
1.419,5.444248099111487e-8,0p3,0.3
1.42,5.44430543398745e-8,0p3,0.3
1.421,5.444362768751351e-8,0p3,0.3
1.422,5.444417975307456e-8,0p3,0.3
1.423,5.444471760569048e-8,0p3,0.3
1.424,5.44452554573202e-8,0p3,0.3
1.425,5.44457933079637e-8,0p3,0.3
1.426,5.444633115762095e-8,0p3,0.3
1.427,5.444686900629192e-8,0p3,0.3
1.428,5.444740685397666e-8,0p3,0.3
1.429,5.444794470067513e-8,0p3,0.3
1.43,5.444848254638734e-8,0p3,0.3
1.431,5.444902039111324e-8,0p3,0.3
1.432,5.444954650822924e-8,0p3,0.3
1.433,5.445006806383593e-8,0p3,0.3
1.434,5.445058700103926e-8,0p3,0.3
1.435,5.445110331985318e-8,0p3,0.3
1.436,5.445161702029151e-8,0p3,0.3
1.437,5.445212810236797e-8,0p3,0.3
1.438,5.445263656609625e-8,0p3,0.3
1.439,5.445314241148995e-8,0p3,0.3
1.44,5.445364563856262e-8,0p3,0.3
1.441,5.445414624732768e-8,0p3,0.3
1.442,5.445464423779859e-8,0p3,0.3
1.443,5.445513960998864e-8,0p3,0.3
1.444,5.445563236391109e-8,0p3,0.3
1.445,5.445612249957915e-8,0p3,0.3
1.446,5.445661001700588e-8,0p3,0.3
1.447,5.445709491620437e-8,0p3,0.3
1.448,5.445757719718761e-8,0p3,0.3
1.449,5.44580568599685e-8,0p3,0.3
1.45,5.445853390455988e-8,0p3,0.3
1.451,5.445900739179857e-8,0p3,0.3
1.452,5.445947622407423e-8,0p3,0.3
1.453,5.445994215721969e-8,0p3,0.3
1.454,5.446040519124884e-8,0p3,0.3
1.455,5.446086532617536e-8,0p3,0.3
1.456,5.446132256201286e-8,0p3,0.3
1.457,5.446177689877492e-8,0p3,0.3
1.458,5.446222833647505e-8,0p3,0.3
1.459,5.446267687512659e-8,0p3,0.3
1.46,5.446312251474284e-8,0p3,0.3
1.461,5.446356525533702e-8,0p3,0.3
1.462,5.446400509692224e-8,0p3,0.3
1.463,5.446444203951154e-8,0p3,0.3
1.464,5.446487608311789e-8,0p3,0.3
1.465,5.446530722775414e-8,0p3,0.3
1.466,5.446573547343307e-8,0p3,0.3
1.467,5.44661608201674e-8,0p3,0.3
1.468,5.446658326796973e-8,0p3,0.3
1.469,5.446700281685259e-8,0p3,0.3
1.47,5.446741946682839e-8,0p3,0.3
1.471,5.446783603682138e-8,0p3,0.3
1.472,5.446825059799574e-8,0p3,0.3
1.473,5.446866259495608e-8,0p3,0.3
1.474,5.446907202771318e-8,0p3,0.3
1.475,5.446947889627773e-8,0p3,0.3
1.476,5.446988320066047e-8,0p3,0.3
1.477,5.447028494087196e-8,0p3,0.3
1.478,5.447068411692272e-8,0p3,0.3
1.479,5.447108072882324e-8,0p3,0.3
1.48,5.447147477658397e-8,0p3,0.3
1.481,5.447186626021518e-8,0p3,0.3
1.482,5.447225517972713e-8,0p3,0.3
1.483,5.447264153513009e-8,0p3,0.3
1.484,5.447302532643413e-8,0p3,0.3
1.485,5.447340655364933e-8,0p3,0.3
1.486,5.447378521678569e-8,0p3,0.3
1.487,5.447416131585318e-8,0p3,0.3
1.488,5.447453485086162e-8,0p3,0.3
1.489,5.447490582182081e-8,0p3,0.3
1.49,5.447527422874048e-8,0p3,0.3
1.491,5.447564007163034e-8,0p3,0.3
1.492,5.447600335049993e-8,0p3,0.3
1.493,5.44763640653588e-8,0p3,0.3
1.494,5.447672221621643e-8,0p3,0.3
1.495,5.447707780308218e-8,0p3,0.3
1.496,5.447743082596538e-8,0p3,0.3
1.497,5.447778128487535e-8,0p3,0.3
1.498,5.447812917982118e-8,0p3,0.3
1.499,5.447847451081212e-8,0p3,0.3
1.5,5.447881727785712e-8,0p3,0.3
1.500000003000721,5.447881727887772e-8,0p3,0.3
1.500000003000721,5.447881727887801e-8,0p3,0.3
1.501,6.875202972942052e-8,0p3,0.3
1.502,7.435978148391078e-8,0p3,0.3
1.503,7.658523116852477e-8,0p3,0.3
1.504,7.747703418465642e-8,0p3,0.3
1.505,7.880242712538236e-8,0p3,0.3
1.506,8.08696366791406e-8,0p3,0.3
1.507,8.3113604988187e-8,0p3,0.3
1.508,8.512582391328033e-8,0p3,0.3
1.509,8.682380331295143e-8,0p3,0.3
1.51,8.820249366030997e-8,0p3,0.3
1.511,8.942416035960734e-8,0p3,0.3
1.512,9.078796357926676e-8,0p3,0.3
1.513,9.225345441650655e-8,0p3,0.3
1.514,9.364164185203991e-8,0p3,0.3
1.515,9.466393618197191e-8,0p3,0.3
1.516,9.526276960707625e-8,0p3,0.3
1.517,9.546363975378602e-8,0p3,0.3
1.518,9.531314953463603e-8,0p3,0.3
1.519,9.485978543005882e-8,0p3,0.3
1.52,9.414874548995696e-8,0p3,0.3
1.521,9.322051147327526e-8,0p3,0.3
1.522,9.211062834421287e-8,0p3,0.3
1.523,9.08500719753439e-8,0p3,0.3
1.524,8.94657395106988e-8,0p3,0.3
1.525,8.798093264674737e-8,0p3,0.3
1.526,8.641576881497159e-8,0p3,0.3
1.527,8.478760467891583e-8,0p3,0.3
1.528,8.311135917616728e-8,0p3,0.3
1.529,8.139981264660087e-8,0p3,0.3
1.53,7.966387361261858e-8,0p3,0.3
1.531,7.791280969343584e-8,0p3,0.3
1.532,7.615445693051869e-8,0p3,0.3
1.533,7.439543020743335e-8,0p3,0.3
1.534,7.264124549280076e-8,0p3,0.3
1.535,7.089647617669869e-8,0p3,0.3
1.536,6.91648784632e-8,0p3,0.3
1.537,6.74495016540389e-8,0p3,0.3
1.538,6.575276954737984e-8,0p3,0.3
1.539,6.407661220966255e-8,0p3,0.3
1.54,6.242255639420138e-8,0p3,0.3
1.541,6.079159932289647e-8,0p3,0.3
1.542,5.918425935737353e-8,0p3,0.3
1.543,5.760124405256841e-8,0p3,0.3
1.544,5.604283753636453e-8,0p3,0.3
1.545,5.450911001806595e-8,0p3,0.3
1.546,5.300005049936863e-8,0p3,0.3
1.547,5.151544370077196e-8,0p3,0.3
1.548,5.005513035799349e-8,0p3,0.3
1.549,4.861912423315336e-8,0p3,0.3
1.55,4.720752743859428e-8,0p3,0.3
1.551,4.582050672951337e-8,0p3,0.3
1.552,4.445831171338879e-8,0p3,0.3
1.553,4.312126587549283e-8,0p3,0.3
1.554,4.180974932552615e-8,0p3,0.3
1.555,4.052417383861476e-8,0p3,0.3
1.556,3.92649919809015e-8,0p3,0.3
1.557,3.803266212419728e-8,0p3,0.3
1.558,3.682763636137011e-8,0p3,0.3
1.559,3.565037672732502e-8,0p3,0.3
1.56,3.450133874336071e-8,0p3,0.3
1.561,3.338096317226678e-8,0p3,0.3
1.562,3.228967019061948e-8,0p3,0.3
1.563,3.122785486693604e-8,0p3,0.3
1.564,3.019588346790818e-8,0p3,0.3
1.565,2.919409042216037e-8,0p3,0.3
1.566,2.822277586764634e-8,0p3,0.3
1.567,2.728220372910233e-8,0p3,0.3
1.568,2.637260027413612e-8,0p3,0.3
1.569,2.549415309752502e-8,0p3,0.3
1.57,2.464701048581867e-8,0p3,0.3
1.571,2.383128111795561e-8,0p3,0.3
1.572,2.304703406192372e-8,0p3,0.3
1.573,2.229429974456356e-8,0p3,0.3
1.574,2.158129763516544e-8,0p3,0.3
1.575,2.095765137188502e-8,0p3,0.3
1.576,2.044728122368281e-8,0p3,0.3
1.577,2.005288413133866e-8,0p3,0.3
1.578,1.976947716037787e-8,0p3,0.3
1.579,1.95891401949825e-8,0p3,0.3
1.58,1.950303657966236e-8,0p3,0.3
1.581,1.950213820640118e-8,0p3,0.3
1.582,1.957705834310363e-8,0p3,0.3
1.583,1.971878622593848e-8,0p3,0.3
1.584,1.991825927115212e-8,0p3,0.3
1.585,2.016698132552721e-8,0p3,0.3
1.586,2.045848176447994e-8,0p3,0.3
1.587,2.078570790200202e-8,0p3,0.3
1.588,2.114246086603571e-8,0p3,0.3
1.589,2.152344007487085e-8,0p3,0.3
1.59,2.192377807833549e-8,0p3,0.3
1.591,2.233920045247161e-8,0p3,0.3
1.592,2.276574583422006e-8,0p3,0.3
1.593,2.320047090143138e-8,0p3,0.3
1.594,2.364071025476167e-8,0p3,0.3
1.595,2.408422715137803e-8,0p3,0.3
1.596,2.452903721998084e-8,0p3,0.3
1.597,2.497365148761712e-8,0p3,0.3
1.598,2.54168847793479e-8,0p3,0.3
1.599,2.585774001860639e-8,0p3,0.3
1.6,2.629537662230708e-8,0p3,0.3
1.601,2.672910226868565e-8,0p3,0.3
1.602,2.715847194385047e-8,0p3,0.3
1.603,2.758307460354944e-8,0p3,0.3
1.604,2.800256986457418e-8,0p3,0.3
1.605,2.841659280320526e-8,0p3,0.3
1.606,2.88249481677657e-8,0p3,0.3
1.607,2.922740100494289e-8,0p3,0.3
1.608,2.962372126136036e-8,0p3,0.3
1.609,3.001364439162291e-8,0p3,0.3
1.61,3.039695801147432e-8,0p3,0.3
1.611,3.077341332771328e-8,0p3,0.3
1.612,3.114251818254449e-8,0p3,0.3
1.613,3.15036857842546e-8,0p3,0.3
1.614,3.185615619166568e-8,0p3,0.3
1.615,3.21990689301106e-8,0p3,0.3
1.616,3.253154686328863e-8,0p3,0.3
1.617,3.285272856374567e-8,0p3,0.3
1.618,3.316173171739917e-8,0p3,0.3
1.619,3.34575676775897e-8,0p3,0.3
1.62,3.373909746050639e-8,0p3,0.3
1.621,3.400531366473288e-8,0p3,0.3
1.622,3.425504538670384e-8,0p3,0.3
1.623,3.448710156357637e-8,0p3,0.3
1.624,3.470028765958774e-8,0p3,0.3
1.625,3.489343495456729e-8,0p3,0.3
1.626,3.506542721786886e-8,0p3,0.3
1.627,3.52152252367086e-8,0p3,0.3
1.628,3.534188922167984e-8,0p3,0.3
1.629,3.544459901738043e-8,0p3,0.3
1.63,3.552267203379842e-8,0p3,0.3
1.631,3.55755788177414e-8,0p3,0.3
1.632,3.560295618995887e-8,0p3,0.3
1.633,3.560461788202996e-8,0p3,0.3
1.634,3.558056261868806e-8,0p3,0.3
1.635,3.553097960678139e-8,0p3,0.3
1.636,3.545625141170966e-8,0p3,0.3
1.637,3.535695422574398e-8,0p3,0.3
1.638,3.523385555965837e-8,0p3,0.3
1.639,3.508790941891001e-8,0p3,0.3
1.64,3.492024905736782e-8,0p3,0.3
1.641,3.473217743434717e-8,0p3,0.3
1.642,3.452515553342453e-8,0p3,0.3
1.643,3.43007887330904e-8,0p3,0.3
1.644,3.406081144868268e-8,0p3,0.3
1.645,3.380707029118691e-8,0p3,0.3
1.646,3.354150601046571e-8,0p3,0.3
1.647,3.32661345074711e-8,0p3,0.3
1.648,3.298302721136709e-8,0p3,0.3
1.649,3.269429112277728e-8,0p3,0.3
1.65,3.240204882334062e-8,0p3,0.3
1.651,3.210841874436378e-8,0p3,0.3
1.652,3.181549597379954e-8,0p3,0.3
1.653,3.152533386144111e-8,0p3,0.3
1.654,3.123992665770101e-8,0p3,0.3
1.655,3.096119339237873e-8,0p3,0.3
1.656,3.069096316731866e-8,0p3,0.3
1.657,3.043096200178453e-8,0p3,0.3
1.658,3.018280133279523e-8,0p3,0.3
1.659,2.994796823562037e-8,0p3,0.3
1.66,2.972781739318177e-8,0p3,0.3
1.661,2.952356480821237e-8,0p3,0.3
1.662,2.933628321958793e-8,0p3,0.3
1.663,2.916689915501853e-8,0p3,0.3
1.664,2.901619089089138e-8,0p3,0.3
1.665,2.888476413857293e-8,0p3,0.3
1.666,2.877306839529915e-8,0p3,0.3
1.667,2.868145100909744e-8,0p3,0.3
1.668,2.860994409611712e-8,0p3,0.3
1.669,2.855834459981621e-8,0p3,0.3
1.67,2.85262806230792e-8,0p3,0.3
1.671,2.851320733311415e-8,0p3,0.3
1.672,2.851854405470442e-8,0p3,0.3
1.673,2.854149279786171e-8,0p3,0.3
1.674,2.858097227058854e-8,0p3,0.3
1.675,2.863612068968671e-8,0p3,0.3
1.676,2.870597677479451e-8,0p3,0.3
1.677,2.87895113711762e-8,0p3,0.3
1.678,2.888569347785355e-8,0p3,0.3
1.679,2.899348096735747e-8,0p3,0.3
1.68,2.911181456550021e-8,0p3,0.3
1.681,2.923967210795697e-8,0p3,0.3
1.682,2.937600270551261e-8,0p3,0.3
1.683,2.951975229700426e-8,0p3,0.3
1.684,2.966986461551152e-8,0p3,0.3
1.685,2.982528233846373e-8,0p3,0.3
1.686,2.998494848361757e-8,0p3,0.3
1.687,3.014781166089774e-8,0p3,0.3
1.688,3.031286703509643e-8,0p3,0.3
1.689,3.04790747815335e-8,0p3,0.3
1.69,3.064546928238007e-8,0p3,0.3
1.691,3.081117717637716e-8,0p3,0.3
1.692,3.097536627915144e-8,0p3,0.3
1.693,3.113692149254358e-8,0p3,0.3
1.694,3.129553879231609e-8,0p3,0.3
1.695,3.145036900017576e-8,0p3,0.3
1.696,3.160143827496436e-8,0p3,0.3
1.697,3.174791593265794e-8,0p3,0.3
1.698,3.188917477926619e-8,0p3,0.3
1.699,3.202472198543606e-8,0p3,0.3
1.7,3.215404120943086e-8,0p3,0.3
1.701,3.22766475794432e-8,0p3,0.3
1.702,3.239181065046533e-8,0p3,0.3
1.703,3.249927268826986e-8,0p3,0.3
1.704,3.259851117196606e-8,0p3,0.3
1.705,3.268901763456439e-8,0p3,0.3
1.706,3.277071258488301e-8,0p3,0.3
1.707,3.284611951424572e-8,0p3,0.3
1.708,3.29222156177419e-8,0p3,0.3
1.709,3.300213028473945e-8,0p3,0.3
1.71,3.30872142323986e-8,0p3,0.3
1.711,3.317753206054941e-8,0p3,0.3
1.712,3.32727344806631e-8,0p3,0.3
1.713,3.337231134283638e-8,0p3,0.3
1.714,3.347549736938199e-8,0p3,0.3
1.715,3.358207283511988e-8,0p3,0.3
1.716,3.36916747332922e-8,0p3,0.3
1.717,3.380397718355938e-8,0p3,0.3
1.718,3.391884403013466e-8,0p3,0.3
1.719,3.403594826541399e-8,0p3,0.3
1.72,3.415525817593079e-8,0p3,0.3
1.721,3.427666659397842e-8,0p3,0.3
1.722,3.440006325520554e-8,0p3,0.3
1.723,3.452548398482952e-8,0p3,0.3
1.724,3.465289589450633e-8,0p3,0.3
1.725,3.478232249083402e-8,0p3,0.3
1.726,3.491379418303909e-8,0p3,0.3
1.727,3.504735329126114e-8,0p3,0.3
1.728,3.518305546600056e-8,0p3,0.3
1.729,3.532093719218254e-8,0p3,0.3
1.73,3.546106918472249e-8,0p3,0.3
1.731,3.560347569104827e-8,0p3,0.3
1.732,3.574819370759252e-8,0p3,0.3
1.733,3.589524670355039e-8,0p3,0.3
1.734,3.604462778519965e-8,0p3,0.3
1.735,3.619632805571193e-8,0p3,0.3
1.736,3.63503198275003e-8,0p3,0.3
1.737,3.650645321325996e-8,0p3,0.3
1.738,3.666475264026268e-8,0p3,0.3
1.739,3.682519301847418e-8,0p3,0.3
1.74,3.698751037084835e-8,0p3,0.3
1.741,3.715184706359541e-8,0p3,0.3
1.742,3.731808231628384e-8,0p3,0.3
1.743,3.748588745885007e-8,0p3,0.3
1.744,3.765546014003046e-8,0p3,0.3
1.745,3.782656755183268e-8,0p3,0.3
1.746,3.799895972863168e-8,0p3,0.3
1.747,3.817282372528594e-8,0p3,0.3
1.748,3.834780121687209e-8,0p3,0.3
1.749,3.852378291094382e-8,0p3,0.3
1.75,3.870091628221047e-8,0p3,0.3
1.751,3.88787156750871e-8,0p3,0.3
1.752,3.905725108957645e-8,0p3,0.3
1.753,3.923660953399726e-8,0p3,0.3
1.754,3.941618552076806e-8,0p3,0.3
1.755,3.959624565264365e-8,0p3,0.3
1.756,3.977673890421878e-8,0p3,0.3
1.757,3.99571491950683e-8,0p3,0.3
1.758,4.01377445050206e-8,0p3,0.3
1.759,4.031838372860397e-8,0p3,0.3
1.76,4.049869471620158e-8,0p3,0.3
1.761,4.067889735206923e-8,0p3,0.3
1.762,4.085877924934174e-8,0p3,0.3
1.763,4.103811606748238e-8,0p3,0.3
1.764,4.121707376423529e-8,0p3,0.3
1.765,4.139537797351596e-8,0p3,0.3
1.766,4.157294667921746e-8,0p3,0.3
1.767,4.174989027398189e-8,0p3,0.3
1.768,4.192588398294271e-8,0p3,0.3
1.769,4.210097562749244e-8,0p3,0.3
1.77,4.22752218279701e-8,0p3,0.3
1.771,4.244826025505712e-8,0p3,0.3
1.772,4.262025118848346e-8,0p3,0.3
1.773,4.279116607406759e-8,0p3,0.3
1.774,4.296072592231817e-8,0p3,0.3
1.775,4.312907545049543e-8,0p3,0.3
1.776,4.329614374151859e-8,0p3,0.3
1.777,4.346174660567442e-8,0p3,0.3
1.778,4.362599287179589e-8,0p3,0.3
1.779,4.378878470599978e-8,0p3,0.3
1.78,4.395002023758893e-8,0p3,0.3
1.781,4.410977499429231e-8,0p3,0.3
1.782,4.426793291506659e-8,0p3,0.3
1.783,4.442446020051236e-8,0p3,0.3
1.784,4.457940297216532e-8,0p3,0.3
1.785,4.473263558528324e-8,0p3,0.3
1.786,4.488417713301878e-8,0p3,0.3
1.787,4.503404913445116e-8,0p3,0.3
1.788,4.518212470422487e-8,0p3,0.3
1.789,4.532846038091757e-8,0p3,0.3
1.79,4.547304713291582e-8,0p3,0.3
1.791,4.561579866180547e-8,0p3,0.3
1.792,4.575675977799098e-8,0p3,0.3
1.793,4.589591138236099e-8,0p3,0.3
1.794,4.603320453737209e-8,0p3,0.3
1.795,4.616866821573605e-8,0p3,0.3
1.796,4.630228111984133e-8,0p3,0.3
1.797,4.643402138202286e-8,0p3,0.3
1.798,4.656390529077582e-8,0p3,0.3
1.799,4.669191476777189e-8,0p3,0.3
1.8,4.681804469552427e-8,0p3,0.3
1.801,4.694230219153866e-8,0p3,0.3
1.802,4.706467751136884e-8,0p3,0.3
1.803,4.718517219435647e-8,0p3,0.3
1.804,4.730378789326728e-8,0p3,0.3
1.805,4.742052795552028e-8,0p3,0.3
1.806,4.753539089380198e-8,0p3,0.3
1.807,4.764837748166248e-8,0p3,0.3
1.808,4.775949382956895e-8,0p3,0.3
1.809,4.786874176773037e-8,0p3,0.3
1.81,4.797612802284558e-8,0p3,0.3
1.811,4.808163851870589e-8,0p3,0.3
1.812,4.818469504492529e-8,0p3,0.3
1.813,4.828562108490322e-8,0p3,0.3
1.814,4.838473761397524e-8,0p3,0.3
1.815,4.848193012369067e-8,0p3,0.3
1.816,4.857780086602426e-8,0p3,0.3
1.817,4.867222167128106e-8,0p3,0.3
1.818,4.87649662949343e-8,0p3,0.3
1.819,4.885602145625513e-8,0p3,0.3
1.82,4.89453511947297e-8,0p3,0.3
1.821,4.903291264224363e-8,0p3,0.3
1.822,4.911874710820079e-8,0p3,0.3
1.823,4.920286670737583e-8,0p3,0.3
1.824,4.928526493012894e-8,0p3,0.3
1.825,4.936594177361343e-8,0p3,0.3
1.826,4.944491667598652e-8,0p3,0.3
1.827,4.952228678976252e-8,0p3,0.3
1.828,4.959798355729374e-8,0p3,0.3
1.829,4.967200697522299e-8,0p3,0.3
1.83,4.974435704013975e-8,0p3,0.3
1.831,4.981517084365417e-8,0p3,0.3
1.832,4.988438685092806e-8,0p3,0.3
1.833,4.995198974610254e-8,0p3,0.3
1.834,5.001797952534737e-8,0p3,0.3
1.835,5.008244786006431e-8,0p3,0.3
1.836,5.014542187197127e-8,0p3,0.3
1.837,5.020684797217914e-8,0p3,0.3
1.838,5.026672615665484e-8,0p3,0.3
1.839,5.032509935838612e-8,0p3,0.3
1.84,5.038208190777557e-8,0p3,0.3
1.841,5.043758497105584e-8,0p3,0.3
1.842,5.049160854415912e-8,0p3,0.3
1.843,5.054415262302419e-8,0p3,0.3
1.844,5.059539803871036e-8,0p3,0.3
1.845,5.064523871152663e-8,0p3,0.3
1.846,5.069367042367968e-8,0p3,0.3
1.847,5.074069317120337e-8,0p3,0.3
1.848,5.078642654800098e-8,0p3,0.3
1.849,5.083086983809756e-8,0p3,0.3
1.85,5.087397596305333e-8,0p3,0.3
1.851,5.091574491907506e-8,0p3,0.3
1.852,5.095623888230299e-8,0p3,0.3
1.853,5.099555206378891e-8,0p3,0.3
1.854,5.10336004683178e-8,0p3,0.3
1.855,5.107038409231884e-8,0p3,0.3
1.856,5.110591332217148e-8,0p3,0.3
1.857,5.114036416602337e-8,0p3,0.3
1.858,5.117362265573451e-8,0p3,0.3
1.859,5.120568878798525e-8,0p3,0.3
1.86,5.123656255948289e-8,0p3,0.3
1.861,5.126638321575217e-8,0p3,0.3
1.862,5.129511811506592e-8,0p3,0.3
1.863,5.132273264625769e-8,0p3,0.3
1.864,5.134922680630016e-8,0p3,0.3
1.865,5.137467881188576e-8,0p3,0.3
1.866,5.139915374296118e-8,0p3,0.3
1.867,5.142257946633321e-8,0p3,0.3
1.868,5.144495597924238e-8,0p3,0.3
1.869,5.146630815752655e-8,0p3,0.3
1.87,5.148678298976301e-8,0p3,0.3
1.871,5.150627861181343e-8,0p3,0.3
1.872,5.15247950211817e-8,0p3,0.3
1.873,5.154233221539742e-8,0p3,0.3
1.874,5.155904179884474e-8,0p3,0.3
1.875,5.15748610883207e-8,0p3,0.3
1.876,5.158976971793676e-8,0p3,0.3
1.877,5.16037676854753e-8,0p3,0.3
1.878,5.161694514194326e-8,0p3,0.3
1.879,5.162933620013573e-8,0p3,0.3
1.88,5.164088346884124e-8,0p3,0.3
1.881,5.165158694608258e-8,0p3,0.3
1.882,5.166148407219586e-8,0p3,0.3
1.883,5.167068871033562e-8,0p3,0.3
1.884,5.167911454803546e-8,0p3,0.3
1.885,5.168676158354438e-8,0p3,0.3
1.886,5.1693629815132e-8,0p3,0.3
1.887,5.169987644252671e-8,0p3,0.3
1.888,5.170541379649399e-8,0p3,0.3
1.889,5.171023529108597e-8,0p3,0.3
1.89,5.171434092478162e-8,0p3,0.3
1.891,5.171782827289329e-8,0p3,0.3
1.892,5.172070269507896e-8,0p3,0.3
1.893,5.172292201888101e-8,0p3,0.3
1.894,5.172448624297239e-8,0p3,0.3
1.895,5.172544246960519e-8,0p3,0.3
1.896,5.17258717769364e-8,0p3,0.3
1.897,5.172570445608158e-8,0p3,0.3
1.898,5.17249405058923e-8,0p3,0.3
1.899,5.172358534315499e-8,0p3,0.3
1.9,5.172177934384219e-8,0p3,0.3
1.901,5.171943281032527e-8,0p3,0.3
1.902,5.171654574161953e-8,0p3,0.3
1.903,5.171311813675371e-8,0p3,0.3
1.904,5.170925045604399e-8,0p3,0.3
1.905,5.170492385499651e-8,0p3,0.3
1.906,5.17001103723519e-8,0p3,0.3
1.907,5.169481000728657e-8,0p3,0.3
1.908,5.168907616904976e-8,0p3,0.3
1.909,5.168296021829603e-8,0p3,0.3
1.91,5.167640855361728e-8,0p3,0.3
1.911,5.16694211743241e-8,0p3,0.3
1.912,5.166201299392161e-8,0p3,0.3
1.913,5.165428989117799e-8,0p3,0.3
1.914,5.164617972796103e-8,0p3,0.3
1.915,5.163768250370247e-8,0p3,0.3
1.916,5.162879821784292e-8,0p3,0.3
1.917,5.1619625933633e-8,0p3,0.3
1.918,5.161012837295889e-8,0p3,0.3
1.919,5.160028987765254e-8,0p3,0.3
1.92,5.159011044726239e-8,0p3,0.3
1.921,5.15796463607673e-8,0p3,0.3
1.922,5.156892392532374e-8,0p3,0.3
1.923,5.155790415540113e-8,0p3,0.3
1.924,5.154658705064441e-8,0p3,0.3
1.925,5.153499419175981e-8,0p3,0.3
1.926,5.152320086446205e-8,0p3,0.3
1.927,5.151115128992851e-8,0p3,0.3
1.928,5.149884546789008e-8,0p3,0.3
1.929,5.148628339808312e-8,0p3,0.3
1.93,5.147355894017471e-8,0p3,0.3
1.931,5.146062258579554e-8,0p3,0.3
1.932,5.144746858282132e-8,0p3,0.3
1.933,5.143409693106369e-8,0p3,0.3
1.934,5.142056353034267e-8,0p3,0.3
1.935,5.140687508407754e-8,0p3,0.3
1.936,5.139300513417576e-8,0p3,0.3
1.937,5.137895368051531e-8,0p3,0.3
1.938,5.13647461154368e-8,0p3,0.3
1.939,5.135043206142131e-8,0p3,0.3
1.94,5.133597023810937e-8,0p3,0.3
1.941,5.13213606454371e-8,0p3,0.3
1.942,5.130660485757509e-8,0p3,0.3
1.943,5.129178363111101e-8,0p3,0.3
1.944,5.127684601024539e-8,0p3,0.3
1.945,5.126179199496503e-8,0p3,0.3
1.946,5.124662158525909e-8,0p3,0.3
1.947,5.123142339744803e-8,0p3,0.3
1.948,5.121618520024263e-8,0p3,0.3
1.949,5.120087953951848e-8,0p3,0.3
1.95,5.118550641533119e-8,0p3,0.3
1.951,5.117006582773744e-8,0p3,0.3
1.952,5.115455777679511e-8,0p3,0.3
1.953,5.113898226256333e-8,0p3,0.3
1.954,5.11233392851023e-8,0p3,0.3
1.955,5.110764313280316e-8,0p3,0.3
1.956,5.109200319266101e-8,0p3,0.3
1.957,5.107632383694226e-8,0p3,0.3
1.958,5.106060506574203e-8,0p3,0.3
1.959,5.104484687915614e-8,0p3,0.3
1.96,5.102904927728105e-8,0p3,0.3
1.961,5.101321226021384e-8,0p3,0.3
1.962,5.099733582805226e-8,0p3,0.3
1.963,5.098148312542432e-8,0p3,0.3
1.964,5.096572578473585e-8,0p3,0.3
1.965,5.094997074168864e-8,0p3,0.3
1.966,5.09342179964247e-8,0p3,0.3
1.967,5.091846754908586e-8,0p3,0.3
1.968,5.090271939981396e-8,0p3,0.3
1.969,5.088697354875062e-8,0p3,0.3
1.97,5.087122999603755e-8,0p3,0.3
1.971,5.085557048258156e-8,0p3,0.3
1.972,5.083998672129291e-8,0p3,0.3
1.973,5.082443629095152e-8,0p3,0.3
1.974,5.080891919172697e-8,0p3,0.3
1.975,5.079343542378841e-8,0p3,0.3
1.976,5.077798498730431e-8,0p3,0.3
1.977,5.07625678824426e-8,0p3,0.3
1.978,5.074718410937066e-8,0p3,0.3
1.979,5.073193662719885e-8,0p3,0.3
1.98,5.071676121670501e-8,0p3,0.3
1.981,5.070164609144489e-8,0p3,0.3
1.982,5.068659125160592e-8,0p3,0.3
1.983,5.067159669737471e-8,0p3,0.3
1.984,5.065666242893678e-8,0p3,0.3
1.985,5.064178844647678e-8,0p3,0.3
1.986,5.06269869645502e-8,0p3,0.3
1.987,5.061233234598312e-8,0p3,0.3
1.988,5.059775990222822e-8,0p3,0.3
1.989,5.058326963348293e-8,0p3,0.3
1.99,5.056886153994345e-8,0p3,0.3
1.991,5.055453562180481e-8,0p3,0.3
1.992,5.054029187926078e-8,0p3,0.3
1.993,5.052613031250393e-8,0p3,0.3
1.994,5.051207876388674e-8,0p3,0.3
1.995,5.049816357316907e-8,0p3,0.3
1.996,5.04843477559854e-8,0p3,0.3
1.997,5.04706313125349e-8,0p3,0.3
1.998,5.045701424301535e-8,0p3,0.3
1.999,5.044349654762317e-8,0p3,0.3
2.0,5.043007822655334e-8,0p3,0.3
2.001,5.041675927999946e-8,0p3,0.3
2.002,5.040357510877251e-8,0p3,0.3
2.003,5.039051971259177e-8,0p3,0.3
2.004,5.037757658514234e-8,0p3,0.3
2.005,5.036474572661957e-8,0p3,0.3
2.006,5.035202713721722e-8,0p3,0.3
2.007,5.033942081712764e-8,0p3,0.3
2.008,5.032692676654168e-8,0p3,0.3
2.009,5.031454498564871e-8,0p3,0.3
2.01,5.030231106060609e-8,0p3,0.3
2.011,5.029020155285413e-8,0p3,0.3
2.012,5.027821335235867e-8,0p3,0.3
2.013,5.026634645930697e-8,0p3,0.3
2.014,5.025460087388479e-8,0p3,0.3
2.015,5.024297659627637e-8,0p3,0.3
2.016,5.023147362666445e-8,0p3,0.3
2.017,5.022009566894646e-8,0p3,0.3
2.018,5.020886087930127e-8,0p3,0.3
2.019,5.019775303119507e-8,0p3,0.3
2.02,5.018677212480568e-8,0p3,0.3
2.021,5.017591816030948e-8,0p3,0.3
2.022,5.016519113788128e-8,0p3,0.3
2.023,5.015459105769437e-8,0p3,0.3
2.024,5.01441179199206e-8,0p3,0.3
2.025,5.013377633249586e-8,0p3,0.3
2.026,5.01235698880161e-8,0p3,0.3
2.027,5.011349305793104e-8,0p3,0.3
2.028,5.010354584240567e-8,0p3,0.3
2.029,5.009372824160335e-8,0p3,0.3
2.03,5.008404025568616e-8,0p3,0.3
2.031,5.007448188481457e-8,0p3,0.3
2.032,5.006505312914766e-8,0p3,0.3
2.033,5.005575436895205e-8,0p3,0.3
2.034,5.004658551593328e-8,0p3,0.3
2.035,5.003754641158831e-8,0p3,0.3
2.036,5.002863705606807e-8,0p3,0.3
2.037,5.001985744952198e-8,0p3,0.3
2.038,5.001120759209815e-8,0p3,0.3
2.039,5.000268748394315e-8,0p3,0.3
2.04,4.999429712520236e-8,0p3,0.3
2.041,4.998602837541706e-8,0p3,0.3
2.042,4.997788686583939e-8,0p3,0.3
2.043,4.996987309917017e-8,0p3,0.3
2.044,4.996198707554569e-8,0p3,0.3
2.045,4.995422879510091e-8,0p3,0.3
2.046,4.994659825796946e-8,0p3,0.3
2.047,4.993909546428375e-8,0p3,0.3
2.048,4.993171755360727e-8,0p3,0.3
2.049,4.992445301822662e-8,0p3,0.3
2.05,4.991731245075287e-8,0p3,0.3
2.051,4.991029585130891e-8,0p3,0.3
2.052,4.990340322001644e-8,0p3,0.3
2.053,4.989663455699596e-8,0p3,0.3
2.054,4.988998986236679e-8,0p3,0.3
2.055,4.988346913624706e-8,0p3,0.3
2.056,4.987706285017356e-8,0p3,0.3
2.057,4.987076498583593e-8,0p3,0.3
2.058,4.98645858868988e-8,0p3,0.3
2.059,4.985852555347078e-8,0p3,0.3
2.06,4.985258398565944e-8,0p3,0.3
2.061,4.984676118357117e-8,0p3,0.3
2.062,4.984105714731134e-8,0p3,0.3
2.063,4.98354718769842e-8,0p3,0.3
2.064,4.982998659953973e-8,0p3,0.3
2.065,4.982460678627118e-8,0p3,0.3
2.066,4.981933941927503e-8,0p3,0.3
2.067,4.981418449864633e-8,0p3,0.3
2.068,4.980914202447909e-8,0p3,0.3
2.069,4.980421199686626e-8,0p3,0.3
2.07,4.979939441589997e-8,0p3,0.3
2.071,4.979468928167128e-8,0p3,0.3
2.072,4.979006671468979e-8,0p3,0.3
2.073,4.978554832164583e-8,0p3,0.3
2.074,4.978113521938217e-8,0p3,0.3
2.075,4.977682740798103e-8,0p3,0.3
2.076,4.977262488752373e-8,0p3,0.3
2.077,4.976852765809079e-8,0p3,0.3
2.078,4.976453571976177e-8,0p3,0.3
2.079,4.976064242723331e-8,0p3,0.3
2.08,4.975682555100612e-8,0p3,0.3
2.081,4.975310622336716e-8,0p3,0.3
2.082,4.974948444438764e-8,0p3,0.3
2.083,4.974596021413802e-8,0p3,0.3
2.084,4.974253353268795e-8,0p3,0.3
2.085,4.973920440010632e-8,0p3,0.3
2.086,4.973597281646128e-8,0p3,0.3
2.087,4.973282306403201e-8,0p3,0.3
2.088,4.972974729876731e-8,0p3,0.3
2.089,4.972676097326428e-8,0p3,0.3
2.09,4.972386408758332e-8,0p3,0.3
2.091,4.972105664178408e-8,0p3,0.3
2.092,4.97183386359256e-8,0p3,0.3
2.093,4.971571007006625e-8,0p3,0.3
2.094,4.971317094426376e-8,0p3,0.3
2.095,4.971069570974034e-8,0p3,0.3
2.096,4.970829321221296e-8,0p3,0.3
2.097,4.970597187006738e-8,0p3,0.3
2.098,4.970373168335422e-8,0p3,0.3
2.099,4.970157265212347e-8,0p3,0.3
2.1,4.969949477642463e-8,0p3,0.3
2.101,4.969749805630659e-8,0p3,0.3
2.102,4.969558249181765e-8,0p3,0.3
2.103,4.969368687290926e-8,0p3,0.3
2.104,4.96918572877613e-8,0p3,0.3
2.105,4.969009460693978e-8,0p3,0.3
2.106,4.96883988304837e-8,0p3,0.3
2.107,4.968676995843159e-8,0p3,0.3
2.108,4.968520799082162e-8,0p3,0.3
2.109,4.968371292769138e-8,0p3,0.3
2.11,4.968228476907819e-8,0p3,0.3
2.111,4.968092351501883e-8,0p3,0.3
2.112,4.967962916554973e-8,0p3,0.3
2.113,4.967840172070679e-8,0p3,0.3
2.114,4.967724118052557e-8,0p3,0.3
2.115,4.967614754504114e-8,0p3,0.3
2.116,4.967512081428814e-8,0p3,0.3
2.117,4.967416098830083e-8,0p3,0.3
2.118,4.967323100486413e-8,0p3,0.3
2.119,4.967232336002139e-8,0p3,0.3
2.12,4.967147328076871e-8,0p3,0.3
2.121,4.967068076713467e-8,0p3,0.3
2.122,4.966994581914756e-8,0p3,0.3
2.123,4.966926843683527e-8,0p3,0.3
2.124,4.966864862022529e-8,0p3,0.3
2.125,4.966808636934492e-8,0p3,0.3
2.126,4.966758168422094e-8,0p3,0.3
2.127,4.966713456487983e-8,0p3,0.3
2.128,4.966674501134781e-8,0p3,0.3
2.129,4.966641302365061e-8,0p3,0.3
2.13,4.966613860181372e-8,0p3,0.3
2.131,4.966592174586221e-8,0p3,0.3
2.132,4.966570505027156e-8,0p3,0.3
2.133,4.966548932597457e-8,0p3,0.3
2.134,4.96653169656985e-8,0p3,0.3
2.135,4.966518796946178e-8,0p3,0.3
2.136,4.966510233728257e-8,0p3,0.3
2.137,4.966506006917886e-8,0p3,0.3
2.138,4.966506116516838e-8,0p3,0.3
2.139,4.966510562526864e-8,0p3,0.3
2.14,4.966519344949681e-8,0p3,0.3
2.141,4.966532463786999e-8,0p3,0.3
2.142,4.966549919040484e-8,0p3,0.3
2.143,4.966571710711799e-8,0p3,0.3
2.144,4.966597838802566e-8,0p3,0.3
2.145,4.966628303314391e-8,0p3,0.3
2.146,4.966658088192181e-8,0p3,0.3
2.147,4.966688217813776e-8,0p3,0.3
2.148,4.966721570173421e-8,0p3,0.3
2.149,4.966758145272257e-8,0p3,0.3
2.15,4.966797943111412e-8,0p3,0.3
2.151,4.966840963691997e-8,0p3,0.3
2.152,4.966887207015104e-8,0p3,0.3
2.153,4.966936673081812e-8,0p3,0.3
2.154,4.966989361893189e-8,0p3,0.3
2.155,4.967045273450275e-8,0p3,0.3
2.156,4.967104407754099e-8,0p3,0.3
2.157,4.967166764805673e-8,0p3,0.3
2.158,4.967232344605998e-8,0p3,0.3
2.159,4.967301147156051e-8,0p3,0.3
2.16,4.96736813601952e-8,0p3,0.3
2.161,4.96743512523513e-8,0p3,0.3
2.162,4.96750432376552e-8,0p3,0.3
2.163,4.967575731611302e-8,0p3,0.3
2.164,4.967649348773088e-8,0p3,0.3
2.165,4.967725175251479e-8,0p3,0.3
2.166,4.967803211047061e-8,0p3,0.3
2.167,4.967883456160416e-8,0p3,0.3
2.168,4.967965910592115e-8,0p3,0.3
2.169,4.96805057434271e-8,0p3,0.3
2.17,4.968137447412755e-8,0p3,0.3
2.171,4.968226529802787e-8,0p3,0.3
2.172,4.968317821513331e-8,0p3,0.3
2.173,4.968411322544905e-8,0p3,0.3
2.174,4.968502371006519e-8,0p3,0.3
2.175,4.968593253371834e-8,0p3,0.3
2.176,4.968685487943234e-8,0p3,0.3
2.177,4.96877907472097e-8,0p3,0.3
2.178,4.968874013705289e-8,0p3,0.3
2.179,4.968970304896439e-8,0p3,0.3
2.18,4.96906794829466e-8,0p3,0.3
2.181,4.969166943900174e-8,0p3,0.3
2.182,4.969267291713218e-8,0p3,0.3
2.183,4.969368991734005e-8,0p3,0.3
2.184,4.969472043962755e-8,0p3,0.3
2.185,4.969576448399672e-8,0p3,0.3
2.186,4.969682205044963e-8,0p3,0.3
2.187,4.969789313898822e-8,0p3,0.3
2.188,4.969893634825744e-8,0p3,0.3
2.189,4.969997655729739e-8,0p3,0.3
2.19,4.970102328568414e-8,0p3,0.3
2.191,4.97020765334178e-8,0p3,0.3
2.192,4.970313630049853e-8,0p3,0.3
2.193,4.970420258692637e-8,0p3,0.3
2.194,4.970527539270141e-8,0p3,0.3
2.195,4.970635471782369e-8,0p3,0.3
2.196,4.970744056229321e-8,0p3,0.3
2.197,4.970853292610993e-8,0p3,0.3
2.198,4.970963180927382e-8,0p3,0.3
2.199,4.971073721178481e-8,0p3,0.3
2.2,4.971184913364282e-8,0p3,0.3
2.201,4.971296757484769e-8,0p3,0.3
2.202,4.971405746755131e-8,0p3,0.3
2.203,4.971514321124449e-8,0p3,0.3
2.204,4.971622998551412e-8,0p3,0.3
2.205,4.971731779035892e-8,0p3,0.3
2.206,4.971840662577752e-8,0p3,0.3
2.207,4.971949649176856e-8,0p3,0.3
2.208,4.972058738833077e-8,0p3,0.3
2.209,4.972167931546267e-8,0p3,0.3
2.21,4.972277227316302e-8,0p3,0.3
2.211,4.972386626143038e-8,0p3,0.3
2.212,4.972496128026341e-8,0p3,0.3
2.213,4.97260573296607e-8,0p3,0.3
2.214,4.972715440962094e-8,0p3,0.3
2.215,4.972825252014268e-8,0p3,0.3
2.216,4.972932349639992e-8,0p3,0.3
2.217,4.973038925413126e-8,0p3,0.3
2.218,4.973145194250351e-8,0p3,0.3
2.219,4.973251156151452e-8,0p3,0.3
2.22,4.973356811116218e-8,0p3,0.3
2.221,4.973462159144437e-8,0p3,0.3
2.222,4.9735672002359e-8,0p3,0.3
2.223,4.973671934390396e-8,0p3,0.3
2.224,4.973776361607718e-8,0p3,0.3
2.225,4.973880481887656e-8,0p3,0.3
2.226,4.973984295230005e-8,0p3,0.3
2.227,4.974087801634555e-8,0p3,0.3
2.228,4.974191001101107e-8,0p3,0.3
2.229,4.97429389362945e-8,0p3,0.3
2.23,4.974394366174755e-8,0p3,0.3
2.231,4.974494215428156e-8,0p3,0.3
2.232,4.974593470407581e-8,0p3,0.3
2.233,4.974692131112777e-8,0p3,0.3
2.234,4.974790197543509e-8,0p3,0.3
2.235,4.974887669699531e-8,0p3,0.3
2.236,4.974984547580605e-8,0p3,0.3
2.237,4.975080831186492e-8,0p3,0.3
2.238,4.975176520516953e-8,0p3,0.3
2.239,4.975271615571758e-8,0p3,0.3
2.24,4.975366116350666e-8,0p3,0.3
2.241,4.97546002285345e-8,0p3,0.3
2.242,4.975553335079877e-8,0p3,0.3
2.243,4.975645993458639e-8,0p3,0.3
2.244,4.975736743498907e-8,0p3,0.3
2.245,4.975826716502167e-8,0p3,0.3
2.246,4.975915912468173e-8,0p3,0.3
2.247,4.976004331396677e-8,0p3,0.3
2.248,4.976091973287434e-8,0p3,0.3
2.249,4.976178838140208e-8,0p3,0.3
2.25,4.976264925954752e-8,0p3,0.3
2.251,4.976350236730833e-8,0p3,0.3
2.252,4.976434770468215e-8,0p3,0.3
2.253,4.976518527166662e-8,0p3,0.3
2.254,4.976601506825941e-8,0p3,0.3
2.255,4.976683709445824e-8,0p3,0.3
2.256,4.976765135026083e-8,0p3,0.3
2.257,4.976845710414843e-8,0p3,0.3
2.258,4.976924849349401e-8,0p3,0.3
2.259,4.977003114562988e-8,0p3,0.3
2.26,4.977080506055367e-8,0p3,0.3
2.261,4.977157023826318e-8,0p3,0.3
2.262,4.977232667875614e-8,0p3,0.3
2.263,4.977307438203029e-8,0p3,0.3
2.264,4.977381334808345e-8,0p3,0.3
2.265,4.977454357691338e-8,0p3,0.3
2.266,4.977526506851795e-8,0p3,0.3
2.267,4.977597782289498e-8,0p3,0.3
2.268,4.977668184004234e-8,0p3,0.3
2.269,4.977737711995789e-8,0p3,0.3
2.27,4.977806366263958e-8,0p3,0.3
2.271,4.977874145873532e-8,0p3,0.3
2.272,4.977941046698105e-8,0p3,0.3
2.273,4.978007073013703e-8,0p3,0.3
2.274,4.978072224820134e-8,0p3,0.3
2.275,4.978136502117209e-8,0p3,0.3
2.276,4.978199904904736e-8,0p3,0.3
2.277,4.978262433182526e-8,0p3,0.3
2.278,4.978324086950391e-8,0p3,0.3
2.279,4.97838486620815e-8,0p3,0.3
2.28,4.978444770955618e-8,0p3,0.3
2.281,4.978503801192608e-8,0p3,0.3
2.282,4.978561956918949e-8,0p3,0.3
2.283,4.978619238134456e-8,0p3,0.3
2.284,4.978675644838959e-8,0p3,0.3
2.285,4.978731177032276e-8,0p3,0.3
2.286,4.978785834714234e-8,0p3,0.3
2.287,4.978839617884666e-8,0p3,0.3
2.288,4.978892526543399e-8,0p3,0.3
2.289,4.978944560690271e-8,0p3,0.3
2.29,4.978995720325106e-8,0p3,0.3
2.291,4.979046005447743e-8,0p3,0.3
2.292,4.979095416058022e-8,0p3,0.3
2.293,4.979143952155779e-8,0p3,0.3
2.294,4.979191613740848e-8,0p3,0.3
2.295,4.979238400813085e-8,0p3,0.3
2.296,4.979284313372324e-8,0p3,0.3
2.297,4.979329351418408e-8,0p3,0.3
2.298,4.97937351495119e-8,0p3,0.3
2.299,4.97941712175896e-8,0p3,0.3
2.3,4.979460678031712e-8,0p3,0.3
2.301,4.979503437304046e-8,0p3,0.3
2.302,4.979545399575831e-8,0p3,0.3
2.303,4.979586564846932e-8,0p3,0.3
2.304,4.979626933117213e-8,0p3,0.3
2.305,4.979666504386543e-8,0p3,0.3
2.306,4.979705278654799e-8,0p3,0.3
2.307,4.979743255921846e-8,0p3,0.3
2.308,4.979780436187559e-8,0p3,0.3
2.309,4.979816819451813e-8,0p3,0.3
2.31,4.979852405714485e-8,0p3,0.3
2.311,4.97988719497545e-8,0p3,0.3
2.312,4.979921187234588e-8,0p3,0.3
2.313,4.979954382491776e-8,0p3,0.3
2.314,4.979986780746899e-8,0p3,0.3
2.315,4.980018381999839e-8,0p3,0.3
2.316,4.980049186250478e-8,0p3,0.3
2.317,4.980079193498707e-8,0p3,0.3
2.318,4.980108403744404e-8,0p3,0.3
2.319,4.980136816987467e-8,0p3,0.3
2.32,4.980164433227777e-8,0p3,0.3
2.321,4.980191252465232e-8,0p3,0.3
2.322,4.98021727469972e-8,0p3,0.3
2.323,4.980242499931135e-8,0p3,0.3
2.324,4.980267325407681e-8,0p3,0.3
2.325,4.980293025814037e-8,0p3,0.3
2.326,4.980318085427873e-8,0p3,0.3
2.327,4.980342504249104e-8,0p3,0.3
2.328,4.980366282277644e-8,0p3,0.3
2.329,4.980389419513413e-8,0p3,0.3
2.33,4.980411915956327e-8,0p3,0.3
2.331,4.98043377160631e-8,0p3,0.3
2.332,4.980454986463276e-8,0p3,0.3
2.333,4.980475560527152e-8,0p3,0.3
2.334,4.980495493797858e-8,0p3,0.3
2.335,4.980514786275315e-8,0p3,0.3
2.336,4.980533437959451e-8,0p3,0.3
2.337,4.980551448850183e-8,0p3,0.3
2.338,4.980568818947448e-8,0p3,0.3
2.339,4.980585548251163e-8,0p3,0.3
2.34,4.980601636761264e-8,0p3,0.3
2.341,4.980617084477674e-8,0p3,0.3
2.342,4.980631891400323e-8,0p3,0.3
2.343,4.980646057529143e-8,0p3,0.3
2.344,4.980659582864062e-8,0p3,0.3
2.345,4.980672467405019e-8,0p3,0.3
2.346,4.980684711151942e-8,0p3,0.3
2.347,4.980696314104766e-8,0p3,0.3
2.348,4.980707276263425e-8,0p3,0.3
2.349,4.980717819021986e-8,0p3,0.3
2.35,4.980729579931111e-8,0p3,0.3
2.351,4.980740858173263e-8,0p3,0.3
2.352,4.980751653748392e-8,0p3,0.3
2.353,4.980761966656448e-8,0p3,0.3
2.354,4.980771796897389e-8,0p3,0.3
2.355,4.980781144471159e-8,0p3,0.3
2.356,4.980790009377719e-8,0p3,0.3
2.357,4.98079839161702e-8,0p3,0.3
2.358,4.980806291189022e-8,0p3,0.3
2.359,4.980813708093676e-8,0p3,0.3
2.36,4.980820642330939e-8,0p3,0.3
2.361,4.980827093900768e-8,0p3,0.3
2.362,4.980833062803123e-8,0p3,0.3
2.363,4.980838549037957e-8,0p3,0.3
2.364,4.980843552605231e-8,0p3,0.3
2.365,4.980848073504905e-8,0p3,0.3
2.366,4.980852111736941e-8,0p3,0.3
2.367,4.980855667301292e-8,0p3,0.3
2.368,4.980858740197927e-8,0p3,0.3
2.369,4.980861330426801e-8,0p3,0.3
2.37,4.980863437987883e-8,0p3,0.3
2.371,4.980865062881129e-8,0p3,0.3
2.372,4.980866205106505e-8,0p3,0.3
2.373,4.980866864663975e-8,0p3,0.3
2.374,4.980867084230985e-8,0p3,0.3
2.375,4.98086888056599e-8,0p3,0.3
2.376,4.980870355115846e-8,0p3,0.3
2.377,4.980871507880522e-8,0p3,0.3
2.378,4.980872338859998e-8,0p3,0.3
2.379,4.980872848054255e-8,0p3,0.3
2.38,4.980873035463262e-8,0p3,0.3
2.381,4.980872901087004e-8,0p3,0.3
2.382,4.980872444925455e-8,0p3,0.3
2.383,4.980871666978596e-8,0p3,0.3
2.384,4.980870567246407e-8,0p3,0.3
2.385,4.980869145728862e-8,0p3,0.3
2.386,4.980867402425945e-8,0p3,0.3
2.387,4.980865337337632e-8,0p3,0.3
2.388,4.980862950463908e-8,0p3,0.3
2.389,4.98086024180475e-8,0p3,0.3
2.39,4.980857211360138e-8,0p3,0.3
2.391,4.980853859130056e-8,0p3,0.3
2.392,4.980850185114483e-8,0p3,0.3
2.393,4.980846189313405e-8,0p3,0.3
2.394,4.980841871726799e-8,0p3,0.3
2.395,4.980837232354653e-8,0p3,0.3
2.396,4.980832271196942e-8,0p3,0.3
2.397,4.980826988253656e-8,0p3,0.3
2.398,4.980821383524773e-8,0p3,0.3
2.399,4.980815457010281e-8,0p3,0.3
2.4,4.980810893533694e-8,0p3,0.3
2.401,4.980806267150622e-8,0p3,0.3
2.402,4.98080145805495e-8,0p3,0.3
2.403,4.98079646624667e-8,0p3,0.3
2.404,4.980791291725775e-8,0p3,0.3
2.405,4.980785934492258e-8,0p3,0.3
2.406,4.980780394546113e-8,0p3,0.3
2.407,4.980774671887327e-8,0p3,0.3
2.408,4.980768766515898e-8,0p3,0.3
2.409,4.980762678431815e-8,0p3,0.3
2.41,4.980756407635075e-8,0p3,0.3
2.411,4.980749954125668e-8,0p3,0.3
2.412,4.980743317903588e-8,0p3,0.3
2.413,4.980736498968834e-8,0p3,0.3
2.414,4.98072949732139e-8,0p3,0.3
2.415,4.980722312961256e-8,0p3,0.3
2.416,4.980714945888424e-8,0p3,0.3
2.417,4.980707396102891e-8,0p3,0.3
2.418,4.980699663604645e-8,0p3,0.3
2.419,4.980691748393688e-8,0p3,0.3
2.42,4.980683650470012e-8,0p3,0.3
2.421,4.980675369833608e-8,0p3,0.3
2.422,4.980666906484476e-8,0p3,0.3
2.423,4.980658260422608e-8,0p3,0.3
2.424,4.980649431648e-8,0p3,0.3
2.425,4.980641601314995e-8,0p3,0.3
2.426,4.980633911021787e-8,0p3,0.3
2.427,4.980626146318541e-8,0p3,0.3
2.428,4.980618307205263e-8,0p3,0.3
2.429,4.980610393681947e-8,0p3,0.3
2.43,4.980602405748593e-8,0p3,0.3
2.431,4.980594343405208e-8,0p3,0.3
2.432,4.980586206651784e-8,0p3,0.3
2.433,4.980577995488327e-8,0p3,0.3
2.434,4.980569709914835e-8,0p3,0.3
2.435,4.98056134993131e-8,0p3,0.3
2.436,4.980552915537754e-8,0p3,0.3
2.437,4.980544406734164e-8,0p3,0.3
2.438,4.980535823520542e-8,0p3,0.3
2.439,4.980527165896887e-8,0p3,0.3
2.44,4.980518433863205e-8,0p3,0.3
2.441,4.980509627419491e-8,0p3,0.3
2.442,4.980500746565751e-8,0p3,0.3
2.443,4.980491791301982e-8,0p3,0.3
2.444,4.980482761628187e-8,0p3,0.3
2.445,4.980473657544365e-8,0p3,0.3
2.446,4.980464479050518e-8,0p3,0.3
2.447,4.980455226146648e-8,0p3,0.3
2.448,4.980445898832753e-8,0p3,0.3
2.449,4.980436497108838e-8,0p3,0.3
2.45,4.980427752421536e-8,0p3,0.3
2.451,4.980419241610598e-8,0p3,0.3
2.452,4.980410731753605e-8,0p3,0.3
2.453,4.980402222850557e-8,0p3,0.3
2.454,4.980393714901459e-8,0p3,0.3
2.455,4.980385207906318e-8,0p3,0.3
2.456,4.980376701865134e-8,0p3,0.3
2.457,4.980368196777908e-8,0p3,0.3
2.458,4.980359692644656e-8,0p3,0.3
2.459,4.980351189465366e-8,0p3,0.3
2.46,4.980342687240053e-8,0p3,0.3
2.461,4.980334185968716e-8,0p3,0.3
2.462,4.980325685651359e-8,0p3,0.3
2.463,4.980317186287987e-8,0p3,0.3
2.464,4.9803086878786e-8,0p3,0.3
2.465,4.980300190423208e-8,0p3,0.3
2.466,4.980291693921809e-8,0p3,0.3
2.467,4.980283198374408e-8,0p3,0.3
2.468,4.98027470378101e-8,0p3,0.3
2.469,4.980266210141621e-8,0p3,0.3
2.47,4.980257717456236e-8,0p3,0.3
2.471,4.980249225724869e-8,0p3,0.3
2.472,4.980240734947516e-8,0p3,0.3
2.473,4.980232245124183e-8,0p3,0.3
2.474,4.980223756254877e-8,0p3,0.3
2.475,4.980215655094169e-8,0p3,0.3
2.476,4.98020779081164e-8,0p3,0.3
2.477,4.980199972913681e-8,0p3,0.3
2.478,4.980192201400298e-8,0p3,0.3
2.479,4.980184476271496e-8,0p3,0.3
2.48,4.980176797527279e-8,0p3,0.3
2.481,4.980169165167652e-8,0p3,0.3
2.482,4.980161579192616e-8,0p3,0.3
2.483,4.980154039602182e-8,0p3,0.3
2.484,4.980146546396348e-8,0p3,0.3
2.485,4.980139099575121e-8,0p3,0.3
2.486,4.980131699138511e-8,0p3,0.3
2.487,4.980124345086513e-8,0p3,0.3
2.488,4.980117037419135e-8,0p3,0.3
2.489,4.980109776136382e-8,0p3,0.3
2.49,4.980102561238259e-8,0p3,0.3
2.491,4.98009539272477e-8,0p3,0.3
2.492,4.980088270595919e-8,0p3,0.3
2.493,4.980081194851706e-8,0p3,0.3
2.494,4.980074165492144e-8,0p3,0.3
2.495,4.980067182517229e-8,0p3,0.3
2.496,4.980060245926969e-8,0p3,0.3
2.497,4.980053355721366e-8,0p3,0.3
2.498,4.980046511900427e-8,0p3,0.3
2.499,4.980039714464154e-8,0p3,0.3
2.5,4.980033120362192e-8,0p3,0.3
2.501,4.980026707293415e-8,0p3,0.3
2.502,4.980020362024866e-8,0p3,0.3
2.503,4.980014084556548e-8,0p3,0.3
2.504,4.98000787488847e-8,0p3,0.3
2.505,4.980001733020628e-8,0p3,0.3
2.506,4.979995658953034e-8,0p3,0.3
2.507,4.979989652685688e-8,0p3,0.3
2.508,4.979983714218593e-8,0p3,0.3
2.509,4.979977843551755e-8,0p3,0.3
2.51,4.979972040685177e-8,0p3,0.3
2.511,4.97996630561886e-8,0p3,0.3
2.512,4.979960638352813e-8,0p3,0.3
2.513,4.979955038887037e-8,0p3,0.3
2.514,4.979949507221535e-8,0p3,0.3
2.515,4.979944043356314e-8,0p3,0.3
2.516,4.979938647291372e-8,0p3,0.3
2.517,4.979933319026714e-8,0p3,0.3
2.518,4.979928058562346e-8,0p3,0.3
2.519,4.979922865898273e-8,0p3,0.3
2.52,4.979917741034499e-8,0p3,0.3
2.521,4.979912683971021e-8,0p3,0.3
2.522,4.979907694707844e-8,0p3,0.3
2.523,4.979902773244976e-8,0p3,0.3
2.524,4.97989791958242e-8,0p3,0.3
2.525,4.979893133720175e-8,0p3,0.3
2.526,4.979888415658244e-8,0p3,0.3
2.527,4.979883765396638e-8,0p3,0.3
2.528,4.979879182935351e-8,0p3,0.3
2.529,4.979874668274395e-8,0p3,0.3
2.53,4.979870221413766e-8,0p3,0.3
2.531,4.97986584235347e-8,0p3,0.3
2.532,4.97986153109351e-8,0p3,0.3
2.533,4.979857287633889e-8,0p3,0.3
2.534,4.979853111974609e-8,0p3,0.3
2.535,4.979849004115675e-8,0p3,0.3
2.536,4.979844964057087e-8,0p3,0.3
2.537,4.979840991798853e-8,0p3,0.3
2.538,4.979837087340972e-8,0p3,0.3
2.539,4.97983325068345e-8,0p3,0.3
2.54,4.979829481826285e-8,0p3,0.3
2.541,4.979825780769485e-8,0p3,0.3
2.542,4.979822147513051e-8,0p3,0.3
2.543,4.979818582056983e-8,0p3,0.3
2.544,4.979815084401289e-8,0p3,0.3
2.545,4.979811654545965e-8,0p3,0.3
2.546,4.979808292491021e-8,0p3,0.3
2.547,4.979804998236455e-8,0p3,0.3
2.548,4.979801771782271e-8,0p3,0.3
2.549,4.979798613128472e-8,0p3,0.3
2.55,4.979795439265529e-8,0p3,0.3
2.551,4.979792198195279e-8,0p3,0.3
2.552,4.979789016534074e-8,0p3,0.3
2.553,4.979785894281916e-8,0p3,0.3
2.554,4.979782831438804e-8,0p3,0.3
2.555,4.979779828004743e-8,0p3,0.3
2.556,4.979776883979733e-8,0p3,0.3
2.557,4.979773999363777e-8,0p3,0.3
2.558,4.979771174156881e-8,0p3,0.3
2.559,4.979768408359042e-8,0p3,0.3
2.56,4.979765701970262e-8,0p3,0.3
2.561,4.979763054990547e-8,0p3,0.3
2.562,4.979760467419898e-8,0p3,0.3
2.563,4.979757939258312e-8,0p3,0.3
2.564,4.979755470505797e-8,0p3,0.3
2.565,4.979753061162354e-8,0p3,0.3
2.566,4.979750711227983e-8,0p3,0.3
2.567,4.979748420702689e-8,0p3,0.3
2.568,4.979746189586467e-8,0p3,0.3
2.569,4.979744017879328e-8,0p3,0.3
2.57,4.979741905581271e-8,0p3,0.3
2.571,4.979739852692291e-8,0p3,0.3
2.572,4.979737859212399e-8,0p3,0.3
2.573,4.979735925141592e-8,0p3,0.3
2.574,4.979734050479875e-8,0p3,0.3
2.575,4.979732235227244e-8,0p3,0.3
2.576,4.979730479383708e-8,0p3,0.3
2.577,4.979728782949264e-8,0p3,0.3
2.578,4.979727145923913e-8,0p3,0.3
2.579,4.97972556830766e-8,0p3,0.3
2.58,4.979724050100508e-8,0p3,0.3
2.581,4.97972259130245e-8,0p3,0.3
2.582,4.979721191913499e-8,0p3,0.3
2.583,4.979719851933648e-8,0p3,0.3
2.584,4.979718571362902e-8,0p3,0.3
2.585,4.979717350201262e-8,0p3,0.3
2.586,4.979716188448731e-8,0p3,0.3
2.587,4.979715086105306e-8,0p3,0.3
2.588,4.979714043170995e-8,0p3,0.3
2.589,4.979713059645794e-8,0p3,0.3
2.59,4.979712135529708e-8,0p3,0.3
2.591,4.979711270822738e-8,0p3,0.3
2.592,4.979710465524883e-8,0p3,0.3
2.593,4.979709491128995e-8,0p3,0.3
2.594,4.979708471489982e-8,0p3,0.3
2.595,4.9797074964872e-8,0p3,0.3
2.596,4.979706566120651e-8,0p3,0.3
2.597,4.979705680390333e-8,0p3,0.3
2.598,4.979704839296249e-8,0p3,0.3
2.599,4.979704042838403e-8,0p3,0.3
2.6,4.979703291016793e-8,0p3,0.3
2.601,4.979702583831422e-8,0p3,0.3
2.602,4.979701921282287e-8,0p3,0.3
2.603,4.979701303369392e-8,0p3,0.3
2.604,4.979700730092738e-8,0p3,0.3
2.605,4.979700201452323e-8,0p3,0.3
2.606,4.979699717448154e-8,0p3,0.3
2.607,4.979699278080225e-8,0p3,0.3
2.608,4.979698883348543e-8,0p3,0.3
2.609,4.979698533253106e-8,0p3,0.3
2.61,4.979698227793914e-8,0p3,0.3
2.611,4.979697966970969e-8,0p3,0.3
2.612,4.979697750784272e-8,0p3,0.3
2.613,4.979697579233825e-8,0p3,0.3
2.614,4.979697452319629e-8,0p3,0.3
2.615,4.979697370041679e-8,0p3,0.3
2.616,4.97969733239998e-8,0p3,0.3
2.617,4.979697339394534e-8,0p3,0.3
2.618,4.979697391025343e-8,0p3,0.3
2.619,4.979697487292404e-8,0p3,0.3
2.62,4.97969762819572e-8,0p3,0.3
2.621,4.97969781373529e-8,0p3,0.3
2.622,4.979698043911116e-8,0p3,0.3
2.623,4.979698318723198e-8,0p3,0.3
2.624,4.979698638171537e-8,0p3,0.3
2.625,4.979699002256137e-8,0p3,0.3
2.626,4.979699410976995e-8,0p3,0.3
2.627,4.979699864334108e-8,0p3,0.3
2.628,4.979700312478818e-8,0p3,0.3
2.629,4.97970044425128e-8,0p3,0.3
2.63,4.979700598353903e-8,0p3,0.3
2.631,4.979700774786688e-8,0p3,0.3
2.632,4.979700973549635e-8,0p3,0.3
2.633,4.979701194642744e-8,0p3,0.3
2.634,4.979701438066014e-8,0p3,0.3
2.635,4.979701703819448e-8,0p3,0.3
2.636,4.979701991903047e-8,0p3,0.3
2.637,4.979702302316809e-8,0p3,0.3
2.638,4.979702635060731e-8,0p3,0.3
2.639,4.979702990134822e-8,0p3,0.3
2.64,4.979703367539079e-8,0p3,0.3
2.641,4.979703767273499e-8,0p3,0.3
2.642,4.979704189338083e-8,0p3,0.3
2.643,4.979704633732832e-8,0p3,0.3
2.644,4.979705100457751e-8,0p3,0.3
2.645,4.979705589512834e-8,0p3,0.3
2.646,4.979706100898085e-8,0p3,0.3
2.647,4.979706634613501e-8,0p3,0.3
2.648,4.979707190659086e-8,0p3,0.3
2.649,4.979707769034837e-8,0p3,0.3
2.65,4.979708369740756e-8,0p3,0.3
2.651,4.979708992776843e-8,0p3,0.3
2.652,4.9797096381431e-8,0p3,0.3
2.653,4.979710305839524e-8,0p3,0.3
2.654,4.979710995866122e-8,0p3,0.3
2.655,4.979711708222883e-8,0p3,0.3
2.656,4.979712442909816e-8,0p3,0.3
2.657,4.979713199926919e-8,0p3,0.3
2.658,4.979713979274193e-8,0p3,0.3
2.659,4.979714780951637e-8,0p3,0.3
2.66,4.979715604959247e-8,0p3,0.3
2.661,4.979716451297034e-8,0p3,0.3
2.662,4.979717319964988e-8,0p3,0.3
2.663,4.979718210963115e-8,0p3,0.3
2.664,4.979719053440986e-8,0p3,0.3
2.665,4.97971984008236e-8,0p3,0.3
2.666,4.979720626723736e-8,0p3,0.3
2.667,4.979721413365115e-8,0p3,0.3
2.668,4.979722200006495e-8,0p3,0.3
2.669,4.979722986647877e-8,0p3,0.3
2.67,4.979723773289264e-8,0p3,0.3
2.671,4.979724559930654e-8,0p3,0.3
2.672,4.979725346572045e-8,0p3,0.3
2.673,4.97972613321344e-8,0p3,0.3
2.674,4.979726919854837e-8,0p3,0.3
2.675,4.979727706496237e-8,0p3,0.3
2.676,4.979728493137638e-8,0p3,0.3
2.677,4.979729279779044e-8,0p3,0.3
2.678,4.979730066420453e-8,0p3,0.3
2.679,4.979730853061861e-8,0p3,0.3
2.68,4.979731639703275e-8,0p3,0.3
2.681,4.979732426344692e-8,0p3,0.3
2.682,4.97973321298611e-8,0p3,0.3
2.683,4.979733999627531e-8,0p3,0.3
2.684,4.979734786268954e-8,0p3,0.3
2.685,4.979735572910382e-8,0p3,0.3
2.686,4.979736359551811e-8,0p3,0.3
2.687,4.979737146193244e-8,0p3,0.3
2.688,4.979737932834679e-8,0p3,0.3
2.689,4.979738719476115e-8,0p3,0.3
2.69,4.979739506117555e-8,0p3,0.3
2.691,4.979740292758997e-8,0p3,0.3
2.692,4.979741079400443e-8,0p3,0.3
2.693,4.97974186604189e-8,0p3,0.3
2.694,4.979742652683341e-8,0p3,0.3
2.695,4.979743439324796e-8,0p3,0.3
2.696,4.97974422596625e-8,0p3,0.3
2.697,4.979745012607709e-8,0p3,0.3
2.698,4.979745799249171e-8,0p3,0.3
2.699,4.979746585890638e-8,0p3,0.3
2.7,4.979747372532102e-8,0p3,0.3
2.701,4.979748159173573e-8,0p3,0.3
2.702,4.979748945815045e-8,0p3,0.3
2.703,4.979749732456518e-8,0p3,0.3
2.704,4.979750519097997e-8,0p3,0.3
2.705,4.979751305739477e-8,0p3,0.3
2.706,4.979752092380961e-8,0p3,0.3
2.707,4.979752879022447e-8,0p3,0.3
2.708,4.979753665663934e-8,0p3,0.3
2.709,4.979754452305425e-8,0p3,0.3
2.71,4.979755238946919e-8,0p3,0.3
2.711,4.979756025588415e-8,0p3,0.3
2.712,4.979756812229914e-8,0p3,0.3
2.713,4.979757598871414e-8,0p3,0.3
2.714,4.979758385512921e-8,0p3,0.3
2.715,4.979759172154429e-8,0p3,0.3
2.716,4.979759958795937e-8,0p3,0.3
2.717,4.97976074543745e-8,0p3,0.3
2.718,4.979761532078964e-8,0p3,0.3
2.719,4.979762318720485e-8,0p3,0.3
2.72,4.979763105362003e-8,0p3,0.3
2.721,4.979763892003527e-8,0p3,0.3
2.722,4.979764678645052e-8,0p3,0.3
2.723,4.979765465286582e-8,0p3,0.3
2.724,4.979766251928114e-8,0p3,0.3
2.725,4.979767038569647e-8,0p3,0.3
2.726,4.979767825211184e-8,0p3,0.3
2.727,4.979768611852721e-8,0p3,0.3
2.728,4.979769398494265e-8,0p3,0.3
2.729,4.979770185135809e-8,0p3,0.3
2.73,4.979770971777359e-8,0p3,0.3
2.731,4.979771758418907e-8,0p3,0.3
2.732,4.979772545060461e-8,0p3,0.3
2.733,4.979773331702016e-8,0p3,0.3
2.734,4.979774118343574e-8,0p3,0.3
2.735,4.979774776732403e-8,0p3,0.3
2.736,4.97977520882647e-8,0p3,0.3
2.737,4.979775640920536e-8,0p3,0.3
2.738,4.979776073014606e-8,0p3,0.3
2.739,4.979776505108676e-8,0p3,0.3
2.74,4.979776937202746e-8,0p3,0.3
2.741,4.979777369296816e-8,0p3,0.3
2.742,4.979777801390888e-8,0p3,0.3
2.743,4.979778233484962e-8,0p3,0.3
2.744,4.979778665579036e-8,0p3,0.3
2.745,4.979779097673111e-8,0p3,0.3
2.746,4.979779529767185e-8,0p3,0.3
2.747,4.979779961861262e-8,0p3,0.3
2.748,4.979780393955338e-8,0p3,0.3
2.749,4.979780826049418e-8,0p3,0.3
2.75,4.979781258143496e-8,0p3,0.3
2.751,4.979781690237579e-8,0p3,0.3
2.752,4.979782122331658e-8,0p3,0.3
2.753,4.97978255442574e-8,0p3,0.3
2.754,4.979782986519824e-8,0p3,0.3
2.755,4.979783418613908e-8,0p3,0.3
2.756,4.979783850707992e-8,0p3,0.3
2.757,4.979784282802077e-8,0p3,0.3
2.758,4.979784714896164e-8,0p3,0.3
2.759,4.979785146990251e-8,0p3,0.3
2.76,4.97978557908434e-8,0p3,0.3
2.761,4.979786011178428e-8,0p3,0.3
2.762,4.97978644327252e-8,0p3,0.3
2.763,4.979786875366609e-8,0p3,0.3
2.764,4.979787307460701e-8,0p3,0.3
2.765,4.979787739554794e-8,0p3,0.3
2.766,4.979788171648888e-8,0p3,0.3
2.767,4.979788603742983e-8,0p3,0.3
2.768,4.979789035837077e-8,0p3,0.3
2.769,4.979789467931173e-8,0p3,0.3
2.77,4.97978990002527e-8,0p3,0.3
2.771,4.979790332119371e-8,0p3,0.3
2.772,4.97979076421347e-8,0p3,0.3
2.773,4.979791196307568e-8,0p3,0.3
2.774,4.979791628401669e-8,0p3,0.3
2.775,4.979792060495771e-8,0p3,0.3
2.776,4.979792492589874e-8,0p3,0.3
2.777,4.979792924683978e-8,0p3,0.3
2.778,4.97979335677808e-8,0p3,0.3
2.779,4.979793788872188e-8,0p3,0.3
2.78,4.979794220966294e-8,0p3,0.3
2.781,4.979794653060401e-8,0p3,0.3
2.782,4.979795085154511e-8,0p3,0.3
2.783,4.979795517248617e-8,0p3,0.3
2.784,4.979795949342729e-8,0p3,0.3
2.785,4.979796381436838e-8,0p3,0.3
2.786,4.979796813530951e-8,0p3,0.3
2.787,4.979797245625063e-8,0p3,0.3
2.788,4.979797677719174e-8,0p3,0.3
2.789,4.979798109813291e-8,0p3,0.3
2.79,4.979798541907407e-8,0p3,0.3
2.791,4.979798974001522e-8,0p3,0.3
2.792,4.979799406095637e-8,0p3,0.3
2.793,4.979799838189757e-8,0p3,0.3
2.794,4.979800270283875e-8,0p3,0.3
2.795,4.979800702377995e-8,0p3,0.3
2.796,4.979801134472117e-8,0p3,0.3
2.797,4.979801566566239e-8,0p3,0.3
2.798,4.97980199866036e-8,0p3,0.3
2.799,4.979802430754485e-8,0p3,0.3
2.8,4.979802862848607e-8,0p3,0.3
2.801,4.979803294942732e-8,0p3,0.3
2.802,4.979803727036857e-8,0p3,0.3
2.803,4.979804159130987e-8,0p3,0.3
2.804,4.979804591225112e-8,0p3,0.3
2.805,4.97980502331924e-8,0p3,0.3
2.806,4.979805395757605e-8,0p3,0.3
2.807,4.979805507340087e-8,0p3,0.3
2.808,4.979805618922569e-8,0p3,0.3
2.809,4.979805730505053e-8,0p3,0.3
2.81,4.979805842087534e-8,0p3,0.3
2.811,4.979805953670019e-8,0p3,0.3
2.812,4.9798060652525e-8,0p3,0.3
2.813,4.979806176834982e-8,0p3,0.3
2.814,4.979806288417468e-8,0p3,0.3
2.815,4.979806399999949e-8,0p3,0.3
2.816,4.979806511582434e-8,0p3,0.3
2.817,4.979806623164918e-8,0p3,0.3
2.818,4.9798067347474e-8,0p3,0.3
2.819,4.979806846329885e-8,0p3,0.3
2.82,4.979806957912365e-8,0p3,0.3
2.821,4.97980706949485e-8,0p3,0.3
2.822,4.979807181077335e-8,0p3,0.3
2.823,4.979807292659817e-8,0p3,0.3
2.824,4.979807404242301e-8,0p3,0.3
2.825,4.979807515824786e-8,0p3,0.3
2.826,4.97980762740727e-8,0p3,0.3
2.827,4.979807738989751e-8,0p3,0.3
2.828,4.979807850572236e-8,0p3,0.3
2.829,4.979807962154717e-8,0p3,0.3
2.83,4.979808073737204e-8,0p3,0.3
2.831,4.979808185319688e-8,0p3,0.3
2.832,4.979808296902172e-8,0p3,0.3
2.833,4.979808408484654e-8,0p3,0.3
2.834,4.97980852006714e-8,0p3,0.3
2.835,4.979808631649622e-8,0p3,0.3
2.836,4.979808743232108e-8,0p3,0.3
2.837,4.97980885481459e-8,0p3,0.3
2.838,4.979808966397074e-8,0p3,0.3
2.839,4.97980907797956e-8,0p3,0.3
2.84,4.979809189562044e-8,0p3,0.3
2.841,4.979809301144529e-8,0p3,0.3
2.842,4.979809412727013e-8,0p3,0.3
2.843,4.979809524309498e-8,0p3,0.3
2.844,4.979809635891983e-8,0p3,0.3
2.845,4.979809747474467e-8,0p3,0.3
2.846,4.979809859056951e-8,0p3,0.3
2.847,4.979809970639436e-8,0p3,0.3
2.848,4.979810082221922e-8,0p3,0.3
2.849,4.979810193804405e-8,0p3,0.3
2.85,4.979810305386892e-8,0p3,0.3
2.851,4.979810416969376e-8,0p3,0.3
2.852,4.97981052855186e-8,0p3,0.3
2.853,4.979810640134347e-8,0p3,0.3
2.854,4.979810751716831e-8,0p3,0.3
2.855,4.979810863299315e-8,0p3,0.3
2.856,4.9798109748818e-8,0p3,0.3
2.857,4.979811086464286e-8,0p3,0.3
2.858,4.979811198046771e-8,0p3,0.3
2.859,4.979811309629256e-8,0p3,0.3
2.86,4.979811421211741e-8,0p3,0.3
2.861,4.979811532794227e-8,0p3,0.3
2.862,4.979811644376712e-8,0p3,0.3
2.863,4.979811755959197e-8,0p3,0.3
2.864,4.979811867541684e-8,0p3,0.3
2.865,4.979811979124169e-8,0p3,0.3
2.866,4.979812090706653e-8,0p3,0.3
2.867,4.97981220228914e-8,0p3,0.3
2.868,4.979812313871627e-8,0p3,0.3
2.869,4.97981242545411e-8,0p3,0.3
2.87,4.979812537036597e-8,0p3,0.3
2.871,4.979812648619084e-8,0p3,0.3
2.872,4.979812760201567e-8,0p3,0.3
2.873,4.979812871784055e-8,0p3,0.3
2.874,4.979812983366542e-8,0p3,0.3
2.875,4.979813094949028e-8,0p3,0.3
2.876,4.979813206531514e-8,0p3,0.3
2.877,4.979813318113999e-8,0p3,0.3
2.878,4.979813429696485e-8,0p3,0.3
2.879,4.979813541278971e-8,0p3,0.3
2.88,4.979813652861457e-8,0p3,0.3
2.881,4.979813764443945e-8,0p3,0.3
2.882,4.979813876026431e-8,0p3,0.3
2.883,4.979813987608916e-8,0p3,0.3
2.884,4.979814099191403e-8,0p3,0.3
2.885,4.97981421077389e-8,0p3,0.3
2.886,4.979814322356375e-8,0p3,0.3
2.887,4.979814433938865e-8,0p3,0.3
2.888,4.97981454552135e-8,0p3,0.3
2.889,4.979814657103837e-8,0p3,0.3
2.89,4.979814768686323e-8,0p3,0.3
2.891,4.979814880268809e-8,0p3,0.3
2.892,4.979814991851298e-8,0p3,0.3
2.893,4.979815103433783e-8,0p3,0.3
2.894,4.97981521501627e-8,0p3,0.3
2.895,4.979815326598756e-8,0p3,0.3
2.896,4.979815438181245e-8,0p3,0.3
2.897,4.979815549763732e-8,0p3,0.3
2.898,4.979815661346219e-8,0p3,0.3
2.899,4.979815772928706e-8,0p3,0.3
2.9,4.979815884511192e-8,0p3,0.3
2.901,4.979815996093682e-8,0p3,0.3
2.902,4.979816107676168e-8,0p3,0.3
2.903,4.979816219258656e-8,0p3,0.3
2.904,4.979816330841144e-8,0p3,0.3
2.905,4.97981644242363e-8,0p3,0.3
2.906,4.979816554006118e-8,0p3,0.3
2.907,4.979816665588605e-8,0p3,0.3
2.908,4.979816777171092e-8,0p3,0.3
2.909,4.979816888753581e-8,0p3,0.3
2.91,4.979817000336069e-8,0p3,0.3
2.911,4.979817111918557e-8,0p3,0.3
2.912,4.979817223501045e-8,0p3,0.3
2.913,4.979817335083532e-8,0p3,0.3
2.914,4.979817446666021e-8,0p3,0.3
2.915,4.979817558248508e-8,0p3,0.3
2.916,4.979817669830997e-8,0p3,0.3
2.917,4.979817781413483e-8,0p3,0.3
2.918,4.979817892995972e-8,0p3,0.3
2.919,4.97981800457846e-8,0p3,0.3
2.92,4.979818116160949e-8,0p3,0.3
2.921,4.979818227743438e-8,0p3,0.3
2.922,4.979818339325925e-8,0p3,0.3
2.923,4.979818450908414e-8,0p3,0.3
2.924,4.979818562490902e-8,0p3,0.3
2.925,4.979818674073391e-8,0p3,0.3
2.926,4.979818785655882e-8,0p3,0.3
2.927,4.979818897238366e-8,0p3,0.3
2.928,4.979819008820856e-8,0p3,0.3
2.929,4.979819120403346e-8,0p3,0.3
2.93,4.979819231985834e-8,0p3,0.3
2.931,4.979819343568322e-8,0p3,0.3
2.932,4.979819455150812e-8,0p3,0.3
2.933,4.979819566733299e-8,0p3,0.3
2.934,4.97981967831579e-8,0p3,0.3
2.935,4.979819789898278e-8,0p3,0.3
2.936,4.979819901480766e-8,0p3,0.3
2.937,4.979820013063255e-8,0p3,0.3
2.938,4.979820124645745e-8,0p3,0.3
2.939,4.979820236228234e-8,0p3,0.3
2.94,4.979820347810723e-8,0p3,0.3
2.941,4.979820459393213e-8,0p3,0.3
2.942,4.979820570975703e-8,0p3,0.3
2.943,4.979820682558191e-8,0p3,0.3
2.944,4.97982079414068e-8,0p3,0.3
2.945,4.979820905723169e-8,0p3,0.3
2.946,4.979821017305659e-8,0p3,0.3
2.947,4.979821128888148e-8,0p3,0.3
2.948,4.97982124047064e-8,0p3,0.3
2.949,4.979821265354828e-8,0p3,0.3
2.95,4.979821273095489e-8,0p3,0.3
2.951,4.979821280836146e-8,0p3,0.3
2.952,4.979821288576806e-8,0p3,0.3
2.953,4.979821296317463e-8,0p3,0.3
2.954,4.979821304058123e-8,0p3,0.3
2.955,4.979821311798781e-8,0p3,0.3
2.956,4.979821319539438e-8,0p3,0.3
2.957,4.979821327280098e-8,0p3,0.3
2.958,4.979821335020756e-8,0p3,0.3
2.959,4.979821342761415e-8,0p3,0.3
2.96,4.979821350502073e-8,0p3,0.3
2.961,4.979821358242732e-8,0p3,0.3
2.962,4.979821365983389e-8,0p3,0.3
2.963,4.979821373724048e-8,0p3,0.3
2.964,4.979821381464705e-8,0p3,0.3
2.965,4.979821389205365e-8,0p3,0.3
2.966,4.979821396946021e-8,0p3,0.3
2.967,4.97982140468668e-8,0p3,0.3
2.968,4.979821412427338e-8,0p3,0.3
2.969,4.979821420167997e-8,0p3,0.3
2.97,4.979821427908654e-8,0p3,0.3
2.971,4.979821435649312e-8,0p3,0.3
2.972,4.97982144338997e-8,0p3,0.3
2.973,4.979821451130629e-8,0p3,0.3
2.974,4.979821458871288e-8,0p3,0.3
2.975,4.979821466611944e-8,0p3,0.3
2.976,4.979821474352602e-8,0p3,0.3
2.977,4.979821482093262e-8,0p3,0.3
2.978,4.979821489833919e-8,0p3,0.3
2.979,4.979821497574577e-8,0p3,0.3
2.98,4.979821505315236e-8,0p3,0.3
2.981,4.979821513055892e-8,0p3,0.3
2.982,4.979821520796551e-8,0p3,0.3
2.983,4.979821528537208e-8,0p3,0.3
2.984,4.979821536277868e-8,0p3,0.3
2.985,4.979821544018525e-8,0p3,0.3
2.986,4.979821551759184e-8,0p3,0.3
2.987,4.979821559499841e-8,0p3,0.3
2.988,4.979821567240501e-8,0p3,0.3
2.989,4.979821574981158e-8,0p3,0.3
2.99,4.979821582721816e-8,0p3,0.3
2.991,4.979821590462472e-8,0p3,0.3
2.992,4.97982159820313e-8,0p3,0.3
2.993,4.979821605943789e-8,0p3,0.3
2.994,4.979821613684447e-8,0p3,0.3
2.995,4.979821621425105e-8,0p3,0.3
2.996,4.979821629165761e-8,0p3,0.3
2.997,4.97982163690642e-8,0p3,0.3
2.998,4.979821644647077e-8,0p3,0.3
2.999,4.979821652387735e-8,0p3,0.3
3.0,4.979821660128392e-8,0p3,0.3
3.0,4.979821660128392e-8,0p3,0.3
