time,BESS.terminal.V.im,case,parameter_value
0.0,6.198300000000002e-8,0p5,0.5
0.001,6.198299999999997e-8,0p5,0.5
0.002,6.198299999999982e-8,0p5,0.5
0.003,6.198299999999974e-8,0p5,0.5
0.004,6.198299999999969e-8,0p5,0.5
0.005,6.198299999999969e-8,0p5,0.5
0.006,6.198299999999969e-8,0p5,0.5
0.007,6.198299999999973e-8,0p5,0.5
0.008,6.198299999999973e-8,0p5,0.5
0.009,6.198299999999974e-8,0p5,0.5
0.01,6.198299999999976e-8,0p5,0.5
0.011,6.198299999999978e-8,0p5,0.5
0.012,6.198299999999978e-8,0p5,0.5
0.013,6.19829999999998e-8,0p5,0.5
0.014,6.19829999999998e-8,0p5,0.5
0.015,6.198299999999981e-8,0p5,0.5
0.016,6.198299999999981e-8,0p5,0.5
0.017,6.198299999999982e-8,0p5,0.5
0.018,6.198299999999982e-8,0p5,0.5
0.019,6.198299999999982e-8,0p5,0.5
0.02,6.198299999999985e-8,0p5,0.5
0.021,6.198299999999985e-8,0p5,0.5
0.022,6.198299999999986e-8,0p5,0.5
0.023,6.198299999999986e-8,0p5,0.5
0.024,6.198299999999986e-8,0p5,0.5
0.025,6.198299999999986e-8,0p5,0.5
0.026,6.198299999999987e-8,0p5,0.5
0.027,6.198299999999987e-8,0p5,0.5
0.028,6.198299999999987e-8,0p5,0.5
0.029,6.198299999999989e-8,0p5,0.5
0.03,6.198299999999989e-8,0p5,0.5
0.031,6.198299999999989e-8,0p5,0.5
0.032,6.198299999999989e-8,0p5,0.5
0.033,6.19829999999999e-8,0p5,0.5
0.034,6.19829999999999e-8,0p5,0.5
0.035,6.19829999999999e-8,0p5,0.5
0.036,6.198299999999991e-8,0p5,0.5
0.037,6.198299999999991e-8,0p5,0.5
0.038,6.198299999999991e-8,0p5,0.5
0.039,6.198299999999991e-8,0p5,0.5
0.04,6.198299999999993e-8,0p5,0.5
0.041,6.198299999999993e-8,0p5,0.5
0.042,6.198299999999993e-8,0p5,0.5
0.043,6.198299999999993e-8,0p5,0.5
0.044,6.198299999999993e-8,0p5,0.5
0.045,6.198299999999993e-8,0p5,0.5
0.046,6.198299999999993e-8,0p5,0.5
0.047,6.198299999999993e-8,0p5,0.5
0.048,6.198299999999993e-8,0p5,0.5
0.049,6.198299999999994e-8,0p5,0.5
0.05,6.198299999999994e-8,0p5,0.5
0.051,6.198299999999994e-8,0p5,0.5
0.052,6.198299999999994e-8,0p5,0.5
0.053,6.198299999999994e-8,0p5,0.5
0.054,6.198299999999994e-8,0p5,0.5
0.055,6.198299999999994e-8,0p5,0.5
0.056,6.198299999999994e-8,0p5,0.5
0.057,6.198299999999994e-8,0p5,0.5
0.058,6.198299999999994e-8,0p5,0.5
0.059,6.198299999999995e-8,0p5,0.5
0.06,6.198299999999995e-8,0p5,0.5
0.061,6.198299999999995e-8,0p5,0.5
0.062,6.198299999999995e-8,0p5,0.5
0.063,6.198299999999995e-8,0p5,0.5
0.064,6.198299999999995e-8,0p5,0.5
0.065,6.198299999999995e-8,0p5,0.5
0.066,6.198299999999995e-8,0p5,0.5
0.067,6.198299999999995e-8,0p5,0.5
0.068,6.198299999999997e-8,0p5,0.5
0.069,6.198299999999997e-8,0p5,0.5
0.07,6.198299999999997e-8,0p5,0.5
0.071,6.198299999999997e-8,0p5,0.5
0.072,6.198299999999997e-8,0p5,0.5
0.073,6.198299999999997e-8,0p5,0.5
0.074,6.198299999999997e-8,0p5,0.5
0.075,6.198299999999997e-8,0p5,0.5
0.076,6.198299999999997e-8,0p5,0.5
0.077,6.198299999999997e-8,0p5,0.5
0.078,6.198299999999998e-8,0p5,0.5
0.079,6.198299999999998e-8,0p5,0.5
0.08,6.198299999999998e-8,0p5,0.5
0.081,6.198299999999998e-8,0p5,0.5
0.082,6.198299999999998e-8,0p5,0.5
0.083,6.198299999999998e-8,0p5,0.5
0.084,6.198299999999998e-8,0p5,0.5
0.085,6.198299999999999e-8,0p5,0.5
0.086,6.198299999999999e-8,0p5,0.5
0.087,6.198299999999999e-8,0p5,0.5
0.088,6.198299999999999e-8,0p5,0.5
0.089,6.198299999999999e-8,0p5,0.5
0.09,6.198299999999999e-8,0p5,0.5
0.091,6.198299999999999e-8,0p5,0.5
0.092,6.198299999999999e-8,0p5,0.5
0.093,6.198299999999999e-8,0p5,0.5
0.094,6.198299999999999e-8,0p5,0.5
0.095,6.198299999999999e-8,0p5,0.5
0.096,6.198299999999999e-8,0p5,0.5
0.097,6.198299999999999e-8,0p5,0.5
0.098,6.198299999999999e-8,0p5,0.5
0.099,6.198299999999999e-8,0p5,0.5
0.1,6.198299999999999e-8,0p5,0.5
0.101,6.198299999999999e-8,0p5,0.5
0.102,6.198299999999999e-8,0p5,0.5
0.103,6.198299999999999e-8,0p5,0.5
0.104,6.198299999999999e-8,0p5,0.5
0.105,6.198299999999999e-8,0p5,0.5
0.106,6.198299999999999e-8,0p5,0.5
0.107,6.198299999999999e-8,0p5,0.5
0.108,6.198299999999999e-8,0p5,0.5
0.109,6.198299999999999e-8,0p5,0.5
0.11,6.198299999999999e-8,0p5,0.5
0.111,6.198299999999999e-8,0p5,0.5
0.112,6.198299999999999e-8,0p5,0.5
0.113,6.198299999999999e-8,0p5,0.5
0.114,6.198299999999999e-8,0p5,0.5
0.115,6.198299999999999e-8,0p5,0.5
0.116,6.198299999999999e-8,0p5,0.5
0.117,6.198299999999999e-8,0p5,0.5
0.118,6.198299999999999e-8,0p5,0.5
0.119,6.198299999999999e-8,0p5,0.5
0.12,6.198299999999999e-8,0p5,0.5
0.121,6.198299999999999e-8,0p5,0.5
0.122,6.198299999999999e-8,0p5,0.5
0.123,6.198299999999999e-8,0p5,0.5
0.124,6.198299999999999e-8,0p5,0.5
0.125,6.198299999999999e-8,0p5,0.5
0.126,6.198299999999999e-8,0p5,0.5
0.127,6.198299999999999e-8,0p5,0.5
0.128,6.198299999999999e-8,0p5,0.5
0.129,6.198299999999999e-8,0p5,0.5
0.13,6.198299999999999e-8,0p5,0.5
0.131,6.198299999999999e-8,0p5,0.5
0.132,6.198299999999999e-8,0p5,0.5
0.133,6.198299999999999e-8,0p5,0.5
0.134,6.198299999999999e-8,0p5,0.5
0.135,6.198299999999999e-8,0p5,0.5
0.136,6.198299999999999e-8,0p5,0.5
0.137,6.198299999999999e-8,0p5,0.5
0.138,6.198300000000002e-8,0p5,0.5
0.139,6.198300000000002e-8,0p5,0.5
0.14,6.198300000000002e-8,0p5,0.5
0.141,6.198300000000002e-8,0p5,0.5
0.142,6.198300000000002e-8,0p5,0.5
0.143,6.198300000000002e-8,0p5,0.5
0.144,6.198300000000002e-8,0p5,0.5
0.145,6.198300000000002e-8,0p5,0.5
0.146,6.198300000000002e-8,0p5,0.5
0.147,6.198300000000002e-8,0p5,0.5
0.148,6.198300000000002e-8,0p5,0.5
0.149,6.198300000000002e-8,0p5,0.5
0.15,6.198300000000002e-8,0p5,0.5
0.151,6.198300000000002e-8,0p5,0.5
0.152,6.198300000000002e-8,0p5,0.5
0.153,6.198300000000002e-8,0p5,0.5
0.154,6.198300000000002e-8,0p5,0.5
0.155,6.198300000000002e-8,0p5,0.5
0.156,6.198300000000002e-8,0p5,0.5
0.157,6.198300000000002e-8,0p5,0.5
0.158,6.198300000000002e-8,0p5,0.5
0.159,6.198300000000002e-8,0p5,0.5
0.16,6.198300000000002e-8,0p5,0.5
0.161,6.198300000000002e-8,0p5,0.5
0.162,6.198300000000002e-8,0p5,0.5
0.163,6.198300000000002e-8,0p5,0.5
0.164,6.198300000000002e-8,0p5,0.5
0.165,6.198300000000002e-8,0p5,0.5
0.166,6.198300000000002e-8,0p5,0.5
0.167,6.198300000000002e-8,0p5,0.5
0.168,6.198300000000002e-8,0p5,0.5
0.169,6.198300000000002e-8,0p5,0.5
0.17,6.198300000000002e-8,0p5,0.5
0.171,6.198300000000002e-8,0p5,0.5
0.172,6.198300000000002e-8,0p5,0.5
0.173,6.198300000000002e-8,0p5,0.5
0.174,6.198300000000002e-8,0p5,0.5
0.175,6.198300000000002e-8,0p5,0.5
0.176,6.198300000000002e-8,0p5,0.5
0.177,6.198300000000002e-8,0p5,0.5
0.178,6.198300000000002e-8,0p5,0.5
0.179,6.198300000000002e-8,0p5,0.5
0.18,6.198300000000002e-8,0p5,0.5
0.181,6.198300000000002e-8,0p5,0.5
0.182,6.198300000000002e-8,0p5,0.5
0.183,6.198300000000002e-8,0p5,0.5
0.184,6.198300000000002e-8,0p5,0.5
0.185,6.198300000000002e-8,0p5,0.5
0.186,6.198300000000002e-8,0p5,0.5
0.187,6.198300000000002e-8,0p5,0.5
0.188,6.198300000000002e-8,0p5,0.5
0.189,6.198300000000002e-8,0p5,0.5
0.19,6.198300000000002e-8,0p5,0.5
0.191,6.198300000000002e-8,0p5,0.5
0.192,6.198300000000002e-8,0p5,0.5
0.193,6.198300000000002e-8,0p5,0.5
0.194,6.198300000000002e-8,0p5,0.5
0.195,6.198300000000002e-8,0p5,0.5
0.196,6.198300000000002e-8,0p5,0.5
0.197,6.198300000000002e-8,0p5,0.5
0.198,6.198300000000002e-8,0p5,0.5
0.199,6.198300000000002e-8,0p5,0.5
0.2,6.198300000000002e-8,0p5,0.5
0.201,6.198300000000002e-8,0p5,0.5
0.202,6.198300000000002e-8,0p5,0.5
0.203,6.198300000000002e-8,0p5,0.5
0.204,6.198300000000002e-8,0p5,0.5
0.205,6.198300000000002e-8,0p5,0.5
0.206,6.198300000000002e-8,0p5,0.5
0.207,6.198300000000002e-8,0p5,0.5
0.208,6.198300000000002e-8,0p5,0.5
0.209,6.198300000000002e-8,0p5,0.5
0.21,6.198300000000002e-8,0p5,0.5
0.211,6.198300000000002e-8,0p5,0.5
0.212,6.198300000000002e-8,0p5,0.5
0.213,6.198300000000002e-8,0p5,0.5
0.214,6.198300000000002e-8,0p5,0.5
0.215,6.198300000000002e-8,0p5,0.5
0.216,6.198300000000002e-8,0p5,0.5
0.217,6.198300000000002e-8,0p5,0.5
0.218,6.198300000000002e-8,0p5,0.5
0.219,6.198300000000002e-8,0p5,0.5
0.22,6.198300000000002e-8,0p5,0.5
0.221,6.198300000000002e-8,0p5,0.5
0.222,6.198300000000002e-8,0p5,0.5
0.223,6.198300000000002e-8,0p5,0.5
0.224,6.198300000000002e-8,0p5,0.5
0.225,6.198300000000002e-8,0p5,0.5
0.226,6.198300000000002e-8,0p5,0.5
0.227,6.198300000000002e-8,0p5,0.5
0.228,6.198300000000002e-8,0p5,0.5
0.229,6.198300000000002e-8,0p5,0.5
0.23,6.198300000000002e-8,0p5,0.5
0.231,6.198300000000002e-8,0p5,0.5
0.232,6.198300000000002e-8,0p5,0.5
0.233,6.198300000000002e-8,0p5,0.5
0.234,6.198300000000002e-8,0p5,0.5
0.235,6.198300000000002e-8,0p5,0.5
0.236,6.198300000000002e-8,0p5,0.5
0.237,6.198300000000002e-8,0p5,0.5
0.238,6.198300000000002e-8,0p5,0.5
0.239,6.198300000000002e-8,0p5,0.5
0.24,6.198300000000002e-8,0p5,0.5
0.241,6.198300000000002e-8,0p5,0.5
0.242,6.198300000000002e-8,0p5,0.5
0.243,6.198300000000002e-8,0p5,0.5
0.244,6.198300000000002e-8,0p5,0.5
0.245,6.198300000000002e-8,0p5,0.5
0.246,6.198300000000002e-8,0p5,0.5
0.247,6.198300000000002e-8,0p5,0.5
0.248,6.198300000000002e-8,0p5,0.5
0.249,6.198300000000002e-8,0p5,0.5
0.25,6.198300000000002e-8,0p5,0.5
0.251,6.198300000000002e-8,0p5,0.5
0.252,6.198300000000002e-8,0p5,0.5
0.253,6.198300000000002e-8,0p5,0.5
0.254,6.198300000000002e-8,0p5,0.5
0.255,6.198300000000002e-8,0p5,0.5
0.256,6.198300000000002e-8,0p5,0.5
0.257,6.198300000000002e-8,0p5,0.5
0.258,6.198300000000002e-8,0p5,0.5
0.259,6.198300000000002e-8,0p5,0.5
0.26,6.198300000000002e-8,0p5,0.5
0.261,6.198300000000002e-8,0p5,0.5
0.262,6.198300000000002e-8,0p5,0.5
0.263,6.198300000000002e-8,0p5,0.5
0.264,6.198300000000002e-8,0p5,0.5
0.265,6.198300000000002e-8,0p5,0.5
0.266,6.198300000000002e-8,0p5,0.5
0.267,6.198300000000002e-8,0p5,0.5
0.268,6.198300000000002e-8,0p5,0.5
0.269,6.198300000000002e-8,0p5,0.5
0.27,6.198300000000002e-8,0p5,0.5
0.271,6.198300000000002e-8,0p5,0.5
0.272,6.198300000000002e-8,0p5,0.5
0.273,6.198300000000002e-8,0p5,0.5
0.274,6.198300000000002e-8,0p5,0.5
0.275,6.198300000000002e-8,0p5,0.5
0.276,6.198300000000002e-8,0p5,0.5
0.277,6.198300000000002e-8,0p5,0.5
0.278,6.198300000000002e-8,0p5,0.5
0.279,6.198300000000002e-8,0p5,0.5
0.28,6.198300000000002e-8,0p5,0.5
0.281,6.198300000000002e-8,0p5,0.5
0.282,6.198300000000002e-8,0p5,0.5
0.283,6.198300000000002e-8,0p5,0.5
0.284,6.198300000000002e-8,0p5,0.5
0.285,6.198300000000002e-8,0p5,0.5
0.286,6.198300000000002e-8,0p5,0.5
0.287,6.198300000000002e-8,0p5,0.5
0.288,6.198300000000002e-8,0p5,0.5
0.289,6.198300000000002e-8,0p5,0.5
0.29,6.198300000000002e-8,0p5,0.5
0.291,6.198300000000002e-8,0p5,0.5
0.292,6.198300000000002e-8,0p5,0.5
0.293,6.198300000000002e-8,0p5,0.5
0.294,6.198300000000002e-8,0p5,0.5
0.295,6.198300000000002e-8,0p5,0.5
0.296,6.198300000000002e-8,0p5,0.5
0.297,6.198300000000002e-8,0p5,0.5
0.298,6.198300000000002e-8,0p5,0.5
0.299,6.198300000000002e-8,0p5,0.5
0.3,6.198300000000002e-8,0p5,0.5
0.301,6.198300000000002e-8,0p5,0.5
0.302,6.198300000000002e-8,0p5,0.5
0.303,6.198300000000002e-8,0p5,0.5
0.304,6.198300000000002e-8,0p5,0.5
0.305,6.198300000000002e-8,0p5,0.5
0.306,6.198300000000002e-8,0p5,0.5
0.307,6.198300000000002e-8,0p5,0.5
0.308,6.198300000000002e-8,0p5,0.5
0.309,6.198300000000002e-8,0p5,0.5
0.31,6.198300000000002e-8,0p5,0.5
0.311,6.198300000000002e-8,0p5,0.5
0.312,6.198300000000002e-8,0p5,0.5
0.313,6.198300000000002e-8,0p5,0.5
0.314,6.198300000000002e-8,0p5,0.5
0.315,6.198300000000002e-8,0p5,0.5
0.316,6.198300000000002e-8,0p5,0.5
0.317,6.198300000000002e-8,0p5,0.5
0.318,6.198300000000002e-8,0p5,0.5
0.319,6.198300000000002e-8,0p5,0.5
0.32,6.198300000000002e-8,0p5,0.5
0.321,6.198300000000002e-8,0p5,0.5
0.322,6.198300000000002e-8,0p5,0.5
0.323,6.198300000000002e-8,0p5,0.5
0.324,6.198300000000002e-8,0p5,0.5
0.325,6.198300000000002e-8,0p5,0.5
0.326,6.198300000000002e-8,0p5,0.5
0.327,6.198300000000002e-8,0p5,0.5
0.328,6.198300000000002e-8,0p5,0.5
0.329,6.198300000000002e-8,0p5,0.5
0.33,6.198300000000002e-8,0p5,0.5
0.331,6.198300000000002e-8,0p5,0.5
0.332,6.198300000000002e-8,0p5,0.5
0.333,6.198300000000002e-8,0p5,0.5
0.334,6.198300000000002e-8,0p5,0.5
0.335,6.198300000000002e-8,0p5,0.5
0.336,6.198300000000002e-8,0p5,0.5
0.337,6.198300000000002e-8,0p5,0.5
0.338,6.198300000000002e-8,0p5,0.5
0.339,6.198300000000002e-8,0p5,0.5
0.34,6.198300000000002e-8,0p5,0.5
0.341,6.198300000000002e-8,0p5,0.5
0.342,6.198300000000002e-8,0p5,0.5
0.343,6.198300000000002e-8,0p5,0.5
0.344,6.198300000000002e-8,0p5,0.5
0.345,6.198300000000002e-8,0p5,0.5
0.346,6.198300000000002e-8,0p5,0.5
0.347,6.198300000000002e-8,0p5,0.5
0.348,6.198300000000002e-8,0p5,0.5
0.349,6.198300000000002e-8,0p5,0.5
0.35,6.198300000000002e-8,0p5,0.5
0.351,6.198300000000002e-8,0p5,0.5
0.352,6.198300000000002e-8,0p5,0.5
0.353,6.198300000000002e-8,0p5,0.5
0.354,6.198300000000002e-8,0p5,0.5
0.355,6.198300000000002e-8,0p5,0.5
0.356,6.198300000000002e-8,0p5,0.5
0.357,6.198300000000002e-8,0p5,0.5
0.358,6.198300000000002e-8,0p5,0.5
0.359,6.198300000000002e-8,0p5,0.5
0.36,6.198300000000002e-8,0p5,0.5
0.361,6.198300000000002e-8,0p5,0.5
0.362,6.198300000000002e-8,0p5,0.5
0.363,6.198300000000002e-8,0p5,0.5
0.364,6.198300000000002e-8,0p5,0.5
0.365,6.198300000000002e-8,0p5,0.5
0.366,6.198300000000002e-8,0p5,0.5
0.367,6.198300000000002e-8,0p5,0.5
0.368,6.198300000000002e-8,0p5,0.5
0.369,6.198300000000002e-8,0p5,0.5
0.37,6.198300000000002e-8,0p5,0.5
0.371,6.198300000000002e-8,0p5,0.5
0.372,6.198300000000002e-8,0p5,0.5
0.373,6.198300000000002e-8,0p5,0.5
0.374,6.198300000000002e-8,0p5,0.5
0.375,6.198300000000002e-8,0p5,0.5
0.376,6.198300000000002e-8,0p5,0.5
0.377,6.198300000000002e-8,0p5,0.5
0.378,6.198300000000002e-8,0p5,0.5
0.379,6.198300000000002e-8,0p5,0.5
0.38,6.198300000000002e-8,0p5,0.5
0.381,6.198300000000002e-8,0p5,0.5
0.382,6.198300000000002e-8,0p5,0.5
0.383,6.198300000000002e-8,0p5,0.5
0.384,6.198300000000002e-8,0p5,0.5
0.385,6.198300000000002e-8,0p5,0.5
0.386,6.198300000000002e-8,0p5,0.5
0.387,6.198300000000002e-8,0p5,0.5
0.388,6.198300000000002e-8,0p5,0.5
0.389,6.198300000000002e-8,0p5,0.5
0.39,6.198300000000002e-8,0p5,0.5
0.391,6.198300000000002e-8,0p5,0.5
0.392,6.198300000000002e-8,0p5,0.5
0.393,6.198300000000002e-8,0p5,0.5
0.394,6.198300000000002e-8,0p5,0.5
0.395,6.198300000000002e-8,0p5,0.5
0.396,6.198300000000002e-8,0p5,0.5
0.397,6.198300000000002e-8,0p5,0.5
0.398,6.198300000000002e-8,0p5,0.5
0.399,6.198300000000002e-8,0p5,0.5
0.4,6.198300000000002e-8,0p5,0.5
0.401,6.198300000000002e-8,0p5,0.5
0.402,6.198300000000002e-8,0p5,0.5
0.403,6.198300000000002e-8,0p5,0.5
0.404,6.198300000000002e-8,0p5,0.5
0.405,6.198300000000002e-8,0p5,0.5
0.406,6.198300000000002e-8,0p5,0.5
0.407,6.198300000000002e-8,0p5,0.5
0.408,6.198300000000002e-8,0p5,0.5
0.409,6.198300000000002e-8,0p5,0.5
0.41,6.198300000000002e-8,0p5,0.5
0.411,6.198300000000002e-8,0p5,0.5
0.412,6.198300000000002e-8,0p5,0.5
0.413,6.198300000000002e-8,0p5,0.5
0.414,6.198300000000002e-8,0p5,0.5
0.415,6.198300000000002e-8,0p5,0.5
0.416,6.198300000000002e-8,0p5,0.5
0.417,6.198300000000002e-8,0p5,0.5
0.418,6.198300000000002e-8,0p5,0.5
0.419,6.198300000000002e-8,0p5,0.5
0.42,6.198300000000002e-8,0p5,0.5
0.421,6.198300000000002e-8,0p5,0.5
0.422,6.198300000000002e-8,0p5,0.5
0.423,6.198300000000002e-8,0p5,0.5
0.424,6.198300000000002e-8,0p5,0.5
0.425,6.198300000000002e-8,0p5,0.5
0.426,6.198300000000002e-8,0p5,0.5
0.427,6.198300000000002e-8,0p5,0.5
0.428,6.198300000000002e-8,0p5,0.5
0.429,6.198300000000002e-8,0p5,0.5
0.43,6.198300000000002e-8,0p5,0.5
0.431,6.198300000000002e-8,0p5,0.5
0.432,6.198300000000002e-8,0p5,0.5
0.433,6.198300000000002e-8,0p5,0.5
0.434,6.198300000000002e-8,0p5,0.5
0.435,6.198300000000002e-8,0p5,0.5
0.436,6.198300000000002e-8,0p5,0.5
0.437,6.198300000000002e-8,0p5,0.5
0.438,6.198300000000002e-8,0p5,0.5
0.439,6.198300000000002e-8,0p5,0.5
0.44,6.198300000000002e-8,0p5,0.5
0.441,6.198300000000002e-8,0p5,0.5
0.442,6.198300000000002e-8,0p5,0.5
0.443,6.198300000000002e-8,0p5,0.5
0.444,6.198300000000002e-8,0p5,0.5
0.445,6.198300000000002e-8,0p5,0.5
0.446,6.198300000000002e-8,0p5,0.5
0.447,6.198300000000002e-8,0p5,0.5
0.448,6.198300000000002e-8,0p5,0.5
0.449,6.198300000000002e-8,0p5,0.5
0.45,6.198300000000002e-8,0p5,0.5
0.451,6.198300000000002e-8,0p5,0.5
0.452,6.198300000000002e-8,0p5,0.5
0.453,6.198300000000002e-8,0p5,0.5
0.454,6.198300000000002e-8,0p5,0.5
0.455,6.198300000000002e-8,0p5,0.5
0.456,6.198300000000002e-8,0p5,0.5
0.457,6.198300000000002e-8,0p5,0.5
0.458,6.198300000000002e-8,0p5,0.5
0.459,6.198300000000002e-8,0p5,0.5
0.46,6.198300000000002e-8,0p5,0.5
0.461,6.198300000000002e-8,0p5,0.5
0.462,6.198300000000002e-8,0p5,0.5
0.463,6.198300000000002e-8,0p5,0.5
0.464,6.198300000000002e-8,0p5,0.5
0.465,6.198300000000002e-8,0p5,0.5
0.466,6.198300000000002e-8,0p5,0.5
0.467,6.198300000000002e-8,0p5,0.5
0.468,6.198300000000002e-8,0p5,0.5
0.469,6.198300000000002e-8,0p5,0.5
0.47,6.198300000000002e-8,0p5,0.5
0.471,6.198300000000002e-8,0p5,0.5
0.472,6.198300000000002e-8,0p5,0.5
0.473,6.198300000000002e-8,0p5,0.5
0.474,6.198300000000002e-8,0p5,0.5
0.475,6.198300000000002e-8,0p5,0.5
0.476,6.198300000000002e-8,0p5,0.5
0.477,6.198300000000002e-8,0p5,0.5
0.478,6.198300000000002e-8,0p5,0.5
0.479,6.198300000000002e-8,0p5,0.5
0.48,6.198300000000002e-8,0p5,0.5
0.481,6.198300000000002e-8,0p5,0.5
0.482,6.198300000000002e-8,0p5,0.5
0.483,6.198300000000002e-8,0p5,0.5
0.484,6.198300000000002e-8,0p5,0.5
0.485,6.198300000000002e-8,0p5,0.5
0.486,6.198300000000002e-8,0p5,0.5
0.487,6.198300000000002e-8,0p5,0.5
0.488,6.198300000000002e-8,0p5,0.5
0.489,6.198300000000002e-8,0p5,0.5
0.49,6.198300000000002e-8,0p5,0.5
0.491,6.198300000000002e-8,0p5,0.5
0.492,6.198300000000002e-8,0p5,0.5
0.493,6.198300000000002e-8,0p5,0.5
0.494,6.198300000000002e-8,0p5,0.5
0.495,6.198300000000002e-8,0p5,0.5
0.496,6.198300000000002e-8,0p5,0.5
0.497,6.198300000000002e-8,0p5,0.5
0.498,6.198300000000002e-8,0p5,0.5
0.499,6.198300000000002e-8,0p5,0.5
0.5,6.198300000000002e-8,0p5,0.5
0.501,6.198300000000002e-8,0p5,0.5
0.502,6.198300000000002e-8,0p5,0.5
0.503,6.198300000000002e-8,0p5,0.5
0.504,6.198300000000002e-8,0p5,0.5
0.505,6.198300000000002e-8,0p5,0.5
0.506,6.198300000000002e-8,0p5,0.5
0.507,6.198300000000002e-8,0p5,0.5
0.508,6.198300000000002e-8,0p5,0.5
0.509,6.198300000000002e-8,0p5,0.5
0.51,6.198300000000002e-8,0p5,0.5
0.511,6.198300000000002e-8,0p5,0.5
0.512,6.198300000000002e-8,0p5,0.5
0.513,6.198300000000002e-8,0p5,0.5
0.514,6.198300000000002e-8,0p5,0.5
0.515,6.198300000000002e-8,0p5,0.5
0.516,6.198300000000002e-8,0p5,0.5
0.517,6.198300000000002e-8,0p5,0.5
0.518,6.198300000000002e-8,0p5,0.5
0.519,6.198300000000002e-8,0p5,0.5
0.52,6.198300000000002e-8,0p5,0.5
0.521,6.198300000000002e-8,0p5,0.5
0.522,6.198300000000002e-8,0p5,0.5
0.523,6.198300000000002e-8,0p5,0.5
0.524,6.198300000000002e-8,0p5,0.5
0.525,6.198300000000002e-8,0p5,0.5
0.526,6.198300000000002e-8,0p5,0.5
0.527,6.198300000000002e-8,0p5,0.5
0.528,6.198300000000002e-8,0p5,0.5
0.529,6.198300000000002e-8,0p5,0.5
0.53,6.198300000000002e-8,0p5,0.5
0.531,6.198300000000002e-8,0p5,0.5
0.532,6.198300000000002e-8,0p5,0.5
0.533,6.198300000000002e-8,0p5,0.5
0.534,6.198300000000002e-8,0p5,0.5
0.535,6.198300000000002e-8,0p5,0.5
0.536,6.198300000000002e-8,0p5,0.5
0.537,6.198300000000002e-8,0p5,0.5
0.538,6.198300000000002e-8,0p5,0.5
0.539,6.198300000000002e-8,0p5,0.5
0.54,6.198300000000002e-8,0p5,0.5
0.541,6.198300000000002e-8,0p5,0.5
0.542,6.198300000000002e-8,0p5,0.5
0.543,6.198300000000002e-8,0p5,0.5
0.544,6.198300000000002e-8,0p5,0.5
0.545,6.198300000000002e-8,0p5,0.5
0.546,6.198300000000002e-8,0p5,0.5
0.547,6.198300000000002e-8,0p5,0.5
0.548,6.198300000000002e-8,0p5,0.5
0.549,6.198300000000002e-8,0p5,0.5
0.55,6.198300000000002e-8,0p5,0.5
0.551,6.198300000000002e-8,0p5,0.5
0.552,6.198300000000002e-8,0p5,0.5
0.553,6.198300000000002e-8,0p5,0.5
0.554,6.198300000000002e-8,0p5,0.5
0.555,6.198300000000002e-8,0p5,0.5
0.556,6.198300000000002e-8,0p5,0.5
0.557,6.198300000000002e-8,0p5,0.5
0.558,6.198300000000002e-8,0p5,0.5
0.559,6.198300000000002e-8,0p5,0.5
0.56,6.198300000000002e-8,0p5,0.5
0.561,6.198300000000002e-8,0p5,0.5
0.562,6.198300000000002e-8,0p5,0.5
0.563,6.198300000000002e-8,0p5,0.5
0.564,6.198300000000002e-8,0p5,0.5
0.565,6.198300000000002e-8,0p5,0.5
0.566,6.198300000000002e-8,0p5,0.5
0.567,6.198300000000002e-8,0p5,0.5
0.568,6.198300000000002e-8,0p5,0.5
0.569,6.198300000000002e-8,0p5,0.5
0.57,6.198300000000002e-8,0p5,0.5
0.571,6.198300000000002e-8,0p5,0.5
0.572,6.198300000000002e-8,0p5,0.5
0.573,6.198300000000002e-8,0p5,0.5
0.574,6.198300000000002e-8,0p5,0.5
0.575,6.198300000000002e-8,0p5,0.5
0.576,6.198300000000002e-8,0p5,0.5
0.577,6.198300000000002e-8,0p5,0.5
0.578,6.198300000000002e-8,0p5,0.5
0.579,6.198300000000002e-8,0p5,0.5
0.58,6.198300000000002e-8,0p5,0.5
0.581,6.198300000000002e-8,0p5,0.5
0.582,6.198300000000002e-8,0p5,0.5
0.583,6.198300000000002e-8,0p5,0.5
0.584,6.198300000000002e-8,0p5,0.5
0.585,6.198300000000002e-8,0p5,0.5
0.586,6.198300000000002e-8,0p5,0.5
0.587,6.198300000000002e-8,0p5,0.5
0.588,6.198300000000002e-8,0p5,0.5
0.589,6.198300000000002e-8,0p5,0.5
0.59,6.198300000000002e-8,0p5,0.5
0.591,6.198300000000002e-8,0p5,0.5
0.592,6.198300000000002e-8,0p5,0.5
0.593,6.198300000000002e-8,0p5,0.5
0.594,6.198300000000002e-8,0p5,0.5
0.595,6.198300000000002e-8,0p5,0.5
0.596,6.198300000000002e-8,0p5,0.5
0.597,6.198300000000002e-8,0p5,0.5
0.598,6.198300000000002e-8,0p5,0.5
0.599,6.198300000000002e-8,0p5,0.5
0.6,6.198300000000002e-8,0p5,0.5
0.601,6.198300000000002e-8,0p5,0.5
0.602,6.198300000000002e-8,0p5,0.5
0.603,6.198300000000002e-8,0p5,0.5
0.604,6.198300000000002e-8,0p5,0.5
0.605,6.198300000000002e-8,0p5,0.5
0.606,6.198300000000002e-8,0p5,0.5
0.607,6.198300000000002e-8,0p5,0.5
0.608,6.198300000000002e-8,0p5,0.5
0.609,6.198300000000002e-8,0p5,0.5
0.61,6.198300000000002e-8,0p5,0.5
0.611,6.198300000000002e-8,0p5,0.5
0.612,6.198300000000002e-8,0p5,0.5
0.613,6.198300000000002e-8,0p5,0.5
0.614,6.198300000000002e-8,0p5,0.5
0.615,6.198300000000002e-8,0p5,0.5
0.616,6.198300000000002e-8,0p5,0.5
0.617,6.198300000000002e-8,0p5,0.5
0.618,6.198300000000002e-8,0p5,0.5
0.619,6.198300000000002e-8,0p5,0.5
0.62,6.198300000000002e-8,0p5,0.5
0.621,6.198300000000002e-8,0p5,0.5
0.622,6.198300000000002e-8,0p5,0.5
0.623,6.198300000000002e-8,0p5,0.5
0.624,6.198300000000002e-8,0p5,0.5
0.625,6.198300000000002e-8,0p5,0.5
0.626,6.198300000000002e-8,0p5,0.5
0.627,6.198300000000002e-8,0p5,0.5
0.628,6.198300000000002e-8,0p5,0.5
0.629,6.198300000000002e-8,0p5,0.5
0.63,6.198300000000002e-8,0p5,0.5
0.631,6.198300000000002e-8,0p5,0.5
0.632,6.198300000000002e-8,0p5,0.5
0.633,6.198300000000002e-8,0p5,0.5
0.634,6.198300000000002e-8,0p5,0.5
0.635,6.198300000000002e-8,0p5,0.5
0.636,6.198300000000002e-8,0p5,0.5
0.637,6.198300000000002e-8,0p5,0.5
0.638,6.198300000000002e-8,0p5,0.5
0.639,6.198300000000002e-8,0p5,0.5
0.64,6.198300000000002e-8,0p5,0.5
0.641,6.198300000000002e-8,0p5,0.5
0.642,6.198300000000002e-8,0p5,0.5
0.643,6.198300000000002e-8,0p5,0.5
0.644,6.198300000000002e-8,0p5,0.5
0.645,6.198300000000002e-8,0p5,0.5
0.646,6.198300000000002e-8,0p5,0.5
0.647,6.198300000000002e-8,0p5,0.5
0.648,6.198300000000002e-8,0p5,0.5
0.649,6.198300000000002e-8,0p5,0.5
0.65,6.198300000000002e-8,0p5,0.5
0.651,6.198300000000002e-8,0p5,0.5
0.652,6.198300000000002e-8,0p5,0.5
0.653,6.198300000000002e-8,0p5,0.5
0.654,6.198300000000002e-8,0p5,0.5
0.655,6.198300000000002e-8,0p5,0.5
0.656,6.198300000000002e-8,0p5,0.5
0.657,6.198300000000002e-8,0p5,0.5
0.658,6.198300000000002e-8,0p5,0.5
0.659,6.198300000000002e-8,0p5,0.5
0.66,6.198300000000002e-8,0p5,0.5
0.661,6.198300000000002e-8,0p5,0.5
0.662,6.198300000000002e-8,0p5,0.5
0.663,6.198300000000002e-8,0p5,0.5
0.664,6.198300000000002e-8,0p5,0.5
0.665,6.198300000000002e-8,0p5,0.5
0.666,6.198300000000002e-8,0p5,0.5
0.667,6.198300000000002e-8,0p5,0.5
0.668,6.198300000000002e-8,0p5,0.5
0.669,6.198300000000002e-8,0p5,0.5
0.67,6.198300000000002e-8,0p5,0.5
0.671,6.198300000000002e-8,0p5,0.5
0.672,6.198300000000002e-8,0p5,0.5
0.673,6.198300000000002e-8,0p5,0.5
0.674,6.198300000000002e-8,0p5,0.5
0.675,6.198300000000002e-8,0p5,0.5
0.676,6.198300000000002e-8,0p5,0.5
0.677,6.198300000000002e-8,0p5,0.5
0.678,6.198300000000002e-8,0p5,0.5
0.679,6.198300000000002e-8,0p5,0.5
0.68,6.198300000000002e-8,0p5,0.5
0.681,6.198300000000002e-8,0p5,0.5
0.682,6.198300000000002e-8,0p5,0.5
0.683,6.198300000000002e-8,0p5,0.5
0.684,6.198300000000002e-8,0p5,0.5
0.685,6.198300000000002e-8,0p5,0.5
0.686,6.198300000000002e-8,0p5,0.5
0.687,6.198300000000002e-8,0p5,0.5
0.688,6.198300000000002e-8,0p5,0.5
0.689,6.198300000000002e-8,0p5,0.5
0.69,6.198300000000002e-8,0p5,0.5
0.691,6.198300000000002e-8,0p5,0.5
0.692,6.198300000000002e-8,0p5,0.5
0.693,6.198300000000002e-8,0p5,0.5
0.694,6.198300000000002e-8,0p5,0.5
0.695,6.198300000000002e-8,0p5,0.5
0.696,6.198300000000002e-8,0p5,0.5
0.697,6.198300000000002e-8,0p5,0.5
0.698,6.198300000000002e-8,0p5,0.5
0.699,6.198300000000002e-8,0p5,0.5
0.7,6.198300000000002e-8,0p5,0.5
0.701,6.198300000000002e-8,0p5,0.5
0.702,6.198300000000002e-8,0p5,0.5
0.703,6.198300000000002e-8,0p5,0.5
0.704,6.198300000000002e-8,0p5,0.5
0.705,6.198300000000002e-8,0p5,0.5
0.706,6.198300000000002e-8,0p5,0.5
0.707,6.198300000000002e-8,0p5,0.5
0.708,6.198300000000002e-8,0p5,0.5
0.709,6.198300000000002e-8,0p5,0.5
0.71,6.198300000000002e-8,0p5,0.5
0.711,6.198300000000002e-8,0p5,0.5
0.712,6.198300000000002e-8,0p5,0.5
0.713,6.198300000000002e-8,0p5,0.5
0.714,6.198300000000002e-8,0p5,0.5
0.715,6.198300000000002e-8,0p5,0.5
0.716,6.198300000000002e-8,0p5,0.5
0.717,6.198300000000002e-8,0p5,0.5
0.718,6.198300000000002e-8,0p5,0.5
0.719,6.198300000000002e-8,0p5,0.5
0.72,6.198300000000002e-8,0p5,0.5
0.721,6.198300000000002e-8,0p5,0.5
0.722,6.198300000000002e-8,0p5,0.5
0.723,6.198300000000002e-8,0p5,0.5
0.724,6.198300000000002e-8,0p5,0.5
0.725,6.198300000000002e-8,0p5,0.5
0.726,6.198300000000002e-8,0p5,0.5
0.727,6.198300000000002e-8,0p5,0.5
0.728,6.198300000000002e-8,0p5,0.5
0.729,6.198300000000002e-8,0p5,0.5
0.73,6.198300000000002e-8,0p5,0.5
0.731,6.198300000000002e-8,0p5,0.5
0.732,6.198300000000002e-8,0p5,0.5
0.733,6.198300000000002e-8,0p5,0.5
0.734,6.198300000000002e-8,0p5,0.5
0.735,6.198300000000002e-8,0p5,0.5
0.736,6.198300000000002e-8,0p5,0.5
0.737,6.198300000000002e-8,0p5,0.5
0.738,6.198300000000002e-8,0p5,0.5
0.739,6.198300000000002e-8,0p5,0.5
0.74,6.198300000000002e-8,0p5,0.5
0.741,6.198300000000002e-8,0p5,0.5
0.742,6.198300000000002e-8,0p5,0.5
0.743,6.198300000000002e-8,0p5,0.5
0.744,6.198300000000002e-8,0p5,0.5
0.745,6.198300000000002e-8,0p5,0.5
0.746,6.198300000000002e-8,0p5,0.5
0.747,6.198300000000002e-8,0p5,0.5
0.748,6.198300000000002e-8,0p5,0.5
0.749,6.198300000000002e-8,0p5,0.5
0.75,6.198300000000002e-8,0p5,0.5
0.751,6.198300000000002e-8,0p5,0.5
0.752,6.198300000000002e-8,0p5,0.5
0.753,6.198300000000002e-8,0p5,0.5
0.754,6.198300000000002e-8,0p5,0.5
0.755,6.198300000000002e-8,0p5,0.5
0.756,6.198300000000002e-8,0p5,0.5
0.757,6.198300000000002e-8,0p5,0.5
0.758,6.198300000000002e-8,0p5,0.5
0.759,6.198300000000002e-8,0p5,0.5
0.76,6.198300000000002e-8,0p5,0.5
0.761,6.198300000000002e-8,0p5,0.5
0.762,6.198300000000002e-8,0p5,0.5
0.763,6.198300000000002e-8,0p5,0.5
0.764,6.198300000000002e-8,0p5,0.5
0.765,6.198300000000002e-8,0p5,0.5
0.766,6.198300000000002e-8,0p5,0.5
0.767,6.198300000000002e-8,0p5,0.5
0.768,6.198300000000002e-8,0p5,0.5
0.769,6.198300000000002e-8,0p5,0.5
0.77,6.198300000000002e-8,0p5,0.5
0.771,6.198300000000002e-8,0p5,0.5
0.772,6.198300000000002e-8,0p5,0.5
0.773,6.198300000000002e-8,0p5,0.5
0.774,6.198300000000002e-8,0p5,0.5
0.775,6.198300000000002e-8,0p5,0.5
0.776,6.198300000000002e-8,0p5,0.5
0.777,6.198300000000002e-8,0p5,0.5
0.778,6.198300000000002e-8,0p5,0.5
0.779,6.198300000000002e-8,0p5,0.5
0.78,6.198300000000002e-8,0p5,0.5
0.781,6.198300000000002e-8,0p5,0.5
0.782,6.198300000000002e-8,0p5,0.5
0.783,6.198300000000002e-8,0p5,0.5
0.784,6.198300000000002e-8,0p5,0.5
0.785,6.198300000000002e-8,0p5,0.5
0.786,6.198300000000002e-8,0p5,0.5
0.787,6.198300000000002e-8,0p5,0.5
0.788,6.198300000000002e-8,0p5,0.5
0.789,6.198300000000002e-8,0p5,0.5
0.79,6.198300000000002e-8,0p5,0.5
0.791,6.198300000000002e-8,0p5,0.5
0.792,6.198300000000002e-8,0p5,0.5
0.793,6.198300000000002e-8,0p5,0.5
0.794,6.198300000000002e-8,0p5,0.5
0.795,6.198300000000002e-8,0p5,0.5
0.796,6.198300000000002e-8,0p5,0.5
0.797,6.198300000000002e-8,0p5,0.5
0.798,6.198300000000002e-8,0p5,0.5
0.799,6.198300000000002e-8,0p5,0.5
0.8,6.198300000000002e-8,0p5,0.5
0.801,6.198300000000002e-8,0p5,0.5
0.802,6.198300000000002e-8,0p5,0.5
0.803,6.198300000000002e-8,0p5,0.5
0.804,6.198300000000002e-8,0p5,0.5
0.805,6.198300000000002e-8,0p5,0.5
0.806,6.198300000000002e-8,0p5,0.5
0.807,6.198300000000002e-8,0p5,0.5
0.808,6.198300000000002e-8,0p5,0.5
0.809,6.198300000000002e-8,0p5,0.5
0.81,6.198300000000002e-8,0p5,0.5
0.811,6.198300000000002e-8,0p5,0.5
0.812,6.198300000000002e-8,0p5,0.5
0.813,6.198300000000002e-8,0p5,0.5
0.814,6.198300000000002e-8,0p5,0.5
0.815,6.198300000000002e-8,0p5,0.5
0.816,6.198300000000002e-8,0p5,0.5
0.817,6.198300000000002e-8,0p5,0.5
0.818,6.198300000000002e-8,0p5,0.5
0.819,6.198300000000002e-8,0p5,0.5
0.82,6.198300000000002e-8,0p5,0.5
0.821,6.198300000000002e-8,0p5,0.5
0.822,6.198300000000002e-8,0p5,0.5
0.823,6.198300000000002e-8,0p5,0.5
0.824,6.198300000000002e-8,0p5,0.5
0.825,6.198300000000002e-8,0p5,0.5
0.826,6.198300000000002e-8,0p5,0.5
0.827,6.198300000000002e-8,0p5,0.5
0.828,6.198300000000002e-8,0p5,0.5
0.829,6.198300000000002e-8,0p5,0.5
0.83,6.198300000000002e-8,0p5,0.5
0.831,6.198300000000002e-8,0p5,0.5
0.832,6.198300000000002e-8,0p5,0.5
0.833,6.198300000000002e-8,0p5,0.5
0.834,6.198300000000002e-8,0p5,0.5
0.835,6.198300000000002e-8,0p5,0.5
0.836,6.198300000000002e-8,0p5,0.5
0.837,6.198300000000002e-8,0p5,0.5
0.838,6.198300000000002e-8,0p5,0.5
0.839,6.198300000000002e-8,0p5,0.5
0.84,6.198300000000002e-8,0p5,0.5
0.841,6.198300000000002e-8,0p5,0.5
0.842,6.198300000000002e-8,0p5,0.5
0.843,6.198300000000002e-8,0p5,0.5
0.844,6.198300000000002e-8,0p5,0.5
0.845,6.198300000000002e-8,0p5,0.5
0.846,6.198300000000002e-8,0p5,0.5
0.847,6.198300000000002e-8,0p5,0.5
0.848,6.198300000000002e-8,0p5,0.5
0.849,6.198300000000002e-8,0p5,0.5
0.85,6.198300000000002e-8,0p5,0.5
0.851,6.198300000000002e-8,0p5,0.5
0.852,6.198300000000002e-8,0p5,0.5
0.853,6.198300000000002e-8,0p5,0.5
0.854,6.198300000000002e-8,0p5,0.5
0.855,6.198300000000002e-8,0p5,0.5
0.856,6.198300000000002e-8,0p5,0.5
0.857,6.198300000000002e-8,0p5,0.5
0.858,6.198300000000002e-8,0p5,0.5
0.859,6.198300000000002e-8,0p5,0.5
0.86,6.198300000000002e-8,0p5,0.5
0.861,6.198300000000002e-8,0p5,0.5
0.862,6.198300000000002e-8,0p5,0.5
0.863,6.198300000000002e-8,0p5,0.5
0.864,6.198300000000002e-8,0p5,0.5
0.865,6.198300000000002e-8,0p5,0.5
0.866,6.198300000000002e-8,0p5,0.5
0.867,6.198300000000002e-8,0p5,0.5
0.868,6.198300000000002e-8,0p5,0.5
0.869,6.198300000000002e-8,0p5,0.5
0.87,6.198300000000002e-8,0p5,0.5
0.871,6.198300000000002e-8,0p5,0.5
0.872,6.198300000000002e-8,0p5,0.5
0.873,6.198300000000002e-8,0p5,0.5
0.874,6.198300000000002e-8,0p5,0.5
0.875,6.198300000000002e-8,0p5,0.5
0.876,6.198300000000002e-8,0p5,0.5
0.877,6.198300000000002e-8,0p5,0.5
0.878,6.198300000000002e-8,0p5,0.5
0.879,6.198300000000002e-8,0p5,0.5
0.88,6.198300000000002e-8,0p5,0.5
0.881,6.198300000000002e-8,0p5,0.5
0.882,6.198300000000002e-8,0p5,0.5
0.883,6.198300000000002e-8,0p5,0.5
0.884,6.198300000000002e-8,0p5,0.5
0.885,6.198300000000002e-8,0p5,0.5
0.886,6.198300000000002e-8,0p5,0.5
0.887,6.198300000000002e-8,0p5,0.5
0.888,6.198300000000002e-8,0p5,0.5
0.889,6.198300000000002e-8,0p5,0.5
0.89,6.198300000000002e-8,0p5,0.5
0.891,6.198300000000002e-8,0p5,0.5
0.892,6.198300000000002e-8,0p5,0.5
0.893,6.198300000000002e-8,0p5,0.5
0.894,6.198300000000002e-8,0p5,0.5
0.895,6.198300000000002e-8,0p5,0.5
0.896,6.198300000000002e-8,0p5,0.5
0.897,6.198300000000002e-8,0p5,0.5
0.898,6.198300000000002e-8,0p5,0.5
0.899,6.198300000000002e-8,0p5,0.5
0.9,6.198300000000002e-8,0p5,0.5
0.901,6.198300000000002e-8,0p5,0.5
0.902,6.198300000000002e-8,0p5,0.5
0.903,6.198300000000002e-8,0p5,0.5
0.904,6.198300000000002e-8,0p5,0.5
0.905,6.198300000000002e-8,0p5,0.5
0.906,6.198300000000002e-8,0p5,0.5
0.907,6.198300000000002e-8,0p5,0.5
0.908,6.198300000000002e-8,0p5,0.5
0.909,6.198300000000002e-8,0p5,0.5
0.91,6.198300000000002e-8,0p5,0.5
0.911,6.198300000000002e-8,0p5,0.5
0.912,6.198300000000002e-8,0p5,0.5
0.913,6.198300000000002e-8,0p5,0.5
0.914,6.198300000000002e-8,0p5,0.5
0.915,6.198300000000002e-8,0p5,0.5
0.916,6.198300000000002e-8,0p5,0.5
0.917,6.198300000000002e-8,0p5,0.5
0.918,6.198300000000002e-8,0p5,0.5
0.919,6.198300000000002e-8,0p5,0.5
0.92,6.198300000000002e-8,0p5,0.5
0.921,6.198300000000002e-8,0p5,0.5
0.922,6.198300000000002e-8,0p5,0.5
0.923,6.198300000000002e-8,0p5,0.5
0.924,6.198300000000002e-8,0p5,0.5
0.925,6.198300000000002e-8,0p5,0.5
0.926,6.198300000000002e-8,0p5,0.5
0.927,6.198300000000002e-8,0p5,0.5
0.928,6.198300000000002e-8,0p5,0.5
0.929,6.198300000000002e-8,0p5,0.5
0.93,6.198300000000002e-8,0p5,0.5
0.931,6.198300000000002e-8,0p5,0.5
0.932,6.198300000000002e-8,0p5,0.5
0.933,6.198300000000002e-8,0p5,0.5
0.934,6.198300000000002e-8,0p5,0.5
0.935,6.198300000000002e-8,0p5,0.5
0.936,6.198300000000002e-8,0p5,0.5
0.937,6.198300000000002e-8,0p5,0.5
0.938,6.198300000000002e-8,0p5,0.5
0.939,6.198300000000002e-8,0p5,0.5
0.94,6.198300000000002e-8,0p5,0.5
0.941,6.198300000000002e-8,0p5,0.5
0.942,6.198300000000002e-8,0p5,0.5
0.943,6.198300000000002e-8,0p5,0.5
0.944,6.198300000000002e-8,0p5,0.5
0.945,6.198300000000002e-8,0p5,0.5
0.946,6.198300000000002e-8,0p5,0.5
0.947,6.198300000000002e-8,0p5,0.5
0.948,6.198300000000002e-8,0p5,0.5
0.949,6.198300000000002e-8,0p5,0.5
0.95,6.198300000000002e-8,0p5,0.5
0.951,6.198300000000002e-8,0p5,0.5
0.952,6.198300000000002e-8,0p5,0.5
0.953,6.198300000000002e-8,0p5,0.5
0.954,6.198300000000002e-8,0p5,0.5
0.955,6.198300000000002e-8,0p5,0.5
0.956,6.198300000000002e-8,0p5,0.5
0.957,6.198300000000002e-8,0p5,0.5
0.958,6.198300000000002e-8,0p5,0.5
0.959,6.198300000000002e-8,0p5,0.5
0.96,6.198300000000002e-8,0p5,0.5
0.961,6.198300000000002e-8,0p5,0.5
0.962,6.198300000000002e-8,0p5,0.5
0.963,6.198300000000002e-8,0p5,0.5
0.964,6.198300000000002e-8,0p5,0.5
0.965,6.198300000000002e-8,0p5,0.5
0.966,6.198300000000002e-8,0p5,0.5
0.967,6.198300000000002e-8,0p5,0.5
0.968,6.198300000000002e-8,0p5,0.5
0.969,6.198300000000002e-8,0p5,0.5
0.97,6.198300000000002e-8,0p5,0.5
0.971,6.198300000000002e-8,0p5,0.5
0.972,6.198300000000002e-8,0p5,0.5
0.973,6.198300000000002e-8,0p5,0.5
0.974,6.198300000000002e-8,0p5,0.5
0.975,6.198300000000002e-8,0p5,0.5
0.976,6.198300000000002e-8,0p5,0.5
0.977,6.198300000000002e-8,0p5,0.5
0.978,6.198300000000002e-8,0p5,0.5
0.979,6.198300000000002e-8,0p5,0.5
0.98,6.198300000000002e-8,0p5,0.5
0.981,6.198300000000002e-8,0p5,0.5
0.982,6.198300000000002e-8,0p5,0.5
0.983,6.198300000000002e-8,0p5,0.5
0.984,6.198300000000002e-8,0p5,0.5
0.985,6.198300000000002e-8,0p5,0.5
0.986,6.198300000000002e-8,0p5,0.5
0.987,6.198300000000002e-8,0p5,0.5
0.988,6.198300000000002e-8,0p5,0.5
0.989,6.198300000000002e-8,0p5,0.5
0.99,6.198300000000002e-8,0p5,0.5
0.991,6.198300000000002e-8,0p5,0.5
0.992,6.198300000000002e-8,0p5,0.5
0.993,6.198300000000002e-8,0p5,0.5
0.994,6.198300000000002e-8,0p5,0.5
0.995,6.198300000000002e-8,0p5,0.5
0.996,6.198300000000002e-8,0p5,0.5
0.997,6.198300000000002e-8,0p5,0.5
0.998,6.198300000000002e-8,0p5,0.5
0.999,6.198300000000002e-8,0p5,0.5
1.0,6.198300000000002e-8,0p5,0.5
1.000000002000481,6.198300000000002e-8,0p5,0.5
1.000000002000481,6.198300000000002e-8,0p5,0.5
1.001,6.206192430946115e-8,0p5,0.5
1.002,6.229108084672998e-8,0p5,0.5
1.003,6.2657493048328e-8,0p5,0.5
1.004,6.314119949723402e-8,0p5,0.5
1.005,6.372510907306115e-8,0p5,0.5
1.006,6.439834366389976e-8,0p5,0.5
1.007,6.515307757208329e-8,0p5,0.5
1.008,6.598295095396693e-8,0p5,0.5
1.009,6.688197977141953e-8,0p5,0.5
1.01,6.78443323697446e-8,0p5,0.5
1.011,6.886420247054954e-8,0p5,0.5
1.012,6.99357545787618e-8,0p5,0.5
1.013,7.104963079525761e-8,0p5,0.5
1.014,7.217409607036459e-8,0p5,0.5
1.015,7.329835152612202e-8,0p5,0.5
1.016,7.442249368174637e-8,0p5,0.5
1.017,7.554721574463846e-8,0p5,0.5
1.018,7.66731560834024e-8,0p5,0.5
1.019,7.780083360429275e-8,0p5,0.5
1.02,7.892899849014985e-8,0p5,0.5
1.021,8.00176988960561e-8,0p5,0.5
1.022,8.104365244413802e-8,0p5,0.5
1.023,8.200843396559814e-8,0p5,0.5
1.024,8.291555548438393e-8,0p5,0.5
1.025,8.376858236740439e-8,0p5,0.5
1.026,8.457068337226079e-8,0p5,0.5
1.027,8.532519776468561e-8,0p5,0.5
1.028,8.603488837354013e-8,0p5,0.5
1.029,8.670252972741083e-8,0p5,0.5
1.03,8.733076272767845e-8,0p5,0.5
1.031,8.792186715756916e-8,0p5,0.5
1.032,8.847821650712664e-8,0p5,0.5
1.033,8.900183957344398e-8,0p5,0.5
1.034,8.949469463198712e-8,0p5,0.5
1.035,8.995871309539261e-8,0p5,0.5
1.036,9.039552922113382e-8,0p5,0.5
1.037,9.080683843258856e-8,0p5,0.5
1.038,9.119434095629667e-8,0p5,0.5
1.039,9.155943718173148e-8,0p5,0.5
1.04,9.190339937690662e-8,0p5,0.5
1.041,9.222732051451652e-8,0p5,0.5
1.042,9.253239762368205e-8,0p5,0.5
1.043,9.281970650436553e-8,0p5,0.5
1.044,9.309042006801183e-8,0p5,0.5
1.045,9.334546825654787e-8,0p5,0.5
1.046,9.358566071624234e-8,0p5,0.5
1.047,9.381189884939855e-8,0p5,0.5
1.048,9.402503569501196e-8,0p5,0.5
1.049,9.422596438144872e-8,0p5,0.5
1.05,9.441521468307974e-8,0p5,0.5
1.051,9.459349385778372e-8,0p5,0.5
1.052,9.476146264927505e-8,0p5,0.5
1.053,9.491981514119834e-8,0p5,0.5
1.054,9.506902944991727e-8,0p5,0.5
1.055,9.520960828795241e-8,0p5,0.5
1.056,9.53420706638023e-8,0p5,0.5
1.057,9.546692927638838e-8,0p5,0.5
1.058,9.558464576842363e-8,0p5,0.5
1.059,9.569555863133565e-8,0p5,0.5
1.06,9.580007625032013e-8,0p5,0.5
1.061,9.589858050473872e-8,0p5,0.5
1.062,9.599148431515065e-8,0p5,0.5
1.063,9.607903412171797e-8,0p5,0.5
1.064,9.616154113119873e-8,0p5,0.5
1.065,9.623930627983686e-8,0p5,0.5
1.066,9.63126383273719e-8,0p5,0.5
1.067,9.63817766285372e-8,0p5,0.5
1.068,9.644693614699677e-8,0p5,0.5
1.069,9.650839340572708e-8,0p5,0.5
1.07,9.656656196912648e-8,0p5,0.5
1.071,9.662134705135222e-8,0p5,0.5
1.072,9.667306512673305e-8,0p5,0.5
1.073,9.67217911515032e-8,0p5,0.5
1.074,9.676761930351614e-8,0p5,0.5
1.075,9.681100857380186e-8,0p5,0.5
1.076,9.685173494420454e-8,0p5,0.5
1.077,9.689033365980899e-8,0p5,0.5
1.078,9.692659018864424e-8,0p5,0.5
1.079,9.696081354060372e-8,0p5,0.5
1.08,9.699308822526116e-8,0p5,0.5
1.081,9.702344538963384e-8,0p5,0.5
1.082,9.705216389396851e-8,0p5,0.5
1.083,9.707910909914258e-8,0p5,0.5
1.084,9.710465442579753e-8,0p5,0.5
1.085,9.712864915332526e-8,0p5,0.5
1.086,9.715130324573e-8,0p5,0.5
1.087,9.71726686037206e-8,0p5,0.5
1.088,9.71927690957926e-8,0p5,0.5
1.089,9.721178726986649e-8,0p5,0.5
1.09,9.722963562993426e-8,0p5,0.5
1.091,9.724655972330764e-8,0p5,0.5
1.092,9.726245984368533e-8,0p5,0.5
1.093,9.727747683590223e-8,0p5,0.5
1.094,9.729164192112607e-8,0p5,0.5
1.095,9.730497321492548e-8,0p5,0.5
1.096,9.731758927891079e-8,0p5,0.5
1.097,9.732943377962599e-8,0p5,0.5
1.098,9.734066767211991e-8,0p5,0.5
1.099,9.735122523269773e-8,0p5,0.5
1.1,9.736120081597228e-8,0p5,0.5
1.101,9.737061299522998e-8,0p5,0.5
1.102,9.737947533109336e-8,0p5,0.5
1.103,9.738786476343238e-8,0p5,0.5
1.104,9.739574508991324e-8,0p5,0.5
1.105,9.740322179156089e-8,0p5,0.5
1.106,9.741025156637507e-8,0p5,0.5
1.107,9.741689762306395e-8,0p5,0.5
1.108,9.742317087517868e-8,0p5,0.5
1.109,9.742908134875982e-8,0p5,0.5
1.11,9.743467895924108e-8,0p5,0.5
1.111,9.74399404694874e-8,0p5,0.5
1.112,9.74449350062912e-8,0p5,0.5
1.113,9.744963404462246e-8,0p5,0.5
1.114,9.745410565626502e-8,0p5,0.5
1.115,9.745835998385694e-8,0p5,0.5
1.116,9.746237994252378e-8,0p5,0.5
1.117,9.746616553868554e-8,0p5,0.5
1.118,9.746972206184727e-8,0p5,0.5
1.119,9.747313527238883e-8,0p5,0.5
1.12,9.7476347375274e-8,0p5,0.5
1.121,9.747935837441098e-8,0p5,0.5
1.122,9.748216827331941e-8,0p5,0.5
1.123,9.748487976797844e-8,0p5,0.5
1.124,9.748744870124303e-8,0p5,0.5
1.125,9.748986300722899e-8,0p5,0.5
1.126,9.749212268773246e-8,0p5,0.5
1.127,9.749428103035627e-8,0p5,0.5
1.128,9.749633721533124e-8,0p5,0.5
1.129,9.749827107050101e-8,0p5,0.5
1.13,9.750008259671903e-8,0p5,0.5
1.131,9.750180189561005e-8,0p5,0.5
1.132,9.750345093939231e-8,0p5,0.5
1.133,9.750500433652501e-8,0p5,0.5
1.134,9.750646208733067e-8,0p5,0.5
1.135,9.750783772579357e-8,0p5,0.5
1.136,9.750916478762852e-8,0p5,0.5
1.137,9.751041721032653e-8,0p5,0.5
1.138,9.751159499393211e-8,0p5,0.5
1.139,9.751270140311764e-8,0p5,0.5
1.14,9.751377418769751e-8,0p5,0.5
1.141,9.751478879381941e-8,0p5,0.5
1.142,9.751574522139508e-8,0p5,0.5
1.143,9.751664347030951e-8,0p5,0.5
1.144,9.75175128639329e-8,0p5,0.5
1.145,9.751833959831506e-8,0p5,0.5
1.146,9.751912098415268e-8,0p5,0.5
1.147,9.751985702129e-8,0p5,0.5
1.148,9.752056487711971e-8,0p5,0.5
1.149,9.752124314387048e-8,0p5,0.5
1.15,9.752188603920041e-8,0p5,0.5
1.151,9.752249356295024e-8,0p5,0.5
1.152,9.752307496621581e-8,0p5,0.5
1.153,9.752363581093983e-8,0p5,0.5
1.154,9.752416903353929e-8,0p5,0.5
1.155,9.752467463386882e-8,0p5,0.5
1.156,9.752515906398e-8,0p5,0.5
1.157,9.752563605861853e-8,0p5,0.5
1.158,9.75260945843605e-8,0p5,0.5
1.159,9.752653464109973e-8,0p5,0.5
1.16,9.752695622872876e-8,0p5,0.5
1.161,9.752735934713888e-8,0p5,0.5
1.162,9.752774399622014e-8,0p5,0.5
1.163,9.75281101758614e-8,0p5,0.5
1.164,9.752845788595022e-8,0p5,0.5
1.165,9.752880642310993e-8,0p5,0.5
1.166,9.752914242101814e-8,0p5,0.5
1.167,9.752946443973333e-8,0p5,0.5
1.168,9.752977247916919e-8,0p5,0.5
1.169,9.753006653923891e-8,0p5,0.5
1.17,9.753034661985545e-8,0p5,0.5
1.171,9.753061272093125e-8,0p5,0.5
1.172,9.753086484237854e-8,0p5,0.5
1.173,9.753111480340202e-8,0p5,0.5
1.174,9.75313649516868e-8,0p5,0.5
1.175,9.75316060908925e-8,0p5,0.5
1.176,9.753183822096403e-8,0p5,0.5
1.177,9.75320613418464e-8,0p5,0.5
1.178,9.75322754534847e-8,0p5,0.5
1.179,9.753248055582427e-8,0p5,0.5
1.18,9.753267664881052e-8,0p5,0.5
1.181,9.753286574504411e-8,0p5,0.5
1.182,9.753305977000595e-8,0p5,0.5
1.183,9.753324808250158e-8,0p5,0.5
1.184,9.753343068249876e-8,0p5,0.5
1.185,9.75336075699654e-8,0p5,0.5
1.186,9.753377874486965e-8,0p5,0.5
1.187,9.753394420717981e-8,0p5,0.5
1.188,9.753410395686461e-8,0p5,0.5
1.189,9.753425799389268e-8,0p5,0.5
1.19,9.753441344884408e-8,0p5,0.5
1.191,9.753456734299274e-8,0p5,0.5
1.192,9.753471759533722e-8,0p5,0.5
1.193,9.75348642058601e-8,0p5,0.5
1.194,9.753500717454407e-8,0p5,0.5
1.195,9.753514650137202e-8,0p5,0.5
1.196,9.753528218632704e-8,0p5,0.5
1.197,9.753541422939231e-8,0p5,0.5
1.198,9.753554463415694e-8,0p5,0.5
1.199,9.753567576725001e-8,0p5,0.5
1.2,9.753580451852204e-8,0p5,0.5
1.201,9.753593088796424e-8,0p5,0.5
1.202,9.753605487556797e-8,0p5,0.5
1.203,9.753617648132466e-8,0p5,0.5
1.204,9.753629570522575e-8,0p5,0.5
1.205,9.753641254726295e-8,0p5,0.5
1.206,9.753652700742788e-8,0p5,0.5
1.207,9.753664252030511e-8,0p5,0.5
1.208,9.753675648873262e-8,0p5,0.5
1.209,9.753686882894172e-8,0p5,0.5
1.21,9.753697954092851e-8,0p5,0.5
1.211,9.753708862468924e-8,0p5,0.5
1.212,9.753719608022002e-8,0p5,0.5
1.213,9.753730190751728e-8,0p5,0.5
1.214,9.753740610657726e-8,0p5,0.5
1.215,9.75375098515158e-8,0p5,0.5
1.216,9.753761316125154e-8,0p5,0.5
1.217,9.75377152912029e-8,0p5,0.5
1.218,9.753781624136854e-8,0p5,0.5
1.219,9.753791601174722e-8,0p5,0.5
1.22,9.75380146023377e-8,0p5,0.5
1.221,9.753811201313876e-8,0p5,0.5
1.222,9.753820824414916e-8,0p5,0.5
1.223,9.753830361107369e-8,0p5,0.5
1.224,9.753839933953438e-8,0p5,0.5
1.225,9.753849426807771e-8,0p5,0.5
1.226,9.753858839670424e-8,0p5,0.5
1.227,9.753868172541428e-8,0p5,0.5
1.228,9.75387742542082e-8,0p5,0.5
1.229,9.75388659830865e-8,0p5,0.5
1.23,9.753895691204957e-8,0p5,0.5
1.231,9.75390470410978e-8,0p5,0.5
1.232,9.753913637023166e-8,0p5,0.5
1.233,9.753922489945153e-8,0p5,0.5
1.234,9.753931262875788e-8,0p5,0.5
1.235,9.753939955815115e-8,0p5,0.5
1.236,9.753948568763177e-8,0p5,0.5
1.237,9.753957101720012e-8,0p5,0.5
1.238,9.753965554685673e-8,0p5,0.5
1.239,9.7539739276602e-8,0p5,0.5
1.24,9.753982264605466e-8,0p5,0.5
1.241,9.753990592553297e-8,0p5,0.5
1.242,9.753998852866124e-8,0p5,0.5
1.243,9.754007045544018e-8,0p5,0.5
1.244,9.754015170587058e-8,0p5,0.5
1.245,9.754023227995313e-8,0p5,0.5
1.246,9.754031217768857e-8,0p5,0.5
1.247,9.754039139907764e-8,0p5,0.5
1.248,9.754046994412101e-8,0p5,0.5
1.249,9.754054781281948e-8,0p5,0.5
1.25,9.75406250051737e-8,0p5,0.5
1.251,9.754070152118443e-8,0p5,0.5
1.252,9.754077736085243e-8,0p5,0.5
1.253,9.754085252417838e-8,0p5,0.5
1.254,9.754092701116297e-8,0p5,0.5
1.255,9.754100082180694e-8,0p5,0.5
1.256,9.754107395611103e-8,0p5,0.5
1.257,9.754114717769063e-8,0p5,0.5
1.258,9.754122027657511e-8,0p5,0.5
1.259,9.754129283743285e-8,0p5,0.5
1.26,9.754136486026471e-8,0p5,0.5
1.261,9.754143634507169e-8,0p5,0.5
1.262,9.754150729185461e-8,0p5,0.5
1.263,9.754157770061446e-8,0p5,0.5
1.264,9.754164757135208e-8,0p5,0.5
1.265,9.754171690406836e-8,0p5,0.5
1.266,9.754178569876417e-8,0p5,0.5
1.267,9.75418539554405e-8,0p5,0.5
1.268,9.754192167409811e-8,0p5,0.5
1.269,9.754198885473793e-8,0p5,0.5
1.27,9.754205549736081e-8,0p5,0.5
1.271,9.754212160196759e-8,0p5,0.5
1.272,9.754218716855916e-8,0p5,0.5
1.273,9.754225219713637e-8,0p5,0.5
1.274,9.754231692847525e-8,0p5,0.5
1.275,9.754238119249335e-8,0p5,0.5
1.276,9.754244495046408e-8,0p5,0.5
1.277,9.754250820238834e-8,0p5,0.5
1.278,9.754257110944106e-8,0p5,0.5
1.279,9.754263367726283e-8,0p5,0.5
1.28,9.75426958397477e-8,0p5,0.5
1.281,9.754275759689654e-8,0p5,0.5
1.282,9.754281894871018e-8,0p5,0.5
1.283,9.754287989518946e-8,0p5,0.5
1.284,9.754294043633528e-8,0p5,0.5
1.285,9.754300057214836e-8,0p5,0.5
1.286,9.754306028739516e-8,0p5,0.5
1.287,9.75431195480711e-8,0p5,0.5
1.288,9.754317839576013e-8,0p5,0.5
1.289,9.754323684795068e-8,0p5,0.5
1.29,9.754329489591024e-8,0p5,0.5
1.291,9.754335246636637e-8,0p5,0.5
1.292,9.754340942065092e-8,0p5,0.5
1.293,9.754346582220257e-8,0p5,0.5
1.294,9.75435216565904e-8,0p5,0.5
1.295,9.754357749094555e-8,0p5,0.5
1.296,9.754363213111707e-8,0p5,0.5
1.297,9.75436858824004e-8,0p5,0.5
1.298,9.75437396336536e-8,0p5,0.5
1.299,9.754379338487661e-8,0p5,0.5
1.3,9.754384713606948e-8,0p5,0.5
1.301,9.754390088723218e-8,0p5,0.5
1.302,9.754395308742134e-8,0p5,0.5
1.303,9.754400482850911e-8,0p5,0.5
1.304,9.754405656956898e-8,0p5,0.5
1.305,9.754410831060092e-8,0p5,0.5
1.306,9.7544160051605e-8,0p5,0.5
1.307,9.754421179258116e-8,0p5,0.5
1.308,9.754426165345389e-8,0p5,0.5
1.309,9.754431145601936e-8,0p5,0.5
1.31,9.754436125855905e-8,0p5,0.5
1.311,9.75444110610729e-8,0p5,0.5
1.312,9.754446086356095e-8,0p5,0.5
1.313,9.754451054097346e-8,0p5,0.5
1.314,9.754455945477013e-8,0p5,0.5
1.315,9.754460811956027e-8,0p5,0.5
1.316,9.754465653534421e-8,0p5,0.5
1.317,9.754470470212235e-8,0p5,0.5
1.318,9.754475261989505e-8,0p5,0.5
1.319,9.754480028866271e-8,0p5,0.5
1.32,9.754484770842569e-8,0p5,0.5
1.321,9.754489487918434e-8,0p5,0.5
1.322,9.754494180093908e-8,0p5,0.5
1.323,9.754498847369027e-8,0p5,0.5
1.324,9.754503489743827e-8,0p5,0.5
1.325,9.754508095665259e-8,0p5,0.5
1.326,9.75451266515815e-8,0p5,0.5
1.327,9.754517206389443e-8,0p5,0.5
1.328,9.754521719359181e-8,0p5,0.5
1.329,9.754526204067405e-8,0p5,0.5
1.33,9.754530660514156e-8,0p5,0.5
1.331,9.754535088699473e-8,0p5,0.5
1.332,9.75453948862339e-8,0p5,0.5
1.333,9.754543860285955e-8,0p5,0.5
1.334,9.754548203687197e-8,0p5,0.5
1.335,9.754552518827166e-8,0p5,0.5
1.336,9.754556805705892e-8,0p5,0.5
1.337,9.754561070494027e-8,0p5,0.5
1.338,9.754565308269505e-8,0p5,0.5
1.339,9.754569518805314e-8,0p5,0.5
1.34,9.754573702101485e-8,0p5,0.5
1.341,9.754577858158056e-8,0p5,0.5
1.342,9.75458198697506e-8,0p5,0.5
1.343,9.754586088552535e-8,0p5,0.5
1.344,9.754590162890517e-8,0p5,0.5
1.345,9.754594209989034e-8,0p5,0.5
1.346,9.754598229848126e-8,0p5,0.5
1.347,9.754602222467826e-8,0p5,0.5
1.348,9.754606187848171e-8,0p5,0.5
1.349,9.754610125989189e-8,0p5,0.5
1.35,9.754614036890916e-8,0p5,0.5
1.351,9.754617920553389e-8,0p5,0.5
1.352,9.754621776976635e-8,0p5,0.5
1.353,9.754625606160691e-8,0p5,0.5
1.354,9.754629408105585e-8,0p5,0.5
1.355,9.754633182811358e-8,0p5,0.5
1.356,9.754636930278034e-8,0p5,0.5
1.357,9.754640650505647e-8,0p5,0.5
1.358,9.754644343494228e-8,0p5,0.5
1.359,9.754648009243812e-8,0p5,0.5
1.36,9.754651673084165e-8,0p5,0.5
1.361,9.754655320368826e-8,0p5,0.5
1.362,9.754658943215334e-8,0p5,0.5
1.363,9.754662541623708e-8,0p5,0.5
1.364,9.754666115593983e-8,0p5,0.5
1.365,9.754669665126184e-8,0p5,0.5
1.366,9.754673190220334e-8,0p5,0.5
1.367,9.754676690876467e-8,0p5,0.5
1.368,9.754680167094605e-8,0p5,0.5
1.369,9.754683618874776e-8,0p5,0.5
1.37,9.754687046217003e-8,0p5,0.5
1.371,9.754690449121316e-8,0p5,0.5
1.372,9.754693827587741e-8,0p5,0.5
1.373,9.754697181616304e-8,0p5,0.5
1.374,9.754700511207025e-8,0p5,0.5
1.375,9.754703816359938e-8,0p5,0.5
1.376,9.754707097075061e-8,0p5,0.5
1.377,9.754710353352421e-8,0p5,0.5
1.378,9.754713585192048e-8,0p5,0.5
1.379,9.754716792593958e-8,0p5,0.5
1.38,9.754719975558179e-8,0p5,0.5
1.381,9.754723134084738e-8,0p5,0.5
1.382,9.754726268173655e-8,0p5,0.5
1.383,9.754729398850759e-8,0p5,0.5
1.384,9.754732524921178e-8,0p5,0.5
1.385,9.754735629783399e-8,0p5,0.5
1.386,9.754738713437433e-8,0p5,0.5
1.387,9.754741775883307e-8,0p5,0.5
1.388,9.75474481712104e-8,0p5,0.5
1.389,9.754747837150653e-8,0p5,0.5
1.39,9.754750835972161e-8,0p5,0.5
1.391,9.754753813585592e-8,0p5,0.5
1.392,9.754756769990958e-8,0p5,0.5
1.393,9.754759705188286e-8,0p5,0.5
1.394,9.754762619177586e-8,0p5,0.5
1.395,9.754765511958881e-8,0p5,0.5
1.396,9.754768383532197e-8,0p5,0.5
1.397,9.754771233897542e-8,0p5,0.5
1.398,9.754774063054942e-8,0p5,0.5
1.399,9.754776871004412e-8,0p5,0.5
1.4,9.754779657745976e-8,0p5,0.5
1.401,9.754782423279644e-8,0p5,0.5
1.402,9.754785167605441e-8,0p5,0.5
1.403,9.754787890723384e-8,0p5,0.5
1.404,9.754790592633488e-8,0p5,0.5
1.405,9.754793273335772e-8,0p5,0.5
1.406,9.754795944815593e-8,0p5,0.5
1.407,9.754798620201741e-8,0p5,0.5
1.408,9.754801277361216e-8,0p5,0.5
1.409,9.754803916294041e-8,0p5,0.5
1.41,9.75480653700022e-8,0p5,0.5
1.411,9.754809139479778e-8,0p5,0.5
1.412,9.754811723732723e-8,0p5,0.5
1.413,9.754814289759074e-8,0p5,0.5
1.414,9.754816837558842e-8,0p5,0.5
1.415,9.754819367132042e-8,0p5,0.5
1.416,9.754821878478691e-8,0p5,0.5
1.417,9.754824371598798e-8,0p5,0.5
1.418,9.754826846492385e-8,0p5,0.5
1.419,9.754829303159462e-8,0p5,0.5
1.42,9.75483174160004e-8,0p5,0.5
1.421,9.754834161814137e-8,0p5,0.5
1.422,9.754836563801762e-8,0p5,0.5
1.423,9.754838947562934e-8,0p5,0.5
1.424,9.754841313097664e-8,0p5,0.5
1.425,9.754843660405965e-8,0p5,0.5
1.426,9.754845989487853e-8,0p5,0.5
1.427,9.754848300343337e-8,0p5,0.5
1.428,9.754850592972431e-8,0p5,0.5
1.429,9.754852871503803e-8,0p5,0.5
1.43,9.754855159805577e-8,0p5,0.5
1.431,9.754857432506016e-8,0p5,0.5
1.432,9.75485968960513e-8,0p5,0.5
1.433,9.754861931102927e-8,0p5,0.5
1.434,9.754864156999426e-8,0p5,0.5
1.435,9.754866367294629e-8,0p5,0.5
1.436,9.754868561988552e-8,0p5,0.5
1.437,9.754870741081204e-8,0p5,0.5
1.438,9.754872904572597e-8,0p5,0.5
1.439,9.75487505246274e-8,0p5,0.5
1.44,9.754877184751643e-8,0p5,0.5
1.441,9.754879301439317e-8,0p5,0.5
1.442,9.754881402525774e-8,0p5,0.5
1.443,9.754883488011021e-8,0p5,0.5
1.444,9.754885557895067e-8,0p5,0.5
1.445,9.75488761217793e-8,0p5,0.5
1.446,9.754889650859609e-8,0p5,0.5
1.447,9.754891673940123e-8,0p5,0.5
1.448,9.754893681419478e-8,0p5,0.5
1.449,9.75489567329768e-8,0p5,0.5
1.45,9.754897649574749e-8,0p5,0.5
1.451,9.754899610250685e-8,0p5,0.5
1.452,9.754901555325501e-8,0p5,0.5
1.453,9.754903510209802e-8,0p5,0.5
1.454,9.754905453649887e-8,0p5,0.5
1.455,9.754907383757811e-8,0p5,0.5
1.456,9.754909300533573e-8,0p5,0.5
1.457,9.754911203977192e-8,0p5,0.5
1.458,9.754913094088665e-8,0p5,0.5
1.459,9.754914970868005e-8,0p5,0.5
1.46,9.754916834315218e-8,0p5,0.5
1.461,9.754918684430318e-8,0p5,0.5
1.462,9.754920521213301e-8,0p5,0.5
1.463,9.754922344664187e-8,0p5,0.5
1.464,9.754924154782975e-8,0p5,0.5
1.465,9.754925951569676e-8,0p5,0.5
1.466,9.754927735024294e-8,0p5,0.5
1.467,9.754929505146842e-8,0p5,0.5
1.468,9.754931261937323e-8,0p5,0.5
1.469,9.754933005395748e-8,0p5,0.5
1.47,9.75493473552212e-8,0p5,0.5
1.471,9.754936452316448e-8,0p5,0.5
1.472,9.75493815577874e-8,0p5,0.5
1.473,9.754939845909001e-8,0p5,0.5
1.474,9.754941522707239e-8,0p5,0.5
1.475,9.754943186173464e-8,0p5,0.5
1.476,9.754944853106449e-8,0p5,0.5
1.477,9.754946514871335e-8,0p5,0.5
1.478,9.754948165250673e-8,0p5,0.5
1.479,9.75494980424446e-8,0p5,0.5
1.48,9.754951431852705e-8,0p5,0.5
1.481,9.754953048075414e-8,0p5,0.5
1.482,9.754954652912595e-8,0p5,0.5
1.483,9.754956246364249e-8,0p5,0.5
1.484,9.754957828430384e-8,0p5,0.5
1.485,9.754959399111006e-8,0p5,0.5
1.486,9.754960958406121e-8,0p5,0.5
1.487,9.754962506315733e-8,0p5,0.5
1.488,9.754964042839852e-8,0p5,0.5
1.489,9.754965567978475e-8,0p5,0.5
1.49,9.754967081731614e-8,0p5,0.5
1.491,9.754968584099271e-8,0p5,0.5
1.492,9.754970075081454e-8,0p5,0.5
1.493,9.754971554678165e-8,0p5,0.5
1.494,9.754973022889413e-8,0p5,0.5
1.495,9.754974479715202e-8,0p5,0.5
1.496,9.754975925155533e-8,0p5,0.5
1.497,9.754977359210417e-8,0p5,0.5
1.498,9.754978781879859e-8,0p5,0.5
1.499,9.754980203326083e-8,0p5,0.5
1.5,9.754981624230603e-8,0p5,0.5
1.500000003000721,9.754981624234839e-8,0p5,0.5
1.500000003000721,9.754981624234839e-8,0p5,0.5
1.501,9.864175227888007e-8,0p5,0.5
1.502,9.906520960554316e-8,0p5,0.5
1.503,9.922940595496342e-8,0p5,0.5
1.504,9.922092872959829e-8,0p5,0.5
1.505,9.894663622614233e-8,0p5,0.5
1.506,9.846383278784427e-8,0p5,0.5
1.507,9.782602263270592e-8,0p5,0.5
1.508,9.706948998401053e-8,0p5,0.5
1.509,9.622315946189925e-8,0p5,0.5
1.51,9.531025227901797e-8,0p5,0.5
1.511,9.434945709363143e-8,0p5,0.5
1.512,9.335593736917555e-8,0p5,0.5
1.513,9.234211037017965e-8,0p5,0.5
1.514,9.133943952068594e-8,0p5,0.5
1.515,9.037598024675634e-8,0p5,0.5
1.516,8.945672870332011e-8,0p5,0.5
1.517,8.858000239058225e-8,0p5,0.5
1.518,8.77411171674941e-8,0p5,0.5
1.519,8.69281742899187e-8,0p5,0.5
1.52,8.612400073879799e-8,0p5,0.5
1.521,8.532550691092822e-8,0p5,0.5
1.522,8.453299941932418e-8,0p5,0.5
1.523,8.374790142416712e-8,0p5,0.5
1.524,8.297177259471078e-8,0p5,0.5
1.525,8.220601003101931e-8,0p5,0.5
1.526,8.145183209779472e-8,0p5,0.5
1.527,8.071027595047299e-8,0p5,0.5
1.528,7.998220638953838e-8,0p5,0.5
1.529,7.926832252702199e-8,0p5,0.5
1.53,7.856918392213078e-8,0p5,0.5
1.531,7.788523519608293e-8,0p5,0.5
1.532,7.721680944055114e-8,0p5,0.5
1.533,7.656415230235531e-8,0p5,0.5
1.534,7.592743873108449e-8,0p5,0.5
1.535,7.530675854913965e-8,0p5,0.5
1.536,7.470217224990727e-8,0p5,0.5
1.537,7.411366049292347e-8,0p5,0.5
1.538,7.354118744741068e-8,0p5,0.5
1.539,7.298466994626645e-8,0p5,0.5
1.54,7.244398735050716e-8,0p5,0.5
1.541,7.191901590199237e-8,0p5,0.5
1.542,7.140957227649142e-8,0p5,0.5
1.543,7.091549697877174e-8,0p5,0.5
1.544,7.043658173991713e-8,0p5,0.5
1.545,6.997261810385507e-8,0p5,0.5
1.546,6.95233844908622e-8,0p5,0.5
1.547,6.908861695534422e-8,0p5,0.5
1.548,6.866806663129988e-8,0p5,0.5
1.549,6.826129665779081e-8,0p5,0.5
1.55,6.786811737013685e-8,0p5,0.5
1.551,6.748825585985766e-8,0p5,0.5
1.552,6.712131349204061e-8,0p5,0.5
1.553,6.676691460663152e-8,0p5,0.5
1.554,6.642479114193544e-8,0p5,0.5
1.555,6.609459670117008e-8,0p5,0.5
1.556,6.577597396833998e-8,0p5,0.5
1.557,6.546855178160516e-8,0p5,0.5
1.558,6.517194684486203e-8,0p5,0.5
1.559,6.488588566369617e-8,0p5,0.5
1.56,6.461002093351808e-8,0p5,0.5
1.561,6.43440115443635e-8,0p5,0.5
1.562,6.408749427217768e-8,0p5,0.5
1.563,6.384016207143279e-8,0p5,0.5
1.564,6.36017400416448e-8,0p5,0.5
1.565,6.337191707806372e-8,0p5,0.5
1.566,6.315039144265187e-8,0p5,0.5
1.567,6.293683323497649e-8,0p5,0.5
1.568,6.273100947292183e-8,0p5,0.5
1.569,6.253266249223414e-8,0p5,0.5
1.57,6.234152639495385e-8,0p5,0.5
1.571,6.215734471716146e-8,0p5,0.5
1.572,6.197983231203197e-8,0p5,0.5
1.573,6.180881628434647e-8,0p5,0.5
1.574,6.164406624686666e-8,0p5,0.5
1.575,6.148536119366317e-8,0p5,0.5
1.576,6.133247754745001e-8,0p5,0.5
1.577,6.118520870451526e-8,0p5,0.5
1.578,6.104339503372592e-8,0p5,0.5
1.579,6.090684763552434e-8,0p5,0.5
1.58,6.077538581184736e-8,0p5,0.5
1.581,6.064881924001986e-8,0p5,0.5
1.582,6.052700021565918e-8,0p5,0.5
1.583,6.040978602311958e-8,0p5,0.5
1.584,6.029702331707801e-8,0p5,0.5
1.585,6.018856558913665e-8,0p5,0.5
1.586,6.0084253194271e-8,0p5,0.5
1.587,5.998398103603849e-8,0p5,0.5
1.588,5.988762418540335e-8,0p5,0.5
1.589,5.979505857227914e-8,0p5,0.5
1.59,5.970616287502205e-8,0p5,0.5
1.591,5.962081251992332e-8,0p5,0.5
1.592,5.953892414766643e-8,0p5,0.5
1.593,5.946039252732007e-8,0p5,0.5
1.594,5.938510733558503e-8,0p5,0.5
1.595,5.931287638780575e-8,0p5,0.5
1.596,5.924373688237769e-8,0p5,0.5
1.597,5.917756108943519e-8,0p5,0.5
1.598,5.911429533662023e-8,0p5,0.5
1.599,5.90539032473503e-8,0p5,0.5
1.6,5.899616960471753e-8,0p5,0.5
1.601,5.894118968621882e-8,0p5,0.5
1.602,5.888871376532721e-8,0p5,0.5
1.603,5.883884290444866e-8,0p5,0.5
1.604,5.879139524218575e-8,0p5,0.5
1.605,5.874636364533244e-8,0p5,0.5
1.606,5.870368696761371e-8,0p5,0.5
1.607,5.866325592904336e-8,0p5,0.5
1.608,5.862510063930894e-8,0p5,0.5
1.609,5.85890458257759e-8,0p5,0.5
1.61,5.855516929082308e-8,0p5,0.5
1.611,5.852329011570348e-8,0p5,0.5
1.612,5.849345701665437e-8,0p5,0.5
1.613,5.846557389217906e-8,0p5,0.5
1.614,5.843959436834695e-8,0p5,0.5
1.615,5.841550775989693e-8,0p5,0.5
1.616,5.839320231572169e-8,0p5,0.5
1.617,5.837272527492312e-8,0p5,0.5
1.618,5.835392384870398e-8,0p5,0.5
1.619,5.83368603534879e-8,0p5,0.5
1.62,5.832142172583928e-8,0p5,0.5
1.621,5.830760768888952e-8,0p5,0.5
1.622,5.82953764578115e-8,0p5,0.5
1.623,5.828466355358138e-8,0p5,0.5
1.624,5.827548451695208e-8,0p5,0.5
1.625,5.826773095697515e-8,0p5,0.5
1.626,5.826145147075149e-8,0p5,0.5
1.627,5.825652673508869e-8,0p5,0.5
1.628,5.825299199968808e-8,0p5,0.5
1.629,5.825078021284307e-8,0p5,0.5
1.63,5.824986369662169e-8,0p5,0.5
1.631,5.825023203218702e-8,0p5,0.5
1.632,5.825181185793877e-8,0p5,0.5
1.633,5.825463312818557e-8,0p5,0.5
1.634,5.825859172505386e-8,0p5,0.5
1.635,5.826373048918629e-8,0p5,0.5
1.636,5.826996762842952e-8,0p5,0.5
1.637,5.827730585634236e-8,0p5,0.5
1.638,5.828571224496913e-8,0p5,0.5
1.639,5.829514262575424e-8,0p5,0.5
1.64,5.830560595526549e-8,0p5,0.5
1.641,5.831702444012453e-8,0p5,0.5
1.642,5.832943333762277e-8,0p5,0.5
1.643,5.834274190223562e-8,0p5,0.5
1.644,5.835697925242037e-8,0p5,0.5
1.645,5.837205235804032e-8,0p5,0.5
1.646,5.838792941210041e-8,0p5,0.5
1.647,5.840464147194094e-8,0p5,0.5
1.648,5.842218853771654e-8,0p5,0.5
1.649,5.844055521061523e-8,0p5,0.5
1.65,5.84595901377088e-8,0p5,0.5
1.651,5.847939700026983e-8,0p5,0.5
1.652,5.849997579834221e-8,0p5,0.5
1.653,5.852132653194881e-8,0p5,0.5
1.654,5.854319900004279e-8,0p5,0.5
1.655,5.856574362791199e-8,0p5,0.5
1.656,5.858896158863909e-8,0p5,0.5
1.657,5.861285288219086e-8,0p5,0.5
1.658,5.863723698792313e-8,0p5,0.5
1.659,5.866219366913887e-8,0p5,0.5
1.66,5.868774189341213e-8,0p5,0.5
1.661,5.871388166068541e-8,0p5,0.5
1.662,5.874046056437776e-8,0p5,0.5
1.663,5.876751484885724e-8,0p5,0.5
1.664,5.879507999380979e-8,0p5,0.5
1.665,5.882315599917171e-8,0p5,0.5
1.666,5.885162188479293e-8,0p5,0.5
1.667,5.888047364322437e-8,0p5,0.5
1.668,5.890975983625428e-8,0p5,0.5
1.669,5.893948046382205e-8,0p5,0.5
1.67,5.896954236185453e-8,0p5,0.5
1.671,5.89999072465984e-8,0p5,0.5
1.672,5.903063429835774e-8,0p5,0.5
1.673,5.906172351707906e-8,0p5,0.5
1.674,5.909310633784636e-8,0p5,0.5
1.675,5.912471588248612e-8,0p5,0.5
1.676,5.915661954008817e-8,0p5,0.5
1.677,5.918881731060735e-8,0p5,0.5
1.678,5.922126203594387e-8,0p5,0.5
1.679,5.925386353475105e-8,0p5,0.5
1.68,5.928669524929524e-8,0p5,0.5
1.681,5.931975717953935e-8,0p5,0.5
1.682,5.935302057354976e-8,0p5,0.5
1.683,5.938637683915804e-8,0p5,0.5
1.684,5.941990351105651e-8,0p5,0.5
1.685,5.945360058921544e-8,0p5,0.5
1.686,5.948745492856309e-8,0p5,0.5
1.687,5.952134402485975e-8,0p5,0.5
1.688,5.95553477315672e-8,0p5,0.5
1.689,5.958946604866187e-8,0p5,0.5
1.69,5.96236988397511e-8,0p5,0.5
1.691,5.96579138053185e-8,0p5,0.5
1.692,5.96921915231012e-8,0p5,0.5
1.693,5.972653199308079e-8,0p5,0.5
1.694,5.976093521523873e-8,0p5,0.5
1.695,5.97952942496463e-8,0p5,0.5
1.696,5.98296575655354e-8,0p5,0.5
1.697,5.986403563443694e-8,0p5,0.5
1.698,5.98984284563366e-8,0p5,0.5
1.699,5.993275160850717e-8,0p5,0.5
1.7,5.9967026416767e-8,0p5,0.5
1.701,6.000127175472863e-8,0p5,0.5
1.702,6.003548762238104e-8,0p5,0.5
1.703,6.006960907073867e-8,0p5,0.5
1.704,6.010363524896616e-8,0p5,0.5
1.705,6.013759142047158e-8,0p5,0.5
1.706,6.01714775852465e-8,0p5,0.5
1.707,6.020524543229654e-8,0p5,0.5
1.708,6.02388764939386e-8,0p5,0.5
1.709,6.027240060359794e-8,0p5,0.5
1.71,6.030581776126814e-8,0p5,0.5
1.711,6.033909366662518e-8,0p5,0.5
1.712,6.037219638837305e-8,0p5,0.5
1.713,6.040515870119797e-8,0p5,0.5
1.714,6.043798060509501e-8,0p5,0.5
1.715,6.047062525788278e-8,0p5,0.5
1.716,6.050302509044686e-8,0p5,0.5
1.717,6.053523571330088e-8,0p5,0.5
1.718,6.056725712644165e-8,0p5,0.5
1.719,6.059908932986607e-8,0p5,0.5
1.72,6.063073232357096e-8,0p5,0.5
1.721,6.06621861075533e-8,0p5,0.5
1.722,6.069345068181006e-8,0p5,0.5
1.723,6.072451260666092e-8,0p5,0.5
1.724,6.075527032779597e-8,0p5,0.5
1.725,6.078581168049259e-8,0p5,0.5
1.726,6.081613666474849e-8,0p5,0.5
1.727,6.084624528056144e-8,0p5,0.5
1.728,6.087613752792925e-8,0p5,0.5
1.729,6.090581340684972e-8,0p5,0.5
1.73,6.093527291732071e-8,0p5,0.5
1.731,6.096440690815136e-8,0p5,0.5
1.732,6.099324998814236e-8,0p5,0.5
1.733,6.102183935894244e-8,0p5,0.5
1.734,6.105017502055035e-8,0p5,0.5
1.735,6.107825697296479e-8,0p5,0.5
1.736,6.110608521618456e-8,0p5,0.5
1.737,6.113365975020839e-8,0p5,0.5
1.738,6.116094999307171e-8,0p5,0.5
1.739,6.118790570677242e-8,0p5,0.5
1.74,6.121458306920965e-8,0p5,0.5
1.741,6.124098208038267e-8,0p5,0.5
1.742,6.126710274029072e-8,0p5,0.5
1.743,6.129294504893314e-8,0p5,0.5
1.744,6.131850900630918e-8,0p5,0.5
1.745,6.134379461241815e-8,0p5,0.5
1.746,6.13687320997515e-8,0p5,0.5
1.747,6.139336794136247e-8,0p5,0.5
1.748,6.141770726341302e-8,0p5,0.5
1.749,6.144175006590278e-8,0p5,0.5
1.75,6.146549634883141e-8,0p5,0.5
1.751,6.14889461121985e-8,0p5,0.5
1.752,6.151209935600373e-8,0p5,0.5
1.753,6.153493287642482e-8,0p5,0.5
1.754,6.155744031366364e-8,0p5,0.5
1.755,6.157964006039736e-8,0p5,0.5
1.756,6.16015321166258e-8,0p5,0.5
1.757,6.162311648234881e-8,0p5,0.5
1.758,6.164439315756621e-8,0p5,0.5
1.759,6.166536214227782e-8,0p5,0.5
1.76,6.1686021145906e-8,0p5,0.5
1.761,6.17063538100818e-8,0p5,0.5
1.762,6.172637394229808e-8,0p5,0.5
1.763,6.174608154255482e-8,0p5,0.5
1.764,6.176547661085195e-8,0p5,0.5
1.765,6.178455914718944e-8,0p5,0.5
1.766,6.180332915156722e-8,0p5,0.5
1.767,6.182178662398527e-8,0p5,0.5
1.768,6.183993386718064e-8,0p5,0.5
1.769,6.185777011548117e-8,0p5,0.5
1.77,6.187529461124559e-8,0p5,0.5
1.771,6.189250735447389e-8,0p5,0.5
1.772,6.190940834516608e-8,0p5,0.5
1.773,6.192599758332222e-8,0p5,0.5
1.774,6.19422750689423e-8,0p5,0.5
1.775,6.19582479715188e-8,0p5,0.5
1.776,6.19739275227414e-8,0p5,0.5
1.777,6.198930096881225e-8,0p5,0.5
1.778,6.200436830973139e-8,0p5,0.5
1.779,6.201912954549887e-8,0p5,0.5
1.78,6.203358467611477e-8,0p5,0.5
1.781,6.204773370157911e-8,0p5,0.5
1.782,6.2061576621892e-8,0p5,0.5
1.783,6.207515127726288e-8,0p5,0.5
1.784,6.208843210435762e-8,0p5,0.5
1.785,6.210141659705666e-8,0p5,0.5
1.786,6.211410475536002e-8,0p5,0.5
1.787,6.212649657926776e-8,0p5,0.5
1.788,6.213859206877999e-8,0p5,0.5
1.789,6.215039122389675e-8,0p5,0.5
1.79,6.216192181241081e-8,0p5,0.5
1.791,6.217319064183985e-8,0p5,0.5
1.792,6.21841763152556e-8,0p5,0.5
1.793,6.219487883265818e-8,0p5,0.5
1.794,6.22052981940476e-8,0p5,0.5
1.795,6.2215434399424e-8,0p5,0.5
1.796,6.222528744878745e-8,0p5,0.5
1.797,6.223486530090883e-8,0p5,0.5
1.798,6.22442209660906e-8,0p5,0.5
1.799,6.225330938612097e-8,0p5,0.5
1.8,6.226213056100003e-8,0p5,0.5
1.801,6.227068449072787e-8,0p5,0.5
1.802,6.22789711753046e-8,0p5,0.5
1.803,6.228699061473021e-8,0p5,0.5
1.804,6.229474280900487e-8,0p5,0.5
1.805,6.230228154874956e-8,0p5,0.5
1.806,6.230958813405396e-8,0p5,0.5
1.807,6.231664548993713e-8,0p5,0.5
1.808,6.23234536163992e-8,0p5,0.5
1.809,6.233001251344025e-8,0p5,0.5
1.81,6.233632218106035e-8,0p5,0.5
1.811,6.234238261925957e-8,0p5,0.5
1.812,6.234821919812366e-8,0p5,0.5
1.813,6.235386981200253e-8,0p5,0.5
1.814,6.235929074119855e-8,0p5,0.5
1.815,6.236448198571176e-8,0p5,0.5
1.816,6.236944354554224e-8,0p5,0.5
1.817,6.237417542069004e-8,0p5,0.5
1.818,6.23786776111553e-8,0p5,0.5
1.819,6.238295011693806e-8,0p5,0.5
1.82,6.238707320579439e-8,0p5,0.5
1.821,6.239099190510731e-8,0p5,0.5
1.822,6.239470147177643e-8,0p5,0.5
1.823,6.239820190580184e-8,0p5,0.5
1.824,6.24014932071836e-8,0p5,0.5
1.825,6.240457537592179e-8,0p5,0.5
1.826,6.240744841201646e-8,0p5,0.5
1.827,6.241015739155119e-8,0p5,0.5
1.828,6.241271209564224e-8,0p5,0.5
1.829,6.241507875991209e-8,0p5,0.5
1.83,6.24172573843608e-8,0p5,0.5
1.831,6.241924796898844e-8,0p5,0.5
1.832,6.24210505137951e-8,0p5,0.5
1.833,6.242266501878079e-8,0p5,0.5
1.834,6.242410267553156e-8,0p5,0.5
1.835,6.242543318837608e-8,0p5,0.5
1.836,6.242659688362232e-8,0p5,0.5
1.837,6.242759376127039e-8,0p5,0.5
1.838,6.242842382132029e-8,0p5,0.5
1.839,6.24290870637721e-8,0p5,0.5
1.84,6.242958348862593e-8,0p5,0.5
1.841,6.24299130958818e-8,0p5,0.5
1.842,6.243013922897963e-8,0p5,0.5
1.843,6.243023892639731e-8,0p5,0.5
1.844,6.243019280063183e-8,0p5,0.5
1.845,6.243000085168326e-8,0p5,0.5
1.846,6.242966307955165e-8,0p5,0.5
1.847,6.242917948423703e-8,0p5,0.5
1.848,6.242855006573948e-8,0p5,0.5
1.849,6.242780196937923e-8,0p5,0.5
1.85,6.242697384298103e-8,0p5,0.5
1.851,6.242602035526908e-8,0p5,0.5
1.852,6.242494150624346e-8,0p5,0.5
1.853,6.242373729590415e-8,0p5,0.5
1.854,6.242240772425126e-8,0p5,0.5
1.855,6.242095279128482e-8,0p5,0.5
1.856,6.241937249700489e-8,0p5,0.5
1.857,6.241774432880429e-8,0p5,0.5
1.858,6.241601450790419e-8,0p5,0.5
1.859,6.241417900043422e-8,0p5,0.5
1.86,6.241223780639445e-8,0p5,0.5
1.861,6.241019092578494e-8,0p5,0.5
1.862,6.240803835860571e-8,0p5,0.5
1.863,6.240578010485681e-8,0p5,0.5
1.864,6.240345664584299e-8,0p5,0.5
1.865,6.24010756548807e-8,0p5,0.5
1.866,6.239860765774785e-8,0p5,0.5
1.867,6.239605265444446e-8,0p5,0.5
1.868,6.239341064497058e-8,0p5,0.5
1.869,6.239068162932621e-8,0p5,0.5
1.87,6.238786560751146e-8,0p5,0.5
1.871,6.238497229682602e-8,0p5,0.5
1.872,6.238205842261704e-8,0p5,0.5
1.873,6.237907506526537e-8,0p5,0.5
1.874,6.23760222247711e-8,0p5,0.5
1.875,6.237289990113423e-8,0p5,0.5
1.876,6.236970809435478e-8,0p5,0.5
1.877,6.23664468044328e-8,0p5,0.5
1.878,6.236311603136837e-8,0p5,0.5
1.879,6.235976529482013e-8,0p5,0.5
1.88,6.235637592274744e-8,0p5,0.5
1.881,6.235293331091591e-8,0p5,0.5
1.882,6.234943745932561e-8,0p5,0.5
1.883,6.234588836797656e-8,0p5,0.5
1.884,6.234228603686884e-8,0p5,0.5
1.885,6.23386304660024e-8,0p5,0.5
1.886,6.23349418197133e-8,0p5,0.5
1.887,6.233124745371411e-8,0p5,0.5
1.888,6.232751472656094e-8,0p5,0.5
1.889,6.232374363825386e-8,0p5,0.5
1.89,6.23199341887929e-8,0p5,0.5
1.891,6.231608637817806e-8,0p5,0.5
1.892,6.231220020640942e-8,0p5,0.5
1.893,6.230827567348694e-8,0p5,0.5
1.894,6.230439948166103e-8,0p5,0.5
1.895,6.230051067365526e-8,0p5,0.5
1.896,6.229660533668849e-8,0p5,0.5
1.897,6.229268347076082e-8,0p5,0.5
1.898,6.228874507587223e-8,0p5,0.5
1.899,6.228479015202277e-8,0p5,0.5
1.9,6.228081869921246e-8,0p5,0.5
1.901,6.227683071744134e-8,0p5,0.5
1.902,6.227282620670941e-8,0p5,0.5
1.903,6.226880516701675e-8,0p5,0.5
1.904,6.226476759836333e-8,0p5,0.5
1.905,6.226071350074921e-8,0p5,0.5
1.906,6.225664287417441e-8,0p5,0.5
1.907,6.225255571863895e-8,0p5,0.5
1.908,6.224846598349379e-8,0p5,0.5
1.909,6.224444330286746e-8,0p5,0.5
1.91,6.224041620517823e-8,0p5,0.5
1.911,6.223638469042614e-8,0p5,0.5
1.912,6.223234875861117e-8,0p5,0.5
1.913,6.222830840973335e-8,0p5,0.5
1.914,6.222426364379278e-8,0p5,0.5
1.915,6.222021446078938e-8,0p5,0.5
1.916,6.221616086072325e-8,0p5,0.5
1.917,6.221210284359436e-8,0p5,0.5
1.918,6.22080404094028e-8,0p5,0.5
1.919,6.220397355814852e-8,0p5,0.5
1.92,6.21999022898316e-8,0p5,0.5
1.921,6.2195826604452e-8,0p5,0.5
1.922,6.219184408208184e-8,0p5,0.5
1.923,6.218789133486548e-8,0p5,0.5
1.924,6.218395065173216e-8,0p5,0.5
1.925,6.218002203268191e-8,0p5,0.5
1.926,6.217610547771472e-8,0p5,0.5
1.927,6.217220098683062e-8,0p5,0.5
1.928,6.216830856002966e-8,0p5,0.5
1.929,6.216442819731183e-8,0p5,0.5
1.93,6.216055989867717e-8,0p5,0.5
1.931,6.215670366412567e-8,0p5,0.5
1.932,6.21528594936574e-8,0p5,0.5
1.933,6.214902738727232e-8,0p5,0.5
1.934,6.214520734497047e-8,0p5,0.5
1.935,6.214143769812024e-8,0p5,0.5
1.936,6.213772372430912e-8,0p5,0.5
1.937,6.213403248683619e-8,0p5,0.5
1.938,6.21303639857015e-8,0p5,0.5
1.939,6.212671822090505e-8,0p5,0.5
1.94,6.212309519244687e-8,0p5,0.5
1.941,6.211949490032697e-8,0p5,0.5
1.942,6.21159173445454e-8,0p5,0.5
1.943,6.21123625251021e-8,0p5,0.5
1.944,6.210883044199717e-8,0p5,0.5
1.945,6.210532109523056e-8,0p5,0.5
1.946,6.210183448480234e-8,0p5,0.5
1.947,6.209837061071251e-8,0p5,0.5
1.948,6.209493992277024e-8,0p5,0.5
1.949,6.209157793408835e-8,0p5,0.5
1.95,6.208824634606992e-8,0p5,0.5
1.951,6.208494515871493e-8,0p5,0.5
1.952,6.208167437202348e-8,0p5,0.5
1.953,6.207843398599551e-8,0p5,0.5
1.954,6.207522400063105e-8,0p5,0.5
1.955,6.207204441593013e-8,0p5,0.5
1.956,6.206889523189275e-8,0p5,0.5
1.957,6.206577644851897e-8,0p5,0.5
1.958,6.20626880658087e-8,0p5,0.5
1.959,6.205963008376206e-8,0p5,0.5
1.96,6.205660250237904e-8,0p5,0.5
1.961,6.205360532165963e-8,0p5,0.5
1.962,6.205066710529391e-8,0p5,0.5
1.963,6.204776731442305e-8,0p5,0.5
1.964,6.204490247334202e-8,0p5,0.5
1.965,6.204207258205083e-8,0p5,0.5
1.966,6.20392776405495e-8,0p5,0.5
1.967,6.203651764883806e-8,0p5,0.5
1.968,6.203379260691648e-8,0p5,0.5
1.969,6.20311025147848e-8,0p5,0.5
1.97,6.202844737244302e-8,0p5,0.5
1.971,6.202582717989119e-8,0p5,0.5
1.972,6.202324193712929e-8,0p5,0.5
1.973,6.20206916441573e-8,0p5,0.5
1.974,6.201817630097526e-8,0p5,0.5
1.975,6.201570331930144e-8,0p5,0.5
1.976,6.201327242778704e-8,0p5,0.5
1.977,6.20108783696999e-8,0p5,0.5
1.978,6.200852114504004e-8,0p5,0.5
1.979,6.20062007538075e-8,0p5,0.5
1.98,6.200391719600224e-8,0p5,0.5
1.981,6.200167047162431e-8,0p5,0.5
1.982,6.199946058067374e-8,0p5,0.5
1.983,6.199728752315046e-8,0p5,0.5
1.984,6.199515129905455e-8,0p5,0.5
1.985,6.199305190838601e-8,0p5,0.5
1.986,6.199098935114479e-8,0p5,0.5
1.987,6.1988963627331e-8,0p5,0.5
1.988,6.198697423405432e-8,0p5,0.5
1.989,6.198501997453557e-8,0p5,0.5
1.99,6.198310225112534e-8,0p5,0.5
1.991,6.198122106382372e-8,0p5,0.5
1.992,6.197937641263063e-8,0p5,0.5
1.993,6.197756829754611e-8,0p5,0.5
1.994,6.197579671857017e-8,0p5,0.5
1.995,6.197406167570284e-8,0p5,0.5
1.996,6.19723631689441e-8,0p5,0.5
1.997,6.197070119829395e-8,0p5,0.5
1.998,6.196907576375243e-8,0p5,0.5
1.999,6.19674868653195e-8,0p5,0.5
2.0,6.196593450299523e-8,0p5,0.5
2.001,6.19644186767796e-8,0p5,0.5
2.002,6.196292623566437e-8,0p5,0.5
2.003,6.196146745624703e-8,0p5,0.5
2.004,6.196004323219789e-8,0p5,0.5
2.005,6.195865356351696e-8,0p5,0.5
2.006,6.195729845020422e-8,0p5,0.5
2.007,6.195597789225967e-8,0p5,0.5
2.008,6.195469188968336e-8,0p5,0.5
2.009,6.195344044247529e-8,0p5,0.5
2.01,6.195222355063545e-8,0p5,0.5
2.011,6.195104121416384e-8,0p5,0.5
2.012,6.194989343306047e-8,0p5,0.5
2.013,6.194878020732536e-8,0p5,0.5
2.014,6.194770153695852e-8,0p5,0.5
2.015,6.194664375769863e-8,0p5,0.5
2.016,6.194560938254118e-8,0p5,0.5
2.017,6.1944606370292e-8,0p5,0.5
2.018,6.194363472095109e-8,0p5,0.5
2.019,6.194269443451848e-8,0p5,0.5
2.02,6.194178551099413e-8,0p5,0.5
2.021,6.19409079503781e-8,0p5,0.5
2.022,6.194006175267039e-8,0p5,0.5
2.023,6.193924691787096e-8,0p5,0.5
2.024,6.193846344597985e-8,0p5,0.5
2.025,6.193771133699705e-8,0p5,0.5
2.026,6.19369905909226e-8,0p5,0.5
2.027,6.193630120775646e-8,0p5,0.5
2.028,6.193563514438143e-8,0p5,0.5
2.029,6.193497882481627e-8,0p5,0.5
2.03,6.193434988970603e-8,0p5,0.5
2.031,6.193374833905071e-8,0p5,0.5
2.032,6.19331741728503e-8,0p5,0.5
2.033,6.193262739110486e-8,0p5,0.5
2.034,6.193210799381435e-8,0p5,0.5
2.035,6.193161598097879e-8,0p5,0.5
2.036,6.193115135259817e-8,0p5,0.5
2.037,6.193071410867252e-8,0p5,0.5
2.038,6.193030424920182e-8,0p5,0.5
2.039,6.192992177418608e-8,0p5,0.5
2.04,6.192956668362532e-8,0p5,0.5
2.041,6.192923897751953e-8,0p5,0.5
2.042,6.192890787288828e-8,0p5,0.5
2.043,6.192859915842236e-8,0p5,0.5
2.044,6.19283134322311e-8,0p5,0.5
2.045,6.192805069431454e-8,0p5,0.5
2.046,6.192781094467267e-8,0p5,0.5
2.047,6.19275941833055e-8,0p5,0.5
2.048,6.192740041021302e-8,0p5,0.5
2.049,6.192722962539523e-8,0p5,0.5
2.05,6.192708182885218e-8,0p5,0.5
2.051,6.192695702058381e-8,0p5,0.5
2.052,6.192685520059016e-8,0p5,0.5
2.053,6.192677636887122e-8,0p5,0.5
2.054,6.192672052542702e-8,0p5,0.5
2.055,6.19266668063311e-8,0p5,0.5
2.056,6.192662168027324e-8,0p5,0.5
2.057,6.19265950341128e-8,0p5,0.5
2.058,6.192658686784979e-8,0p5,0.5
2.059,6.192659718148418e-8,0p5,0.5
2.06,6.192662597501598e-8,0p5,0.5
2.061,6.192667324844522e-8,0p5,0.5
2.062,6.192673900177188e-8,0p5,0.5
2.063,6.192682323499597e-8,0p5,0.5
2.064,6.192692594811749e-8,0p5,0.5
2.065,6.192704714113646e-8,0p5,0.5
2.066,6.192718681405288e-8,0p5,0.5
2.067,6.192734496686672e-8,0p5,0.5
2.068,6.192750465258489e-8,0p5,0.5
2.069,6.192764575116456e-8,0p5,0.5
2.07,6.192779813099381e-8,0p5,0.5
2.071,6.192796179207267e-8,0p5,0.5
2.072,6.192813673440116e-8,0p5,0.5
2.073,6.192832295797924e-8,0p5,0.5
2.074,6.192852046280695e-8,0p5,0.5
2.075,6.192872924888428e-8,0p5,0.5
2.076,6.192894931621124e-8,0p5,0.5
2.077,6.192918066478782e-8,0p5,0.5
2.078,6.1929423294614e-8,0p5,0.5
2.079,6.192967720568986e-8,0p5,0.5
2.08,6.192994239801533e-8,0p5,0.5
2.081,6.193021887159043e-8,0p5,0.5
2.082,6.193050662641515e-8,0p5,0.5
2.083,6.193080566248954e-8,0p5,0.5
2.084,6.193111597981356e-8,0p5,0.5
2.085,6.193143757838722e-8,0p5,0.5
2.086,6.193177045821053e-8,0p5,0.5
2.087,6.193211461928349e-8,0p5,0.5
2.088,6.193247006160611e-8,0p5,0.5
2.089,6.19328367851784e-8,0p5,0.5
2.09,6.193321479000032e-8,0p5,0.5
2.091,6.193360407607191e-8,0p5,0.5
2.092,6.193400464339314e-8,0p5,0.5
2.093,6.193441649196406e-8,0p5,0.5
2.094,6.193483962178464e-8,0p5,0.5
2.095,6.193523409802297e-8,0p5,0.5
2.096,6.193562000424859e-8,0p5,0.5
2.097,6.193601307625901e-8,0p5,0.5
2.098,6.193641331405419e-8,0p5,0.5
2.099,6.193682071763419e-8,0p5,0.5
2.1,6.193723528699897e-8,0p5,0.5
2.101,6.193765702214854e-8,0p5,0.5
2.102,6.193808592308289e-8,0p5,0.5
2.103,6.193852198980205e-8,0p5,0.5
2.104,6.193896522230602e-8,0p5,0.5
2.105,6.193941562059478e-8,0p5,0.5
2.106,6.193987318466832e-8,0p5,0.5
2.107,6.194033791452669e-8,0p5,0.5
2.108,6.194080981016987e-8,0p5,0.5
2.109,6.194128887159784e-8,0p5,0.5
2.11,6.194177509881063e-8,0p5,0.5
2.111,6.194226849180823e-8,0p5,0.5
2.112,6.194276905059065e-8,0p5,0.5
2.113,6.194327677515788e-8,0p5,0.5
2.114,6.194379166550992e-8,0p5,0.5
2.115,6.194431372164678e-8,0p5,0.5
2.116,6.194484294356847e-8,0p5,0.5
2.117,6.194537933127496e-8,0p5,0.5
2.118,6.194592288476632e-8,0p5,0.5
2.119,6.194642411977003e-8,0p5,0.5
2.12,6.194691026622117e-8,0p5,0.5
2.121,6.194739815358516e-8,0p5,0.5
2.122,6.194788778186204e-8,0p5,0.5
2.123,6.194837915105177e-8,0p5,0.5
2.124,6.194887226115437e-8,0p5,0.5
2.125,6.194936711216985e-8,0p5,0.5
2.126,6.194986370409819e-8,0p5,0.5
2.127,6.195036203693942e-8,0p5,0.5
2.128,6.195086211069352e-8,0p5,0.5
2.129,6.195136392536051e-8,0p5,0.5
2.13,6.195186748094035e-8,0p5,0.5
2.131,6.19523727774331e-8,0p5,0.5
2.132,6.19528798148387e-8,0p5,0.5
2.133,6.19533885931572e-8,0p5,0.5
2.134,6.195389911238857e-8,0p5,0.5
2.135,6.195441137253284e-8,0p5,0.5
2.136,6.195492537359e-8,0p5,0.5
2.137,6.195544111556004e-8,0p5,0.5
2.138,6.195595859844299e-8,0p5,0.5
2.139,6.195647782223881e-8,0p5,0.5
2.14,6.195699878694752e-8,0p5,0.5
2.141,6.195752149256913e-8,0p5,0.5
2.142,6.195804593910362e-8,0p5,0.5
2.143,6.195854110472233e-8,0p5,0.5
2.144,6.19590256928294e-8,0p5,0.5
2.145,6.195950875152966e-8,0p5,0.5
2.146,6.195999028082313e-8,0p5,0.5
2.147,6.196047028070982e-8,0p5,0.5
2.148,6.196094875118972e-8,0p5,0.5
2.149,6.196142569226281e-8,0p5,0.5
2.15,6.196190110392911e-8,0p5,0.5
2.151,6.196237498618864e-8,0p5,0.5
2.152,6.196284733904139e-8,0p5,0.5
2.153,6.196331816248734e-8,0p5,0.5
2.154,6.19637874565265e-8,0p5,0.5
2.155,6.196425522115887e-8,0p5,0.5
2.156,6.196472145638448e-8,0p5,0.5
2.157,6.196518616220329e-8,0p5,0.5
2.158,6.196564933861533e-8,0p5,0.5
2.159,6.196611098562059e-8,0p5,0.5
2.16,6.196657110321907e-8,0p5,0.5
2.161,6.196702969141075e-8,0p5,0.5
2.162,6.196748675019567e-8,0p5,0.5
2.163,6.196794227957382e-8,0p5,0.5
2.164,6.196839627954518e-8,0p5,0.5
2.165,6.196884875010977e-8,0p5,0.5
2.166,6.196929969126758e-8,0p5,0.5
2.167,6.196972896105537e-8,0p5,0.5
2.168,6.197014968735578e-8,0p5,0.5
2.169,6.197056683954978e-8,0p5,0.5
2.17,6.19709804176374e-8,0p5,0.5
2.171,6.197139042161863e-8,0p5,0.5
2.172,6.197179685149347e-8,0p5,0.5
2.173,6.197219970726192e-8,0p5,0.5
2.174,6.197259898892397e-8,0p5,0.5
2.175,6.197299469647966e-8,0p5,0.5
2.176,6.197338682992895e-8,0p5,0.5
2.177,6.197377538927185e-8,0p5,0.5
2.178,6.197416037450837e-8,0p5,0.5
2.179,6.19745417856385e-8,0p5,0.5
2.18,6.197491962266225e-8,0p5,0.5
2.181,6.197529388557962e-8,0p5,0.5
2.182,6.197566457439061e-8,0p5,0.5
2.183,6.19760316890952e-8,0p5,0.5
2.184,6.197639522969343e-8,0p5,0.5
2.185,6.197675519618528e-8,0p5,0.5
2.186,6.197711158857075e-8,0p5,0.5
2.187,6.197746440684982e-8,0p5,0.5
2.188,6.197781365102255e-8,0p5,0.5
2.189,6.197815932108888e-8,0p5,0.5
2.19,6.197850141704883e-8,0p5,0.5
2.191,6.197883098256057e-8,0p5,0.5
2.192,6.197915426232576e-8,0p5,0.5
2.193,6.197947309133702e-8,0p5,0.5
2.194,6.197978746959435e-8,0p5,0.5
2.195,6.198009739709775e-8,0p5,0.5
2.196,6.198040287384722e-8,0p5,0.5
2.197,6.198070389984275e-8,0p5,0.5
2.198,6.198100047508436e-8,0p5,0.5
2.199,6.198129259957204e-8,0p5,0.5
2.2,6.198158027330579e-8,0p5,0.5
2.201,6.19818634962856e-8,0p5,0.5
2.202,6.198214226851151e-8,0p5,0.5
2.203,6.198241658998345e-8,0p5,0.5
2.204,6.19826864607015e-8,0p5,0.5
2.205,6.198295188066562e-8,0p5,0.5
2.206,6.19832128498758e-8,0p5,0.5
2.207,6.198346936833207e-8,0p5,0.5
2.208,6.19837214360344e-8,0p5,0.5
2.209,6.198396905298281e-8,0p5,0.5
2.21,6.198421221917731e-8,0p5,0.5
2.211,6.198445093461787e-8,0p5,0.5
2.212,6.198468519930453e-8,0p5,0.5
2.213,6.198491501323724e-8,0p5,0.5
2.214,6.198514037641604e-8,0p5,0.5
2.215,6.198536137059713e-8,0p5,0.5
2.216,6.198557793530853e-8,0p5,0.5
2.217,6.198579005699112e-8,0p5,0.5
2.218,6.198599773564494e-8,0p5,0.5
2.219,6.198620097126992e-8,0p5,0.5
2.22,6.19863997638661e-8,0p5,0.5
2.221,6.19865941134335e-8,0p5,0.5
2.222,6.19867840199721e-8,0p5,0.5
2.223,6.198696948348191e-8,0p5,0.5
2.224,6.19871505039629e-8,0p5,0.5
2.225,6.198732708141512e-8,0p5,0.5
2.226,6.19874992158385e-8,0p5,0.5
2.227,6.198766690723312e-8,0p5,0.5
2.228,6.198783015559892e-8,0p5,0.5
2.229,6.198798896093594e-8,0p5,0.5
2.23,6.198814332324417e-8,0p5,0.5
2.231,6.198829324252359e-8,0p5,0.5
2.232,6.198843871877423e-8,0p5,0.5
2.233,6.198857975199604e-8,0p5,0.5
2.234,6.198871634218908e-8,0p5,0.5
2.235,6.198884848935333e-8,0p5,0.5
2.236,6.198897619348879e-8,0p5,0.5
2.237,6.198909945459544e-8,0p5,0.5
2.238,6.198921827267332e-8,0p5,0.5
2.239,6.19893391164316e-8,0p5,0.5
2.24,6.198945694456571e-8,0p5,0.5
2.241,6.198957092039037e-8,0p5,0.5
2.242,6.198968104390556e-8,0p5,0.5
2.243,6.198978731511134e-8,0p5,0.5
2.244,6.19898897340077e-8,0p5,0.5
2.245,6.198998830059461e-8,0p5,0.5
2.246,6.199008301487207e-8,0p5,0.5
2.247,6.199017387684008e-8,0p5,0.5
2.248,6.199026088649869e-8,0p5,0.5
2.249,6.199034404384784e-8,0p5,0.5
2.25,6.199042334888755e-8,0p5,0.5
2.251,6.199049880161785e-8,0p5,0.5
2.252,6.19905704020387e-8,0p5,0.5
2.253,6.199063815015012e-8,0p5,0.5
2.254,6.19907020459521e-8,0p5,0.5
2.255,6.199076208944463e-8,0p5,0.5
2.256,6.199081828062774e-8,0p5,0.5
2.257,6.199087061950142e-8,0p5,0.5
2.258,6.199091910606566e-8,0p5,0.5
2.259,6.199096374032047e-8,0p5,0.5
2.26,6.199100452226584e-8,0p5,0.5
2.261,6.199104145190177e-8,0p5,0.5
2.262,6.19910745292283e-8,0p5,0.5
2.263,6.199112141778872e-8,0p5,0.5
2.264,6.199116769492133e-8,0p5,0.5
2.265,6.19912116802966e-8,0p5,0.5
2.266,6.199125337391454e-8,0p5,0.5
2.267,6.199129277577513e-8,0p5,0.5
2.268,6.199132988587839e-8,0p5,0.5
2.269,6.199136470422432e-8,0p5,0.5
2.27,6.199139723081292e-8,0p5,0.5
2.271,6.199142746564418e-8,0p5,0.5
2.272,6.199145540871808e-8,0p5,0.5
2.273,6.199148106003469e-8,0p5,0.5
2.274,6.199150441959392e-8,0p5,0.5
2.275,6.199152548739586e-8,0p5,0.5
2.276,6.199154426344046e-8,0p5,0.5
2.277,6.19915607477277e-8,0p5,0.5
2.278,6.199157494025763e-8,0p5,0.5
2.279,6.199158684103022e-8,0p5,0.5
2.28,6.199159645004549e-8,0p5,0.5
2.281,6.19916037673034e-8,0p5,0.5
2.282,6.199160879280398e-8,0p5,0.5
2.283,6.199161152654724e-8,0p5,0.5
2.284,6.199161196853319e-8,0p5,0.5
2.285,6.199161011876175e-8,0p5,0.5
2.286,6.199160597723303e-8,0p5,0.5
2.287,6.199159954394693e-8,0p5,0.5
2.288,6.199159081890354e-8,0p5,0.5
2.289,6.199157980210282e-8,0p5,0.5
2.29,6.199156649354474e-8,0p5,0.5
2.291,6.199155089322934e-8,0p5,0.5
2.292,6.199153300115663e-8,0p5,0.5
2.293,6.199151281732656e-8,0p5,0.5
2.294,6.199149034173917e-8,0p5,0.5
2.295,6.199146557439445e-8,0p5,0.5
2.296,6.19914385152924e-8,0p5,0.5
2.297,6.1991409164433e-8,0p5,0.5
2.298,6.199137752181631e-8,0p5,0.5
2.299,6.199134358744226e-8,0p5,0.5
2.3,6.199130736131088e-8,0p5,0.5
2.301,6.199126884342221e-8,0p5,0.5
2.302,6.199122803377615e-8,0p5,0.5
2.303,6.199118493237281e-8,0p5,0.5
2.304,6.199113953921211e-8,0p5,0.5
2.305,6.19910918542941e-8,0p5,0.5
2.306,6.199104187761877e-8,0p5,0.5
2.307,6.199098960918608e-8,0p5,0.5
2.308,6.199093504899607e-8,0p5,0.5
2.309,6.199087819704875e-8,0p5,0.5
2.31,6.199081905334409e-8,0p5,0.5
2.311,6.199078332762525e-8,0p5,0.5
2.312,6.199074725690878e-8,0p5,0.5
2.313,6.199070998162966e-8,0p5,0.5
2.314,6.199067150178785e-8,0p5,0.5
2.315,6.199063181738335e-8,0p5,0.5
2.316,6.199059092841616e-8,0p5,0.5
2.317,6.199054883488631e-8,0p5,0.5
2.318,6.199050553679376e-8,0p5,0.5
2.319,6.199046103413853e-8,0p5,0.5
2.32,6.199041532692062e-8,0p5,0.5
2.321,6.199036841514e-8,0p5,0.5
2.322,6.199032029879673e-8,0p5,0.5
2.323,6.199027097789078e-8,0p5,0.5
2.324,6.199022045242213e-8,0p5,0.5
2.325,6.19901687223908e-8,0p5,0.5
2.326,6.199011578779679e-8,0p5,0.5
2.327,6.199006164864008e-8,0p5,0.5
2.328,6.199000630492071e-8,0p5,0.5
2.329,6.198994975663862e-8,0p5,0.5
2.33,6.19898920037939e-8,0p5,0.5
2.331,6.198983304638645e-8,0p5,0.5
2.332,6.198977288441637e-8,0p5,0.5
2.333,6.198971151788358e-8,0p5,0.5
2.334,6.198964894678809e-8,0p5,0.5
2.335,6.198958517112995e-8,0p5,0.5
2.336,6.198952019090914e-8,0p5,0.5
2.337,6.198945400612562e-8,0p5,0.5
2.338,6.19893866167794e-8,0p5,0.5
2.339,6.198931802287054e-8,0p5,0.5
2.34,6.198924822439897e-8,0p5,0.5
2.341,6.198917722136472e-8,0p5,0.5
2.342,6.19891050137678e-8,0p5,0.5
2.343,6.19890316016082e-8,0p5,0.5
2.344,6.198895698488592e-8,0p5,0.5
2.345,6.198888116360095e-8,0p5,0.5
2.346,6.19888041377533e-8,0p5,0.5
2.347,6.198872590734299e-8,0p5,0.5
2.348,6.198864647236999e-8,0p5,0.5
2.349,6.198856583283429e-8,0p5,0.5
2.35,6.198848398873593e-8,0p5,0.5
2.351,6.198840094007487e-8,0p5,0.5
2.352,6.198831668685114e-8,0p5,0.5
2.353,6.198823122906475e-8,0p5,0.5
2.354,6.198814456671564e-8,0p5,0.5
2.355,6.19880566998039e-8,0p5,0.5
2.356,6.198796762832944e-8,0p5,0.5
2.357,6.198787735229231e-8,0p5,0.5
2.358,6.198778651429093e-8,0p5,0.5
2.359,6.198772098779422e-8,0p5,0.5
2.36,6.19876553654518e-8,0p5,0.5
2.361,6.198758964726364e-8,0p5,0.5
2.362,6.198752383322978e-8,0p5,0.5
2.363,6.19874579233502e-8,0p5,0.5
2.364,6.19873919176249e-8,0p5,0.5
2.365,6.198732581605387e-8,0p5,0.5
2.366,6.198725961863715e-8,0p5,0.5
2.367,6.198719332537468e-8,0p5,0.5
2.368,6.198712693626652e-8,0p5,0.5
2.369,6.198706045131263e-8,0p5,0.5
2.37,6.198699387051304e-8,0p5,0.5
2.371,6.198692719386772e-8,0p5,0.5
2.372,6.198686042137668e-8,0p5,0.5
2.373,6.198679355303992e-8,0p5,0.5
2.374,6.198672658885743e-8,0p5,0.5
2.375,6.198665952882925e-8,0p5,0.5
2.376,6.198659237295537e-8,0p5,0.5
2.377,6.198652512123575e-8,0p5,0.5
2.378,6.198645777367042e-8,0p5,0.5
2.379,6.198639033025936e-8,0p5,0.5
2.38,6.198632279100259e-8,0p5,0.5
2.381,6.19862551559001e-8,0p5,0.5
2.382,6.19861874249519e-8,0p5,0.5
2.383,6.198611959815797e-8,0p5,0.5
2.384,6.198605167551833e-8,0p5,0.5
2.385,6.198598365703298e-8,0p5,0.5
2.386,6.198591554270192e-8,0p5,0.5
2.387,6.198584733252515e-8,0p5,0.5
2.388,6.198577902650266e-8,0p5,0.5
2.389,6.198571062463442e-8,0p5,0.5
2.39,6.19856421269205e-8,0p5,0.5
2.391,6.198557353336085e-8,0p5,0.5
2.392,6.198550484395548e-8,0p5,0.5
2.393,6.198543605870441e-8,0p5,0.5
2.394,6.198536717760762e-8,0p5,0.5
2.395,6.19852982006651e-8,0p5,0.5
2.396,6.198522912787686e-8,0p5,0.5
2.397,6.198515995924293e-8,0p5,0.5
2.398,6.198509069476327e-8,0p5,0.5
2.399,6.198502133443792e-8,0p5,0.5
2.4,6.198495187826683e-8,0p5,0.5
2.401,6.198488232625002e-8,0p5,0.5
2.402,6.19848126783875e-8,0p5,0.5
2.403,6.198474293467927e-8,0p5,0.5
2.404,6.198467309512532e-8,0p5,0.5
2.405,6.198460315972564e-8,0p5,0.5
2.406,6.198453422605254e-8,0p5,0.5
2.407,6.198447789694008e-8,0p5,0.5
2.408,6.198442203395471e-8,0p5,0.5
2.409,6.198436663709643e-8,0p5,0.5
2.41,6.198431170636526e-8,0p5,0.5
2.411,6.198425724176115e-8,0p5,0.5
2.412,6.198420324328413e-8,0p5,0.5
2.413,6.198414971093421e-8,0p5,0.5
2.414,6.198409664471138e-8,0p5,0.5
2.415,6.198404404461566e-8,0p5,0.5
2.416,6.1983991910647e-8,0p5,0.5
2.417,6.198394024280544e-8,0p5,0.5
2.418,6.198388904109097e-8,0p5,0.5
2.419,6.198383830550358e-8,0p5,0.5
2.42,6.19837880360433e-8,0p5,0.5
2.421,6.19837382327101e-8,0p5,0.5
2.422,6.198368889550398e-8,0p5,0.5
2.423,6.198364002442497e-8,0p5,0.5
2.424,6.198359161947301e-8,0p5,0.5
2.425,6.19835436806482e-8,0p5,0.5
2.426,6.198349620795043e-8,0p5,0.5
2.427,6.198344920137977e-8,0p5,0.5
2.428,6.19834026609362e-8,0p5,0.5
2.429,6.198335658661972e-8,0p5,0.5
2.43,6.198331097843036e-8,0p5,0.5
2.431,6.198326583636804e-8,0p5,0.5
2.432,6.198322116043283e-8,0p5,0.5
2.433,6.19831769506247e-8,0p5,0.5
2.434,6.198313320694366e-8,0p5,0.5
2.435,6.198308992938973e-8,0p5,0.5
2.436,6.198304711796287e-8,0p5,0.5
2.437,6.198300477266312e-8,0p5,0.5
2.438,6.198296289349044e-8,0p5,0.5
2.439,6.198292148044485e-8,0p5,0.5
2.44,6.198288053352637e-8,0p5,0.5
2.441,6.198284005273496e-8,0p5,0.5
2.442,6.198280003807066e-8,0p5,0.5
2.443,6.198276048953345e-8,0p5,0.5
2.444,6.198272140712332e-8,0p5,0.5
2.445,6.198268279084026e-8,0p5,0.5
2.446,6.198264464068432e-8,0p5,0.5
2.447,6.198260695665547e-8,0p5,0.5
2.448,6.19825697387537e-8,0p5,0.5
2.449,6.198253298697902e-8,0p5,0.5
2.45,6.198249670133144e-8,0p5,0.5
2.451,6.198246088181092e-8,0p5,0.5
2.452,6.198242552841753e-8,0p5,0.5
2.453,6.19823906411512e-8,0p5,0.5
2.454,6.198235657194104e-8,0p5,0.5
2.455,6.19823252179535e-8,0p5,0.5
2.456,6.19822944357831e-8,0p5,0.5
2.457,6.198226422542989e-8,0p5,0.5
2.458,6.198223458689382e-8,0p5,0.5
2.459,6.198220552017496e-8,0p5,0.5
2.46,6.198217702527324e-8,0p5,0.5
2.461,6.198214910218868e-8,0p5,0.5
2.462,6.198212175092129e-8,0p5,0.5
2.463,6.198209497147109e-8,0p5,0.5
2.464,6.198206876383803e-8,0p5,0.5
2.465,6.198204312802215e-8,0p5,0.5
2.466,6.198201806402344e-8,0p5,0.5
2.467,6.198199357184189e-8,0p5,0.5
2.468,6.19819696514775e-8,0p5,0.5
2.469,6.19819463029303e-8,0p5,0.5
2.47,6.198192352620026e-8,0p5,0.5
2.471,6.198190132128736e-8,0p5,0.5
2.472,6.198187968819165e-8,0p5,0.5
2.473,6.198185862691313e-8,0p5,0.5
2.474,6.198183813745174e-8,0p5,0.5
2.475,6.198181821980752e-8,0p5,0.5
2.476,6.19817988739805e-8,0p5,0.5
2.477,6.198178009997062e-8,0p5,0.5
2.478,6.19817618977779e-8,0p5,0.5
2.479,6.198174426740238e-8,0p5,0.5
2.48,6.198172720884399e-8,0p5,0.5
2.481,6.198171072210279e-8,0p5,0.5
2.482,6.198169480717874e-8,0p5,0.5
2.483,6.198167946407187e-8,0p5,0.5
2.484,6.198166469278218e-8,0p5,0.5
2.485,6.198165049330964e-8,0p5,0.5
2.486,6.198163686565426e-8,0p5,0.5
2.487,6.198162380981607e-8,0p5,0.5
2.488,6.198161132579503e-8,0p5,0.5
2.489,6.198159941359117e-8,0p5,0.5
2.49,6.198158807320447e-8,0p5,0.5
2.491,6.198157730463493e-8,0p5,0.5
2.492,6.198156710788257e-8,0p5,0.5
2.493,6.198155748294736e-8,0p5,0.5
2.494,6.198154842982935e-8,0p5,0.5
2.495,6.198153994852849e-8,0p5,0.5
2.496,6.19815320390448e-8,0p5,0.5
2.497,6.198152470137826e-8,0p5,0.5
2.498,6.198151793552891e-8,0p5,0.5
2.499,6.198151174149672e-8,0p5,0.5
2.5,6.19815061192817e-8,0p5,0.5
2.501,6.198150106888384e-8,0p5,0.5
2.502,6.198149587090866e-8,0p5,0.5
2.503,6.19814881964231e-8,0p5,0.5
2.504,6.198148094101187e-8,0p5,0.5
2.505,6.198147410467496e-8,0p5,0.5
2.506,6.198146768741236e-8,0p5,0.5
2.507,6.198146168922409e-8,0p5,0.5
2.508,6.198145611011016e-8,0p5,0.5
2.509,6.198145095007052e-8,0p5,0.5
2.51,6.198144620910522e-8,0p5,0.5
2.511,6.198144188721423e-8,0p5,0.5
2.512,6.198143798439757e-8,0p5,0.5
2.513,6.198143450065524e-8,0p5,0.5
2.514,6.19814314359872e-8,0p5,0.5
2.515,6.19814287903935e-8,0p5,0.5
2.516,6.198142656387414e-8,0p5,0.5
2.517,6.198142475642907e-8,0p5,0.5
2.518,6.198142336805833e-8,0p5,0.5
2.519,6.198142239876194e-8,0p5,0.5
2.52,6.198142184853984e-8,0p5,0.5
2.521,6.198142171739208e-8,0p5,0.5
2.522,6.198142200531863e-8,0p5,0.5
2.523,6.198142271231949e-8,0p5,0.5
2.524,6.19814238383947e-8,0p5,0.5
2.525,6.198142538354422e-8,0p5,0.5
2.526,6.198142734776804e-8,0p5,0.5
2.527,6.198142973106621e-8,0p5,0.5
2.528,6.19814325334387e-8,0p5,0.5
2.529,6.198143575488548e-8,0p5,0.5
2.53,6.198143939540662e-8,0p5,0.5
2.531,6.198144345500207e-8,0p5,0.5
2.532,6.198144793367184e-8,0p5,0.5
2.533,6.198145283141593e-8,0p5,0.5
2.534,6.198145814823435e-8,0p5,0.5
2.535,6.198146388412708e-8,0p5,0.5
2.536,6.198147003909413e-8,0p5,0.5
2.537,6.198147661313552e-8,0p5,0.5
2.538,6.198148360625122e-8,0p5,0.5
2.539,6.198149101844122e-8,0p5,0.5
2.54,6.198149884970557e-8,0p5,0.5
2.541,6.198150710004423e-8,0p5,0.5
2.542,6.198151576945722e-8,0p5,0.5
2.543,6.198152485794453e-8,0p5,0.5
2.544,6.198153436550615e-8,0p5,0.5
2.545,6.19815442921421e-8,0p5,0.5
2.546,6.198155463785238e-8,0p5,0.5
2.547,6.198156540263697e-8,0p5,0.5
2.548,6.198157658649589e-8,0p5,0.5
2.549,6.19815881894291e-8,0p5,0.5
2.55,6.198159822268036e-8,0p5,0.5
2.551,6.198160259392871e-8,0p5,0.5
2.552,6.198160705785813e-8,0p5,0.5
2.553,6.198161161446857e-8,0p5,0.5
2.554,6.198161626376009e-8,0p5,0.5
2.555,6.198162100573265e-8,0p5,0.5
2.556,6.198162584038625e-8,0p5,0.5
2.557,6.19816307677209e-8,0p5,0.5
2.558,6.19816357877366e-8,0p5,0.5
2.559,6.198164090043334e-8,0p5,0.5
2.56,6.198164610581114e-8,0p5,0.5
2.561,6.198165140386999e-8,0p5,0.5
2.562,6.198165679460987e-8,0p5,0.5
2.563,6.19816622780308e-8,0p5,0.5
2.564,6.198166785413279e-8,0p5,0.5
2.565,6.198167352291583e-8,0p5,0.5
2.566,6.198167928437991e-8,0p5,0.5
2.567,6.198168513852504e-8,0p5,0.5
2.568,6.19816910853512e-8,0p5,0.5
2.569,6.198169712485844e-8,0p5,0.5
2.57,6.198170325704673e-8,0p5,0.5
2.571,6.198170948191604e-8,0p5,0.5
2.572,6.198171579946641e-8,0p5,0.5
2.573,6.198172220969785e-8,0p5,0.5
2.574,6.19817287126103e-8,0p5,0.5
2.575,6.198173530820383e-8,0p5,0.5
2.576,6.198174199647839e-8,0p5,0.5
2.577,6.198174877743399e-8,0p5,0.5
2.578,6.198175565107065e-8,0p5,0.5
2.579,6.198176261738835e-8,0p5,0.5
2.58,6.198176967638711e-8,0p5,0.5
2.581,6.19817768280669e-8,0p5,0.5
2.582,6.198178407242778e-8,0p5,0.5
2.583,6.198179140946966e-8,0p5,0.5
2.584,6.198179883919263e-8,0p5,0.5
2.585,6.198180636159662e-8,0p5,0.5
2.586,6.198181397668167e-8,0p5,0.5
2.587,6.198182168444776e-8,0p5,0.5
2.588,6.198182948489491e-8,0p5,0.5
2.589,6.198183737802308e-8,0p5,0.5
2.59,6.198184536383232e-8,0p5,0.5
2.591,6.198185344232262e-8,0p5,0.5
2.592,6.198186161349394e-8,0p5,0.5
2.593,6.198186987734633e-8,0p5,0.5
2.594,6.198187823387975e-8,0p5,0.5
2.595,6.198188668309424e-8,0p5,0.5
2.596,6.198189522498976e-8,0p5,0.5
2.597,6.198190385956635e-8,0p5,0.5
2.598,6.198191258682395e-8,0p5,0.5
2.599,6.198192140676264e-8,0p5,0.5
2.6,6.198193031938234e-8,0p5,0.5
2.601,6.198193932468312e-8,0p5,0.5
2.602,6.198194842266493e-8,0p5,0.5
2.603,6.198195761332779e-8,0p5,0.5
2.604,6.19819668966717e-8,0p5,0.5
2.605,6.198197627269666e-8,0p5,0.5
2.606,6.198198574140268e-8,0p5,0.5
2.607,6.198199530278972e-8,0p5,0.5
2.608,6.198200495685784e-8,0p5,0.5
2.609,6.198201470360698e-8,0p5,0.5
2.61,6.198202454303719e-8,0p5,0.5
2.611,6.198203447514844e-8,0p5,0.5
2.612,6.198204449994073e-8,0p5,0.5
2.613,6.198205461741407e-8,0p5,0.5
2.614,6.198206482756847e-8,0p5,0.5
2.615,6.198207513040391e-8,0p5,0.5
2.616,6.19820855259204e-8,0p5,0.5
2.617,6.198209601411794e-8,0p5,0.5
2.618,6.198210659499653e-8,0p5,0.5
2.619,6.198211726855616e-8,0p5,0.5
2.62,6.198212803479685e-8,0p5,0.5
2.621,6.198213889371857e-8,0p5,0.5
2.622,6.198214984532135e-8,0p5,0.5
2.623,6.198216088960517e-8,0p5,0.5
2.624,6.198217202657004e-8,0p5,0.5
2.625,6.198218325621599e-8,0p5,0.5
2.626,6.198219457854294e-8,0p5,0.5
2.627,6.198220599355098e-8,0p5,0.5
2.628,6.198221750124004e-8,0p5,0.5
2.629,6.198222910161015e-8,0p5,0.5
2.63,6.198224079466134e-8,0p5,0.5
2.631,6.198225258039353e-8,0p5,0.5
2.632,6.19822644588068e-8,0p5,0.5
2.633,6.19822764299011e-8,0p5,0.5
2.634,6.198228849367647e-8,0p5,0.5
2.635,6.198230065013287e-8,0p5,0.5
2.636,6.198231289927033e-8,0p5,0.5
2.637,6.198232524108882e-8,0p5,0.5
2.638,6.19823376755884e-8,0p5,0.5
2.639,6.198235020276897e-8,0p5,0.5
2.64,6.198236282263062e-8,0p5,0.5
2.641,6.198237553517333e-8,0p5,0.5
2.642,6.198238834039707e-8,0p5,0.5
2.643,6.198240123830187e-8,0p5,0.5
2.644,6.198241422888769e-8,0p5,0.5
2.645,6.19824273121546e-8,0p5,0.5
2.646,6.198243776817716e-8,0p5,0.5
2.647,6.198244356607114e-8,0p5,0.5
2.648,6.198244936396511e-8,0p5,0.5
2.649,6.198245516185909e-8,0p5,0.5
2.65,6.198246095975307e-8,0p5,0.5
2.651,6.198246675764704e-8,0p5,0.5
2.652,6.198247255554103e-8,0p5,0.5
2.653,6.198247835343501e-8,0p5,0.5
2.654,6.198248415132897e-8,0p5,0.5
2.655,6.198248994922295e-8,0p5,0.5
2.656,6.198249574711694e-8,0p5,0.5
2.657,6.19825015450109e-8,0p5,0.5
2.658,6.19825073429049e-8,0p5,0.5
2.659,6.198251314079886e-8,0p5,0.5
2.66,6.198251893869284e-8,0p5,0.5
2.661,6.198252473658683e-8,0p5,0.5
2.662,6.19825305344808e-8,0p5,0.5
2.663,6.198253633237479e-8,0p5,0.5
2.664,6.198254213026876e-8,0p5,0.5
2.665,6.198254792816273e-8,0p5,0.5
2.666,6.198255372605671e-8,0p5,0.5
2.667,6.19825595239507e-8,0p5,0.5
2.668,6.198256532184466e-8,0p5,0.5
2.669,6.198257111973864e-8,0p5,0.5
2.67,6.198257691763262e-8,0p5,0.5
2.671,6.19825827155266e-8,0p5,0.5
2.672,6.198258851342058e-8,0p5,0.5
2.673,6.198259431131456e-8,0p5,0.5
2.674,6.198260010920853e-8,0p5,0.5
2.675,6.19826059071025e-8,0p5,0.5
2.676,6.198261170499649e-8,0p5,0.5
2.677,6.198261750289046e-8,0p5,0.5
2.678,6.198262330078445e-8,0p5,0.5
2.679,6.198262909867842e-8,0p5,0.5
2.68,6.19826348965724e-8,0p5,0.5
2.681,6.198264069446636e-8,0p5,0.5
2.682,6.198264649236035e-8,0p5,0.5
2.683,6.198265229025433e-8,0p5,0.5
2.684,6.198265808814831e-8,0p5,0.5
2.685,6.198266388604228e-8,0p5,0.5
2.686,6.198266968393626e-8,0p5,0.5
2.687,6.198267548183024e-8,0p5,0.5
2.688,6.198268127972421e-8,0p5,0.5
2.689,6.198268707761819e-8,0p5,0.5
2.69,6.198269287551217e-8,0p5,0.5
2.691,6.198269867340614e-8,0p5,0.5
2.692,6.198270447130012e-8,0p5,0.5
2.693,6.19827102691941e-8,0p5,0.5
2.694,6.198271606708809e-8,0p5,0.5
2.695,6.198272186498205e-8,0p5,0.5
2.696,6.198272766287603e-8,0p5,0.5
2.697,6.198273346077e-8,0p5,0.5
2.698,6.198273925866398e-8,0p5,0.5
2.699,6.198274505655796e-8,0p5,0.5
2.7,6.198275085445194e-8,0p5,0.5
2.701,6.198275665234591e-8,0p5,0.5
2.702,6.198276245023989e-8,0p5,0.5
2.703,6.198276824813388e-8,0p5,0.5
2.704,6.198277404602784e-8,0p5,0.5
2.705,6.198277984392182e-8,0p5,0.5
2.706,6.19827856418158e-8,0p5,0.5
2.707,6.198279143970977e-8,0p5,0.5
2.708,6.198279723760376e-8,0p5,0.5
2.709,6.198280303549774e-8,0p5,0.5
2.71,6.198280883339169e-8,0p5,0.5
2.711,6.19828146312857e-8,0p5,0.5
2.712,6.198282042917966e-8,0p5,0.5
2.713,6.198282622707364e-8,0p5,0.5
2.714,6.198283202496763e-8,0p5,0.5
2.715,6.198283782286159e-8,0p5,0.5
2.716,6.198284362075557e-8,0p5,0.5
2.717,6.198284941864954e-8,0p5,0.5
2.718,6.198285521654353e-8,0p5,0.5
2.719,6.19828610144375e-8,0p5,0.5
2.72,6.198286681233147e-8,0p5,0.5
2.721,6.198287261022546e-8,0p5,0.5
2.722,6.198287840811943e-8,0p5,0.5
2.723,6.19828842060134e-8,0p5,0.5
2.724,6.19828900039074e-8,0p5,0.5
2.725,6.198289580180136e-8,0p5,0.5
2.726,6.198290159969533e-8,0p5,0.5
2.727,6.198290739758932e-8,0p5,0.5
2.728,6.198291319548329e-8,0p5,0.5
2.729,6.198291899337726e-8,0p5,0.5
2.73,6.198292479127124e-8,0p5,0.5
2.731,6.198293058916522e-8,0p5,0.5
2.732,6.19829363870592e-8,0p5,0.5
2.733,6.198294218495317e-8,0p5,0.5
2.734,6.198294798284714e-8,0p5,0.5
2.735,6.198295378074113e-8,0p5,0.5
2.736,6.19829595786351e-8,0p5,0.5
2.737,6.198296537652908e-8,0p5,0.5
2.738,6.198297117442304e-8,0p5,0.5
2.739,6.198297697231703e-8,0p5,0.5
2.74,6.198298277021101e-8,0p5,0.5
2.741,6.198298856810499e-8,0p5,0.5
2.742,6.198299176075969e-8,0p5,0.5
2.743,6.19829921483522e-8,0p5,0.5
2.744,6.198299253594468e-8,0p5,0.5
2.745,6.198299292353718e-8,0p5,0.5
2.746,6.198299331112966e-8,0p5,0.5
2.747,6.198299369872217e-8,0p5,0.5
2.748,6.198299408631465e-8,0p5,0.5
2.749,6.198299447390715e-8,0p5,0.5
2.75,6.198299486149963e-8,0p5,0.5
2.751,6.198299524909213e-8,0p5,0.5
2.752,6.198299563668462e-8,0p5,0.5
2.753,6.198299602427712e-8,0p5,0.5
2.754,6.19829964118696e-8,0p5,0.5
2.755,6.19829967994621e-8,0p5,0.5
2.756,6.198299718705458e-8,0p5,0.5
2.757,6.198299757464709e-8,0p5,0.5
2.758,6.198299796223957e-8,0p5,0.5
2.759,6.198299834983207e-8,0p5,0.5
2.76,6.198299873742455e-8,0p5,0.5
2.761,6.198299912501706e-8,0p5,0.5
2.762,6.198299951260955e-8,0p5,0.5
2.763,6.198299990020203e-8,0p5,0.5
2.764,6.198300028779451e-8,0p5,0.5
2.765,6.198300067538703e-8,0p5,0.5
2.766,6.19830010629795e-8,0p5,0.5
2.767,6.198300145057201e-8,0p5,0.5
2.768,6.19830018381645e-8,0p5,0.5
2.769,6.198300222575698e-8,0p5,0.5
2.77,6.198300261334947e-8,0p5,0.5
2.771,6.198300300094196e-8,0p5,0.5
2.772,6.198300338853445e-8,0p5,0.5
2.773,6.198300377612696e-8,0p5,0.5
2.774,6.198300416371945e-8,0p5,0.5
2.775,6.198300455131194e-8,0p5,0.5
2.776,6.198300493890442e-8,0p5,0.5
2.777,6.198300532649692e-8,0p5,0.5
2.778,6.19830057140894e-8,0p5,0.5
2.779,6.198300610168191e-8,0p5,0.5
2.78,6.19830064892744e-8,0p5,0.5
2.781,6.19830068768669e-8,0p5,0.5
2.782,6.198300726445939e-8,0p5,0.5
2.783,6.198300765205188e-8,0p5,0.5
2.784,6.198300803964435e-8,0p5,0.5
2.785,6.198300842723685e-8,0p5,0.5
2.786,6.198300881482936e-8,0p5,0.5
2.787,6.198300920242186e-8,0p5,0.5
2.788,6.198300959001432e-8,0p5,0.5
2.789,6.198300997760683e-8,0p5,0.5
2.79,6.198301036519932e-8,0p5,0.5
2.791,6.19830107527918e-8,0p5,0.5
2.792,6.19830111403843e-8,0p5,0.5
2.793,6.19830115279768e-8,0p5,0.5
2.794,6.198301191556929e-8,0p5,0.5
2.795,6.198301230316177e-8,0p5,0.5
2.796,6.198301269075427e-8,0p5,0.5
2.797,6.198301307834678e-8,0p5,0.5
2.798,6.198301346593926e-8,0p5,0.5
2.799,6.198301385353174e-8,0p5,0.5
2.8,6.198301424112424e-8,0p5,0.5
2.801,6.198301462871673e-8,0p5,0.5
2.802,6.198301501630922e-8,0p5,0.5
2.803,6.198301540390171e-8,0p5,0.5
2.804,6.198301579149421e-8,0p5,0.5
2.805,6.198301617908669e-8,0p5,0.5
2.806,6.198301656667919e-8,0p5,0.5
2.807,6.19830169542717e-8,0p5,0.5
2.808,6.198301734186418e-8,0p5,0.5
2.809,6.198301772945668e-8,0p5,0.5
2.81,6.198301811704915e-8,0p5,0.5
2.811,6.198301850464164e-8,0p5,0.5
2.812,6.198301889223414e-8,0p5,0.5
2.813,6.198301927982662e-8,0p5,0.5
2.814,6.198301966741913e-8,0p5,0.5
2.815,6.198302005501164e-8,0p5,0.5
2.816,6.198302044260411e-8,0p5,0.5
2.817,6.198302083019659e-8,0p5,0.5
2.818,6.198302121778909e-8,0p5,0.5
2.819,6.198302160538158e-8,0p5,0.5
2.82,6.198302199297408e-8,0p5,0.5
2.821,6.198302238056656e-8,0p5,0.5
2.822,6.198302276815906e-8,0p5,0.5
2.823,6.198302315575157e-8,0p5,0.5
2.824,6.198302354334405e-8,0p5,0.5
2.825,6.198302393093653e-8,0p5,0.5
2.826,6.198302431852903e-8,0p5,0.5
2.827,6.198302470612153e-8,0p5,0.5
2.828,6.198302509371401e-8,0p5,0.5
2.829,6.19830254813065e-8,0p5,0.5
2.83,6.1983025868899e-8,0p5,0.5
2.831,6.198302625649151e-8,0p5,0.5
2.832,6.198302664408398e-8,0p5,0.5
2.833,6.198302703167646e-8,0p5,0.5
2.834,6.198302741926896e-8,0p5,0.5
2.835,6.198302780686147e-8,0p5,0.5
2.836,6.198302819445395e-8,0p5,0.5
2.837,6.198302858204643e-8,0p5,0.5
2.838,6.198302896963893e-8,0p5,0.5
2.839,6.198302935723143e-8,0p5,0.5
2.84,6.198302974482391e-8,0p5,0.5
2.841,6.19830301324164e-8,0p5,0.5
2.842,6.19830305200089e-8,0p5,0.5
2.843,6.19830309076014e-8,0p5,0.5
2.844,6.198303129519388e-8,0p5,0.5
2.845,6.198303168278638e-8,0p5,0.5
2.846,6.198303207037887e-8,0p5,0.5
2.847,6.198303245797134e-8,0p5,0.5
2.848,6.198303284556385e-8,0p5,0.5
2.849,6.198303323315636e-8,0p5,0.5
2.85,6.198303362074884e-8,0p5,0.5
2.851,6.198303400834133e-8,0p5,0.5
2.852,6.198303439593382e-8,0p5,0.5
2.853,6.198303478352632e-8,0p5,0.5
2.854,6.198303517111879e-8,0p5,0.5
2.855,6.198303555871128e-8,0p5,0.5
2.856,6.19830359463038e-8,0p5,0.5
2.857,6.198303633389628e-8,0p5,0.5
2.858,6.198303672148876e-8,0p5,0.5
2.859,6.198303710908127e-8,0p5,0.5
2.86,6.198303749667375e-8,0p5,0.5
2.861,6.198303788426625e-8,0p5,0.5
2.862,6.198303827185873e-8,0p5,0.5
2.863,6.198303865945123e-8,0p5,0.5
2.864,6.198303904704372e-8,0p5,0.5
2.865,6.198303943463622e-8,0p5,0.5
2.866,6.19830398222287e-8,0p5,0.5
2.867,6.198304020982118e-8,0p5,0.5
2.868,6.19830405974137e-8,0p5,0.5
2.869,6.198304098500616e-8,0p5,0.5
2.87,6.198304137259869e-8,0p5,0.5
2.871,6.198304176019117e-8,0p5,0.5
2.872,6.198304214778366e-8,0p5,0.5
2.873,6.198304253537613e-8,0p5,0.5
2.874,6.198304292296864e-8,0p5,0.5
2.875,6.198304331056113e-8,0p5,0.5
2.876,6.198304369815362e-8,0p5,0.5
2.877,6.19830440857461e-8,0p5,0.5
2.878,6.198304447333861e-8,0p5,0.5
2.879,6.198304486093111e-8,0p5,0.5
2.88,6.19830452485236e-8,0p5,0.5
2.881,6.198304563611608e-8,0p5,0.5
2.882,6.198304602370857e-8,0p5,0.5
2.883,6.198304641130106e-8,0p5,0.5
2.884,6.198304679889356e-8,0p5,0.5
2.885,6.198304718648605e-8,0p5,0.5
2.886,6.198304757407854e-8,0p5,0.5
2.887,6.198304796167104e-8,0p5,0.5
2.888,6.198304834926352e-8,0p5,0.5
2.889,6.198304873685602e-8,0p5,0.5
2.89,6.198304912444851e-8,0p5,0.5
2.891,6.1983049512041e-8,0p5,0.5
2.892,6.19830498996335e-8,0p5,0.5
2.893,6.198305028722598e-8,0p5,0.5
2.894,6.198305067481849e-8,0p5,0.5
2.895,6.198305106241096e-8,0p5,0.5
2.896,6.198305145000345e-8,0p5,0.5
2.897,6.198305183759595e-8,0p5,0.5
2.898,6.198305222518846e-8,0p5,0.5
2.899,6.198305261278093e-8,0p5,0.5
2.9,6.198305300037344e-8,0p5,0.5
2.901,6.198305338796592e-8,0p5,0.5
2.902,6.198305377555841e-8,0p5,0.5
2.903,6.19830541631509e-8,0p5,0.5
2.904,6.198305455074338e-8,0p5,0.5
2.905,6.198305493833589e-8,0p5,0.5
2.906,6.198305532592837e-8,0p5,0.5
2.907,6.198305571352087e-8,0p5,0.5
2.908,6.198305610111336e-8,0p5,0.5
2.909,6.198305648870586e-8,0p5,0.5
2.91,6.198305687629834e-8,0p5,0.5
2.911,6.198305726389083e-8,0p5,0.5
2.912,6.198305765148334e-8,0p5,0.5
2.913,6.198305803907582e-8,0p5,0.5
2.914,6.19830584266683e-8,0p5,0.5
2.915,6.19830588142608e-8,0p5,0.5
2.916,6.198305920185328e-8,0p5,0.5
2.917,6.198305958944578e-8,0p5,0.5
2.918,6.198305997703827e-8,0p5,0.5
2.919,6.198306036463077e-8,0p5,0.5
2.92,6.198306075222328e-8,0p5,0.5
2.921,6.198306113981575e-8,0p5,0.5
2.922,6.198306152740824e-8,0p5,0.5
2.923,6.198306191500074e-8,0p5,0.5
2.924,6.198306230259322e-8,0p5,0.5
2.925,6.19830626901857e-8,0p5,0.5
2.926,6.198306307777821e-8,0p5,0.5
2.927,6.19830634653707e-8,0p5,0.5
2.928,6.198306385296321e-8,0p5,0.5
2.929,6.198306424055569e-8,0p5,0.5
2.93,6.198306462814819e-8,0p5,0.5
2.931,6.198306501574067e-8,0p5,0.5
2.932,6.198306540333314e-8,0p5,0.5
2.933,6.198306579092566e-8,0p5,0.5
2.934,6.19830657530509e-8,0p5,0.5
2.935,6.198306554157653e-8,0p5,0.5
2.936,6.198306533010214e-8,0p5,0.5
2.937,6.198306511862778e-8,0p5,0.5
2.938,6.198306490715337e-8,0p5,0.5
2.939,6.198306469567901e-8,0p5,0.5
2.94,6.198306448420464e-8,0p5,0.5
2.941,6.198306427273025e-8,0p5,0.5
2.942,6.198306406125587e-8,0p5,0.5
2.943,6.19830638497815e-8,0p5,0.5
2.944,6.198306363830711e-8,0p5,0.5
2.945,6.198306342683274e-8,0p5,0.5
2.946,6.198306321535838e-8,0p5,0.5
2.947,6.198306300388397e-8,0p5,0.5
2.948,6.198306279240961e-8,0p5,0.5
2.949,6.198306258093524e-8,0p5,0.5
2.95,6.198306236946086e-8,0p5,0.5
2.951,6.198306215798649e-8,0p5,0.5
2.952,6.19830619465121e-8,0p5,0.5
2.953,6.198306173503772e-8,0p5,0.5
2.954,6.198306152356334e-8,0p5,0.5
2.955,6.198306131208897e-8,0p5,0.5
2.956,6.198306110061457e-8,0p5,0.5
2.957,6.198306088914021e-8,0p5,0.5
2.958,6.198306067766582e-8,0p5,0.5
2.959,6.198306046619145e-8,0p5,0.5
2.96,6.198306025471706e-8,0p5,0.5
2.961,6.198306004324269e-8,0p5,0.5
2.962,6.198305983176831e-8,0p5,0.5
2.963,6.198305962029394e-8,0p5,0.5
2.964,6.198305940881956e-8,0p5,0.5
2.965,6.198305919734517e-8,0p5,0.5
2.966,6.19830589858708e-8,0p5,0.5
2.967,6.198305877439641e-8,0p5,0.5
2.968,6.198305856292203e-8,0p5,0.5
2.969,6.198305835144765e-8,0p5,0.5
2.97,6.198305813997327e-8,0p5,0.5
2.971,6.198305792849888e-8,0p5,0.5
2.972,6.198305771702454e-8,0p5,0.5
2.973,6.198305750555015e-8,0p5,0.5
2.974,6.198305729407577e-8,0p5,0.5
2.975,6.19830570826014e-8,0p5,0.5
2.976,6.198305687112701e-8,0p5,0.5
2.977,6.198305665965263e-8,0p5,0.5
2.978,6.198305644817825e-8,0p5,0.5
2.979,6.198305623670388e-8,0p5,0.5
2.98,6.198305602522951e-8,0p5,0.5
2.981,6.198305581375512e-8,0p5,0.5
2.982,6.198305560228075e-8,0p5,0.5
2.983,6.198305539080636e-8,0p5,0.5
2.984,6.198305517933198e-8,0p5,0.5
2.985,6.198305496785761e-8,0p5,0.5
2.986,6.198305475638325e-8,0p5,0.5
2.987,6.198305454490885e-8,0p5,0.5
2.988,6.198305433343448e-8,0p5,0.5
2.989,6.19830541219601e-8,0p5,0.5
2.99,6.198305391048572e-8,0p5,0.5
2.991,6.198305369901133e-8,0p5,0.5
2.992,6.198305348753696e-8,0p5,0.5
2.993,6.198305327606257e-8,0p5,0.5
2.994,6.19830530645882e-8,0p5,0.5
2.995,6.198305285311381e-8,0p5,0.5
2.996,6.198305264163943e-8,0p5,0.5
2.997,6.198305243016507e-8,0p5,0.5
2.998,6.19830522186907e-8,0p5,0.5
2.999,6.198305200721632e-8,0p5,0.5
3.0,6.198305179574193e-8,0p5,0.5
3.0,6.198305179574193e-8,0p5,0.5
