time,BESS.terminal.V.im,case,parameter_value
0.0,6.198300000000002e-8,0p1,0.1
0.001,6.198299999999997e-8,0p1,0.1
0.002,6.198299999999982e-8,0p1,0.1
0.003,6.198299999999973e-8,0p1,0.1
0.004,6.198299999999969e-8,0p1,0.1
0.005,6.198299999999969e-8,0p1,0.1
0.006,6.19829999999997e-8,0p1,0.1
0.007,6.198299999999973e-8,0p1,0.1
0.008,6.198299999999973e-8,0p1,0.1
0.009,6.198299999999974e-8,0p1,0.1
0.01,6.198299999999977e-8,0p1,0.1
0.011,6.198299999999981e-8,0p1,0.1
0.012,6.198299999999981e-8,0p1,0.1
0.013,6.198299999999981e-8,0p1,0.1
0.014,6.198299999999981e-8,0p1,0.1
0.015,6.198299999999982e-8,0p1,0.1
0.016,6.198299999999982e-8,0p1,0.1
0.017,6.198299999999982e-8,0p1,0.1
0.018,6.198299999999985e-8,0p1,0.1
0.019,6.198299999999985e-8,0p1,0.1
0.02,6.198299999999986e-8,0p1,0.1
0.021,6.198299999999987e-8,0p1,0.1
0.022,6.198299999999987e-8,0p1,0.1
0.023,6.198299999999987e-8,0p1,0.1
0.024,6.198299999999987e-8,0p1,0.1
0.025,6.198299999999989e-8,0p1,0.1
0.026,6.198299999999989e-8,0p1,0.1
0.027,6.198299999999989e-8,0p1,0.1
0.028,6.198299999999989e-8,0p1,0.1
0.029,6.19829999999999e-8,0p1,0.1
0.03,6.19829999999999e-8,0p1,0.1
0.031,6.19829999999999e-8,0p1,0.1
0.032,6.198299999999991e-8,0p1,0.1
0.033,6.198299999999991e-8,0p1,0.1
0.034,6.198299999999991e-8,0p1,0.1
0.035,6.198299999999991e-8,0p1,0.1
0.036,6.198299999999993e-8,0p1,0.1
0.037,6.198299999999993e-8,0p1,0.1
0.038,6.198299999999993e-8,0p1,0.1
0.039,6.198299999999993e-8,0p1,0.1
0.04,6.198299999999995e-8,0p1,0.1
0.041,6.198299999999995e-8,0p1,0.1
0.042,6.198299999999995e-8,0p1,0.1
0.043,6.198299999999995e-8,0p1,0.1
0.044,6.198299999999995e-8,0p1,0.1
0.045,6.198299999999995e-8,0p1,0.1
0.046,6.198299999999995e-8,0p1,0.1
0.047,6.198299999999995e-8,0p1,0.1
0.048,6.198299999999995e-8,0p1,0.1
0.049,6.198299999999995e-8,0p1,0.1
0.05,6.198299999999995e-8,0p1,0.1
0.051,6.198299999999995e-8,0p1,0.1
0.052,6.198299999999995e-8,0p1,0.1
0.053,6.198299999999995e-8,0p1,0.1
0.054,6.198299999999995e-8,0p1,0.1
0.055,6.198299999999995e-8,0p1,0.1
0.056,6.198299999999995e-8,0p1,0.1
0.057,6.198299999999995e-8,0p1,0.1
0.058,6.198299999999997e-8,0p1,0.1
0.059,6.198299999999997e-8,0p1,0.1
0.06,6.198299999999997e-8,0p1,0.1
0.061,6.198299999999997e-8,0p1,0.1
0.062,6.198299999999997e-8,0p1,0.1
0.063,6.198299999999997e-8,0p1,0.1
0.064,6.198299999999997e-8,0p1,0.1
0.065,6.198299999999997e-8,0p1,0.1
0.066,6.198299999999997e-8,0p1,0.1
0.067,6.198299999999997e-8,0p1,0.1
0.068,6.198299999999998e-8,0p1,0.1
0.069,6.198299999999998e-8,0p1,0.1
0.07,6.198299999999998e-8,0p1,0.1
0.071,6.198299999999998e-8,0p1,0.1
0.072,6.198299999999998e-8,0p1,0.1
0.073,6.198299999999998e-8,0p1,0.1
0.074,6.198299999999998e-8,0p1,0.1
0.075,6.198299999999998e-8,0p1,0.1
0.076,6.198299999999998e-8,0p1,0.1
0.077,6.198299999999998e-8,0p1,0.1
0.078,6.198299999999999e-8,0p1,0.1
0.079,6.198299999999999e-8,0p1,0.1
0.08,6.198299999999999e-8,0p1,0.1
0.081,6.198299999999999e-8,0p1,0.1
0.082,6.198299999999999e-8,0p1,0.1
0.083,6.198299999999999e-8,0p1,0.1
0.084,6.198299999999999e-8,0p1,0.1
0.085,6.198299999999999e-8,0p1,0.1
0.086,6.198299999999999e-8,0p1,0.1
0.087,6.198299999999999e-8,0p1,0.1
0.088,6.198299999999999e-8,0p1,0.1
0.089,6.198299999999999e-8,0p1,0.1
0.09,6.198299999999999e-8,0p1,0.1
0.091,6.198299999999999e-8,0p1,0.1
0.092,6.198299999999999e-8,0p1,0.1
0.093,6.198299999999999e-8,0p1,0.1
0.094,6.198299999999999e-8,0p1,0.1
0.095,6.198299999999999e-8,0p1,0.1
0.096,6.198299999999999e-8,0p1,0.1
0.097,6.198299999999999e-8,0p1,0.1
0.098,6.198299999999999e-8,0p1,0.1
0.099,6.198299999999999e-8,0p1,0.1
0.1,6.198299999999999e-8,0p1,0.1
0.101,6.198299999999999e-8,0p1,0.1
0.102,6.198299999999999e-8,0p1,0.1
0.103,6.198299999999999e-8,0p1,0.1
0.104,6.198299999999999e-8,0p1,0.1
0.105,6.198299999999999e-8,0p1,0.1
0.106,6.198299999999999e-8,0p1,0.1
0.107,6.198299999999999e-8,0p1,0.1
0.108,6.198299999999999e-8,0p1,0.1
0.109,6.198299999999999e-8,0p1,0.1
0.11,6.198299999999999e-8,0p1,0.1
0.111,6.198299999999999e-8,0p1,0.1
0.112,6.198299999999999e-8,0p1,0.1
0.113,6.198299999999999e-8,0p1,0.1
0.114,6.198299999999999e-8,0p1,0.1
0.115,6.198299999999999e-8,0p1,0.1
0.116,6.198299999999999e-8,0p1,0.1
0.117,6.198299999999999e-8,0p1,0.1
0.118,6.198299999999999e-8,0p1,0.1
0.119,6.198299999999999e-8,0p1,0.1
0.12,6.198299999999999e-8,0p1,0.1
0.121,6.198299999999999e-8,0p1,0.1
0.122,6.198299999999999e-8,0p1,0.1
0.123,6.198300000000002e-8,0p1,0.1
0.124,6.198300000000002e-8,0p1,0.1
0.125,6.198300000000002e-8,0p1,0.1
0.126,6.198300000000002e-8,0p1,0.1
0.127,6.198300000000002e-8,0p1,0.1
0.128,6.198300000000002e-8,0p1,0.1
0.129,6.198300000000002e-8,0p1,0.1
0.13,6.198300000000002e-8,0p1,0.1
0.131,6.198300000000002e-8,0p1,0.1
0.132,6.198300000000002e-8,0p1,0.1
0.133,6.198300000000002e-8,0p1,0.1
0.134,6.198300000000002e-8,0p1,0.1
0.135,6.198300000000002e-8,0p1,0.1
0.136,6.198300000000002e-8,0p1,0.1
0.137,6.198300000000002e-8,0p1,0.1
0.138,6.198300000000002e-8,0p1,0.1
0.139,6.198300000000002e-8,0p1,0.1
0.14,6.198300000000002e-8,0p1,0.1
0.141,6.198300000000002e-8,0p1,0.1
0.142,6.198300000000002e-8,0p1,0.1
0.143,6.198300000000002e-8,0p1,0.1
0.144,6.198300000000002e-8,0p1,0.1
0.145,6.198300000000002e-8,0p1,0.1
0.146,6.198300000000002e-8,0p1,0.1
0.147,6.198300000000002e-8,0p1,0.1
0.148,6.198300000000002e-8,0p1,0.1
0.149,6.198300000000002e-8,0p1,0.1
0.15,6.198300000000002e-8,0p1,0.1
0.151,6.198300000000002e-8,0p1,0.1
0.152,6.198300000000002e-8,0p1,0.1
0.153,6.198300000000002e-8,0p1,0.1
0.154,6.198300000000002e-8,0p1,0.1
0.155,6.198300000000002e-8,0p1,0.1
0.156,6.198300000000002e-8,0p1,0.1
0.157,6.198300000000002e-8,0p1,0.1
0.158,6.198300000000002e-8,0p1,0.1
0.159,6.198300000000002e-8,0p1,0.1
0.16,6.198300000000002e-8,0p1,0.1
0.161,6.198300000000002e-8,0p1,0.1
0.162,6.198300000000002e-8,0p1,0.1
0.163,6.198300000000002e-8,0p1,0.1
0.164,6.198300000000002e-8,0p1,0.1
0.165,6.198300000000002e-8,0p1,0.1
0.166,6.198300000000002e-8,0p1,0.1
0.167,6.198300000000002e-8,0p1,0.1
0.168,6.198300000000002e-8,0p1,0.1
0.169,6.198300000000002e-8,0p1,0.1
0.17,6.198300000000002e-8,0p1,0.1
0.171,6.198300000000002e-8,0p1,0.1
0.172,6.198300000000002e-8,0p1,0.1
0.173,6.198300000000002e-8,0p1,0.1
0.174,6.198300000000002e-8,0p1,0.1
0.175,6.198300000000002e-8,0p1,0.1
0.176,6.198300000000002e-8,0p1,0.1
0.177,6.198300000000002e-8,0p1,0.1
0.178,6.198300000000002e-8,0p1,0.1
0.179,6.198300000000002e-8,0p1,0.1
0.18,6.198300000000002e-8,0p1,0.1
0.181,6.198300000000002e-8,0p1,0.1
0.182,6.198300000000002e-8,0p1,0.1
0.183,6.198300000000002e-8,0p1,0.1
0.184,6.198300000000002e-8,0p1,0.1
0.185,6.198300000000002e-8,0p1,0.1
0.186,6.198300000000002e-8,0p1,0.1
0.187,6.198300000000002e-8,0p1,0.1
0.188,6.198300000000002e-8,0p1,0.1
0.189,6.198300000000002e-8,0p1,0.1
0.19,6.198300000000002e-8,0p1,0.1
0.191,6.198300000000002e-8,0p1,0.1
0.192,6.198300000000002e-8,0p1,0.1
0.193,6.198300000000002e-8,0p1,0.1
0.194,6.198300000000002e-8,0p1,0.1
0.195,6.198300000000002e-8,0p1,0.1
0.196,6.198300000000002e-8,0p1,0.1
0.197,6.198300000000002e-8,0p1,0.1
0.198,6.198300000000002e-8,0p1,0.1
0.199,6.198300000000002e-8,0p1,0.1
0.2,6.198300000000002e-8,0p1,0.1
0.201,6.198300000000002e-8,0p1,0.1
0.202,6.198300000000002e-8,0p1,0.1
0.203,6.198300000000002e-8,0p1,0.1
0.204,6.198300000000002e-8,0p1,0.1
0.205,6.198300000000002e-8,0p1,0.1
0.206,6.198300000000002e-8,0p1,0.1
0.207,6.198300000000002e-8,0p1,0.1
0.208,6.198300000000002e-8,0p1,0.1
0.209,6.198300000000002e-8,0p1,0.1
0.21,6.198300000000002e-8,0p1,0.1
0.211,6.198300000000002e-8,0p1,0.1
0.212,6.198300000000002e-8,0p1,0.1
0.213,6.198300000000002e-8,0p1,0.1
0.214,6.198300000000002e-8,0p1,0.1
0.215,6.198300000000002e-8,0p1,0.1
0.216,6.198300000000002e-8,0p1,0.1
0.217,6.198300000000002e-8,0p1,0.1
0.218,6.198300000000002e-8,0p1,0.1
0.219,6.198300000000002e-8,0p1,0.1
0.22,6.198300000000002e-8,0p1,0.1
0.221,6.198300000000002e-8,0p1,0.1
0.222,6.198300000000002e-8,0p1,0.1
0.223,6.198300000000002e-8,0p1,0.1
0.224,6.198300000000002e-8,0p1,0.1
0.225,6.198300000000002e-8,0p1,0.1
0.226,6.198300000000002e-8,0p1,0.1
0.227,6.198300000000002e-8,0p1,0.1
0.228,6.198300000000002e-8,0p1,0.1
0.229,6.198300000000002e-8,0p1,0.1
0.23,6.198300000000002e-8,0p1,0.1
0.231,6.198300000000002e-8,0p1,0.1
0.232,6.198300000000002e-8,0p1,0.1
0.233,6.198300000000002e-8,0p1,0.1
0.234,6.198300000000002e-8,0p1,0.1
0.235,6.198300000000002e-8,0p1,0.1
0.236,6.198300000000002e-8,0p1,0.1
0.237,6.198300000000002e-8,0p1,0.1
0.238,6.198300000000002e-8,0p1,0.1
0.239,6.198300000000002e-8,0p1,0.1
0.24,6.198300000000002e-8,0p1,0.1
0.241,6.198300000000002e-8,0p1,0.1
0.242,6.198300000000002e-8,0p1,0.1
0.243,6.198300000000002e-8,0p1,0.1
0.244,6.198300000000002e-8,0p1,0.1
0.245,6.198300000000002e-8,0p1,0.1
0.246,6.198300000000002e-8,0p1,0.1
0.247,6.198300000000002e-8,0p1,0.1
0.248,6.198300000000002e-8,0p1,0.1
0.249,6.198300000000002e-8,0p1,0.1
0.25,6.198300000000002e-8,0p1,0.1
0.251,6.198300000000002e-8,0p1,0.1
0.252,6.198300000000002e-8,0p1,0.1
0.253,6.198300000000002e-8,0p1,0.1
0.254,6.198300000000002e-8,0p1,0.1
0.255,6.198300000000002e-8,0p1,0.1
0.256,6.198300000000002e-8,0p1,0.1
0.257,6.198300000000002e-8,0p1,0.1
0.258,6.198300000000002e-8,0p1,0.1
0.259,6.198300000000002e-8,0p1,0.1
0.26,6.198300000000002e-8,0p1,0.1
0.261,6.198300000000002e-8,0p1,0.1
0.262,6.198300000000002e-8,0p1,0.1
0.263,6.198300000000002e-8,0p1,0.1
0.264,6.198300000000002e-8,0p1,0.1
0.265,6.198300000000002e-8,0p1,0.1
0.266,6.198300000000002e-8,0p1,0.1
0.267,6.198300000000002e-8,0p1,0.1
0.268,6.198300000000002e-8,0p1,0.1
0.269,6.198300000000002e-8,0p1,0.1
0.27,6.198300000000002e-8,0p1,0.1
0.271,6.198300000000002e-8,0p1,0.1
0.272,6.198300000000002e-8,0p1,0.1
0.273,6.198300000000002e-8,0p1,0.1
0.274,6.198300000000002e-8,0p1,0.1
0.275,6.198300000000002e-8,0p1,0.1
0.276,6.198300000000002e-8,0p1,0.1
0.277,6.198300000000002e-8,0p1,0.1
0.278,6.198300000000002e-8,0p1,0.1
0.279,6.198300000000002e-8,0p1,0.1
0.28,6.198300000000002e-8,0p1,0.1
0.281,6.198300000000002e-8,0p1,0.1
0.282,6.198300000000002e-8,0p1,0.1
0.283,6.198300000000002e-8,0p1,0.1
0.284,6.198300000000002e-8,0p1,0.1
0.285,6.198300000000002e-8,0p1,0.1
0.286,6.198300000000002e-8,0p1,0.1
0.287,6.198300000000002e-8,0p1,0.1
0.288,6.198300000000002e-8,0p1,0.1
0.289,6.198300000000002e-8,0p1,0.1
0.29,6.198300000000002e-8,0p1,0.1
0.291,6.198300000000002e-8,0p1,0.1
0.292,6.198300000000002e-8,0p1,0.1
0.293,6.198300000000002e-8,0p1,0.1
0.294,6.198300000000002e-8,0p1,0.1
0.295,6.198300000000002e-8,0p1,0.1
0.296,6.198300000000002e-8,0p1,0.1
0.297,6.198300000000002e-8,0p1,0.1
0.298,6.198300000000002e-8,0p1,0.1
0.299,6.198300000000002e-8,0p1,0.1
0.3,6.198300000000002e-8,0p1,0.1
0.301,6.198300000000002e-8,0p1,0.1
0.302,6.198300000000002e-8,0p1,0.1
0.303,6.198300000000002e-8,0p1,0.1
0.304,6.198300000000002e-8,0p1,0.1
0.305,6.198300000000002e-8,0p1,0.1
0.306,6.198300000000002e-8,0p1,0.1
0.307,6.198300000000002e-8,0p1,0.1
0.308,6.198300000000002e-8,0p1,0.1
0.309,6.198300000000002e-8,0p1,0.1
0.31,6.198300000000002e-8,0p1,0.1
0.311,6.198300000000002e-8,0p1,0.1
0.312,6.198300000000002e-8,0p1,0.1
0.313,6.198300000000002e-8,0p1,0.1
0.314,6.198300000000002e-8,0p1,0.1
0.315,6.198300000000002e-8,0p1,0.1
0.316,6.198300000000002e-8,0p1,0.1
0.317,6.198300000000002e-8,0p1,0.1
0.318,6.198300000000002e-8,0p1,0.1
0.319,6.198300000000002e-8,0p1,0.1
0.32,6.198300000000002e-8,0p1,0.1
0.321,6.198300000000002e-8,0p1,0.1
0.322,6.198300000000002e-8,0p1,0.1
0.323,6.198300000000002e-8,0p1,0.1
0.324,6.198300000000002e-8,0p1,0.1
0.325,6.198300000000002e-8,0p1,0.1
0.326,6.198300000000002e-8,0p1,0.1
0.327,6.198300000000002e-8,0p1,0.1
0.328,6.198300000000002e-8,0p1,0.1
0.329,6.198300000000002e-8,0p1,0.1
0.33,6.198300000000002e-8,0p1,0.1
0.331,6.198300000000002e-8,0p1,0.1
0.332,6.198300000000002e-8,0p1,0.1
0.333,6.198300000000002e-8,0p1,0.1
0.334,6.198300000000002e-8,0p1,0.1
0.335,6.198300000000002e-8,0p1,0.1
0.336,6.198300000000002e-8,0p1,0.1
0.337,6.198300000000002e-8,0p1,0.1
0.338,6.198300000000002e-8,0p1,0.1
0.339,6.198300000000002e-8,0p1,0.1
0.34,6.198300000000002e-8,0p1,0.1
0.341,6.198300000000002e-8,0p1,0.1
0.342,6.198300000000002e-8,0p1,0.1
0.343,6.198300000000002e-8,0p1,0.1
0.344,6.198300000000002e-8,0p1,0.1
0.345,6.198300000000002e-8,0p1,0.1
0.346,6.198300000000002e-8,0p1,0.1
0.347,6.198300000000002e-8,0p1,0.1
0.348,6.198300000000002e-8,0p1,0.1
0.349,6.198300000000002e-8,0p1,0.1
0.35,6.198300000000002e-8,0p1,0.1
0.351,6.198300000000002e-8,0p1,0.1
0.352,6.198300000000002e-8,0p1,0.1
0.353,6.198300000000002e-8,0p1,0.1
0.354,6.198300000000002e-8,0p1,0.1
0.355,6.198300000000002e-8,0p1,0.1
0.356,6.198300000000002e-8,0p1,0.1
0.357,6.198300000000002e-8,0p1,0.1
0.358,6.198300000000002e-8,0p1,0.1
0.359,6.198300000000002e-8,0p1,0.1
0.36,6.198300000000002e-8,0p1,0.1
0.361,6.198300000000002e-8,0p1,0.1
0.362,6.198300000000002e-8,0p1,0.1
0.363,6.198300000000002e-8,0p1,0.1
0.364,6.198300000000002e-8,0p1,0.1
0.365,6.198300000000002e-8,0p1,0.1
0.366,6.198300000000002e-8,0p1,0.1
0.367,6.198300000000002e-8,0p1,0.1
0.368,6.198300000000002e-8,0p1,0.1
0.369,6.198300000000002e-8,0p1,0.1
0.37,6.198300000000002e-8,0p1,0.1
0.371,6.198300000000002e-8,0p1,0.1
0.372,6.198300000000002e-8,0p1,0.1
0.373,6.198300000000002e-8,0p1,0.1
0.374,6.198300000000002e-8,0p1,0.1
0.375,6.198300000000002e-8,0p1,0.1
0.376,6.198300000000002e-8,0p1,0.1
0.377,6.198300000000002e-8,0p1,0.1
0.378,6.198300000000002e-8,0p1,0.1
0.379,6.198300000000002e-8,0p1,0.1
0.38,6.198300000000002e-8,0p1,0.1
0.381,6.198300000000002e-8,0p1,0.1
0.382,6.198300000000002e-8,0p1,0.1
0.383,6.198300000000002e-8,0p1,0.1
0.384,6.198300000000002e-8,0p1,0.1
0.385,6.198300000000002e-8,0p1,0.1
0.386,6.198300000000002e-8,0p1,0.1
0.387,6.198300000000002e-8,0p1,0.1
0.388,6.198300000000002e-8,0p1,0.1
0.389,6.198300000000002e-8,0p1,0.1
0.39,6.198300000000002e-8,0p1,0.1
0.391,6.198300000000002e-8,0p1,0.1
0.392,6.198300000000002e-8,0p1,0.1
0.393,6.198300000000002e-8,0p1,0.1
0.394,6.198300000000002e-8,0p1,0.1
0.395,6.198300000000002e-8,0p1,0.1
0.396,6.198300000000002e-8,0p1,0.1
0.397,6.198300000000002e-8,0p1,0.1
0.398,6.198300000000002e-8,0p1,0.1
0.399,6.198300000000002e-8,0p1,0.1
0.4,6.198300000000002e-8,0p1,0.1
0.401,6.198300000000002e-8,0p1,0.1
0.402,6.198300000000002e-8,0p1,0.1
0.403,6.198300000000002e-8,0p1,0.1
0.404,6.198300000000002e-8,0p1,0.1
0.405,6.198300000000002e-8,0p1,0.1
0.406,6.198300000000002e-8,0p1,0.1
0.407,6.198300000000002e-8,0p1,0.1
0.408,6.198300000000002e-8,0p1,0.1
0.409,6.198300000000002e-8,0p1,0.1
0.41,6.198300000000002e-8,0p1,0.1
0.411,6.198300000000002e-8,0p1,0.1
0.412,6.198300000000002e-8,0p1,0.1
0.413,6.198300000000002e-8,0p1,0.1
0.414,6.198300000000002e-8,0p1,0.1
0.415,6.198300000000002e-8,0p1,0.1
0.416,6.198300000000002e-8,0p1,0.1
0.417,6.198300000000002e-8,0p1,0.1
0.418,6.198300000000002e-8,0p1,0.1
0.419,6.198300000000002e-8,0p1,0.1
0.42,6.198300000000002e-8,0p1,0.1
0.421,6.198300000000002e-8,0p1,0.1
0.422,6.198300000000002e-8,0p1,0.1
0.423,6.198300000000002e-8,0p1,0.1
0.424,6.198300000000002e-8,0p1,0.1
0.425,6.198300000000002e-8,0p1,0.1
0.426,6.198300000000002e-8,0p1,0.1
0.427,6.198300000000002e-8,0p1,0.1
0.428,6.198300000000002e-8,0p1,0.1
0.429,6.198300000000002e-8,0p1,0.1
0.43,6.198300000000002e-8,0p1,0.1
0.431,6.198300000000002e-8,0p1,0.1
0.432,6.198300000000002e-8,0p1,0.1
0.433,6.198300000000002e-8,0p1,0.1
0.434,6.198300000000002e-8,0p1,0.1
0.435,6.198300000000002e-8,0p1,0.1
0.436,6.198300000000002e-8,0p1,0.1
0.437,6.198300000000002e-8,0p1,0.1
0.438,6.198300000000002e-8,0p1,0.1
0.439,6.198300000000002e-8,0p1,0.1
0.44,6.198300000000002e-8,0p1,0.1
0.441,6.198300000000002e-8,0p1,0.1
0.442,6.198300000000002e-8,0p1,0.1
0.443,6.198300000000002e-8,0p1,0.1
0.444,6.198300000000002e-8,0p1,0.1
0.445,6.198300000000002e-8,0p1,0.1
0.446,6.198300000000002e-8,0p1,0.1
0.447,6.198300000000002e-8,0p1,0.1
0.448,6.198300000000002e-8,0p1,0.1
0.449,6.198300000000002e-8,0p1,0.1
0.45,6.198300000000002e-8,0p1,0.1
0.451,6.198300000000002e-8,0p1,0.1
0.452,6.198300000000002e-8,0p1,0.1
0.453,6.198300000000002e-8,0p1,0.1
0.454,6.198300000000002e-8,0p1,0.1
0.455,6.198300000000002e-8,0p1,0.1
0.456,6.198300000000002e-8,0p1,0.1
0.457,6.198300000000002e-8,0p1,0.1
0.458,6.198300000000002e-8,0p1,0.1
0.459,6.198300000000002e-8,0p1,0.1
0.46,6.198300000000002e-8,0p1,0.1
0.461,6.198300000000002e-8,0p1,0.1
0.462,6.198300000000002e-8,0p1,0.1
0.463,6.198300000000002e-8,0p1,0.1
0.464,6.198300000000002e-8,0p1,0.1
0.465,6.198300000000002e-8,0p1,0.1
0.466,6.198300000000002e-8,0p1,0.1
0.467,6.198300000000002e-8,0p1,0.1
0.468,6.198300000000002e-8,0p1,0.1
0.469,6.198300000000002e-8,0p1,0.1
0.47,6.198300000000002e-8,0p1,0.1
0.471,6.198300000000002e-8,0p1,0.1
0.472,6.198300000000002e-8,0p1,0.1
0.473,6.198300000000002e-8,0p1,0.1
0.474,6.198300000000002e-8,0p1,0.1
0.475,6.198300000000002e-8,0p1,0.1
0.476,6.198300000000002e-8,0p1,0.1
0.477,6.198300000000002e-8,0p1,0.1
0.478,6.198300000000002e-8,0p1,0.1
0.479,6.198300000000002e-8,0p1,0.1
0.48,6.198300000000002e-8,0p1,0.1
0.481,6.198300000000002e-8,0p1,0.1
0.482,6.198300000000002e-8,0p1,0.1
0.483,6.198300000000002e-8,0p1,0.1
0.484,6.198300000000002e-8,0p1,0.1
0.485,6.198300000000002e-8,0p1,0.1
0.486,6.198300000000002e-8,0p1,0.1
0.487,6.198300000000002e-8,0p1,0.1
0.488,6.198300000000002e-8,0p1,0.1
0.489,6.198300000000002e-8,0p1,0.1
0.49,6.198300000000002e-8,0p1,0.1
0.491,6.198300000000002e-8,0p1,0.1
0.492,6.198300000000002e-8,0p1,0.1
0.493,6.198300000000002e-8,0p1,0.1
0.494,6.198300000000002e-8,0p1,0.1
0.495,6.198300000000002e-8,0p1,0.1
0.496,6.198300000000002e-8,0p1,0.1
0.497,6.198300000000002e-8,0p1,0.1
0.498,6.198300000000002e-8,0p1,0.1
0.499,6.198300000000002e-8,0p1,0.1
0.5,6.198300000000002e-8,0p1,0.1
0.501,6.198300000000002e-8,0p1,0.1
0.502,6.198300000000002e-8,0p1,0.1
0.503,6.198300000000002e-8,0p1,0.1
0.504,6.198300000000002e-8,0p1,0.1
0.505,6.198300000000002e-8,0p1,0.1
0.506,6.198300000000002e-8,0p1,0.1
0.507,6.198300000000002e-8,0p1,0.1
0.508,6.198299999999999e-8,0p1,0.1
0.509,6.198299999999999e-8,0p1,0.1
0.51,6.198299999999999e-8,0p1,0.1
0.511,6.198299999999999e-8,0p1,0.1
0.512,6.198299999999999e-8,0p1,0.1
0.513,6.198299999999999e-8,0p1,0.1
0.514,6.198299999999999e-8,0p1,0.1
0.515,6.198299999999999e-8,0p1,0.1
0.516,6.198299999999999e-8,0p1,0.1
0.517,6.198299999999999e-8,0p1,0.1
0.518,6.198299999999999e-8,0p1,0.1
0.519,6.198299999999999e-8,0p1,0.1
0.52,6.198299999999999e-8,0p1,0.1
0.521,6.198299999999999e-8,0p1,0.1
0.522,6.198299999999999e-8,0p1,0.1
0.523,6.198299999999999e-8,0p1,0.1
0.524,6.198299999999999e-8,0p1,0.1
0.525,6.198299999999999e-8,0p1,0.1
0.526,6.198299999999999e-8,0p1,0.1
0.527,6.198299999999999e-8,0p1,0.1
0.528,6.198299999999999e-8,0p1,0.1
0.529,6.198299999999999e-8,0p1,0.1
0.53,6.198299999999999e-8,0p1,0.1
0.531,6.198299999999999e-8,0p1,0.1
0.532,6.198299999999999e-8,0p1,0.1
0.533,6.198299999999999e-8,0p1,0.1
0.534,6.198299999999999e-8,0p1,0.1
0.535,6.198299999999999e-8,0p1,0.1
0.536,6.198299999999999e-8,0p1,0.1
0.537,6.198299999999999e-8,0p1,0.1
0.538,6.198299999999999e-8,0p1,0.1
0.539,6.198299999999999e-8,0p1,0.1
0.54,6.198299999999999e-8,0p1,0.1
0.541,6.198299999999999e-8,0p1,0.1
0.542,6.198299999999999e-8,0p1,0.1
0.543,6.198299999999999e-8,0p1,0.1
0.544,6.198299999999999e-8,0p1,0.1
0.545,6.198299999999999e-8,0p1,0.1
0.546,6.198299999999999e-8,0p1,0.1
0.547,6.198299999999999e-8,0p1,0.1
0.548,6.198299999999999e-8,0p1,0.1
0.549,6.198299999999999e-8,0p1,0.1
0.55,6.198299999999999e-8,0p1,0.1
0.551,6.198299999999999e-8,0p1,0.1
0.552,6.198299999999999e-8,0p1,0.1
0.553,6.198299999999999e-8,0p1,0.1
0.554,6.198299999999999e-8,0p1,0.1
0.555,6.198299999999999e-8,0p1,0.1
0.556,6.198299999999999e-8,0p1,0.1
0.557,6.198299999999999e-8,0p1,0.1
0.558,6.198299999999999e-8,0p1,0.1
0.559,6.198299999999999e-8,0p1,0.1
0.56,6.198299999999999e-8,0p1,0.1
0.561,6.198299999999999e-8,0p1,0.1
0.562,6.198299999999999e-8,0p1,0.1
0.563,6.198299999999999e-8,0p1,0.1
0.564,6.198299999999999e-8,0p1,0.1
0.565,6.198299999999999e-8,0p1,0.1
0.566,6.198299999999999e-8,0p1,0.1
0.567,6.198299999999999e-8,0p1,0.1
0.568,6.198299999999999e-8,0p1,0.1
0.569,6.198299999999999e-8,0p1,0.1
0.57,6.198299999999999e-8,0p1,0.1
0.571,6.198299999999999e-8,0p1,0.1
0.572,6.198299999999999e-8,0p1,0.1
0.573,6.198299999999999e-8,0p1,0.1
0.574,6.198299999999999e-8,0p1,0.1
0.575,6.198299999999999e-8,0p1,0.1
0.576,6.198299999999999e-8,0p1,0.1
0.577,6.198299999999999e-8,0p1,0.1
0.578,6.198299999999999e-8,0p1,0.1
0.579,6.198299999999999e-8,0p1,0.1
0.58,6.198299999999999e-8,0p1,0.1
0.581,6.198299999999999e-8,0p1,0.1
0.582,6.198299999999999e-8,0p1,0.1
0.583,6.198299999999999e-8,0p1,0.1
0.584,6.198299999999999e-8,0p1,0.1
0.585,6.198299999999999e-8,0p1,0.1
0.586,6.198299999999999e-8,0p1,0.1
0.587,6.198299999999999e-8,0p1,0.1
0.588,6.198299999999999e-8,0p1,0.1
0.589,6.198299999999999e-8,0p1,0.1
0.59,6.198299999999999e-8,0p1,0.1
0.591,6.198299999999999e-8,0p1,0.1
0.592,6.198299999999999e-8,0p1,0.1
0.593,6.198299999999999e-8,0p1,0.1
0.594,6.198299999999999e-8,0p1,0.1
0.595,6.198299999999999e-8,0p1,0.1
0.596,6.198299999999999e-8,0p1,0.1
0.597,6.198299999999999e-8,0p1,0.1
0.598,6.198299999999999e-8,0p1,0.1
0.599,6.198299999999999e-8,0p1,0.1
0.6,6.198299999999999e-8,0p1,0.1
0.601,6.198299999999999e-8,0p1,0.1
0.602,6.198299999999999e-8,0p1,0.1
0.603,6.198299999999999e-8,0p1,0.1
0.604,6.198299999999999e-8,0p1,0.1
0.605,6.198299999999999e-8,0p1,0.1
0.606,6.198299999999999e-8,0p1,0.1
0.607,6.198299999999999e-8,0p1,0.1
0.608,6.198299999999999e-8,0p1,0.1
0.609,6.198299999999999e-8,0p1,0.1
0.61,6.198299999999999e-8,0p1,0.1
0.611,6.198299999999999e-8,0p1,0.1
0.612,6.198299999999999e-8,0p1,0.1
0.613,6.198299999999999e-8,0p1,0.1
0.614,6.198299999999999e-8,0p1,0.1
0.615,6.198299999999999e-8,0p1,0.1
0.616,6.198299999999999e-8,0p1,0.1
0.617,6.198299999999999e-8,0p1,0.1
0.618,6.198299999999999e-8,0p1,0.1
0.619,6.198299999999999e-8,0p1,0.1
0.62,6.198299999999999e-8,0p1,0.1
0.621,6.198299999999999e-8,0p1,0.1
0.622,6.198299999999999e-8,0p1,0.1
0.623,6.198299999999999e-8,0p1,0.1
0.624,6.198299999999999e-8,0p1,0.1
0.625,6.198299999999999e-8,0p1,0.1
0.626,6.198299999999999e-8,0p1,0.1
0.627,6.198299999999999e-8,0p1,0.1
0.628,6.198299999999999e-8,0p1,0.1
0.629,6.198299999999999e-8,0p1,0.1
0.63,6.198299999999999e-8,0p1,0.1
0.631,6.198299999999999e-8,0p1,0.1
0.632,6.198299999999999e-8,0p1,0.1
0.633,6.198299999999999e-8,0p1,0.1
0.634,6.198299999999999e-8,0p1,0.1
0.635,6.198299999999999e-8,0p1,0.1
0.636,6.198299999999999e-8,0p1,0.1
0.637,6.198299999999999e-8,0p1,0.1
0.638,6.198299999999999e-8,0p1,0.1
0.639,6.198299999999999e-8,0p1,0.1
0.64,6.198299999999999e-8,0p1,0.1
0.641,6.198299999999999e-8,0p1,0.1
0.642,6.198299999999999e-8,0p1,0.1
0.643,6.198299999999999e-8,0p1,0.1
0.644,6.198299999999999e-8,0p1,0.1
0.645,6.198299999999999e-8,0p1,0.1
0.646,6.198299999999999e-8,0p1,0.1
0.647,6.198299999999999e-8,0p1,0.1
0.648,6.198299999999999e-8,0p1,0.1
0.649,6.198299999999999e-8,0p1,0.1
0.65,6.198299999999999e-8,0p1,0.1
0.651,6.198299999999999e-8,0p1,0.1
0.652,6.198299999999999e-8,0p1,0.1
0.653,6.198299999999999e-8,0p1,0.1
0.654,6.198299999999999e-8,0p1,0.1
0.655,6.198299999999999e-8,0p1,0.1
0.656,6.198299999999999e-8,0p1,0.1
0.657,6.198299999999999e-8,0p1,0.1
0.658,6.198299999999999e-8,0p1,0.1
0.659,6.198299999999999e-8,0p1,0.1
0.66,6.198299999999999e-8,0p1,0.1
0.661,6.198299999999999e-8,0p1,0.1
0.662,6.198299999999999e-8,0p1,0.1
0.663,6.198299999999999e-8,0p1,0.1
0.664,6.198299999999999e-8,0p1,0.1
0.665,6.198299999999999e-8,0p1,0.1
0.666,6.198299999999999e-8,0p1,0.1
0.667,6.198299999999999e-8,0p1,0.1
0.668,6.198299999999999e-8,0p1,0.1
0.669,6.198299999999999e-8,0p1,0.1
0.67,6.198299999999999e-8,0p1,0.1
0.671,6.198299999999999e-8,0p1,0.1
0.672,6.198299999999999e-8,0p1,0.1
0.673,6.198299999999999e-8,0p1,0.1
0.674,6.198299999999999e-8,0p1,0.1
0.675,6.198299999999999e-8,0p1,0.1
0.676,6.198299999999999e-8,0p1,0.1
0.677,6.198299999999999e-8,0p1,0.1
0.678,6.198299999999999e-8,0p1,0.1
0.679,6.198299999999999e-8,0p1,0.1
0.68,6.198299999999999e-8,0p1,0.1
0.681,6.198299999999999e-8,0p1,0.1
0.682,6.198299999999999e-8,0p1,0.1
0.683,6.198299999999999e-8,0p1,0.1
0.684,6.198299999999999e-8,0p1,0.1
0.685,6.198299999999999e-8,0p1,0.1
0.686,6.198299999999999e-8,0p1,0.1
0.687,6.198299999999999e-8,0p1,0.1
0.688,6.198299999999999e-8,0p1,0.1
0.689,6.198299999999999e-8,0p1,0.1
0.69,6.198299999999999e-8,0p1,0.1
0.691,6.198299999999999e-8,0p1,0.1
0.692,6.198299999999999e-8,0p1,0.1
0.693,6.198299999999999e-8,0p1,0.1
0.694,6.198299999999999e-8,0p1,0.1
0.695,6.198299999999999e-8,0p1,0.1
0.696,6.198299999999999e-8,0p1,0.1
0.697,6.198299999999999e-8,0p1,0.1
0.698,6.198299999999999e-8,0p1,0.1
0.699,6.198299999999999e-8,0p1,0.1
0.7,6.198299999999999e-8,0p1,0.1
0.701,6.198299999999999e-8,0p1,0.1
0.702,6.198299999999999e-8,0p1,0.1
0.703,6.198299999999999e-8,0p1,0.1
0.704,6.198299999999999e-8,0p1,0.1
0.705,6.198299999999999e-8,0p1,0.1
0.706,6.198299999999999e-8,0p1,0.1
0.707,6.198299999999999e-8,0p1,0.1
0.708,6.198299999999999e-8,0p1,0.1
0.709,6.198299999999999e-8,0p1,0.1
0.71,6.198299999999999e-8,0p1,0.1
0.711,6.198299999999999e-8,0p1,0.1
0.712,6.198299999999999e-8,0p1,0.1
0.713,6.198299999999999e-8,0p1,0.1
0.714,6.198299999999999e-8,0p1,0.1
0.715,6.198299999999999e-8,0p1,0.1
0.716,6.198299999999999e-8,0p1,0.1
0.717,6.198299999999999e-8,0p1,0.1
0.718,6.198299999999999e-8,0p1,0.1
0.719,6.198299999999999e-8,0p1,0.1
0.72,6.198299999999999e-8,0p1,0.1
0.721,6.198299999999999e-8,0p1,0.1
0.722,6.198299999999999e-8,0p1,0.1
0.723,6.198299999999999e-8,0p1,0.1
0.724,6.198299999999999e-8,0p1,0.1
0.725,6.198299999999999e-8,0p1,0.1
0.726,6.198299999999999e-8,0p1,0.1
0.727,6.198299999999999e-8,0p1,0.1
0.728,6.198299999999999e-8,0p1,0.1
0.729,6.198299999999999e-8,0p1,0.1
0.73,6.198299999999999e-8,0p1,0.1
0.731,6.198299999999999e-8,0p1,0.1
0.732,6.198299999999999e-8,0p1,0.1
0.733,6.198299999999999e-8,0p1,0.1
0.734,6.198299999999999e-8,0p1,0.1
0.735,6.198299999999999e-8,0p1,0.1
0.736,6.198299999999999e-8,0p1,0.1
0.737,6.198299999999999e-8,0p1,0.1
0.738,6.198299999999999e-8,0p1,0.1
0.739,6.198299999999999e-8,0p1,0.1
0.74,6.198299999999999e-8,0p1,0.1
0.741,6.198299999999999e-8,0p1,0.1
0.742,6.198299999999999e-8,0p1,0.1
0.743,6.198299999999999e-8,0p1,0.1
0.744,6.198299999999999e-8,0p1,0.1
0.745,6.198299999999999e-8,0p1,0.1
0.746,6.198299999999999e-8,0p1,0.1
0.747,6.198299999999999e-8,0p1,0.1
0.748,6.198299999999999e-8,0p1,0.1
0.749,6.198299999999999e-8,0p1,0.1
0.75,6.198299999999999e-8,0p1,0.1
0.751,6.198299999999999e-8,0p1,0.1
0.752,6.198299999999999e-8,0p1,0.1
0.753,6.198299999999999e-8,0p1,0.1
0.754,6.198299999999999e-8,0p1,0.1
0.755,6.198299999999999e-8,0p1,0.1
0.756,6.198299999999999e-8,0p1,0.1
0.757,6.198299999999999e-8,0p1,0.1
0.758,6.198299999999999e-8,0p1,0.1
0.759,6.198299999999999e-8,0p1,0.1
0.76,6.198299999999999e-8,0p1,0.1
0.761,6.198299999999999e-8,0p1,0.1
0.762,6.198299999999999e-8,0p1,0.1
0.763,6.198299999999999e-8,0p1,0.1
0.764,6.198299999999999e-8,0p1,0.1
0.765,6.198299999999999e-8,0p1,0.1
0.766,6.198299999999999e-8,0p1,0.1
0.767,6.198299999999999e-8,0p1,0.1
0.768,6.198299999999999e-8,0p1,0.1
0.769,6.198299999999999e-8,0p1,0.1
0.77,6.198299999999999e-8,0p1,0.1
0.771,6.198299999999999e-8,0p1,0.1
0.772,6.198299999999999e-8,0p1,0.1
0.773,6.198299999999999e-8,0p1,0.1
0.774,6.198299999999999e-8,0p1,0.1
0.775,6.198299999999999e-8,0p1,0.1
0.776,6.198299999999999e-8,0p1,0.1
0.777,6.198299999999999e-8,0p1,0.1
0.778,6.198299999999999e-8,0p1,0.1
0.779,6.198299999999999e-8,0p1,0.1
0.78,6.198299999999999e-8,0p1,0.1
0.781,6.198299999999999e-8,0p1,0.1
0.782,6.198299999999999e-8,0p1,0.1
0.783,6.198299999999999e-8,0p1,0.1
0.784,6.198299999999999e-8,0p1,0.1
0.785,6.198299999999999e-8,0p1,0.1
0.786,6.198299999999999e-8,0p1,0.1
0.787,6.198299999999999e-8,0p1,0.1
0.788,6.198299999999999e-8,0p1,0.1
0.789,6.198299999999999e-8,0p1,0.1
0.79,6.198299999999999e-8,0p1,0.1
0.791,6.198299999999999e-8,0p1,0.1
0.792,6.198299999999999e-8,0p1,0.1
0.793,6.198299999999999e-8,0p1,0.1
0.794,6.198299999999999e-8,0p1,0.1
0.795,6.198299999999999e-8,0p1,0.1
0.796,6.198299999999999e-8,0p1,0.1
0.797,6.198299999999999e-8,0p1,0.1
0.798,6.198299999999999e-8,0p1,0.1
0.799,6.198299999999999e-8,0p1,0.1
0.8,6.198299999999999e-8,0p1,0.1
0.801,6.198299999999999e-8,0p1,0.1
0.802,6.198299999999999e-8,0p1,0.1
0.803,6.198299999999999e-8,0p1,0.1
0.804,6.198299999999999e-8,0p1,0.1
0.805,6.198299999999999e-8,0p1,0.1
0.806,6.198299999999999e-8,0p1,0.1
0.807,6.198299999999999e-8,0p1,0.1
0.808,6.198299999999999e-8,0p1,0.1
0.809,6.198299999999999e-8,0p1,0.1
0.81,6.198299999999999e-8,0p1,0.1
0.811,6.198299999999999e-8,0p1,0.1
0.812,6.198299999999999e-8,0p1,0.1
0.813,6.198299999999999e-8,0p1,0.1
0.814,6.198299999999999e-8,0p1,0.1
0.815,6.198299999999999e-8,0p1,0.1
0.816,6.198299999999999e-8,0p1,0.1
0.817,6.198299999999999e-8,0p1,0.1
0.818,6.198299999999999e-8,0p1,0.1
0.819,6.198299999999999e-8,0p1,0.1
0.82,6.198299999999999e-8,0p1,0.1
0.821,6.198299999999999e-8,0p1,0.1
0.822,6.198299999999999e-8,0p1,0.1
0.823,6.198299999999999e-8,0p1,0.1
0.824,6.198299999999999e-8,0p1,0.1
0.825,6.198299999999999e-8,0p1,0.1
0.826,6.198299999999999e-8,0p1,0.1
0.827,6.198299999999999e-8,0p1,0.1
0.828,6.198299999999999e-8,0p1,0.1
0.829,6.198299999999999e-8,0p1,0.1
0.83,6.198299999999999e-8,0p1,0.1
0.831,6.198299999999999e-8,0p1,0.1
0.832,6.198299999999999e-8,0p1,0.1
0.833,6.198299999999999e-8,0p1,0.1
0.834,6.198299999999999e-8,0p1,0.1
0.835,6.198299999999999e-8,0p1,0.1
0.836,6.198299999999999e-8,0p1,0.1
0.837,6.198299999999999e-8,0p1,0.1
0.838,6.198299999999999e-8,0p1,0.1
0.839,6.198299999999999e-8,0p1,0.1
0.84,6.198299999999999e-8,0p1,0.1
0.841,6.198299999999999e-8,0p1,0.1
0.842,6.198299999999999e-8,0p1,0.1
0.843,6.198299999999999e-8,0p1,0.1
0.844,6.198299999999999e-8,0p1,0.1
0.845,6.198299999999999e-8,0p1,0.1
0.846,6.198299999999999e-8,0p1,0.1
0.847,6.198299999999999e-8,0p1,0.1
0.848,6.198299999999999e-8,0p1,0.1
0.849,6.198299999999999e-8,0p1,0.1
0.85,6.198299999999999e-8,0p1,0.1
0.851,6.198300000000002e-8,0p1,0.1
0.852,6.198300000000002e-8,0p1,0.1
0.853,6.198300000000002e-8,0p1,0.1
0.854,6.198300000000002e-8,0p1,0.1
0.855,6.198300000000002e-8,0p1,0.1
0.856,6.198300000000002e-8,0p1,0.1
0.857,6.198300000000002e-8,0p1,0.1
0.858,6.198300000000002e-8,0p1,0.1
0.859,6.198300000000002e-8,0p1,0.1
0.86,6.198300000000002e-8,0p1,0.1
0.861,6.198300000000002e-8,0p1,0.1
0.862,6.198300000000002e-8,0p1,0.1
0.863,6.198300000000002e-8,0p1,0.1
0.864,6.198300000000002e-8,0p1,0.1
0.865,6.198300000000002e-8,0p1,0.1
0.866,6.198300000000002e-8,0p1,0.1
0.867,6.198300000000002e-8,0p1,0.1
0.868,6.198300000000002e-8,0p1,0.1
0.869,6.198300000000002e-8,0p1,0.1
0.87,6.198300000000002e-8,0p1,0.1
0.871,6.198300000000002e-8,0p1,0.1
0.872,6.198300000000002e-8,0p1,0.1
0.873,6.198300000000002e-8,0p1,0.1
0.874,6.198300000000002e-8,0p1,0.1
0.875,6.198300000000002e-8,0p1,0.1
0.876,6.198300000000002e-8,0p1,0.1
0.877,6.198300000000002e-8,0p1,0.1
0.878,6.198300000000002e-8,0p1,0.1
0.879,6.198300000000002e-8,0p1,0.1
0.88,6.198300000000002e-8,0p1,0.1
0.881,6.198300000000002e-8,0p1,0.1
0.882,6.198300000000002e-8,0p1,0.1
0.883,6.198300000000002e-8,0p1,0.1
0.884,6.198300000000002e-8,0p1,0.1
0.885,6.198300000000002e-8,0p1,0.1
0.886,6.198300000000002e-8,0p1,0.1
0.887,6.198300000000002e-8,0p1,0.1
0.888,6.198300000000002e-8,0p1,0.1
0.889,6.198300000000002e-8,0p1,0.1
0.89,6.198300000000002e-8,0p1,0.1
0.891,6.198300000000002e-8,0p1,0.1
0.892,6.198300000000002e-8,0p1,0.1
0.893,6.198300000000002e-8,0p1,0.1
0.894,6.198300000000002e-8,0p1,0.1
0.895,6.198300000000002e-8,0p1,0.1
0.896,6.198300000000002e-8,0p1,0.1
0.897,6.198300000000002e-8,0p1,0.1
0.898,6.198300000000002e-8,0p1,0.1
0.899,6.198300000000002e-8,0p1,0.1
0.9,6.198300000000002e-8,0p1,0.1
0.901,6.198300000000002e-8,0p1,0.1
0.902,6.198300000000002e-8,0p1,0.1
0.903,6.198300000000002e-8,0p1,0.1
0.904,6.198300000000002e-8,0p1,0.1
0.905,6.198300000000002e-8,0p1,0.1
0.906,6.198300000000002e-8,0p1,0.1
0.907,6.198300000000002e-8,0p1,0.1
0.908,6.198300000000002e-8,0p1,0.1
0.909,6.198300000000002e-8,0p1,0.1
0.91,6.198300000000002e-8,0p1,0.1
0.911,6.198300000000002e-8,0p1,0.1
0.912,6.198300000000002e-8,0p1,0.1
0.913,6.198300000000002e-8,0p1,0.1
0.914,6.198300000000002e-8,0p1,0.1
0.915,6.198300000000002e-8,0p1,0.1
0.916,6.198300000000002e-8,0p1,0.1
0.917,6.198300000000002e-8,0p1,0.1
0.918,6.198300000000002e-8,0p1,0.1
0.919,6.198300000000002e-8,0p1,0.1
0.92,6.198300000000002e-8,0p1,0.1
0.921,6.198300000000002e-8,0p1,0.1
0.922,6.198300000000002e-8,0p1,0.1
0.923,6.198300000000002e-8,0p1,0.1
0.924,6.198300000000002e-8,0p1,0.1
0.925,6.198300000000002e-8,0p1,0.1
0.926,6.198300000000002e-8,0p1,0.1
0.927,6.198300000000002e-8,0p1,0.1
0.928,6.198300000000002e-8,0p1,0.1
0.929,6.198300000000002e-8,0p1,0.1
0.93,6.198300000000002e-8,0p1,0.1
0.931,6.198300000000002e-8,0p1,0.1
0.932,6.198300000000002e-8,0p1,0.1
0.933,6.198300000000002e-8,0p1,0.1
0.934,6.198300000000002e-8,0p1,0.1
0.935,6.198300000000002e-8,0p1,0.1
0.936,6.198300000000002e-8,0p1,0.1
0.937,6.198300000000002e-8,0p1,0.1
0.938,6.198300000000002e-8,0p1,0.1
0.939,6.198300000000002e-8,0p1,0.1
0.94,6.198300000000002e-8,0p1,0.1
0.941,6.198300000000002e-8,0p1,0.1
0.942,6.198300000000002e-8,0p1,0.1
0.943,6.198300000000002e-8,0p1,0.1
0.944,6.198300000000002e-8,0p1,0.1
0.945,6.198300000000002e-8,0p1,0.1
0.946,6.198300000000002e-8,0p1,0.1
0.947,6.198300000000002e-8,0p1,0.1
0.948,6.198300000000002e-8,0p1,0.1
0.949,6.198300000000002e-8,0p1,0.1
0.95,6.198300000000002e-8,0p1,0.1
0.951,6.198300000000002e-8,0p1,0.1
0.952,6.198300000000002e-8,0p1,0.1
0.953,6.198300000000002e-8,0p1,0.1
0.954,6.198300000000002e-8,0p1,0.1
0.955,6.198300000000002e-8,0p1,0.1
0.956,6.198300000000002e-8,0p1,0.1
0.957,6.198300000000002e-8,0p1,0.1
0.958,6.198300000000002e-8,0p1,0.1
0.959,6.198300000000002e-8,0p1,0.1
0.96,6.198300000000002e-8,0p1,0.1
0.961,6.198300000000002e-8,0p1,0.1
0.962,6.198300000000002e-8,0p1,0.1
0.963,6.198300000000002e-8,0p1,0.1
0.964,6.198300000000002e-8,0p1,0.1
0.965,6.198300000000002e-8,0p1,0.1
0.966,6.198300000000002e-8,0p1,0.1
0.967,6.198300000000002e-8,0p1,0.1
0.968,6.198300000000002e-8,0p1,0.1
0.969,6.198300000000002e-8,0p1,0.1
0.97,6.198300000000002e-8,0p1,0.1
0.971,6.198300000000002e-8,0p1,0.1
0.972,6.198300000000002e-8,0p1,0.1
0.973,6.198300000000002e-8,0p1,0.1
0.974,6.198300000000002e-8,0p1,0.1
0.975,6.198300000000002e-8,0p1,0.1
0.976,6.198300000000002e-8,0p1,0.1
0.977,6.198300000000002e-8,0p1,0.1
0.978,6.198300000000002e-8,0p1,0.1
0.979,6.198300000000002e-8,0p1,0.1
0.98,6.198300000000002e-8,0p1,0.1
0.981,6.198300000000002e-8,0p1,0.1
0.982,6.198300000000002e-8,0p1,0.1
0.983,6.198300000000002e-8,0p1,0.1
0.984,6.198300000000002e-8,0p1,0.1
0.985,6.198300000000002e-8,0p1,0.1
0.986,6.198300000000002e-8,0p1,0.1
0.987,6.198300000000002e-8,0p1,0.1
0.988,6.198300000000002e-8,0p1,0.1
0.989,6.198300000000002e-8,0p1,0.1
0.99,6.198300000000002e-8,0p1,0.1
0.991,6.198300000000002e-8,0p1,0.1
0.992,6.198300000000002e-8,0p1,0.1
0.993,6.198300000000002e-8,0p1,0.1
0.994,6.198300000000002e-8,0p1,0.1
0.995,6.198300000000002e-8,0p1,0.1
0.996,6.198300000000002e-8,0p1,0.1
0.997,6.198300000000002e-8,0p1,0.1
0.998,6.198300000000002e-8,0p1,0.1
0.999,6.198300000000002e-8,0p1,0.1
1.0,6.198300000000002e-8,0p1,0.1
1.000000002000481,6.198300000000002e-8,0p1,0.1
1.000000002000481,6.198300000000002e-8,0p1,0.1
1.001,6.206289740356176e-8,0p1,0.1
1.002,6.229498553246519e-8,0p1,0.1
1.003,6.266713651574094e-8,0p1,0.1
1.004,6.316607370915e-8,0p1,0.1
1.005,6.377958030374074e-8,0p1,0.1
1.006,6.449644014398535e-8,0p1,0.1
1.007,6.530594667277263e-8,0p1,0.1
1.008,6.619813414492473e-8,0p1,0.1
1.009,6.716323436980709e-8,0p1,0.1
1.01,6.819181985315143e-8,0p1,0.1
1.011,6.927479320581944e-8,0p1,0.1
1.012,7.040342460544688e-8,0p1,0.1
1.013,7.156930948986601e-8,0p1,0.1
1.014,7.276484961233831e-8,0p1,0.1
1.015,7.397869632412064e-8,0p1,0.1
1.016,7.519542523411694e-8,0p1,0.1
1.017,7.641254108922687e-8,0p1,0.1
1.018,7.762996119202867e-8,0p1,0.1
1.019,7.884776269688524e-8,0p1,0.1
1.02,8.006553197089447e-8,0p1,0.1
1.021,8.124482392403807e-8,0p1,0.1
1.022,8.235945228381938e-8,0p1,0.1
1.023,8.341029393799285e-8,0p1,0.1
1.024,8.440073184634405e-8,0p1,0.1
1.025,8.533422743808891e-8,0p1,0.1
1.026,8.621389116468914e-8,0p1,0.1
1.027,8.704300855481607e-8,0p1,0.1
1.028,8.782440651576146e-8,0p1,0.1
1.029,8.856079156223618e-8,0p1,0.1
1.03,8.925493639906179e-8,0p1,0.1
1.031,8.990913264140793e-8,0p1,0.1
1.032,9.052572094649553e-8,0p1,0.1
1.033,9.110694407835767e-8,0p1,0.1
1.034,9.165473681680577e-8,0p1,0.1
1.035,9.217110663052195e-8,0p1,0.1
1.036,9.265785033428226e-8,0p1,0.1
1.037,9.311661033476341e-8,0p1,0.1
1.038,9.354921403883144e-8,0p1,0.1
1.039,9.395740073452473e-8,0p1,0.1
1.04,9.43422693896347e-8,0p1,0.1
1.041,9.470490689310129e-8,0p1,0.1
1.042,9.50467904136883e-8,0p1,0.1
1.043,9.536917268557912e-8,0p1,0.1
1.044,9.567310450027819e-8,0p1,0.1
1.045,9.595950811350641e-8,0p1,0.1
1.046,9.622942967863782e-8,0p1,0.1
1.047,9.648391957575614e-8,0p1,0.1
1.048,9.672389012838145e-8,0p1,0.1
1.049,9.695001777687023e-8,0p1,0.1
1.05,9.716313229326305e-8,0p1,0.1
1.051,9.7364035612967e-8,0p1,0.1
1.052,9.755352182936732e-8,0p1,0.1
1.053,9.773207754017993e-8,0p1,0.1
1.054,9.790035827949676e-8,0p1,0.1
1.055,9.805897668088984e-8,0p1,0.1
1.056,9.82086110035264e-8,0p1,0.1
1.057,9.834961693983711e-8,0p1,0.1
1.058,9.848250859818573e-8,0p1,0.1
1.059,9.860776996890794e-8,0p1,0.1
1.06,9.87259264616266e-8,0p1,0.1
1.061,9.883728894921961e-8,0p1,0.1
1.062,9.89422425901387e-8,0p1,0.1
1.063,9.904116984155169e-8,0p1,0.1
1.064,9.913447642024232e-8,0p1,0.1
1.065,9.922243415628037e-8,0p1,0.1
1.066,9.930532945654737e-8,0p1,0.1
1.067,9.938346460870955e-8,0p1,0.1
1.068,9.945715182362055e-8,0p1,0.1
1.069,9.952662866950188e-8,0p1,0.1
1.07,9.959220831324521e-8,0p1,0.1
1.071,9.965422708568946e-8,0p1,0.1
1.072,9.971258254139267e-8,0p1,0.1
1.073,9.976777436640992e-8,0p1,0.1
1.074,9.981965559902197e-8,0p1,0.1
1.075,9.986854812867859e-8,0p1,0.1
1.076,9.991476373968685e-8,0p1,0.1
1.077,9.995817089420764e-8,0p1,0.1
1.078,9.999928130519567e-8,0p1,0.1
1.079,1.00037866264824e-7,0p1,0.1
1.08,1.000743378470317e-7,0p1,0.1
1.081,1.001086828963444e-7,0p1,0.1
1.082,1.001410008233381e-7,0p1,0.1
1.083,1.001715534130888e-7,0p1,0.1
1.084,1.002002119263031e-7,0p1,0.1
1.085,1.002273759877564e-7,0p1,0.1
1.086,1.002528778761211e-7,0p1,0.1
1.087,1.0027694772015e-7,0p1,0.1
1.088,1.002996422745977e-7,0p1,0.1
1.089,1.003209745606724e-7,0p1,0.1
1.09,1.003411600691404e-7,0p1,0.1
1.091,1.003600904505023e-7,0p1,0.1
1.092,1.003780265142525e-7,0p1,0.1
1.093,1.003948807545883e-7,0p1,0.1
1.094,1.004107681307593e-7,0p1,0.1
1.095,1.004257658030034e-7,0p1,0.1
1.096,1.004398508110565e-7,0p1,0.1
1.097,1.004531895936325e-7,0p1,0.1
1.098,1.004657050722391e-7,0p1,0.1
1.099,1.004775446202597e-7,0p1,0.1
1.1,1.004886869163283e-7,0p1,0.1
1.101,1.004991780243068e-7,0p1,0.1
1.102,1.005090926321343e-7,0p1,0.1
1.103,1.005183969887375e-7,0p1,0.1
1.104,1.005272148494615e-7,0p1,0.1
1.105,1.005354926555851e-7,0p1,0.1
1.106,1.00543312283521e-7,0p1,0.1
1.107,1.005506818485716e-7,0p1,0.1
1.108,1.005576137878075e-7,0p1,0.1
1.109,1.005641715108684e-7,0p1,0.1
1.11,1.005703219026368e-7,0p1,0.1
1.111,1.0057615451127e-7,0p1,0.1
1.112,1.005816328347721e-7,0p1,0.1
1.113,1.005868283579756e-7,0p1,0.1
1.114,1.00591771244246e-7,0p1,0.1
1.115,1.005964344075551e-7,0p1,0.1
1.116,1.006008178492621e-7,0p1,0.1
1.117,1.006049215706162e-7,0p1,0.1
1.118,1.00608848152927e-7,0p1,0.1
1.119,1.006125446980932e-7,0p1,0.1
1.12,1.006160019202693e-7,0p1,0.1
1.121,1.006192198202088e-7,0p1,0.1
1.122,1.006222864232694e-7,0p1,0.1
1.123,1.006252098718691e-7,0p1,0.1
1.124,1.006279503407389e-7,0p1,0.1
1.125,1.006305078302675e-7,0p1,0.1
1.126,1.006329161940942e-7,0p1,0.1
1.127,1.006352249700726e-7,0p1,0.1
1.128,1.006373897715668e-7,0p1,0.1
1.129,1.006394105987664e-7,0p1,0.1
1.13,1.006412952464462e-7,0p1,0.1
1.131,1.006431161575842e-7,0p1,0.1
1.132,1.006448251919969e-7,0p1,0.1
1.133,1.006464223497606e-7,0p1,0.1
1.134,1.006479076309354e-7,0p1,0.1
1.135,1.006493355504109e-7,0p1,0.1
1.136,1.00650684631088e-7,0p1,0.1
1.137,1.006519469984196e-7,0p1,0.1
1.138,1.006531226524129e-7,0p1,0.1
1.139,1.006542394017952e-7,0p1,0.1
1.14,1.006553047586445e-7,0p1,0.1
1.141,1.006563030312458e-7,0p1,0.1
1.142,1.006572342195815e-7,0p1,0.1
1.143,1.006581095360026e-7,0p1,0.1
1.144,1.006589515230125e-7,0p1,0.1
1.145,1.006597416541614e-7,0p1,0.1
1.146,1.00660479929422e-7,0p1,0.1
1.147,1.006611678237724e-7,0p1,0.1
1.148,1.006618340836878e-7,0p1,0.1
1.149,1.006624602726262e-7,0p1,0.1
1.15,1.006630463905584e-7,0p1,0.1
1.151,1.006635924374537e-7,0p1,0.1
1.152,1.006641167162859e-7,0p1,0.1
1.153,1.006646138262052e-7,0p1,0.1
1.154,1.006650799725792e-7,0p1,0.1
1.155,1.006655151553802e-7,0p1,0.1
1.156,1.006659283343064e-7,0p1,0.1
1.157,1.006663238366313e-7,0p1,0.1
1.158,1.006666954087129e-7,0p1,0.1
1.159,1.006670430505274e-7,0p1,0.1
1.16,1.006673717677853e-7,0p1,0.1
1.161,1.006676954452023e-7,0p1,0.1
1.162,1.006680034331113e-7,0p1,0.1
1.163,1.006682957314954e-7,0p1,0.1
1.164,1.006685723403375e-7,0p1,0.1
1.165,1.006688332596206e-7,0p1,0.1
1.166,1.006690784893277e-7,0p1,0.1
1.167,1.006693080294414e-7,0p1,0.1
1.168,1.006695218799445e-7,0p1,0.1
1.169,1.006697337886597e-7,0p1,0.1
1.17,1.006699382829552e-7,0p1,0.1
1.171,1.006701310882882e-7,0p1,0.1
1.172,1.006703122046455e-7,0p1,0.1
1.173,1.006704816320139e-7,0p1,0.1
1.174,1.006706393703805e-7,0p1,0.1
1.175,1.00670785419732e-7,0p1,0.1
1.176,1.006709197800554e-7,0p1,0.1
1.177,1.006710465925916e-7,0p1,0.1
1.178,1.006711795139883e-7,0p1,0.1
1.179,1.006713051533188e-7,0p1,0.1
1.18,1.006714235105746e-7,0p1,0.1
1.181,1.006715345857477e-7,0p1,0.1
1.182,1.006716383788299e-7,0p1,0.1
1.183,1.00671734889813e-7,0p1,0.1
1.184,1.006718241186891e-7,0p1,0.1
1.185,1.0067190606545e-7,0p1,0.1
1.186,1.006719899020099e-7,0p1,0.1
1.187,1.006720730482733e-7,0p1,0.1
1.188,1.006721518039286e-7,0p1,0.1
1.189,1.006722261689711e-7,0p1,0.1
1.19,1.006722961433961e-7,0p1,0.1
1.191,1.006723617271989e-7,0p1,0.1
1.192,1.006724229203747e-7,0p1,0.1
1.193,1.00672479722919e-7,0p1,0.1
1.194,1.0067253339394e-7,0p1,0.1
1.195,1.006725902327004e-7,0p1,0.1
1.196,1.006726444711145e-7,0p1,0.1
1.197,1.006726961091797e-7,0p1,0.1
1.198,1.006727451468934e-7,0p1,0.1
1.199,1.006727915842529e-7,0p1,0.1
1.2,1.006728354212558e-7,0p1,0.1
1.201,1.006728766578993e-7,0p1,0.1
1.202,1.00672915294181e-7,0p1,0.1
1.203,1.006729544396191e-7,0p1,0.1
1.204,1.006729936430175e-7,0p1,0.1
1.205,1.006730313144439e-7,0p1,0.1
1.206,1.006730674538973e-7,0p1,0.1
1.207,1.006731020613759e-7,0p1,0.1
1.208,1.006731351368786e-7,0p1,0.1
1.209,1.00673166680404e-7,0p1,0.1
1.21,1.006731966919507e-7,0p1,0.1
1.211,1.006732254637043e-7,0p1,0.1
1.212,1.006732554419474e-7,0p1,0.1
1.213,1.006732845102578e-7,0p1,0.1
1.214,1.006733126686347e-7,0p1,0.1
1.215,1.006733399170775e-7,0p1,0.1
1.216,1.006733662555855e-7,0p1,0.1
1.217,1.006733916841578e-7,0p1,0.1
1.218,1.006734162027939e-7,0p1,0.1
1.219,1.006734398114931e-7,0p1,0.1
1.22,1.006734634550387e-7,0p1,0.1
1.221,1.006734871484064e-7,0p1,0.1
1.222,1.006735102881247e-7,0p1,0.1
1.223,1.006735328741933e-7,0p1,0.1
1.224,1.006735549066118e-7,0p1,0.1
1.225,1.0067357638538e-7,0p1,0.1
1.226,1.006735973104973e-7,0p1,0.1
1.227,1.006736176819637e-7,0p1,0.1
1.228,1.00673637548082e-7,0p1,0.1
1.229,1.006736577863698e-7,0p1,0.1
1.23,1.006736776731503e-7,0p1,0.1
1.231,1.006736972084231e-7,0p1,0.1
1.232,1.006737163921884e-7,0p1,0.1
1.233,1.006737352244458e-7,0p1,0.1
1.234,1.006737537051953e-7,0p1,0.1
1.235,1.006737718344366e-7,0p1,0.1
1.236,1.006737896121697e-7,0p1,0.1
1.237,1.006738074162243e-7,0p1,0.1
1.238,1.006738253255681e-7,0p1,0.1
1.239,1.006738430411063e-7,0p1,0.1
1.24,1.006738605628391e-7,0p1,0.1
1.241,1.006738778907663e-7,0p1,0.1
1.242,1.006738950248879e-7,0p1,0.1
1.243,1.006739119652039e-7,0p1,0.1
1.244,1.006739287117144e-7,0p1,0.1
1.245,1.006739452644192e-7,0p1,0.1
1.246,1.006739616233183e-7,0p1,0.1
1.247,1.006739777884117e-7,0p1,0.1
1.248,1.006739937596995e-7,0p1,0.1
1.249,1.006740095371815e-7,0p1,0.1
1.25,1.006740251208578e-7,0p1,0.1
1.251,1.006740405107284e-7,0p1,0.1
1.252,1.006740557067931e-7,0p1,0.1
1.253,1.006740707090521e-7,0p1,0.1
1.254,1.006740855222432e-7,0p1,0.1
1.255,1.006741001476816e-7,0p1,0.1
1.256,1.006741145804498e-7,0p1,0.1
1.257,1.006741288205477e-7,0p1,0.1
1.258,1.006741429073316e-7,0p1,0.1
1.259,1.006741569971935e-7,0p1,0.1
1.26,1.006741709770408e-7,0p1,0.1
1.261,1.006741848468733e-7,0p1,0.1
1.262,1.006741986066911e-7,0p1,0.1
1.263,1.006742122564943e-7,0p1,0.1
1.264,1.006742257962828e-7,0p1,0.1
1.265,1.006742392260568e-7,0p1,0.1
1.266,1.006742525458162e-7,0p1,0.1
1.267,1.006742656923706e-7,0p1,0.1
1.268,1.006742786935585e-7,0p1,0.1
1.269,1.006742915595408e-7,0p1,0.1
1.27,1.006743043689588e-7,0p1,0.1
1.271,1.006743169214204e-7,0p1,0.1
1.272,1.006743294333914e-7,0p1,0.1
1.273,1.006743419453606e-7,0p1,0.1
1.274,1.00674354267137e-7,0p1,0.1
1.275,1.006743662110373e-7,0p1,0.1
1.276,1.006743781549359e-7,0p1,0.1
1.277,1.006743900988328e-7,0p1,0.1
1.278,1.006744020427281e-7,0p1,0.1
1.279,1.006744139866218e-7,0p1,0.1
1.28,1.006744259305139e-7,0p1,0.1
1.281,1.006744377243491e-7,0p1,0.1
1.282,1.006744491258558e-7,0p1,0.1
1.283,1.006744605273609e-7,0p1,0.1
1.284,1.006744719288645e-7,0p1,0.1
1.285,1.006744833303667e-7,0p1,0.1
1.286,1.006744947318673e-7,0p1,0.1
1.287,1.006745061333665e-7,0p1,0.1
1.288,1.006745173183945e-7,0p1,0.1
1.289,1.006745277292474e-7,0p1,0.1
1.29,1.006745381400991e-7,0p1,0.1
1.291,1.006745485509496e-7,0p1,0.1
1.292,1.006745589617989e-7,0p1,0.1
1.293,1.006745693726468e-7,0p1,0.1
1.294,1.006745797834936e-7,0p1,0.1
1.295,1.006745901943391e-7,0p1,0.1
1.296,1.006746006051833e-7,0p1,0.1
1.297,1.006746110160264e-7,0p1,0.1
1.298,1.006746214268682e-7,0p1,0.1
1.299,1.006746318377087e-7,0p1,0.1
1.3,1.006746422485481e-7,0p1,0.1
1.301,1.006746526593861e-7,0p1,0.1
1.302,1.00674662977757e-7,0p1,0.1
1.303,1.006746724840501e-7,0p1,0.1
1.304,1.006746819903422e-7,0p1,0.1
1.305,1.006746914966333e-7,0p1,0.1
1.306,1.006747010029233e-7,0p1,0.1
1.307,1.006747105092123e-7,0p1,0.1
1.308,1.006747200155002e-7,0p1,0.1
1.309,1.006747295217871e-7,0p1,0.1
1.31,1.00674739028073e-7,0p1,0.1
1.311,1.006747485343578e-7,0p1,0.1
1.312,1.006747580406416e-7,0p1,0.1
1.313,1.006747675469244e-7,0p1,0.1
1.314,1.006747770532062e-7,0p1,0.1
1.315,1.006747865594869e-7,0p1,0.1
1.316,1.006747960657666e-7,0p1,0.1
1.317,1.00674804757812e-7,0p1,0.1
1.318,1.006748134382399e-7,0p1,0.1
1.319,1.006748221186669e-7,0p1,0.1
1.32,1.006748307990931e-7,0p1,0.1
1.321,1.006748394795184e-7,0p1,0.1
1.322,1.006748481599428e-7,0p1,0.1
1.323,1.006748568403664e-7,0p1,0.1
1.324,1.006748655207891e-7,0p1,0.1
1.325,1.00674874201211e-7,0p1,0.1
1.326,1.00674882881632e-7,0p1,0.1
1.327,1.006748915620521e-7,0p1,0.1
1.328,1.006749002424714e-7,0p1,0.1
1.329,1.006749089228898e-7,0p1,0.1
1.33,1.006749176033074e-7,0p1,0.1
1.331,1.006749260190181e-7,0p1,0.1
1.332,1.006749343570745e-7,0p1,0.1
1.333,1.006749426545075e-7,0p1,0.1
1.334,1.00674950911317e-7,0p1,0.1
1.335,1.00674959127503e-7,0p1,0.1
1.336,1.006749673030656e-7,0p1,0.1
1.337,1.006749754380048e-7,0p1,0.1
1.338,1.006749835323206e-7,0p1,0.1
1.339,1.006749915860129e-7,0p1,0.1
1.34,1.006749995990819e-7,0p1,0.1
1.341,1.006750075715274e-7,0p1,0.1
1.342,1.006750155033496e-7,0p1,0.1
1.343,1.006750233945484e-7,0p1,0.1
1.344,1.006750312451239e-7,0p1,0.1
1.345,1.00675039055076e-7,0p1,0.1
1.346,1.006750468244048e-7,0p1,0.1
1.347,1.006750545531103e-7,0p1,0.1
1.348,1.006750622411924e-7,0p1,0.1
1.349,1.006750698886513e-7,0p1,0.1
1.35,1.006750774954869e-7,0p1,0.1
1.351,1.006750850616992e-7,0p1,0.1
1.352,1.006750925872882e-7,0p1,0.1
1.353,1.00675100072254e-7,0p1,0.1
1.354,1.006751075165965e-7,0p1,0.1
1.355,1.006751149203158e-7,0p1,0.1
1.356,1.006751222834118e-7,0p1,0.1
1.357,1.006751296058847e-7,0p1,0.1
1.358,1.006751368877343e-7,0p1,0.1
1.359,1.00675144099038e-7,0p1,0.1
1.36,1.006751512500079e-7,0p1,0.1
1.361,1.006751583571007e-7,0p1,0.1
1.362,1.006751654203164e-7,0p1,0.1
1.363,1.006751724396551e-7,0p1,0.1
1.364,1.006751794151167e-7,0p1,0.1
1.365,1.006751863467012e-7,0p1,0.1
1.366,1.006751932344087e-7,0p1,0.1
1.367,1.006752000782391e-7,0p1,0.1
1.368,1.006752068781925e-7,0p1,0.1
1.369,1.006752136342689e-7,0p1,0.1
1.37,1.006752203464684e-7,0p1,0.1
1.371,1.006752270147908e-7,0p1,0.1
1.372,1.006752336392362e-7,0p1,0.1
1.373,1.006752402198046e-7,0p1,0.1
1.374,1.006752467564961e-7,0p1,0.1
1.375,1.006752532493107e-7,0p1,0.1
1.376,1.006752596982483e-7,0p1,0.1
1.377,1.006752661033089e-7,0p1,0.1
1.378,1.006752724644926e-7,0p1,0.1
1.379,1.006752787817995e-7,0p1,0.1
1.38,1.006752850552294e-7,0p1,0.1
1.381,1.006752912847824e-7,0p1,0.1
1.382,1.006752974704585e-7,0p1,0.1
1.383,1.006753036122578e-7,0p1,0.1
1.384,1.006753097101802e-7,0p1,0.1
1.385,1.006753157642257e-7,0p1,0.1
1.386,1.006753217743944e-7,0p1,0.1
1.387,1.006753277888699e-7,0p1,0.1
1.388,1.006753338362515e-7,0p1,0.1
1.389,1.006753398480758e-7,0p1,0.1
1.39,1.006753458243429e-7,0p1,0.1
1.391,1.006753517650527e-7,0p1,0.1
1.392,1.006753576702053e-7,0p1,0.1
1.393,1.006753635398008e-7,0p1,0.1
1.394,1.006753693738389e-7,0p1,0.1
1.395,1.006753751723198e-7,0p1,0.1
1.396,1.006753809352436e-7,0p1,0.1
1.397,1.006753866626102e-7,0p1,0.1
1.398,1.006753923544195e-7,0p1,0.1
1.399,1.006753980106717e-7,0p1,0.1
1.4,1.006754036313667e-7,0p1,0.1
1.401,1.006754092165045e-7,0p1,0.1
1.402,1.006754147660852e-7,0p1,0.1
1.403,1.006754202801087e-7,0p1,0.1
1.404,1.006754257585751e-7,0p1,0.1
1.405,1.006754312014843e-7,0p1,0.1
1.406,1.006754366088363e-7,0p1,0.1
1.407,1.006754419806313e-7,0p1,0.1
1.408,1.006754473168691e-7,0p1,0.1
1.409,1.006754526175498e-7,0p1,0.1
1.41,1.006754578826734e-7,0p1,0.1
1.411,1.006754631122399e-7,0p1,0.1
1.412,1.006754683062493e-7,0p1,0.1
1.413,1.006754734647016e-7,0p1,0.1
1.414,1.006754785875968e-7,0p1,0.1
1.415,1.00675483674935e-7,0p1,0.1
1.416,1.006754887267161e-7,0p1,0.1
1.417,1.006754937429401e-7,0p1,0.1
1.418,1.00675498723607e-7,0p1,0.1
1.419,1.006755036687169e-7,0p1,0.1
1.42,1.006755085782697e-7,0p1,0.1
1.421,1.006755134522655e-7,0p1,0.1
1.422,1.006755182907043e-7,0p1,0.1
1.423,1.00675523093586e-7,0p1,0.1
1.424,1.006755278609107e-7,0p1,0.1
1.425,1.006755325926784e-7,0p1,0.1
1.426,1.006755372888891e-7,0p1,0.1
1.427,1.006755419495427e-7,0p1,0.1
1.428,1.006755465746394e-7,0p1,0.1
1.429,1.006755511641791e-7,0p1,0.1
1.43,1.006755557181617e-7,0p1,0.1
1.431,1.006755602365875e-7,0p1,0.1
1.432,1.006755647194562e-7,0p1,0.1
1.433,1.006755691667679e-7,0p1,0.1
1.434,1.006755735785227e-7,0p1,0.1
1.435,1.006755779547205e-7,0p1,0.1
1.436,1.006755822953613e-7,0p1,0.1
1.437,1.006755866004452e-7,0p1,0.1
1.438,1.006755908699722e-7,0p1,0.1
1.439,1.006755951039422e-7,0p1,0.1
1.44,1.006755993023553e-7,0p1,0.1
1.441,1.006756034652114e-7,0p1,0.1
1.442,1.006756075925106e-7,0p1,0.1
1.443,1.006756116842529e-7,0p1,0.1
1.444,1.006756159187211e-7,0p1,0.1
1.445,1.006756201355612e-7,0p1,0.1
1.446,1.006756243234571e-7,0p1,0.1
1.447,1.006756284824088e-7,0p1,0.1
1.448,1.006756326124162e-7,0p1,0.1
1.449,1.006756367134795e-7,0p1,0.1
1.45,1.006756407855986e-7,0p1,0.1
1.451,1.006756448287734e-7,0p1,0.1
1.452,1.006756488430041e-7,0p1,0.1
1.453,1.006756528282906e-7,0p1,0.1
1.454,1.00675656784633e-7,0p1,0.1
1.455,1.006756607120311e-7,0p1,0.1
1.456,1.00675664610485e-7,0p1,0.1
1.457,1.006756684799948e-7,0p1,0.1
1.458,1.006756723205605e-7,0p1,0.1
1.459,1.006756761321819e-7,0p1,0.1
1.46,1.006756799148592e-7,0p1,0.1
1.461,1.006756836685923e-7,0p1,0.1
1.462,1.006756873933813e-7,0p1,0.1
1.463,1.006756910892262e-7,0p1,0.1
1.464,1.006756947561268e-7,0p1,0.1
1.465,1.006756983940834e-7,0p1,0.1
1.466,1.006757020030958e-7,0p1,0.1
1.467,1.006757055831641e-7,0p1,0.1
1.468,1.006757091342882e-7,0p1,0.1
1.469,1.006757126564682e-7,0p1,0.1
1.47,1.006757161497041e-7,0p1,0.1
1.471,1.006757196139959e-7,0p1,0.1
1.472,1.006757230493435e-7,0p1,0.1
1.473,1.006757264557471e-7,0p1,0.1
1.474,1.006757298332065e-7,0p1,0.1
1.475,1.006757331817218e-7,0p1,0.1
1.476,1.00675736501293e-7,0p1,0.1
1.477,1.006757397919201e-7,0p1,0.1
1.478,1.006757430536032e-7,0p1,0.1
1.479,1.006757462863421e-7,0p1,0.1
1.48,1.006757494901369e-7,0p1,0.1
1.481,1.006757526649877e-7,0p1,0.1
1.482,1.006757558108943e-7,0p1,0.1
1.483,1.006757589278569e-7,0p1,0.1
1.484,1.006757620158754e-7,0p1,0.1
1.485,1.006757650749499e-7,0p1,0.1
1.486,1.006757681050802e-7,0p1,0.1
1.487,1.006757711062665e-7,0p1,0.1
1.488,1.006757740785087e-7,0p1,0.1
1.489,1.006757770218069e-7,0p1,0.1
1.49,1.00675779936161e-7,0p1,0.1
1.491,1.00675782821571e-7,0p1,0.1
1.492,1.00675785678037e-7,0p1,0.1
1.493,1.006757885522179e-7,0p1,0.1
1.494,1.006757915697561e-7,0p1,0.1
1.495,1.006757945669105e-7,0p1,0.1
1.496,1.00675797543681e-7,0p1,0.1
1.497,1.006758005000677e-7,0p1,0.1
1.498,1.006758034360706e-7,0p1,0.1
1.499,1.006758063516897e-7,0p1,0.1
1.5,1.00675809246925e-7,0p1,0.1
1.500000003000721,1.006758092469336e-7,0p1,0.1
1.500000003000721,1.006758092469336e-7,0p1,0.1
1.501,1.008877662489488e-7,0p1,0.1
1.502,1.009705550821328e-7,0p1,0.1
1.503,1.010031884543548e-7,0p1,0.1
1.504,1.009138161042591e-7,0p1,0.1
1.505,1.005879731349435e-7,0p1,0.1
1.506,1.0007496296657e-7,0p1,0.1
1.507,9.941660893504894e-8,0p1,0.1
1.508,9.864712051417937e-8,0p1,0.1
1.509,9.779371285651663e-8,0p1,0.1
1.51,9.687849482212804e-8,0p1,0.1
1.511,9.591936307465832e-8,0p1,0.1
1.512,9.493085794836365e-8,0p1,0.1
1.513,9.392482990398488e-8,0p1,0.1
1.514,9.291085114241454e-8,0p1,0.1
1.515,9.189717895964524e-8,0p1,0.1
1.516,9.089500953842083e-8,0p1,0.1
1.517,8.99113798682365e-8,0p1,0.1
1.518,8.894970115475939e-8,0p1,0.1
1.519,8.801191976378003e-8,0p1,0.1
1.52,8.709917763929647e-8,0p1,0.1
1.521,8.621202515657538e-8,0p1,0.1
1.522,8.534956514290338e-8,0p1,0.1
1.523,8.451039479372065e-8,0p1,0.1
1.524,8.369471249665447e-8,0p1,0.1
1.525,8.290287497965416e-8,0p1,0.1
1.526,8.21352018214376e-8,0p1,0.1
1.527,8.139186401049892e-8,0p1,0.1
1.528,8.067289014306911e-8,0p1,0.1
1.529,7.99781277148731e-8,0p1,0.1
1.53,7.930732918955564e-8,0p1,0.1
1.531,7.866013417406472e-8,0p1,0.1
1.532,7.80360328274206e-8,0p1,0.1
1.533,7.74345259048992e-8,0p1,0.1
1.534,7.685503146882467e-8,0p1,0.1
1.535,7.629686154775468e-8,0p1,0.1
1.536,7.575939386701156e-8,0p1,0.1
1.537,7.524194691193987e-8,0p1,0.1
1.538,7.474376697582072e-8,0p1,0.1
1.539,7.426419140527852e-8,0p1,0.1
1.54,7.380251414215702e-8,0p1,0.1
1.541,7.335798365010004e-8,0p1,0.1
1.542,7.292994699221373e-8,0p1,0.1
1.543,7.25177187509988e-8,0p1,0.1
1.544,7.212058879601596e-8,0p1,0.1
1.545,7.173794285113799e-8,0p1,0.1
1.546,7.136914184590277e-8,0p1,0.1
1.547,7.101353779484094e-8,0p1,0.1
1.548,7.06705702846821e-8,0p1,0.1
1.549,7.033965962382952e-8,0p1,0.1
1.55,7.002022889518426e-8,0p1,0.1
1.551,6.971177791798319e-8,0p1,0.1
1.552,6.941379127139904e-8,0p1,0.1
1.553,6.91257172275594e-8,0p1,0.1
1.554,6.884704516831118e-8,0p1,0.1
1.555,6.857740620106608e-8,0p1,0.1
1.556,6.831647997382347e-8,0p1,0.1
1.557,6.806379760554582e-8,0p1,0.1
1.558,6.781894661050892e-8,0p1,0.1
1.559,6.758160373739895e-8,0p1,0.1
1.56,6.735146949515884e-8,0p1,0.1
1.561,6.71282002119987e-8,0p1,0.1
1.562,6.691142509054731e-8,0p1,0.1
1.563,6.670090231452852e-8,0p1,0.1
1.564,6.649637865995374e-8,0p1,0.1
1.565,6.62975780596567e-8,0p1,0.1
1.566,6.610420054987197e-8,0p1,0.1
1.567,6.59160665837992e-8,0p1,0.1
1.568,6.573296672560677e-8,0p1,0.1
1.569,6.555468269639956e-8,0p1,0.1
1.57,6.538097491971353e-8,0p1,0.1
1.571,6.521171145664075e-8,0p1,0.1
1.572,6.504672130990177e-8,0p1,0.1
1.573,6.488583338029951e-8,0p1,0.1
1.574,6.4728857998603e-8,0p1,0.1
1.575,6.457569887106351e-8,0p1,0.1
1.576,6.442621768118913e-8,0p1,0.1
1.577,6.428028105695085e-8,0p1,0.1
1.578,6.413773970050245e-8,0p1,0.1
1.579,6.399852358292207e-8,0p1,0.1
1.58,6.386252150986783e-8,0p1,0.1
1.581,6.372962752666807e-8,0p1,0.1
1.582,6.359973115400506e-8,0p1,0.1
1.583,6.347277470540463e-8,0p1,0.1
1.584,6.334867127772681e-8,0p1,0.1
1.585,6.322733642710202e-8,0p1,0.1
1.586,6.310868914484147e-8,0p1,0.1
1.587,6.299268104457182e-8,0p1,0.1
1.588,6.287924426359938e-8,0p1,0.1
1.589,6.276831125424064e-8,0p1,0.1
1.59,6.265982224953786e-8,0p1,0.1
1.591,6.255373664090552e-8,0p1,0.1
1.592,6.24500009665944e-8,0p1,0.1
1.593,6.234856070991925e-8,0p1,0.1
1.594,6.224937125912724e-8,0p1,0.1
1.595,6.21523983062826e-8,0p1,0.1
1.596,6.205759912671897e-8,0p1,0.1
1.597,6.196492906464637e-8,0p1,0.1
1.598,6.187435422739301e-8,0p1,0.1
1.599,6.17858452522537e-8,0p1,0.1
1.6,6.169936729858084e-8,0p1,0.1
1.601,6.161488301980441e-8,0p1,0.1
1.602,6.153234177481255e-8,0p1,0.1
1.603,6.145172774527172e-8,0p1,0.1
1.604,6.13730408392866e-8,0p1,0.1
1.605,6.129621164215609e-8,0p1,0.1
1.606,6.122127421483252e-8,0p1,0.1
1.607,6.114815586456417e-8,0p1,0.1
1.608,6.107684265702269e-8,0p1,0.1
1.609,6.100733449590418e-8,0p1,0.1
1.61,6.093956577762482e-8,0p1,0.1
1.611,6.087356920241285e-8,0p1,0.1
1.612,6.080927010577353e-8,0p1,0.1
1.613,6.07466827480596e-8,0p1,0.1
1.614,6.06857832663899e-8,0p1,0.1
1.615,6.062652825518748e-8,0p1,0.1
1.616,6.056894168484974e-8,0p1,0.1
1.617,6.051294437735809e-8,0p1,0.1
1.618,6.045856970991786e-8,0p1,0.1
1.619,6.040577558523829e-8,0p1,0.1
1.62,6.035454035442202e-8,0p1,0.1
1.621,6.03048711610722e-8,0p1,0.1
1.622,6.025670585933002e-8,0p1,0.1
1.623,6.021007330023125e-8,0p1,0.1
1.624,6.016492038258855e-8,0p1,0.1
1.625,6.012124614965277e-8,0p1,0.1
1.626,6.007904080198193e-8,0p1,0.1
1.627,6.003825818989147e-8,0p1,0.1
1.628,5.999892268361314e-8,0p1,0.1
1.629,5.99609688628585e-8,0p1,0.1
1.63,5.992441692119872e-8,0p1,0.1
1.631,5.988923899594448e-8,0p1,0.1
1.632,5.985540525932184e-8,0p1,0.1
1.633,5.982293039052866e-8,0p1,0.1
1.634,5.979174971507603e-8,0p1,0.1
1.635,5.976189151323049e-8,0p1,0.1
1.636,5.97333129303784e-8,0p1,0.1
1.637,5.970600173810494e-8,0p1,0.1
1.638,5.967995795854632e-8,0p1,0.1
1.639,5.965512904785497e-8,0p1,0.1
1.64,5.963154055675634e-8,0p1,0.1
1.641,5.960913683762648e-8,0p1,0.1
1.642,5.958792507009559e-8,0p1,0.1
1.643,5.956788868917883e-8,0p1,0.1
1.644,5.954898911439793e-8,0p1,0.1
1.645,5.95312482155362e-8,0p1,0.1
1.646,5.951459649855398e-8,0p1,0.1
1.647,5.949906254903822e-8,0p1,0.1
1.648,5.948461121483306e-8,0p1,0.1
1.649,5.9471219916552e-8,0p1,0.1
1.65,5.945889132158676e-8,0p1,0.1
1.651,5.944752235847857e-8,0p1,0.1
1.652,5.943715992061218e-8,0p1,0.1
1.653,5.942780400800046e-8,0p1,0.1
1.654,5.941945462065258e-8,0p1,0.1
1.655,5.941207171248096e-8,0p1,0.1
1.656,5.940557844786959e-8,0p1,0.1
1.657,5.940004327018167e-8,0p1,0.1
1.658,5.939546617941383e-8,0p1,0.1
1.659,5.939184717556e-8,0p1,0.1
1.66,5.938898575382011e-8,0p1,0.1
1.661,5.938699863445967e-8,0p1,0.1
1.662,5.938589156899423e-8,0p1,0.1
1.663,5.938566455741293e-8,0p1,0.1
1.664,5.93862151709896e-8,0p1,0.1
1.665,5.938752632490745e-8,0p1,0.1
1.666,5.938965004365041e-8,0p1,0.1
1.667,5.939258632720622e-8,0p1,0.1
1.668,5.939629427888508e-8,0p1,0.1
1.669,5.940065290279459e-8,0p1,0.1
1.67,5.94057549731273e-8,0p1,0.1
1.671,5.941160048987146e-8,0p1,0.1
1.672,5.941818945301494e-8,0p1,0.1
1.673,5.942536099490357e-8,0p1,0.1
1.674,5.943319397545575e-8,0p1,0.1
1.675,5.944170254713205e-8,0p1,0.1
1.676,5.945088670992199e-8,0p1,0.1
1.677,5.946065745257846e-8,0p1,0.1
1.678,5.94709788523058e-8,0p1,0.1
1.679,5.948190949712699e-8,0p1,0.1
1.68,5.949344938703334e-8,0p1,0.1
1.681,5.950557026656756e-8,0p1,0.1
1.682,5.951814360646889e-8,0p1,0.1
1.683,5.953126171895246e-8,0p1,0.1
1.684,5.954492460401127e-8,0p1,0.1
1.685,5.955913226163826e-8,0p1,0.1
1.686,5.957374899209389e-8,0p1,0.1
1.687,5.958882697388883e-8,0p1,0.1
1.688,5.960438736873931e-8,0p1,0.1
1.689,5.962043017663981e-8,0p1,0.1
1.69,5.963688516301627e-8,0p1,0.1
1.691,5.965370299241549e-8,0p1,0.1
1.692,5.967094318554329e-8,0p1,0.1
1.693,5.968860574239534e-8,0p1,0.1
1.694,5.970667402891816e-8,0p1,0.1
1.695,5.972501974186776e-8,0p1,0.1
1.696,5.97437302416911e-8,0p1,0.1
1.697,5.976280552838484e-8,0p1,0.1
1.698,5.978224560194565e-8,0p1,0.1
1.699,5.980194131731323e-8,0p1,0.1
1.7,5.98219212294438e-8,0p1,0.1
1.701,5.984221095759863e-8,0p1,0.1
1.702,5.986281050177515e-8,0p1,0.1
1.703,5.988366751609219e-8,0p1,0.1
1.704,5.990472485379796e-8,0p1,0.1
1.705,5.992603974987234e-8,0p1,0.1
1.706,5.994761220431334e-8,0p1,0.1
1.707,5.996943511300006e-8,0p1,0.1
1.708,5.999138704418009e-8,0p1,0.1
1.709,6.001354707174954e-8,0p1,0.1
1.71,6.003591519570695e-8,0p1,0.1
1.711,6.005849141605087e-8,0p1,0.1
1.712,6.008119188624083e-8,0p1,0.1
1.713,6.010402640944025e-8,0p1,0.1
1.714,6.012702242196654e-8,0p1,0.1
1.715,6.015017992381858e-8,0p1,0.1
1.716,6.017346228899585e-8,0p1,0.1
1.717,6.019681018041122e-8,0p1,0.1
1.718,6.022027584647536e-8,0p1,0.1
1.719,6.024385928718746e-8,0p1,0.1
1.72,6.026756040320984e-8,0p1,0.1
1.721,6.029127009962904e-8,0p1,0.1
1.722,6.031505676561224e-8,0p1,0.1
1.723,6.033892040115889e-8,0p1,0.1
1.724,6.036286100626833e-8,0p1,0.1
1.725,6.038681731702976e-8,0p1,0.1
1.726,6.041078589911249e-8,0p1,0.1
1.727,6.043479355378102e-8,0p1,0.1
1.728,6.045884028103493e-8,0p1,0.1
1.729,6.048288688108185e-8,0p1,0.1
1.73,6.050684010441602e-8,0p1,0.1
1.731,6.053077459004624e-8,0p1,0.1
1.732,6.055469033797221e-8,0p1,0.1
1.733,6.057858734819369e-8,0p1,0.1
1.734,6.060246562071034e-8,0p1,0.1
1.735,6.062632515552188e-8,0p1,0.1
1.736,6.065016595262808e-8,0p1,0.1
1.737,6.067398801202861e-8,0p1,0.1
1.738,6.069769910625257e-8,0p1,0.1
1.739,6.072129842887408e-8,0p1,0.1
1.74,6.074484494110436e-8,0p1,0.1
1.741,6.076833864294322e-8,0p1,0.1
1.742,6.079177953439042e-8,0p1,0.1
1.743,6.08151676154458e-8,0p1,0.1
1.744,6.083850288610916e-8,0p1,0.1
1.745,6.086178534638027e-8,0p1,0.1
1.746,6.088485842041007e-8,0p1,0.1
1.747,6.090778213519467e-8,0p1,0.1
1.748,6.093060401719605e-8,0p1,0.1
1.749,6.095332406641407e-8,0p1,0.1
1.75,6.097594228284866e-8,0p1,0.1
1.751,6.099845866649965e-8,0p1,0.1
1.752,6.102087321736699e-8,0p1,0.1
1.753,6.104318593545052e-8,0p1,0.1
1.754,6.106525690751814e-8,0p1,0.1
1.755,6.108717786181165e-8,0p1,0.1
1.756,6.110896166053475e-8,0p1,0.1
1.757,6.11306083036874e-8,0p1,0.1
1.758,6.115211779126952e-8,0p1,0.1
1.759,6.1173490123281e-8,0p1,0.1
1.76,6.119472529972185e-8,0p1,0.1
1.761,6.12158154318581e-8,0p1,0.1
1.762,6.123664390776771e-8,0p1,0.1
1.763,6.125730572167331e-8,0p1,0.1
1.764,6.127780087357489e-8,0p1,0.1
1.765,6.12981293634724e-8,0p1,0.1
1.766,6.131829119136583e-8,0p1,0.1
1.767,6.13382863572551e-8,0p1,0.1
1.768,6.13581148611402e-8,0p1,0.1
1.769,6.137775584082133e-8,0p1,0.1
1.77,6.139714617857697e-8,0p1,0.1
1.771,6.14163473002186e-8,0p1,0.1
1.772,6.143535920574615e-8,0p1,0.1
1.773,6.145418189515961e-8,0p1,0.1
1.774,6.147281536845898e-8,0p1,0.1
1.775,6.149125962564421e-8,0p1,0.1
1.776,6.150951466671534e-8,0p1,0.1
1.777,6.152755460284483e-8,0p1,0.1
1.778,6.154535380442115e-8,0p1,0.1
1.779,6.156294769737878e-8,0p1,0.1
1.78,6.15803362817177e-8,0p1,0.1
1.781,6.15975195574379e-8,0p1,0.1
1.782,6.161449752453941e-8,0p1,0.1
1.783,6.163127018302216e-8,0p1,0.1
1.784,6.164783753288618e-8,0p1,0.1
1.785,6.166417599711291e-8,0p1,0.1
1.786,6.168028217429996e-8,0p1,0.1
1.787,6.169617287446613e-8,0p1,0.1
1.788,6.171184809761144e-8,0p1,0.1
1.789,6.172730784373587e-8,0p1,0.1
1.79,6.174255211283943e-8,0p1,0.1
1.791,6.17575809049221e-8,0p1,0.1
1.792,6.177239421998388e-8,0p1,0.1
1.793,6.178697717159817e-8,0p1,0.1
1.794,6.180133451563318e-8,0p1,0.1
1.795,6.181547150935821e-8,0p1,0.1
1.796,6.18293881527732e-8,0p1,0.1
1.797,6.18430844458782e-8,0p1,0.1
1.798,6.185656038867318e-8,0p1,0.1
1.799,6.186981598115817e-8,0p1,0.1
1.8,6.188285122333315e-8,0p1,0.1
1.801,6.189566523574619e-8,0p1,0.1
1.802,6.190825855723574e-8,0p1,0.1
1.803,6.1920631298004e-8,0p1,0.1
1.804,6.193278345805102e-8,0p1,0.1
1.805,6.194471503737679e-8,0p1,0.1
1.806,6.19564260359813e-8,0p1,0.1
1.807,6.196791645386454e-8,0p1,0.1
1.808,6.197918684913199e-8,0p1,0.1
1.809,6.199025287134315e-8,0p1,0.1
1.81,6.200110207464184e-8,0p1,0.1
1.811,6.20117344590281e-8,0p1,0.1
1.812,6.202215002450186e-8,0p1,0.1
1.813,6.203234877106312e-8,0p1,0.1
1.814,6.204233069871193e-8,0p1,0.1
1.815,6.205209580744831e-8,0p1,0.1
1.816,6.206164980233311e-8,0p1,0.1
1.817,6.207101416227131e-8,0p1,0.1
1.818,6.208016882442935e-8,0p1,0.1
1.819,6.208911378880723e-8,0p1,0.1
1.82,6.209784905540495e-8,0p1,0.1
1.821,6.210637462422254e-8,0p1,0.1
1.822,6.211469049525995e-8,0p1,0.1
1.823,6.212279666851725e-8,0p1,0.1
1.824,6.213070776108421e-8,0p1,0.1
1.825,6.213844174768911e-8,0p1,0.1
1.826,6.214597591247391e-8,0p1,0.1
1.827,6.215331025543857e-8,0p1,0.1
1.828,6.216044477658314e-8,0p1,0.1
1.829,6.216737947590757e-8,0p1,0.1
1.83,6.217411435341189e-8,0p1,0.1
1.831,6.218064940909609e-8,0p1,0.1
1.832,6.218701100050323e-8,0p1,0.1
1.833,6.219320602241426e-8,0p1,0.1
1.834,6.219921328474428e-8,0p1,0.1
1.835,6.220503278749324e-8,0p1,0.1
1.836,6.221066453066124e-8,0p1,0.1
1.837,6.221610851424821e-8,0p1,0.1
1.838,6.222136473825414e-8,0p1,0.1
1.839,6.222643320267909e-8,0p1,0.1
1.84,6.223135392335598e-8,0p1,0.1
1.841,6.223611689574365e-8,0p1,0.1
1.842,6.224070582985943e-8,0p1,0.1
1.843,6.224512072570338e-8,0p1,0.1
1.844,6.224936158327541e-8,0p1,0.1
1.845,6.225342840257558e-8,0p1,0.1
1.846,6.225732118360392e-8,0p1,0.1
1.847,6.226103992636038e-8,0p1,0.1
1.848,6.226463936191118e-8,0p1,0.1
1.849,6.226808847029041e-8,0p1,0.1
1.85,6.2271378438617e-8,0p1,0.1
1.851,6.227450926689096e-8,0p1,0.1
1.852,6.227748095511228e-8,0p1,0.1
1.853,6.228029350328095e-8,0p1,0.1
1.854,6.228294691139697e-8,0p1,0.1
1.855,6.228544165278416e-8,0p1,0.1
1.856,6.22878460185814e-8,0p1,0.1
1.857,6.229010688464718e-8,0p1,0.1
1.858,6.229222425098141e-8,0p1,0.1
1.859,6.229419811758418e-8,0p1,0.1
1.86,6.229602848445541e-8,0p1,0.1
1.861,6.22977153515952e-8,0p1,0.1
1.862,6.229925871900346e-8,0p1,0.1
1.863,6.230066943526786e-8,0p1,0.1
1.864,6.230199920196354e-8,0p1,0.1
1.865,6.230320146499102e-8,0p1,0.1
1.866,6.23042762243503e-8,0p1,0.1
1.867,6.230522348004135e-8,0p1,0.1
1.868,6.230604323206421e-8,0p1,0.1
1.869,6.230673548041884e-8,0p1,0.1
1.87,6.23073002251053e-8,0p1,0.1
1.871,6.23077591215107e-8,0p1,0.1
1.872,6.230814492872898e-8,0p1,0.1
1.873,6.230841924623223e-8,0p1,0.1
1.874,6.230858207402038e-8,0p1,0.1
1.875,6.23086334120935e-8,0p1,0.1
1.876,6.230857326045157e-8,0p1,0.1
1.877,6.230840161909457e-8,0p1,0.1
1.878,6.230811848802254e-8,0p1,0.1
1.879,6.230775617701206e-8,0p1,0.1
1.88,6.230732738799716e-8,0p1,0.1
1.881,6.230680285094061e-8,0p1,0.1
1.882,6.230618256584236e-8,0p1,0.1
1.883,6.230546653270246e-8,0p1,0.1
1.884,6.230465475152088e-8,0p1,0.1
1.885,6.230374722229765e-8,0p1,0.1
1.886,6.230274394503275e-8,0p1,0.1
1.887,6.230168722873955e-8,0p1,0.1
1.888,6.230056970223989e-8,0p1,0.1
1.889,6.229937165303977e-8,0p1,0.1
1.89,6.22980930811393e-8,0p1,0.1
1.891,6.229673398653836e-8,0p1,0.1
1.892,6.229529436923709e-8,0p1,0.1
1.893,6.229377422923537e-8,0p1,0.1
1.894,6.229217356653328e-8,0p1,0.1
1.895,6.229054361712227e-8,0p1,0.1
1.896,6.228885786666902e-8,0p1,0.1
1.897,6.22871061024181e-8,0p1,0.1
1.898,6.228528832436948e-8,0p1,0.1
1.899,6.228340453252325e-8,0p1,0.1
1.9,6.228145472687933e-8,0p1,0.1
1.901,6.227943890743776e-8,0p1,0.1
1.902,6.227735707419852e-8,0p1,0.1
1.903,6.227526798793456e-8,0p1,0.1
1.904,6.227312770679705e-8,0p1,0.1
1.905,6.2270935045514e-8,0p1,0.1
1.906,6.22686900040854e-8,0p1,0.1
1.907,6.226639258251127e-8,0p1,0.1
1.908,6.226404278079162e-8,0p1,0.1
1.909,6.226164059892645e-8,0p1,0.1
1.91,6.225919758503733e-8,0p1,0.1
1.911,6.225678529765881e-8,0p1,0.1
1.912,6.225434139417773e-8,0p1,0.1
1.913,6.225186587459399e-8,0p1,0.1
1.914,6.224935873890766e-8,0p1,0.1
1.915,6.224681998711868e-8,0p1,0.1
1.916,6.224424961922709e-8,0p1,0.1
1.917,6.224164763523289e-8,0p1,0.1
1.918,6.223901403513606e-8,0p1,0.1
1.919,6.223634881893661e-8,0p1,0.1
1.92,6.223365198663454e-8,0p1,0.1
1.921,6.223092353822988e-8,0p1,0.1
1.922,6.222816347372257e-8,0p1,0.1
1.923,6.222537179311266e-8,0p1,0.1
1.924,6.222254849640015e-8,0p1,0.1
1.925,6.221969358358501e-8,0p1,0.1
1.926,6.221685185988779e-8,0p1,0.1
1.927,6.221403930863073e-8,0p1,0.1
1.928,6.221120713906134e-8,0p1,0.1
1.929,6.220835535117964e-8,0p1,0.1
1.93,6.220548394498554e-8,0p1,0.1
1.931,6.220259292047913e-8,0p1,0.1
1.932,6.219968227766039e-8,0p1,0.1
1.933,6.219675201652932e-8,0p1,0.1
1.934,6.21938021370859e-8,0p1,0.1
1.935,6.219083263933016e-8,0p1,0.1
1.936,6.218784352326207e-8,0p1,0.1
1.937,6.218483478888166e-8,0p1,0.1
1.938,6.218180643618891e-8,0p1,0.1
1.939,6.217875846518382e-8,0p1,0.1
1.94,6.217573374052178e-8,0p1,0.1
1.941,6.217277903377281e-8,0p1,0.1
1.942,6.216982146341362e-8,0p1,0.1
1.943,6.216686102944424e-8,0p1,0.1
1.944,6.216389773186469e-8,0p1,0.1
1.945,6.216093157067493e-8,0p1,0.1
1.946,6.215796254587498e-8,0p1,0.1
1.947,6.215499065746486e-8,0p1,0.1
1.948,6.215201590544453e-8,0p1,0.1
1.949,6.2149038289814e-8,0p1,0.1
1.95,6.214605781057334e-8,0p1,0.1
1.951,6.214307446772245e-8,0p1,0.1
1.952,6.21400882612614e-8,0p1,0.1
1.953,6.213709919119013e-8,0p1,0.1
1.954,6.213412726515277e-8,0p1,0.1
1.955,6.213122128693656e-8,0p1,0.1
1.956,6.212832383320439e-8,0p1,0.1
1.957,6.212543490395619e-8,0p1,0.1
1.958,6.212255449919199e-8,0p1,0.1
1.959,6.211968261891182e-8,0p1,0.1
1.96,6.211681926311564e-8,0p1,0.1
1.961,6.21139644318035e-8,0p1,0.1
1.962,6.211111812497533e-8,0p1,0.1
1.963,6.210828034263118e-8,0p1,0.1
1.964,6.210545108477106e-8,0p1,0.1
1.965,6.210263035139494e-8,0p1,0.1
1.966,6.209981814250283e-8,0p1,0.1
1.967,6.209701445809474e-8,0p1,0.1
1.968,6.209422775101998e-8,0p1,0.1
1.969,6.20915083184081e-8,0p1,0.1
1.97,6.208880614892374e-8,0p1,0.1
1.971,6.208612124256695e-8,0p1,0.1
1.972,6.208345359933771e-8,0p1,0.1
1.973,6.208080321923603e-8,0p1,0.1
1.974,6.207817010226188e-8,0p1,0.1
1.975,6.207555424841532e-8,0p1,0.1
1.976,6.20729556576963e-8,0p1,0.1
1.977,6.207037433010485e-8,0p1,0.1
1.978,6.206781026564094e-8,0p1,0.1
1.979,6.20652634643046e-8,0p1,0.1
1.98,6.206273392609581e-8,0p1,0.1
1.981,6.206022165101459e-8,0p1,0.1
1.982,6.205772774402661e-8,0p1,0.1
1.983,6.205529418337185e-8,0p1,0.1
1.984,6.205288371440653e-8,0p1,0.1
1.985,6.205049633713063e-8,0p1,0.1
1.986,6.204813205154416e-8,0p1,0.1
1.987,6.204579085764716e-8,0p1,0.1
1.988,6.20434727554396e-8,0p1,0.1
1.989,6.204117774492144e-8,0p1,0.1
1.99,6.203890582609272e-8,0p1,0.1
1.991,6.203665699895348e-8,0p1,0.1
1.992,6.203443126350364e-8,0p1,0.1
1.993,6.203222861974327e-8,0p1,0.1
1.994,6.20300490676723e-8,0p1,0.1
1.995,6.202789260729079e-8,0p1,0.1
1.996,6.20257592385987e-8,0p1,0.1
1.997,6.202367146391674e-8,0p1,0.1
1.998,6.202161192436923e-8,0p1,0.1
1.999,6.201957873957706e-8,0p1,0.1
2.0,6.201757190954023e-8,0p1,0.1
2.001,6.201559143425875e-8,0p1,0.1
2.002,6.201363731373258e-8,0p1,0.1
2.003,6.201170954796175e-8,0p1,0.1
2.004,6.200980813694626e-8,0p1,0.1
2.005,6.200793308068614e-8,0p1,0.1
2.006,6.200608437918132e-8,0p1,0.1
2.007,6.200426203243185e-8,0p1,0.1
2.008,6.200246604043772e-8,0p1,0.1
2.009,6.200069640319894e-8,0p1,0.1
2.01,6.19989531207155e-8,0p1,0.1
2.011,6.199724282193322e-8,0p1,0.1
2.012,6.19955614382602e-8,0p1,0.1
2.013,6.199390750810203e-8,0p1,0.1
2.014,6.199228103145871e-8,0p1,0.1
2.015,6.199068200833026e-8,0p1,0.1
2.016,6.198911043871664e-8,0p1,0.1
2.017,6.198756632261788e-8,0p1,0.1
2.018,6.198604966003396e-8,0p1,0.1
2.019,6.198456045096491e-8,0p1,0.1
2.02,6.198309869541067e-8,0p1,0.1
2.021,6.198166439337133e-8,0p1,0.1
2.022,6.198025754484685e-8,0p1,0.1
2.023,6.197887814983719e-8,0p1,0.1
2.024,6.197752620834239e-8,0p1,0.1
2.025,6.197619847571845e-8,0p1,0.1
2.026,6.197489627294217e-8,0p1,0.1
2.027,6.197362089754907e-8,0p1,0.1
2.028,6.19723723495392e-8,0p1,0.1
2.029,6.197115062891255e-8,0p1,0.1
2.03,6.196995573566908e-8,0p1,0.1
2.031,6.196878766980884e-8,0p1,0.1
2.032,6.196764643133181e-8,0p1,0.1
2.033,6.196653202023801e-8,0p1,0.1
2.034,6.19654444365274e-8,0p1,0.1
2.035,6.196438368020001e-8,0p1,0.1
2.036,6.196334975125584e-8,0p1,0.1
2.037,6.196234264969487e-8,0p1,0.1
2.038,6.196136237551713e-8,0p1,0.1
2.039,6.196040060231278e-8,0p1,0.1
2.04,6.195945836607034e-8,0p1,0.1
2.041,6.195854103994496e-8,0p1,0.1
2.042,6.19576486239367e-8,0p1,0.1
2.043,6.195678111804552e-8,0p1,0.1
2.044,6.195593852227147e-8,0p1,0.1
2.045,6.195512083661448e-8,0p1,0.1
2.046,6.195432806107461e-8,0p1,0.1
2.047,6.195356019565184e-8,0p1,0.1
2.048,6.195281724034615e-8,0p1,0.1
2.049,6.195209919515757e-8,0p1,0.1
2.05,6.195140606008612e-8,0p1,0.1
2.051,6.195073783513175e-8,0p1,0.1
2.052,6.195009452029447e-8,0p1,0.1
2.053,6.194946625488114e-8,0p1,0.1
2.054,6.194885021916073e-8,0p1,0.1
2.055,6.194825628867168e-8,0p1,0.1
2.056,6.194768446341405e-8,0p1,0.1
2.057,6.194713474338781e-8,0p1,0.1
2.058,6.194660712859295e-8,0p1,0.1
2.059,6.194610161902948e-8,0p1,0.1
2.06,6.19456182146974e-8,0p1,0.1
2.061,6.19451569155967e-8,0p1,0.1
2.062,6.194471772172741e-8,0p1,0.1
2.063,6.194430063308949e-8,0p1,0.1
2.064,6.194390564968297e-8,0p1,0.1
2.065,6.194353277150784e-8,0p1,0.1
2.066,6.194318199856408e-8,0p1,0.1
2.067,6.194284432605009e-8,0p1,0.1
2.068,6.194251132588657e-8,0p1,0.1
2.069,6.194219709597435e-8,0p1,0.1
2.07,6.194190163631344e-8,0p1,0.1
2.071,6.194162494690382e-8,0p1,0.1
2.072,6.19413670277455e-8,0p1,0.1
2.073,6.194112787883847e-8,0p1,0.1
2.074,6.194090750018274e-8,0p1,0.1
2.075,6.194070589177832e-8,0p1,0.1
2.076,6.194052305362521e-8,0p1,0.1
2.077,6.194035898572337e-8,0p1,0.1
2.078,6.194021368807284e-8,0p1,0.1
2.079,6.194008716067362e-8,0p1,0.1
2.08,6.193997940352568e-8,0p1,0.1
2.081,6.193987890637194e-8,0p1,0.1
2.082,6.19397612394533e-8,0p1,0.1
2.083,6.193965627373468e-8,0p1,0.1
2.084,6.193956400921603e-8,0p1,0.1
2.085,6.193948444589738e-8,0p1,0.1
2.086,6.193941758377873e-8,0p1,0.1
2.087,6.193936342286009e-8,0p1,0.1
2.088,6.193932196314144e-8,0p1,0.1
2.089,6.193929320462277e-8,0p1,0.1
2.09,6.19392771473041e-8,0p1,0.1
2.091,6.193927379118543e-8,0p1,0.1
2.092,6.193928313626676e-8,0p1,0.1
2.093,6.193930518254808e-8,0p1,0.1
2.094,6.19393399300294e-8,0p1,0.1
2.095,6.193938737871073e-8,0p1,0.1
2.096,6.193944752859205e-8,0p1,0.1
2.097,6.193952037967335e-8,0p1,0.1
2.098,6.193960593195466e-8,0p1,0.1
2.099,6.193970418543596e-8,0p1,0.1
2.1,6.193981514011728e-8,0p1,0.1
2.101,6.193993879599857e-8,0p1,0.1
2.102,6.194007515307988e-8,0p1,0.1
2.103,6.194022421136117e-8,0p1,0.1
2.104,6.194038597084246e-8,0p1,0.1
2.105,6.194056043152374e-8,0p1,0.1
2.106,6.194074759340505e-8,0p1,0.1
2.107,6.194094745648632e-8,0p1,0.1
2.108,6.19411600207676e-8,0p1,0.1
2.109,6.194138280573453e-8,0p1,0.1
2.11,6.194156476801272e-8,0p1,0.1
2.111,6.194175560994776e-8,0p1,0.1
2.112,6.194195533153968e-8,0p1,0.1
2.113,6.194216393278842e-8,0p1,0.1
2.114,6.194238141369405e-8,0p1,0.1
2.115,6.194260777425653e-8,0p1,0.1
2.116,6.194284301447585e-8,0p1,0.1
2.117,6.194308713435204e-8,0p1,0.1
2.118,6.194334013388506e-8,0p1,0.1
2.119,6.194360201307496e-8,0p1,0.1
2.12,6.194387277192173e-8,0p1,0.1
2.121,6.194415241042533e-8,0p1,0.1
2.122,6.194444092858579e-8,0p1,0.1
2.123,6.194473832640312e-8,0p1,0.1
2.124,6.19450446038773e-8,0p1,0.1
2.125,6.194535976100833e-8,0p1,0.1
2.126,6.194568379779624e-8,0p1,0.1
2.127,6.194601671424097e-8,0p1,0.1
2.128,6.194635851034257e-8,0p1,0.1
2.129,6.194670918610105e-8,0p1,0.1
2.13,6.194706874151637e-8,0p1,0.1
2.131,6.194743717658854e-8,0p1,0.1
2.132,6.194781449131759e-8,0p1,0.1
2.133,6.194820068570347e-8,0p1,0.1
2.134,6.194859575974622e-8,0p1,0.1
2.135,6.194895537426538e-8,0p1,0.1
2.136,6.19492956451319e-8,0p1,0.1
2.137,6.194963955566958e-8,0p1,0.1
2.138,6.194998710587844e-8,0p1,0.1
2.139,6.195033829575851e-8,0p1,0.1
2.14,6.195069312530973e-8,0p1,0.1
2.141,6.195105159453216e-8,0p1,0.1
2.142,6.195141370342572e-8,0p1,0.1
2.143,6.195177945199051e-8,0p1,0.1
2.144,6.195214884022643e-8,0p1,0.1
2.145,6.195252186813355e-8,0p1,0.1
2.146,6.195289853571188e-8,0p1,0.1
2.147,6.195327884296134e-8,0p1,0.1
2.148,6.195366278988198e-8,0p1,0.1
2.149,6.195405037647385e-8,0p1,0.1
2.15,6.195444160273685e-8,0p1,0.1
2.151,6.195483646867105e-8,0p1,0.1
2.152,6.195523497427642e-8,0p1,0.1
2.153,6.195563711955297e-8,0p1,0.1
2.154,6.19560429045007e-8,0p1,0.1
2.155,6.19564523291196e-8,0p1,0.1
2.156,6.19568653934097e-8,0p1,0.1
2.157,6.195728209737096e-8,0p1,0.1
2.158,6.195770244100341e-8,0p1,0.1
2.159,6.195812642430705e-8,0p1,0.1
2.16,6.195854303396972e-8,0p1,0.1
2.161,6.195892874156577e-8,0p1,0.1
2.162,6.195931470225914e-8,0p1,0.1
2.163,6.195970091604982e-8,0p1,0.1
2.164,6.196008738293783e-8,0p1,0.1
2.165,6.196047410292315e-8,0p1,0.1
2.166,6.196086107600578e-8,0p1,0.1
2.167,6.196124830218575e-8,0p1,0.1
2.168,6.196163578146304e-8,0p1,0.1
2.169,6.196202351383763e-8,0p1,0.1
2.17,6.196241149930954e-8,0p1,0.1
2.171,6.196279973787877e-8,0p1,0.1
2.172,6.196318822954532e-8,0p1,0.1
2.173,6.196357697430921e-8,0p1,0.1
2.174,6.19639659721704e-8,0p1,0.1
2.175,6.196435522312892e-8,0p1,0.1
2.176,6.196474472718473e-8,0p1,0.1
2.177,6.196513448433788e-8,0p1,0.1
2.178,6.196552449458836e-8,0p1,0.1
2.179,6.196591475793615e-8,0p1,0.1
2.18,6.196630527438127e-8,0p1,0.1
2.181,6.196669604392368e-8,0p1,0.1
2.182,6.196708706656342e-8,0p1,0.1
2.183,6.196747834230051e-8,0p1,0.1
2.184,6.196786987113488e-8,0p1,0.1
2.185,6.19682616530666e-8,0p1,0.1
2.186,6.196862762302459e-8,0p1,0.1
2.187,6.196898736008714e-8,0p1,0.1
2.188,6.196934503434931e-8,0p1,0.1
2.189,6.196970064581117e-8,0p1,0.1
2.19,6.197005419447265e-8,0p1,0.1
2.191,6.19704056803338e-8,0p1,0.1
2.192,6.197075510339459e-8,0p1,0.1
2.193,6.197110246365505e-8,0p1,0.1
2.194,6.197144776111517e-8,0p1,0.1
2.195,6.197179099577491e-8,0p1,0.1
2.196,6.197213216763433e-8,0p1,0.1
2.197,6.197247127669338e-8,0p1,0.1
2.198,6.197280832295212e-8,0p1,0.1
2.199,6.197314330641049e-8,0p1,0.1
2.2,6.197347622706849e-8,0p1,0.1
2.201,6.197380708492617e-8,0p1,0.1
2.202,6.19741358799835e-8,0p1,0.1
2.203,6.197446261224047e-8,0p1,0.1
2.204,6.19747872816971e-8,0p1,0.1
2.205,6.19751098883534e-8,0p1,0.1
2.206,6.197543043220933e-8,0p1,0.1
2.207,6.197574891326494e-8,0p1,0.1
2.208,6.197606533152017e-8,0p1,0.1
2.209,6.197637968697507e-8,0p1,0.1
2.21,6.197669197962962e-8,0p1,0.1
2.211,6.197699505336941e-8,0p1,0.1
2.212,6.197728682789763e-8,0p1,0.1
2.213,6.197757533952608e-8,0p1,0.1
2.214,6.197786058825474e-8,0p1,0.1
2.215,6.197814257408362e-8,0p1,0.1
2.216,6.19784212970127e-8,0p1,0.1
2.217,6.197869675704202e-8,0p1,0.1
2.218,6.197896895417153e-8,0p1,0.1
2.219,6.197923788840128e-8,0p1,0.1
2.22,6.197950355973122e-8,0p1,0.1
2.221,6.197976596816138e-8,0p1,0.1
2.222,6.198002511369178e-8,0p1,0.1
2.223,6.198028099632237e-8,0p1,0.1
2.224,6.198053361605318e-8,0p1,0.1
2.225,6.198078297288421e-8,0p1,0.1
2.226,6.198102906681546e-8,0p1,0.1
2.227,6.19812718978469e-8,0p1,0.1
2.228,6.198151146597858e-8,0p1,0.1
2.229,6.198174777121045e-8,0p1,0.1
2.23,6.198198081354257e-8,0p1,0.1
2.231,6.198221059297488e-8,0p1,0.1
2.232,6.198243710950741e-8,0p1,0.1
2.233,6.198266036314015e-8,0p1,0.1
2.234,6.198288035387312e-8,0p1,0.1
2.235,6.19830970817063e-8,0p1,0.1
2.236,6.198331029350382e-8,0p1,0.1
2.237,6.198351644064369e-8,0p1,0.1
2.238,6.198371901915698e-8,0p1,0.1
2.239,6.198391802904366e-8,0p1,0.1
2.24,6.198411347030375e-8,0p1,0.1
2.241,6.198430534293725e-8,0p1,0.1
2.242,6.198449364694415e-8,0p1,0.1
2.243,6.198467838232445e-8,0p1,0.1
2.244,6.198485954907815e-8,0p1,0.1
2.245,6.19850371472053e-8,0p1,0.1
2.246,6.198521117670581e-8,0p1,0.1
2.247,6.198538163757975e-8,0p1,0.1
2.248,6.19855485298271e-8,0p1,0.1
2.249,6.198571185344783e-8,0p1,0.1
2.25,6.198587160844198e-8,0p1,0.1
2.251,6.198602779480954e-8,0p1,0.1
2.252,6.198618041255051e-8,0p1,0.1
2.253,6.198632946166486e-8,0p1,0.1
2.254,6.198647494215264e-8,0p1,0.1
2.255,6.19866168540138e-8,0p1,0.1
2.256,6.198675519724841e-8,0p1,0.1
2.257,6.19868899718564e-8,0p1,0.1
2.258,6.198702117783779e-8,0p1,0.1
2.259,6.198714881519261e-8,0p1,0.1
2.26,6.198727288392081e-8,0p1,0.1
2.261,6.198739338402242e-8,0p1,0.1
2.262,6.198751310785205e-8,0p1,0.1
2.263,6.19876309127947e-8,0p1,0.1
2.264,6.198774546944754e-8,0p1,0.1
2.265,6.19878567778106e-8,0p1,0.1
2.266,6.198796483788388e-8,0p1,0.1
2.267,6.198806964966737e-8,0p1,0.1
2.268,6.198817121316105e-8,0p1,0.1
2.269,6.198826952836495e-8,0p1,0.1
2.27,6.198836459527905e-8,0p1,0.1
2.271,6.198845641390338e-8,0p1,0.1
2.272,6.198854498423787e-8,0p1,0.1
2.273,6.198863030628262e-8,0p1,0.1
2.274,6.198871238003756e-8,0p1,0.1
2.275,6.198879120550268e-8,0p1,0.1
2.276,6.198886678267803e-8,0p1,0.1
2.277,6.198893911156363e-8,0p1,0.1
2.278,6.198900819215937e-8,0p1,0.1
2.279,6.198907402446537e-8,0p1,0.1
2.28,6.198913660848154e-8,0p1,0.1
2.281,6.198919594420792e-8,0p1,0.1
2.282,6.198925203164454e-8,0p1,0.1
2.283,6.198930487079134e-8,0p1,0.1
2.284,6.198935446164835e-8,0p1,0.1
2.285,6.198940080421557e-8,0p1,0.1
2.286,6.198944389849301e-8,0p1,0.1
2.287,6.198948807179771e-8,0p1,0.1
2.288,6.198954132578993e-8,0p1,0.1
2.289,6.198959256796901e-8,0p1,0.1
2.29,6.198964179833502e-8,0p1,0.1
2.291,6.198968901688792e-8,0p1,0.1
2.292,6.198973422362773e-8,0p1,0.1
2.293,6.198977741855441e-8,0p1,0.1
2.294,6.198981860166803e-8,0p1,0.1
2.295,6.198985777296853e-8,0p1,0.1
2.296,6.198989493245589e-8,0p1,0.1
2.297,6.198993008013019e-8,0p1,0.1
2.298,6.198996321599138e-8,0p1,0.1
2.299,6.198999434003948e-8,0p1,0.1
2.3,6.199002345227444e-8,0p1,0.1
2.301,6.199005055269633e-8,0p1,0.1
2.302,6.199007564130513e-8,0p1,0.1
2.303,6.199009871810078e-8,0p1,0.1
2.304,6.199011978308336e-8,0p1,0.1
2.305,6.199013883625284e-8,0p1,0.1
2.306,6.199015587760923e-8,0p1,0.1
2.307,6.199017090715251e-8,0p1,0.1
2.308,6.199018392488266e-8,0p1,0.1
2.309,6.199019493079976e-8,0p1,0.1
2.31,6.199020392490371e-8,0p1,0.1
2.311,6.199021090719458e-8,0p1,0.1
2.312,6.199021587767234e-8,0p1,0.1
2.313,6.1990218836337e-8,0p1,0.1
2.314,6.199021978318857e-8,0p1,0.1
2.315,6.199021871822701e-8,0p1,0.1
2.316,6.199021564145239e-8,0p1,0.1
2.317,6.199021055286463e-8,0p1,0.1
2.318,6.19902034524638e-8,0p1,0.1
2.319,6.199019434024984e-8,0p1,0.1
2.32,6.19901832162228e-8,0p1,0.1
2.321,6.199017008038267e-8,0p1,0.1
2.322,6.199015493272939e-8,0p1,0.1
2.323,6.199013777326303e-8,0p1,0.1
2.324,6.199011860198357e-8,0p1,0.1
2.325,6.199009741889105e-8,0p1,0.1
2.326,6.199007422398536e-8,0p1,0.1
2.327,6.199004901726661e-8,0p1,0.1
2.328,6.199002179873477e-8,0p1,0.1
2.329,6.198999256838978e-8,0p1,0.1
2.33,6.198996132623173e-8,0p1,0.1
2.331,6.198992807226057e-8,0p1,0.1
2.332,6.19898928064763e-8,0p1,0.1
2.333,6.198985552887893e-8,0p1,0.1
2.334,6.198981623946847e-8,0p1,0.1
2.335,6.198977493824488e-8,0p1,0.1
2.336,6.198973162520823e-8,0p1,0.1
2.337,6.198968630035844e-8,0p1,0.1
2.338,6.198965054232862e-8,0p1,0.1
2.339,6.198962599565362e-8,0p1,0.1
2.34,6.198960037746457e-8,0p1,0.1
2.341,6.198957368776147e-8,0p1,0.1
2.342,6.19895459265443e-8,0p1,0.1
2.343,6.198951709381306e-8,0p1,0.1
2.344,6.198948718956778e-8,0p1,0.1
2.345,6.198945621380844e-8,0p1,0.1
2.346,6.198942416653506e-8,0p1,0.1
2.347,6.198939104774761e-8,0p1,0.1
2.348,6.198935685744609e-8,0p1,0.1
2.349,6.198932159563051e-8,0p1,0.1
2.35,6.198928526230089e-8,0p1,0.1
2.351,6.198924785745719e-8,0p1,0.1
2.352,6.198920938109948e-8,0p1,0.1
2.353,6.198916983322768e-8,0p1,0.1
2.354,6.198912921384182e-8,0p1,0.1
2.355,6.19890875229419e-8,0p1,0.1
2.356,6.198904476052793e-8,0p1,0.1
2.357,6.198900092659991e-8,0p1,0.1
2.358,6.198895602115781e-8,0p1,0.1
2.359,6.198891004420168e-8,0p1,0.1
2.36,6.198886299573149e-8,0p1,0.1
2.361,6.198881487574725e-8,0p1,0.1
2.362,6.198876568424892e-8,0p1,0.1
2.363,6.198871542123654e-8,0p1,0.1
2.364,6.19886640867101e-8,0p1,0.1
2.365,6.198861168066963e-8,0p1,0.1
2.366,6.19885582031151e-8,0p1,0.1
2.367,6.198850365404649e-8,0p1,0.1
2.368,6.198844803346383e-8,0p1,0.1
2.369,6.19883913413671e-8,0p1,0.1
2.37,6.198833357775637e-8,0p1,0.1
2.371,6.198827474263152e-8,0p1,0.1
2.372,6.198821483599263e-8,0p1,0.1
2.373,6.19881538578397e-8,0p1,0.1
2.374,6.198809180817269e-8,0p1,0.1
2.375,6.198802868699163e-8,0p1,0.1
2.376,6.198796449429652e-8,0p1,0.1
2.377,6.198789923008734e-8,0p1,0.1
2.378,6.198783289436414e-8,0p1,0.1
2.379,6.198776548712683e-8,0p1,0.1
2.38,6.198769700837547e-8,0p1,0.1
2.381,6.198762745811009e-8,0p1,0.1
2.382,6.198755683633064e-8,0p1,0.1
2.383,6.19874851430371e-8,0p1,0.1
2.384,6.198741237822955e-8,0p1,0.1
2.385,6.198733854190793e-8,0p1,0.1
2.386,6.198726363407225e-8,0p1,0.1
2.387,6.19871876547225e-8,0p1,0.1
2.388,6.198711060385868e-8,0p1,0.1
2.389,6.198704951893724e-8,0p1,0.1
2.39,6.19869959019366e-8,0p1,0.1
2.391,6.198694217553256e-8,0p1,0.1
2.392,6.198688833972512e-8,0p1,0.1
2.393,6.198683439451435e-8,0p1,0.1
2.394,6.198678033990014e-8,0p1,0.1
2.395,6.198672617588259e-8,0p1,0.1
2.396,6.19866719024616e-8,0p1,0.1
2.397,6.198661751963727e-8,0p1,0.1
2.398,6.198656302740956e-8,0p1,0.1
2.399,6.198650842577844e-8,0p1,0.1
2.4,6.198645371474396e-8,0p1,0.1
2.401,6.198639889430605e-8,0p1,0.1
2.402,6.19863439644648e-8,0p1,0.1
2.403,6.198628892522015e-8,0p1,0.1
2.404,6.198623377657211e-8,0p1,0.1
2.405,6.19861785185207e-8,0p1,0.1
2.406,6.198612315106588e-8,0p1,0.1
2.407,6.198606767420771e-8,0p1,0.1
2.408,6.198601208794615e-8,0p1,0.1
2.409,6.198595639228118e-8,0p1,0.1
2.41,6.198590058721285e-8,0p1,0.1
2.411,6.198584467274111e-8,0p1,0.1
2.412,6.198578864886601e-8,0p1,0.1
2.413,6.198573251558752e-8,0p1,0.1
2.414,6.198567627290562e-8,0p1,0.1
2.415,6.198561992082039e-8,0p1,0.1
2.416,6.198556345933171e-8,0p1,0.1
2.417,6.19855068884397e-8,0p1,0.1
2.418,6.198545020814428e-8,0p1,0.1
2.419,6.198539341844549e-8,0p1,0.1
2.42,6.198533651934332e-8,0p1,0.1
2.421,6.198527951083772e-8,0p1,0.1
2.422,6.198522239292878e-8,0p1,0.1
2.423,6.198516516561645e-8,0p1,0.1
2.424,6.198510782890072e-8,0p1,0.1
2.425,6.198505038278163e-8,0p1,0.1
2.426,6.198499282725913e-8,0p1,0.1
2.427,6.198493516233325e-8,0p1,0.1
2.428,6.1984877388004e-8,0p1,0.1
2.429,6.198481950427135e-8,0p1,0.1
2.43,6.198476151113534e-8,0p1,0.1
2.431,6.198470340859591e-8,0p1,0.1
2.432,6.198464519665312e-8,0p1,0.1
2.433,6.198458687530694e-8,0p1,0.1
2.434,6.198452844455737e-8,0p1,0.1
2.435,6.198446990440444e-8,0p1,0.1
2.436,6.19844112548481e-8,0p1,0.1
2.437,6.198435249588837e-8,0p1,0.1
2.438,6.198429362752528e-8,0p1,0.1
2.439,6.198423464975878e-8,0p1,0.1
2.44,6.198418687933454e-8,0p1,0.1
2.441,6.198414078194165e-8,0p1,0.1
2.442,6.198409506407055e-8,0p1,0.1
2.443,6.198404972572122e-8,0p1,0.1
2.444,6.198400476689371e-8,0p1,0.1
2.445,6.198396018758796e-8,0p1,0.1
2.446,6.198391598780396e-8,0p1,0.1
2.447,6.198387216754179e-8,0p1,0.1
2.448,6.198382872680138e-8,0p1,0.1
2.449,6.198378566558278e-8,0p1,0.1
2.45,6.198374298388591e-8,0p1,0.1
2.451,6.198370068171087e-8,0p1,0.1
2.452,6.198365875905759e-8,0p1,0.1
2.453,6.198361721592614e-8,0p1,0.1
2.454,6.198357605231641e-8,0p1,0.1
2.455,6.198353526822848e-8,0p1,0.1
2.456,6.198349486366233e-8,0p1,0.1
2.457,6.198345483861798e-8,0p1,0.1
2.458,6.198341519309539e-8,0p1,0.1
2.459,6.19833759270946e-8,0p1,0.1
2.46,6.198333704061557e-8,0p1,0.1
2.461,6.198329853365837e-8,0p1,0.1
2.462,6.19832604062229e-8,0p1,0.1
2.463,6.198322265830925e-8,0p1,0.1
2.464,6.198318528991736e-8,0p1,0.1
2.465,6.198314830104728e-8,0p1,0.1
2.466,6.198311169169895e-8,0p1,0.1
2.467,6.198307546187239e-8,0p1,0.1
2.468,6.198303961156766e-8,0p1,0.1
2.469,6.198300414078468e-8,0p1,0.1
2.47,6.19829690495235e-8,0p1,0.1
2.471,6.198293433778408e-8,0p1,0.1
2.472,6.198290000556648e-8,0p1,0.1
2.473,6.198286605287064e-8,0p1,0.1
2.474,6.198283247969659e-8,0p1,0.1
2.475,6.19827992860443e-8,0p1,0.1
2.476,6.198276647191381e-8,0p1,0.1
2.477,6.198273403730511e-8,0p1,0.1
2.478,6.19827019822182e-8,0p1,0.1
2.479,6.198267030665305e-8,0p1,0.1
2.48,6.198263901060969e-8,0p1,0.1
2.481,6.198260809408812e-8,0p1,0.1
2.482,6.198257755708831e-8,0p1,0.1
2.483,6.198254739961031e-8,0p1,0.1
2.484,6.198251762165408e-8,0p1,0.1
2.485,6.198248822321963e-8,0p1,0.1
2.486,6.198245920430696e-8,0p1,0.1
2.487,6.198243056491608e-8,0p1,0.1
2.488,6.198240230504697e-8,0p1,0.1
2.489,6.198237442469966e-8,0p1,0.1
2.49,6.198234715135896e-8,0p1,0.1
2.491,6.198232228095229e-8,0p1,0.1
2.492,6.198229787664225e-8,0p1,0.1
2.493,6.198227393842888e-8,0p1,0.1
2.494,6.198225046631211e-8,0p1,0.1
2.495,6.198222746029198e-8,0p1,0.1
2.496,6.198220492036851e-8,0p1,0.1
2.497,6.198218284654165e-8,0p1,0.1
2.498,6.198216123881142e-8,0p1,0.1
2.499,6.198214009717785e-8,0p1,0.1
2.5,6.198211942164089e-8,0p1,0.1
2.501,6.19820992122006e-8,0p1,0.1
2.502,6.198207946885692e-8,0p1,0.1
2.503,6.198206019160986e-8,0p1,0.1
2.504,6.198204138045947e-8,0p1,0.1
2.505,6.198202303540568e-8,0p1,0.1
2.506,6.198200515644854e-8,0p1,0.1
2.507,6.198198774358804e-8,0p1,0.1
2.508,6.198197079682418e-8,0p1,0.1
2.509,6.198195431615695e-8,0p1,0.1
2.51,6.198193830158635e-8,0p1,0.1
2.511,6.198192275311239e-8,0p1,0.1
2.512,6.198190767073506e-8,0p1,0.1
2.513,6.198189305445436e-8,0p1,0.1
2.514,6.19818789042703e-8,0p1,0.1
2.515,6.198186522018287e-8,0p1,0.1
2.516,6.198185200219209e-8,0p1,0.1
2.517,6.198183925029795e-8,0p1,0.1
2.518,6.19818269645004e-8,0p1,0.1
2.519,6.198181514479954e-8,0p1,0.1
2.52,6.198180379119528e-8,0p1,0.1
2.521,6.198179290368766e-8,0p1,0.1
2.522,6.198178248227669e-8,0p1,0.1
2.523,6.198177252696236e-8,0p1,0.1
2.524,6.198176303774463e-8,0p1,0.1
2.525,6.198175401462357e-8,0p1,0.1
2.526,6.198174545759913e-8,0p1,0.1
2.527,6.198173736667133e-8,0p1,0.1
2.528,6.198172974184015e-8,0p1,0.1
2.529,6.198172258310562e-8,0p1,0.1
2.53,6.198171589046772e-8,0p1,0.1
2.531,6.198170966392646e-8,0p1,0.1
2.532,6.198170390348183e-8,0p1,0.1
2.533,6.198169860913383e-8,0p1,0.1
2.534,6.198169378088248e-8,0p1,0.1
2.535,6.198168941872774e-8,0p1,0.1
2.536,6.198168552266966e-8,0p1,0.1
2.537,6.19816820927082e-8,0p1,0.1
2.538,6.198167912884339e-8,0p1,0.1
2.539,6.198167663107521e-8,0p1,0.1
2.54,6.198167459940365e-8,0p1,0.1
2.541,6.198167194246299e-8,0p1,0.1
2.542,6.198166724257184e-8,0p1,0.1
2.543,6.198166287139409e-8,0p1,0.1
2.544,6.198165882892973e-8,0p1,0.1
2.545,6.198165511517878e-8,0p1,0.1
2.546,6.198165173014123e-8,0p1,0.1
2.547,6.198164867381708e-8,0p1,0.1
2.548,6.198164594620635e-8,0p1,0.1
2.549,6.198164354730901e-8,0p1,0.1
2.55,6.198164147712506e-8,0p1,0.1
2.551,6.198163973565453e-8,0p1,0.1
2.552,6.198163832289737e-8,0p1,0.1
2.553,6.198163723885364e-8,0p1,0.1
2.554,6.198163648352331e-8,0p1,0.1
2.555,6.198163605690638e-8,0p1,0.1
2.556,6.198163595900285e-8,0p1,0.1
2.557,6.198163618981273e-8,0p1,0.1
2.558,6.198163674933602e-8,0p1,0.1
2.559,6.198163763757268e-8,0p1,0.1
2.56,6.198163885452277e-8,0p1,0.1
2.561,6.198164040018627e-8,0p1,0.1
2.562,6.198164227456315e-8,0p1,0.1
2.563,6.198164447765343e-8,0p1,0.1
2.564,6.198164700945712e-8,0p1,0.1
2.565,6.198164986997423e-8,0p1,0.1
2.566,6.198165305920471e-8,0p1,0.1
2.567,6.198165657714861e-8,0p1,0.1
2.568,6.198166042380592e-8,0p1,0.1
2.569,6.198166459917663e-8,0p1,0.1
2.57,6.198166910326074e-8,0p1,0.1
2.571,6.198167393605824e-8,0p1,0.1
2.572,6.198167909756916e-8,0p1,0.1
2.573,6.198168458779346e-8,0p1,0.1
2.574,6.198169040673117e-8,0p1,0.1
2.575,6.198169655438228e-8,0p1,0.1
2.576,6.198170303074682e-8,0p1,0.1
2.577,6.198170983582474e-8,0p1,0.1
2.578,6.198171696961605e-8,0p1,0.1
2.579,6.198172443212079e-8,0p1,0.1
2.58,6.198173222333891e-8,0p1,0.1
2.581,6.198174034327044e-8,0p1,0.1
2.582,6.198174879191537e-8,0p1,0.1
2.583,6.198175756927372e-8,0p1,0.1
2.584,6.198176667534545e-8,0p1,0.1
2.585,6.198177611013059e-8,0p1,0.1
2.586,6.198178587362913e-8,0p1,0.1
2.587,6.198179596584109e-8,0p1,0.1
2.588,6.198180638676642e-8,0p1,0.1
2.589,6.198181713640517e-8,0p1,0.1
2.59,6.198182821475733e-8,0p1,0.1
2.591,6.198183962182288e-8,0p1,0.1
2.592,6.198184773643049e-8,0p1,0.1
2.593,6.198185261086966e-8,0p1,0.1
2.594,6.198185754182355e-8,0p1,0.1
2.595,6.198186252929209e-8,0p1,0.1
2.596,6.19818675732753e-8,0p1,0.1
2.597,6.198187267377318e-8,0p1,0.1
2.598,6.198187783078573e-8,0p1,0.1
2.599,6.198188304431294e-8,0p1,0.1
2.6,6.198188831435486e-8,0p1,0.1
2.601,6.198189364091141e-8,0p1,0.1
2.602,6.198189902398266e-8,0p1,0.1
2.603,6.198190446356857e-8,0p1,0.1
2.604,6.198190995966916e-8,0p1,0.1
2.605,6.198191551228442e-8,0p1,0.1
2.606,6.198192112141435e-8,0p1,0.1
2.607,6.198192678705895e-8,0p1,0.1
2.608,6.198193250921823e-8,0p1,0.1
2.609,6.198193828789216e-8,0p1,0.1
2.61,6.198194412308077e-8,0p1,0.1
2.611,6.198195001478407e-8,0p1,0.1
2.612,6.198195596300202e-8,0p1,0.1
2.613,6.198196196773465e-8,0p1,0.1
2.614,6.198196802898197e-8,0p1,0.1
2.615,6.198197414674392e-8,0p1,0.1
2.616,6.198198032102058e-8,0p1,0.1
2.617,6.19819865518119e-8,0p1,0.1
2.618,6.198199283911789e-8,0p1,0.1
2.619,6.198199918293854e-8,0p1,0.1
2.62,6.198200558327389e-8,0p1,0.1
2.621,6.198201204012388e-8,0p1,0.1
2.622,6.198201855348858e-8,0p1,0.1
2.623,6.198202512336792e-8,0p1,0.1
2.624,6.198203174976195e-8,0p1,0.1
2.625,6.198203843267062e-8,0p1,0.1
2.626,6.1982045172094e-8,0p1,0.1
2.627,6.198205196803203e-8,0p1,0.1
2.628,6.198205882048474e-8,0p1,0.1
2.629,6.198206572945211e-8,0p1,0.1
2.63,6.198207269493417e-8,0p1,0.1
2.631,6.19820797169309e-8,0p1,0.1
2.632,6.198208679544229e-8,0p1,0.1
2.633,6.198209393046836e-8,0p1,0.1
2.634,6.19821011220091e-8,0p1,0.1
2.635,6.198210837006453e-8,0p1,0.1
2.636,6.19821156746346e-8,0p1,0.1
2.637,6.198212303571935e-8,0p1,0.1
2.638,6.198213045331877e-8,0p1,0.1
2.639,6.198213792743288e-8,0p1,0.1
2.64,6.198214545806166e-8,0p1,0.1
2.641,6.19821530452051e-8,0p1,0.1
2.642,6.19821606888632e-8,0p1,0.1
2.643,6.198216838903599e-8,0p1,0.1
2.644,6.198217614572346e-8,0p1,0.1
2.645,6.198218395892558e-8,0p1,0.1
2.646,6.198219182864239e-8,0p1,0.1
2.647,6.198219975487387e-8,0p1,0.1
2.648,6.198220773762001e-8,0p1,0.1
2.649,6.198221577688081e-8,0p1,0.1
2.65,6.198222387265634e-8,0p1,0.1
2.651,6.198223202494648e-8,0p1,0.1
2.652,6.198224023375132e-8,0p1,0.1
2.653,6.198224849907082e-8,0p1,0.1
2.654,6.1982256820905e-8,0p1,0.1
2.655,6.198226519925383e-8,0p1,0.1
2.656,6.198227363411736e-8,0p1,0.1
2.657,6.198228212549556e-8,0p1,0.1
2.658,6.198229067338843e-8,0p1,0.1
2.659,6.198229927779596e-8,0p1,0.1
2.66,6.198230793871816e-8,0p1,0.1
2.661,6.198231665615503e-8,0p1,0.1
2.662,6.19823254301066e-8,0p1,0.1
2.663,6.198233426057281e-8,0p1,0.1
2.664,6.19823431475537e-8,0p1,0.1
2.665,6.198235209104928e-8,0p1,0.1
2.666,6.198236109105953e-8,0p1,0.1
2.667,6.198237014758444e-8,0p1,0.1
2.668,6.198237926062402e-8,0p1,0.1
2.669,6.198238843017827e-8,0p1,0.1
2.67,6.198239765624718e-8,0p1,0.1
2.671,6.19824069388308e-8,0p1,0.1
2.672,6.198241627792907e-8,0p1,0.1
2.673,6.1982425673542e-8,0p1,0.1
2.674,6.198243512566961e-8,0p1,0.1
2.675,6.19824446343119e-8,0p1,0.1
2.676,6.198245419946886e-8,0p1,0.1
2.677,6.198246382114048e-8,0p1,0.1
2.678,6.19824734993268e-8,0p1,0.1
2.679,6.198248323402776e-8,0p1,0.1
2.68,6.19824930252434e-8,0p1,0.1
2.681,6.198250287297374e-8,0p1,0.1
2.682,6.198251277721871e-8,0p1,0.1
2.683,6.198252273797839e-8,0p1,0.1
2.684,6.198253275525271e-8,0p1,0.1
2.685,6.19825428290417e-8,0p1,0.1
2.686,6.198255295934538e-8,0p1,0.1
2.687,6.198256314616374e-8,0p1,0.1
2.688,6.198257338949675e-8,0p1,0.1
2.689,6.198258368934444e-8,0p1,0.1
2.69,6.198259404570681e-8,0p1,0.1
2.691,6.198260445858386e-8,0p1,0.1
2.692,6.198261492797556e-8,0p1,0.1
2.693,6.198262545388193e-8,0p1,0.1
2.694,6.198262994307392e-8,0p1,0.1
2.695,6.198263400236202e-8,0p1,0.1
2.696,6.198263806165012e-8,0p1,0.1
2.697,6.198264212093822e-8,0p1,0.1
2.698,6.19826461802263e-8,0p1,0.1
2.699,6.198265023951442e-8,0p1,0.1
2.7,6.19826542988025e-8,0p1,0.1
2.701,6.19826583580906e-8,0p1,0.1
2.702,6.19826624173787e-8,0p1,0.1
2.703,6.19826664766668e-8,0p1,0.1
2.704,6.198267053595488e-8,0p1,0.1
2.705,6.198267459524297e-8,0p1,0.1
2.706,6.198267865453107e-8,0p1,0.1
2.707,6.198268271381918e-8,0p1,0.1
2.708,6.198268677310727e-8,0p1,0.1
2.709,6.198269083239535e-8,0p1,0.1
2.71,6.198269489168346e-8,0p1,0.1
2.711,6.198269895097156e-8,0p1,0.1
2.712,6.198270301025966e-8,0p1,0.1
2.713,6.198270706954776e-8,0p1,0.1
2.714,6.198271112883585e-8,0p1,0.1
2.715,6.198271518812394e-8,0p1,0.1
2.716,6.198271924741203e-8,0p1,0.1
2.717,6.198272330670013e-8,0p1,0.1
2.718,6.198272736598823e-8,0p1,0.1
2.719,6.198273142527631e-8,0p1,0.1
2.72,6.198273548456443e-8,0p1,0.1
2.721,6.198273954385252e-8,0p1,0.1
2.722,6.198274360314061e-8,0p1,0.1
2.723,6.198274766242871e-8,0p1,0.1
2.724,6.198275172171682e-8,0p1,0.1
2.725,6.19827557810049e-8,0p1,0.1
2.726,6.1982759840293e-8,0p1,0.1
2.727,6.198276389958109e-8,0p1,0.1
2.728,6.198276795886919e-8,0p1,0.1
2.729,6.198277201815728e-8,0p1,0.1
2.73,6.198277607744536e-8,0p1,0.1
2.731,6.198278013673349e-8,0p1,0.1
2.732,6.198278419602159e-8,0p1,0.1
2.733,6.198278825530967e-8,0p1,0.1
2.734,6.198279231459777e-8,0p1,0.1
2.735,6.198279637388586e-8,0p1,0.1
2.736,6.198280043317397e-8,0p1,0.1
2.737,6.198280449246205e-8,0p1,0.1
2.738,6.198280855175015e-8,0p1,0.1
2.739,6.198281261103825e-8,0p1,0.1
2.74,6.198281667032634e-8,0p1,0.1
2.741,6.198282072961444e-8,0p1,0.1
2.742,6.198282478890255e-8,0p1,0.1
2.743,6.198282884819063e-8,0p1,0.1
2.744,6.198283290747873e-8,0p1,0.1
2.745,6.198283696676683e-8,0p1,0.1
2.746,6.198284102605492e-8,0p1,0.1
2.747,6.198284508534302e-8,0p1,0.1
2.748,6.198284914463112e-8,0p1,0.1
2.749,6.19828532039192e-8,0p1,0.1
2.75,6.19828572632073e-8,0p1,0.1
2.751,6.19828613224954e-8,0p1,0.1
2.752,6.198286538178348e-8,0p1,0.1
2.753,6.198286944107161e-8,0p1,0.1
2.754,6.19828735003597e-8,0p1,0.1
2.755,6.198287755964778e-8,0p1,0.1
2.756,6.198288161893589e-8,0p1,0.1
2.757,6.198288567822398e-8,0p1,0.1
2.758,6.198288973751208e-8,0p1,0.1
2.759,6.198289379680018e-8,0p1,0.1
2.76,6.198289785608826e-8,0p1,0.1
2.761,6.198290191537637e-8,0p1,0.1
2.762,6.198290597466446e-8,0p1,0.1
2.763,6.198291003395255e-8,0p1,0.1
2.764,6.198291409324066e-8,0p1,0.1
2.765,6.198291815252876e-8,0p1,0.1
2.766,6.198292221181684e-8,0p1,0.1
2.767,6.198292627110495e-8,0p1,0.1
2.768,6.198293033039303e-8,0p1,0.1
2.769,6.198293438968113e-8,0p1,0.1
2.77,6.198293844896922e-8,0p1,0.1
2.771,6.198294250825731e-8,0p1,0.1
2.772,6.198294656754541e-8,0p1,0.1
2.773,6.198295062683351e-8,0p1,0.1
2.774,6.198295468612161e-8,0p1,0.1
2.775,6.198295874540972e-8,0p1,0.1
2.776,6.19829628046978e-8,0p1,0.1
2.777,6.19829668639859e-8,0p1,0.1
2.778,6.1982970923274e-8,0p1,0.1
2.779,6.198297498256209e-8,0p1,0.1
2.78,6.198297904185019e-8,0p1,0.1
2.781,6.198298310113829e-8,0p1,0.1
2.782,6.198298716042638e-8,0p1,0.1
2.783,6.198299121971447e-8,0p1,0.1
2.784,6.198299527900257e-8,0p1,0.1
2.785,6.198299933829067e-8,0p1,0.1
2.786,6.198300339757877e-8,0p1,0.1
2.787,6.198300745686687e-8,0p1,0.1
2.788,6.198301151615496e-8,0p1,0.1
2.789,6.198301557544305e-8,0p1,0.1
2.79,6.198301963473114e-8,0p1,0.1
2.791,6.198302369401924e-8,0p1,0.1
2.792,6.198302775330735e-8,0p1,0.1
2.793,6.198303181259545e-8,0p1,0.1
2.794,6.198303587188352e-8,0p1,0.1
2.795,6.198303854667015e-8,0p1,0.1
2.796,6.198303864020411e-8,0p1,0.1
2.797,6.198303873373805e-8,0p1,0.1
2.798,6.1983038827272e-8,0p1,0.1
2.799,6.198303892080596e-8,0p1,0.1
2.8,6.198303901433991e-8,0p1,0.1
2.801,6.198303910787386e-8,0p1,0.1
2.802,6.198303920140783e-8,0p1,0.1
2.803,6.198303929494177e-8,0p1,0.1
2.804,6.198303938847573e-8,0p1,0.1
2.805,6.198303948200967e-8,0p1,0.1
2.806,6.198303957554363e-8,0p1,0.1
2.807,6.198303966907757e-8,0p1,0.1
2.808,6.198303976261153e-8,0p1,0.1
2.809,6.198303985614548e-8,0p1,0.1
2.81,6.198303994967945e-8,0p1,0.1
2.811,6.198304004321339e-8,0p1,0.1
2.812,6.198304013674735e-8,0p1,0.1
2.813,6.198304023028129e-8,0p1,0.1
2.814,6.198304032381525e-8,0p1,0.1
2.815,6.198304041734919e-8,0p1,0.1
2.816,6.198304051088315e-8,0p1,0.1
2.817,6.19830406044171e-8,0p1,0.1
2.818,6.198304069795106e-8,0p1,0.1
2.819,6.198304079148502e-8,0p1,0.1
2.82,6.198304088501897e-8,0p1,0.1
2.821,6.198304097855291e-8,0p1,0.1
2.822,6.198304107208687e-8,0p1,0.1
2.823,6.198304116562081e-8,0p1,0.1
2.824,6.198304125915478e-8,0p1,0.1
2.825,6.198304135268873e-8,0p1,0.1
2.826,6.198304144622268e-8,0p1,0.1
2.827,6.198304153975664e-8,0p1,0.1
2.828,6.198304163329059e-8,0p1,0.1
2.829,6.198304172682453e-8,0p1,0.1
2.83,6.198304182035849e-8,0p1,0.1
2.831,6.198304191389243e-8,0p1,0.1
2.832,6.19830420074264e-8,0p1,0.1
2.833,6.198304210096035e-8,0p1,0.1
2.834,6.198304219449429e-8,0p1,0.1
2.835,6.198304228802826e-8,0p1,0.1
2.836,6.198304238156222e-8,0p1,0.1
2.837,6.198304247509616e-8,0p1,0.1
2.838,6.19830425686301e-8,0p1,0.1
2.839,6.198304266216408e-8,0p1,0.1
2.84,6.198304275569802e-8,0p1,0.1
2.841,6.198304284923199e-8,0p1,0.1
2.842,6.198304294276593e-8,0p1,0.1
2.843,6.198304303629988e-8,0p1,0.1
2.844,6.198304312983384e-8,0p1,0.1
2.845,6.198304322336778e-8,0p1,0.1
2.846,6.198304331690172e-8,0p1,0.1
2.847,6.19830434104357e-8,0p1,0.1
2.848,6.198304350396964e-8,0p1,0.1
2.849,6.198304359750361e-8,0p1,0.1
2.85,6.198304369103755e-8,0p1,0.1
2.851,6.19830437845715e-8,0p1,0.1
2.852,6.198304387810545e-8,0p1,0.1
2.853,6.198304397163941e-8,0p1,0.1
2.854,6.198304406517336e-8,0p1,0.1
2.855,6.198304415870733e-8,0p1,0.1
2.856,6.198304425224128e-8,0p1,0.1
2.857,6.198304434577524e-8,0p1,0.1
2.858,6.198304443930919e-8,0p1,0.1
2.859,6.198304453284314e-8,0p1,0.1
2.86,6.198304462637709e-8,0p1,0.1
2.861,6.198304471991106e-8,0p1,0.1
2.862,6.198304481344499e-8,0p1,0.1
2.863,6.198304490697896e-8,0p1,0.1
2.864,6.19830450005129e-8,0p1,0.1
2.865,6.198304509404686e-8,0p1,0.1
2.866,6.19830451875808e-8,0p1,0.1
2.867,6.198304528111476e-8,0p1,0.1
2.868,6.19830453746487e-8,0p1,0.1
2.869,6.198304546818266e-8,0p1,0.1
2.87,6.198304556171662e-8,0p1,0.1
2.871,6.198304565525058e-8,0p1,0.1
2.872,6.198304574878452e-8,0p1,0.1
2.873,6.198304584231848e-8,0p1,0.1
2.874,6.198304593585242e-8,0p1,0.1
2.875,6.198304602938638e-8,0p1,0.1
2.876,6.198304612292034e-8,0p1,0.1
2.877,6.198304621645428e-8,0p1,0.1
2.878,6.198304630998824e-8,0p1,0.1
2.879,6.19830464035222e-8,0p1,0.1
2.88,6.198304649705614e-8,0p1,0.1
2.881,6.19830465905901e-8,0p1,0.1
2.882,6.198304668412404e-8,0p1,0.1
2.883,6.1983046777658e-8,0p1,0.1
2.884,6.198304687119196e-8,0p1,0.1
2.885,6.19830469647259e-8,0p1,0.1
2.886,6.198304705825986e-8,0p1,0.1
2.887,6.198304715179381e-8,0p1,0.1
2.888,6.198304724532779e-8,0p1,0.1
2.889,6.198304733886173e-8,0p1,0.1
2.89,6.198304743239567e-8,0p1,0.1
2.891,6.198304752592964e-8,0p1,0.1
2.892,6.198304761946359e-8,0p1,0.1
2.893,6.198304771299755e-8,0p1,0.1
2.894,6.198304780653149e-8,0p1,0.1
2.895,6.198304790006545e-8,0p1,0.1
2.896,6.19830479935994e-8,0p1,0.1
2.897,6.198304808713335e-8,0p1,0.1
2.898,6.19830481806673e-8,0p1,0.1
2.899,6.198304827420126e-8,0p1,0.1
2.9,6.198304836773521e-8,0p1,0.1
2.901,6.198304846126916e-8,0p1,0.1
2.902,6.198304855480311e-8,0p1,0.1
2.903,6.198304864833707e-8,0p1,0.1
2.904,6.198304874187102e-8,0p1,0.1
2.905,6.198304883540497e-8,0p1,0.1
2.906,6.198304892893892e-8,0p1,0.1
2.907,6.198304902247288e-8,0p1,0.1
2.908,6.198304911600683e-8,0p1,0.1
2.909,6.19830492095408e-8,0p1,0.1
2.91,6.198304930307474e-8,0p1,0.1
2.911,6.198304939660868e-8,0p1,0.1
2.912,6.198304949014264e-8,0p1,0.1
2.913,6.198304958367659e-8,0p1,0.1
2.914,6.198304967721054e-8,0p1,0.1
2.915,6.198304977074451e-8,0p1,0.1
2.916,6.198304986427844e-8,0p1,0.1
2.917,6.198304995781241e-8,0p1,0.1
2.918,6.198305005134636e-8,0p1,0.1
2.919,6.19830501448803e-8,0p1,0.1
2.92,6.198305023841427e-8,0p1,0.1
2.921,6.19830503319482e-8,0p1,0.1
2.922,6.198305042548216e-8,0p1,0.1
2.923,6.19830505190161e-8,0p1,0.1
2.924,6.198305061255006e-8,0p1,0.1
2.925,6.198305070608401e-8,0p1,0.1
2.926,6.198305079961798e-8,0p1,0.1
2.927,6.198305089315192e-8,0p1,0.1
2.928,6.198305098668589e-8,0p1,0.1
2.929,6.198305108021982e-8,0p1,0.1
2.93,6.198305117375378e-8,0p1,0.1
2.931,6.198305126728772e-8,0p1,0.1
2.932,6.19830513608217e-8,0p1,0.1
2.933,6.198305145435564e-8,0p1,0.1
2.934,6.19830515478896e-8,0p1,0.1
2.935,6.198305164142354e-8,0p1,0.1
2.936,6.19830517349575e-8,0p1,0.1
2.937,6.198305182849144e-8,0p1,0.1
2.938,6.198305192202541e-8,0p1,0.1
2.939,6.198305201555934e-8,0p1,0.1
2.94,6.198305210909334e-8,0p1,0.1
2.941,6.198305220262727e-8,0p1,0.1
2.942,6.198305229616124e-8,0p1,0.1
2.943,6.198305238969517e-8,0p1,0.1
2.944,6.198305248322913e-8,0p1,0.1
2.945,6.198305257676307e-8,0p1,0.1
2.946,6.198305267029704e-8,0p1,0.1
2.947,6.198305276383099e-8,0p1,0.1
2.948,6.198305285736495e-8,0p1,0.1
2.949,6.19830529508989e-8,0p1,0.1
2.95,6.198305304443286e-8,0p1,0.1
2.951,6.198305313796679e-8,0p1,0.1
2.952,6.198305323150075e-8,0p1,0.1
2.953,6.198305332503469e-8,0p1,0.1
2.954,6.198305341856866e-8,0p1,0.1
2.955,6.198305351210262e-8,0p1,0.1
2.956,6.198305360563656e-8,0p1,0.1
2.957,6.198305369917052e-8,0p1,0.1
2.958,6.198305379270448e-8,0p1,0.1
2.959,6.198305388623841e-8,0p1,0.1
2.96,6.198305397977238e-8,0p1,0.1
2.961,6.198305407330632e-8,0p1,0.1
2.962,6.198305416684028e-8,0p1,0.1
2.963,6.198305426037424e-8,0p1,0.1
2.964,6.198305435390818e-8,0p1,0.1
2.965,6.198305444744214e-8,0p1,0.1
2.966,6.19830545409761e-8,0p1,0.1
2.967,6.198305463451004e-8,0p1,0.1
2.968,6.1983054728044e-8,0p1,0.1
2.969,6.198305482157796e-8,0p1,0.1
2.97,6.198305491511193e-8,0p1,0.1
2.971,6.198305500864587e-8,0p1,0.1
2.972,6.198305510217983e-8,0p1,0.1
2.973,6.198305519571377e-8,0p1,0.1
2.974,6.198305528924772e-8,0p1,0.1
2.975,6.198305538278166e-8,0p1,0.1
2.976,6.198305547631563e-8,0p1,0.1
2.977,6.198305556984959e-8,0p1,0.1
2.978,6.198305566338355e-8,0p1,0.1
2.979,6.198305575691749e-8,0p1,0.1
2.98,6.198305585045145e-8,0p1,0.1
2.981,6.198305594398539e-8,0p1,0.1
2.982,6.198305603751934e-8,0p1,0.1
2.983,6.198305613105329e-8,0p1,0.1
2.984,6.198305622458725e-8,0p1,0.1
2.985,6.198305631812121e-8,0p1,0.1
2.986,6.198305641165516e-8,0p1,0.1
2.987,6.198305650518911e-8,0p1,0.1
2.988,6.198305659872307e-8,0p1,0.1
2.989,6.198305669225701e-8,0p1,0.1
2.99,6.198305678579097e-8,0p1,0.1
2.991,6.198305687932491e-8,0p1,0.1
2.992,6.198305697285887e-8,0p1,0.1
2.993,6.198305706639284e-8,0p1,0.1
2.994,6.19830571599268e-8,0p1,0.1
2.995,6.198305725346074e-8,0p1,0.1
2.996,6.19830573469947e-8,0p1,0.1
2.997,6.198305744052864e-8,0p1,0.1
2.998,6.19830574822696e-8,0p1,0.1
2.999,6.1983057287564e-8,0p1,0.1
3.0,6.198305709285837e-8,0p1,0.1
3.0,6.198305709285837e-8,0p1,0.1
