time,BESS.terminal.V.re,case,UEvtPu
0.0,1.000000000000002,0p75,0.75
0.001,0.9999999999999969,0p75,0.75
0.002,0.9999999999999948,0p75,0.75
0.003,0.9999999999999939,0p75,0.75
0.004,0.9999999999999932,0p75,0.75
0.005,0.9999999999999932,0p75,0.75
0.006,0.9999999999999934,0p75,0.75
0.007,0.9999999999999936,0p75,0.75
0.008,0.9999999999999936,0p75,0.75
0.009,0.9999999999999937,0p75,0.75
0.01,0.9999999999999939,0p75,0.75
0.011,0.999999999999994,0p75,0.75
0.012,0.999999999999994,0p75,0.75
0.013,0.999999999999994,0p75,0.75
0.014,0.999999999999994,0p75,0.75
0.015,0.999999999999994,0p75,0.75
0.016,0.999999999999994,0p75,0.75
0.017,0.999999999999994,0p75,0.75
0.018,0.999999999999994,0p75,0.75
0.019,0.999999999999994,0p75,0.75
0.02,0.999999999999994,0p75,0.75
0.021,0.999999999999994,0p75,0.75
0.022,0.999999999999994,0p75,0.75
0.023,0.999999999999994,0p75,0.75
0.024,0.999999999999994,0p75,0.75
0.025,0.999999999999994,0p75,0.75
0.026,0.999999999999994,0p75,0.75
0.027,0.999999999999994,0p75,0.75
0.028,0.999999999999994,0p75,0.75
0.029,0.999999999999994,0p75,0.75
0.03,0.999999999999994,0p75,0.75
0.031,0.999999999999994,0p75,0.75
0.032,0.999999999999994,0p75,0.75
0.033,0.999999999999994,0p75,0.75
0.034,0.999999999999994,0p75,0.75
0.035,0.999999999999994,0p75,0.75
0.036,0.999999999999994,0p75,0.75
0.037,0.999999999999994,0p75,0.75
0.038,0.999999999999994,0p75,0.75
0.039,0.999999999999994,0p75,0.75
0.04,0.999999999999994,0p75,0.75
0.041,0.999999999999994,0p75,0.75
0.042,0.999999999999994,0p75,0.75
0.043,0.999999999999994,0p75,0.75
0.044,0.9999999999999941,0p75,0.75
0.045,0.9999999999999941,0p75,0.75
0.046,0.9999999999999941,0p75,0.75
0.047,0.9999999999999941,0p75,0.75
0.048,0.9999999999999941,0p75,0.75
0.049,0.9999999999999941,0p75,0.75
0.05,0.9999999999999941,0p75,0.75
0.051,0.9999999999999941,0p75,0.75
0.052,0.9999999999999941,0p75,0.75
0.053,0.9999999999999941,0p75,0.75
0.054,0.9999999999999941,0p75,0.75
0.055,0.9999999999999941,0p75,0.75
0.056,0.9999999999999941,0p75,0.75
0.057,0.9999999999999941,0p75,0.75
0.058,0.9999999999999941,0p75,0.75
0.059,0.9999999999999941,0p75,0.75
0.06,0.9999999999999941,0p75,0.75
0.061,0.9999999999999941,0p75,0.75
0.062,0.9999999999999941,0p75,0.75
0.063,0.9999999999999941,0p75,0.75
0.064,0.9999999999999941,0p75,0.75
0.065,0.9999999999999941,0p75,0.75
0.066,0.9999999999999941,0p75,0.75
0.067,0.9999999999999941,0p75,0.75
0.068,0.9999999999999941,0p75,0.75
0.069,0.9999999999999941,0p75,0.75
0.07,0.9999999999999941,0p75,0.75
0.071,0.9999999999999941,0p75,0.75
0.072,0.9999999999999941,0p75,0.75
0.073,0.9999999999999941,0p75,0.75
0.074,0.9999999999999941,0p75,0.75
0.075,0.9999999999999941,0p75,0.75
0.076,0.9999999999999941,0p75,0.75
0.077,0.9999999999999941,0p75,0.75
0.078,0.9999999999999941,0p75,0.75
0.079,0.9999999999999941,0p75,0.75
0.08,0.9999999999999941,0p75,0.75
0.081,0.9999999999999941,0p75,0.75
0.082,0.9999999999999941,0p75,0.75
0.083,0.9999999999999941,0p75,0.75
0.084,0.9999999999999941,0p75,0.75
0.085,0.9999999999999941,0p75,0.75
0.086,0.9999999999999941,0p75,0.75
0.087,0.9999999999999941,0p75,0.75
0.088,0.9999999999999941,0p75,0.75
0.089,0.9999999999999941,0p75,0.75
0.09,0.9999999999999941,0p75,0.75
0.091,0.9999999999999941,0p75,0.75
0.092,0.9999999999999941,0p75,0.75
0.093,0.9999999999999941,0p75,0.75
0.094,0.9999999999999941,0p75,0.75
0.095,0.9999999999999941,0p75,0.75
0.096,0.9999999999999941,0p75,0.75
0.097,0.9999999999999941,0p75,0.75
0.098,0.9999999999999941,0p75,0.75
0.099,0.9999999999999941,0p75,0.75
0.1,0.9999999999999941,0p75,0.75
0.101,0.9999999999999941,0p75,0.75
0.102,0.9999999999999941,0p75,0.75
0.103,0.9999999999999941,0p75,0.75
0.104,0.9999999999999941,0p75,0.75
0.105,0.9999999999999941,0p75,0.75
0.106,0.9999999999999941,0p75,0.75
0.107,0.9999999999999941,0p75,0.75
0.108,0.9999999999999941,0p75,0.75
0.109,0.9999999999999941,0p75,0.75
0.11,0.9999999999999941,0p75,0.75
0.111,0.9999999999999941,0p75,0.75
0.112,0.9999999999999941,0p75,0.75
0.113,0.9999999999999941,0p75,0.75
0.114,0.9999999999999941,0p75,0.75
0.115,0.9999999999999941,0p75,0.75
0.116,0.9999999999999941,0p75,0.75
0.117,0.9999999999999941,0p75,0.75
0.118,0.9999999999999941,0p75,0.75
0.119,0.9999999999999941,0p75,0.75
0.12,0.9999999999999941,0p75,0.75
0.121,0.9999999999999941,0p75,0.75
0.122,0.9999999999999941,0p75,0.75
0.123,0.9999999999999941,0p75,0.75
0.124,0.9999999999999941,0p75,0.75
0.125,0.9999999999999941,0p75,0.75
0.126,0.9999999999999941,0p75,0.75
0.127,0.9999999999999941,0p75,0.75
0.128,0.9999999999999941,0p75,0.75
0.129,0.9999999999999941,0p75,0.75
0.13,0.9999999999999941,0p75,0.75
0.131,0.9999999999999941,0p75,0.75
0.132,0.9999999999999941,0p75,0.75
0.133,0.9999999999999941,0p75,0.75
0.134,0.9999999999999941,0p75,0.75
0.135,0.9999999999999941,0p75,0.75
0.136,0.9999999999999941,0p75,0.75
0.137,0.9999999999999941,0p75,0.75
0.138,0.9999999999999941,0p75,0.75
0.139,0.9999999999999941,0p75,0.75
0.14,0.9999999999999941,0p75,0.75
0.141,0.9999999999999941,0p75,0.75
0.142,0.9999999999999941,0p75,0.75
0.143,0.9999999999999941,0p75,0.75
0.144,0.9999999999999941,0p75,0.75
0.145,0.9999999999999941,0p75,0.75
0.146,0.9999999999999941,0p75,0.75
0.147,0.9999999999999941,0p75,0.75
0.148,0.9999999999999941,0p75,0.75
0.149,0.9999999999999941,0p75,0.75
0.15,0.9999999999999941,0p75,0.75
0.151,0.9999999999999941,0p75,0.75
0.152,0.9999999999999941,0p75,0.75
0.153,0.9999999999999941,0p75,0.75
0.154,0.9999999999999941,0p75,0.75
0.155,0.9999999999999941,0p75,0.75
0.156,0.9999999999999941,0p75,0.75
0.157,0.9999999999999941,0p75,0.75
0.158,0.9999999999999941,0p75,0.75
0.159,0.9999999999999941,0p75,0.75
0.16,0.9999999999999941,0p75,0.75
0.161,0.9999999999999941,0p75,0.75
0.162,0.9999999999999941,0p75,0.75
0.163,0.9999999999999941,0p75,0.75
0.164,0.9999999999999941,0p75,0.75
0.165,0.9999999999999941,0p75,0.75
0.166,0.9999999999999941,0p75,0.75
0.167,0.9999999999999941,0p75,0.75
0.168,0.9999999999999941,0p75,0.75
0.169,0.9999999999999941,0p75,0.75
0.17,0.9999999999999941,0p75,0.75
0.171,0.9999999999999941,0p75,0.75
0.172,0.9999999999999941,0p75,0.75
0.173,0.9999999999999941,0p75,0.75
0.174,0.9999999999999941,0p75,0.75
0.175,0.9999999999999941,0p75,0.75
0.176,0.9999999999999941,0p75,0.75
0.177,0.9999999999999941,0p75,0.75
0.178,0.9999999999999941,0p75,0.75
0.179,0.9999999999999941,0p75,0.75
0.18,0.9999999999999941,0p75,0.75
0.181,0.9999999999999941,0p75,0.75
0.182,0.9999999999999941,0p75,0.75
0.183,0.9999999999999941,0p75,0.75
0.184,0.9999999999999941,0p75,0.75
0.185,0.9999999999999941,0p75,0.75
0.186,0.9999999999999941,0p75,0.75
0.187,0.9999999999999941,0p75,0.75
0.188,0.9999999999999941,0p75,0.75
0.189,0.9999999999999941,0p75,0.75
0.19,0.9999999999999941,0p75,0.75
0.191,0.9999999999999941,0p75,0.75
0.192,0.9999999999999941,0p75,0.75
0.193,0.9999999999999941,0p75,0.75
0.194,0.9999999999999941,0p75,0.75
0.195,0.9999999999999941,0p75,0.75
0.196,0.9999999999999941,0p75,0.75
0.197,0.9999999999999941,0p75,0.75
0.198,0.9999999999999941,0p75,0.75
0.199,0.9999999999999941,0p75,0.75
0.2,0.9999999999999941,0p75,0.75
0.201,0.9999999999999941,0p75,0.75
0.202,0.9999999999999941,0p75,0.75
0.203,0.9999999999999941,0p75,0.75
0.204,0.9999999999999941,0p75,0.75
0.205,0.9999999999999941,0p75,0.75
0.206,0.9999999999999941,0p75,0.75
0.207,0.9999999999999941,0p75,0.75
0.208,0.9999999999999941,0p75,0.75
0.209,0.9999999999999941,0p75,0.75
0.21,0.9999999999999941,0p75,0.75
0.211,0.9999999999999941,0p75,0.75
0.212,0.9999999999999941,0p75,0.75
0.213,0.9999999999999941,0p75,0.75
0.214,0.9999999999999941,0p75,0.75
0.215,0.9999999999999941,0p75,0.75
0.216,0.9999999999999941,0p75,0.75
0.217,0.9999999999999941,0p75,0.75
0.218,0.9999999999999941,0p75,0.75
0.219,0.9999999999999941,0p75,0.75
0.22,0.9999999999999941,0p75,0.75
0.221,0.9999999999999941,0p75,0.75
0.222,0.9999999999999941,0p75,0.75
0.223,0.9999999999999941,0p75,0.75
0.224,0.9999999999999941,0p75,0.75
0.225,0.9999999999999941,0p75,0.75
0.226,0.9999999999999941,0p75,0.75
0.227,0.9999999999999941,0p75,0.75
0.228,0.9999999999999941,0p75,0.75
0.229,0.9999999999999941,0p75,0.75
0.23,0.9999999999999941,0p75,0.75
0.231,0.9999999999999941,0p75,0.75
0.232,0.9999999999999941,0p75,0.75
0.233,0.9999999999999941,0p75,0.75
0.234,0.9999999999999941,0p75,0.75
0.235,0.9999999999999941,0p75,0.75
0.236,0.9999999999999941,0p75,0.75
0.237,0.9999999999999941,0p75,0.75
0.238,0.9999999999999941,0p75,0.75
0.239,0.9999999999999941,0p75,0.75
0.24,0.9999999999999941,0p75,0.75
0.241,0.9999999999999941,0p75,0.75
0.242,0.9999999999999941,0p75,0.75
0.243,0.9999999999999941,0p75,0.75
0.244,0.9999999999999941,0p75,0.75
0.245,0.9999999999999941,0p75,0.75
0.246,0.9999999999999941,0p75,0.75
0.247,0.9999999999999941,0p75,0.75
0.248,0.9999999999999941,0p75,0.75
0.249,0.9999999999999941,0p75,0.75
0.25,0.9999999999999941,0p75,0.75
0.251,0.9999999999999941,0p75,0.75
0.252,0.9999999999999941,0p75,0.75
0.253,0.9999999999999941,0p75,0.75
0.254,0.9999999999999941,0p75,0.75
0.255,0.9999999999999941,0p75,0.75
0.256,0.9999999999999941,0p75,0.75
0.257,0.9999999999999941,0p75,0.75
0.258,0.9999999999999941,0p75,0.75
0.259,0.9999999999999941,0p75,0.75
0.26,0.9999999999999941,0p75,0.75
0.261,0.9999999999999941,0p75,0.75
0.262,0.9999999999999941,0p75,0.75
0.263,0.9999999999999941,0p75,0.75
0.264,0.9999999999999941,0p75,0.75
0.265,0.9999999999999941,0p75,0.75
0.266,0.9999999999999941,0p75,0.75
0.267,0.9999999999999941,0p75,0.75
0.268,0.9999999999999941,0p75,0.75
0.269,0.9999999999999941,0p75,0.75
0.27,0.9999999999999941,0p75,0.75
0.271,0.9999999999999941,0p75,0.75
0.272,0.9999999999999941,0p75,0.75
0.273,0.9999999999999941,0p75,0.75
0.274,0.9999999999999941,0p75,0.75
0.275,0.9999999999999941,0p75,0.75
0.276,0.9999999999999941,0p75,0.75
0.277,0.9999999999999941,0p75,0.75
0.278,0.9999999999999941,0p75,0.75
0.279,0.9999999999999941,0p75,0.75
0.28,0.9999999999999941,0p75,0.75
0.281,0.9999999999999941,0p75,0.75
0.282,0.9999999999999941,0p75,0.75
0.283,0.9999999999999941,0p75,0.75
0.284,0.9999999999999941,0p75,0.75
0.285,0.9999999999999941,0p75,0.75
0.286,0.9999999999999941,0p75,0.75
0.287,0.9999999999999941,0p75,0.75
0.288,0.9999999999999941,0p75,0.75
0.289,0.9999999999999941,0p75,0.75
0.29,0.9999999999999941,0p75,0.75
0.291,0.9999999999999941,0p75,0.75
0.292,0.9999999999999941,0p75,0.75
0.293,0.9999999999999941,0p75,0.75
0.294,0.9999999999999941,0p75,0.75
0.295,0.9999999999999941,0p75,0.75
0.296,0.9999999999999941,0p75,0.75
0.297,0.9999999999999941,0p75,0.75
0.298,0.9999999999999941,0p75,0.75
0.299,0.9999999999999941,0p75,0.75
0.3,0.9999999999999941,0p75,0.75
0.301,0.9999999999999941,0p75,0.75
0.302,0.9999999999999941,0p75,0.75
0.303,0.9999999999999941,0p75,0.75
0.304,0.9999999999999941,0p75,0.75
0.305,0.9999999999999941,0p75,0.75
0.306,0.9999999999999941,0p75,0.75
0.307,0.9999999999999941,0p75,0.75
0.308,0.9999999999999941,0p75,0.75
0.309,0.9999999999999941,0p75,0.75
0.31,0.9999999999999941,0p75,0.75
0.311,0.9999999999999941,0p75,0.75
0.312,0.9999999999999941,0p75,0.75
0.313,0.9999999999999941,0p75,0.75
0.314,0.9999999999999941,0p75,0.75
0.315,0.9999999999999941,0p75,0.75
0.316,0.9999999999999941,0p75,0.75
0.317,0.9999999999999941,0p75,0.75
0.318,0.9999999999999941,0p75,0.75
0.319,0.9999999999999941,0p75,0.75
0.32,0.9999999999999941,0p75,0.75
0.321,0.9999999999999941,0p75,0.75
0.322,0.9999999999999941,0p75,0.75
0.323,0.9999999999999941,0p75,0.75
0.324,0.9999999999999941,0p75,0.75
0.325,0.9999999999999941,0p75,0.75
0.326,0.9999999999999941,0p75,0.75
0.327,0.9999999999999941,0p75,0.75
0.328,0.9999999999999941,0p75,0.75
0.329,0.9999999999999941,0p75,0.75
0.33,0.9999999999999941,0p75,0.75
0.331,0.9999999999999941,0p75,0.75
0.332,0.9999999999999941,0p75,0.75
0.333,0.9999999999999941,0p75,0.75
0.334,0.9999999999999941,0p75,0.75
0.335,0.9999999999999941,0p75,0.75
0.336,0.9999999999999941,0p75,0.75
0.337,0.9999999999999941,0p75,0.75
0.338,0.9999999999999941,0p75,0.75
0.339,0.9999999999999941,0p75,0.75
0.34,0.9999999999999941,0p75,0.75
0.341,0.9999999999999941,0p75,0.75
0.342,0.9999999999999941,0p75,0.75
0.343,0.9999999999999941,0p75,0.75
0.344,0.9999999999999941,0p75,0.75
0.345,0.9999999999999941,0p75,0.75
0.346,0.9999999999999941,0p75,0.75
0.347,0.9999999999999941,0p75,0.75
0.348,0.9999999999999941,0p75,0.75
0.349,0.9999999999999941,0p75,0.75
0.35,0.9999999999999941,0p75,0.75
0.351,0.9999999999999941,0p75,0.75
0.352,0.9999999999999941,0p75,0.75
0.353,0.9999999999999941,0p75,0.75
0.354,0.9999999999999941,0p75,0.75
0.355,0.9999999999999941,0p75,0.75
0.356,0.9999999999999941,0p75,0.75
0.357,0.9999999999999941,0p75,0.75
0.358,0.9999999999999941,0p75,0.75
0.359,0.9999999999999941,0p75,0.75
0.36,0.9999999999999941,0p75,0.75
0.361,0.9999999999999941,0p75,0.75
0.362,0.9999999999999941,0p75,0.75
0.363,0.9999999999999941,0p75,0.75
0.364,0.9999999999999941,0p75,0.75
0.365,0.9999999999999941,0p75,0.75
0.366,0.9999999999999941,0p75,0.75
0.367,0.9999999999999941,0p75,0.75
0.368,0.9999999999999941,0p75,0.75
0.369,0.9999999999999941,0p75,0.75
0.37,0.9999999999999941,0p75,0.75
0.371,0.9999999999999941,0p75,0.75
0.372,0.9999999999999941,0p75,0.75
0.373,0.9999999999999941,0p75,0.75
0.374,0.9999999999999941,0p75,0.75
0.375,0.9999999999999941,0p75,0.75
0.376,0.9999999999999941,0p75,0.75
0.377,0.9999999999999941,0p75,0.75
0.378,0.9999999999999941,0p75,0.75
0.379,0.9999999999999941,0p75,0.75
0.38,0.9999999999999941,0p75,0.75
0.381,0.9999999999999941,0p75,0.75
0.382,0.9999999999999941,0p75,0.75
0.383,0.9999999999999941,0p75,0.75
0.384,0.9999999999999941,0p75,0.75
0.385,0.9999999999999941,0p75,0.75
0.386,0.9999999999999941,0p75,0.75
0.387,0.9999999999999941,0p75,0.75
0.388,0.9999999999999941,0p75,0.75
0.389,0.9999999999999941,0p75,0.75
0.39,0.9999999999999941,0p75,0.75
0.391,0.9999999999999941,0p75,0.75
0.392,0.9999999999999941,0p75,0.75
0.393,0.9999999999999941,0p75,0.75
0.394,0.9999999999999941,0p75,0.75
0.395,0.9999999999999941,0p75,0.75
0.396,0.9999999999999941,0p75,0.75
0.397,0.9999999999999941,0p75,0.75
0.398,0.9999999999999941,0p75,0.75
0.399,0.9999999999999941,0p75,0.75
0.4,0.9999999999999941,0p75,0.75
0.401,0.9999999999999941,0p75,0.75
0.402,0.9999999999999941,0p75,0.75
0.403,0.9999999999999941,0p75,0.75
0.404,0.9999999999999941,0p75,0.75
0.405,0.9999999999999941,0p75,0.75
0.406,0.9999999999999941,0p75,0.75
0.407,0.9999999999999941,0p75,0.75
0.408,0.9999999999999941,0p75,0.75
0.409,0.9999999999999941,0p75,0.75
0.41,0.9999999999999941,0p75,0.75
0.411,0.9999999999999941,0p75,0.75
0.412,0.9999999999999941,0p75,0.75
0.413,0.9999999999999941,0p75,0.75
0.414,0.9999999999999941,0p75,0.75
0.415,0.9999999999999941,0p75,0.75
0.416,0.9999999999999941,0p75,0.75
0.417,0.9999999999999941,0p75,0.75
0.418,0.9999999999999941,0p75,0.75
0.419,0.9999999999999941,0p75,0.75
0.42,0.9999999999999941,0p75,0.75
0.421,0.9999999999999941,0p75,0.75
0.422,0.9999999999999941,0p75,0.75
0.423,0.9999999999999941,0p75,0.75
0.424,0.9999999999999941,0p75,0.75
0.425,0.9999999999999941,0p75,0.75
0.426,0.9999999999999941,0p75,0.75
0.427,0.9999999999999941,0p75,0.75
0.428,0.9999999999999941,0p75,0.75
0.429,0.9999999999999941,0p75,0.75
0.43,0.9999999999999941,0p75,0.75
0.431,0.9999999999999941,0p75,0.75
0.432,0.9999999999999941,0p75,0.75
0.433,0.9999999999999941,0p75,0.75
0.434,0.9999999999999941,0p75,0.75
0.435,0.9999999999999941,0p75,0.75
0.436,0.9999999999999941,0p75,0.75
0.437,0.9999999999999941,0p75,0.75
0.438,0.9999999999999941,0p75,0.75
0.439,0.9999999999999941,0p75,0.75
0.44,0.9999999999999941,0p75,0.75
0.441,0.9999999999999941,0p75,0.75
0.442,0.9999999999999941,0p75,0.75
0.443,0.9999999999999941,0p75,0.75
0.444,0.9999999999999941,0p75,0.75
0.445,0.9999999999999941,0p75,0.75
0.446,0.9999999999999941,0p75,0.75
0.447,0.9999999999999941,0p75,0.75
0.448,0.9999999999999941,0p75,0.75
0.449,0.9999999999999941,0p75,0.75
0.45,0.9999999999999941,0p75,0.75
0.451,0.9999999999999941,0p75,0.75
0.452,0.9999999999999941,0p75,0.75
0.453,0.9999999999999941,0p75,0.75
0.454,0.9999999999999941,0p75,0.75
0.455,0.9999999999999941,0p75,0.75
0.456,0.9999999999999941,0p75,0.75
0.457,0.9999999999999941,0p75,0.75
0.458,0.9999999999999941,0p75,0.75
0.459,0.9999999999999941,0p75,0.75
0.46,0.9999999999999941,0p75,0.75
0.461,0.9999999999999941,0p75,0.75
0.462,0.9999999999999941,0p75,0.75
0.463,0.9999999999999941,0p75,0.75
0.464,0.9999999999999941,0p75,0.75
0.465,0.9999999999999941,0p75,0.75
0.466,0.9999999999999941,0p75,0.75
0.467,0.9999999999999941,0p75,0.75
0.468,0.9999999999999941,0p75,0.75
0.469,0.9999999999999941,0p75,0.75
0.47,0.9999999999999941,0p75,0.75
0.471,0.9999999999999941,0p75,0.75
0.472,0.9999999999999941,0p75,0.75
0.473,0.9999999999999941,0p75,0.75
0.474,0.9999999999999941,0p75,0.75
0.475,0.9999999999999941,0p75,0.75
0.476,0.9999999999999941,0p75,0.75
0.477,0.9999999999999941,0p75,0.75
0.478,0.9999999999999941,0p75,0.75
0.479,0.9999999999999941,0p75,0.75
0.48,0.9999999999999941,0p75,0.75
0.481,0.9999999999999941,0p75,0.75
0.482,0.9999999999999941,0p75,0.75
0.483,0.9999999999999941,0p75,0.75
0.484,0.9999999999999941,0p75,0.75
0.485,0.9999999999999941,0p75,0.75
0.486,0.9999999999999941,0p75,0.75
0.487,0.9999999999999941,0p75,0.75
0.488,0.9999999999999941,0p75,0.75
0.489,0.9999999999999941,0p75,0.75
0.49,0.9999999999999941,0p75,0.75
0.491,0.9999999999999941,0p75,0.75
0.492,0.9999999999999941,0p75,0.75
0.493,0.9999999999999941,0p75,0.75
0.494,0.9999999999999941,0p75,0.75
0.495,0.9999999999999941,0p75,0.75
0.496,0.9999999999999941,0p75,0.75
0.497,0.9999999999999941,0p75,0.75
0.498,0.9999999999999941,0p75,0.75
0.499,0.9999999999999941,0p75,0.75
0.5,0.9999999999999941,0p75,0.75
0.501,0.9999999999999941,0p75,0.75
0.502,0.9999999999999941,0p75,0.75
0.503,0.9999999999999941,0p75,0.75
0.504,0.9999999999999941,0p75,0.75
0.505,0.9999999999999941,0p75,0.75
0.506,0.9999999999999941,0p75,0.75
0.507,0.9999999999999941,0p75,0.75
0.508,0.9999999999999941,0p75,0.75
0.509,0.9999999999999941,0p75,0.75
0.51,0.9999999999999941,0p75,0.75
0.511,0.9999999999999941,0p75,0.75
0.512,0.9999999999999941,0p75,0.75
0.513,0.9999999999999941,0p75,0.75
0.514,0.9999999999999941,0p75,0.75
0.515,0.9999999999999941,0p75,0.75
0.516,0.9999999999999941,0p75,0.75
0.517,0.9999999999999941,0p75,0.75
0.518,0.9999999999999941,0p75,0.75
0.519,0.9999999999999941,0p75,0.75
0.52,0.9999999999999941,0p75,0.75
0.521,0.9999999999999941,0p75,0.75
0.522,0.9999999999999941,0p75,0.75
0.523,0.9999999999999941,0p75,0.75
0.524,0.9999999999999941,0p75,0.75
0.525,0.9999999999999941,0p75,0.75
0.526,0.9999999999999941,0p75,0.75
0.527,0.9999999999999941,0p75,0.75
0.528,0.9999999999999941,0p75,0.75
0.529,0.9999999999999941,0p75,0.75
0.53,0.9999999999999941,0p75,0.75
0.531,0.9999999999999941,0p75,0.75
0.532,0.9999999999999941,0p75,0.75
0.533,0.9999999999999941,0p75,0.75
0.534,0.9999999999999941,0p75,0.75
0.535,0.9999999999999941,0p75,0.75
0.536,0.9999999999999941,0p75,0.75
0.537,0.9999999999999941,0p75,0.75
0.538,0.9999999999999941,0p75,0.75
0.539,0.9999999999999941,0p75,0.75
0.54,0.9999999999999941,0p75,0.75
0.541,0.9999999999999941,0p75,0.75
0.542,0.9999999999999941,0p75,0.75
0.543,0.9999999999999941,0p75,0.75
0.544,0.9999999999999941,0p75,0.75
0.545,0.9999999999999941,0p75,0.75
0.546,0.9999999999999941,0p75,0.75
0.547,0.9999999999999941,0p75,0.75
0.548,0.9999999999999941,0p75,0.75
0.549,0.9999999999999941,0p75,0.75
0.55,0.9999999999999941,0p75,0.75
0.551,0.9999999999999941,0p75,0.75
0.552,0.9999999999999941,0p75,0.75
0.553,0.9999999999999941,0p75,0.75
0.554,0.9999999999999941,0p75,0.75
0.555,0.9999999999999941,0p75,0.75
0.556,0.9999999999999941,0p75,0.75
0.557,0.9999999999999941,0p75,0.75
0.558,0.9999999999999941,0p75,0.75
0.559,0.9999999999999941,0p75,0.75
0.56,0.9999999999999941,0p75,0.75
0.561,0.9999999999999941,0p75,0.75
0.562,0.9999999999999941,0p75,0.75
0.563,0.9999999999999941,0p75,0.75
0.564,0.9999999999999941,0p75,0.75
0.565,0.9999999999999941,0p75,0.75
0.566,0.9999999999999941,0p75,0.75
0.567,0.9999999999999941,0p75,0.75
0.568,0.9999999999999941,0p75,0.75
0.569,0.9999999999999941,0p75,0.75
0.57,0.9999999999999941,0p75,0.75
0.571,0.9999999999999941,0p75,0.75
0.572,0.9999999999999941,0p75,0.75
0.573,0.9999999999999941,0p75,0.75
0.574,0.9999999999999941,0p75,0.75
0.575,0.9999999999999941,0p75,0.75
0.576,0.9999999999999941,0p75,0.75
0.577,0.9999999999999941,0p75,0.75
0.578,0.9999999999999941,0p75,0.75
0.579,0.9999999999999941,0p75,0.75
0.58,0.9999999999999941,0p75,0.75
0.581,0.9999999999999941,0p75,0.75
0.582,0.9999999999999941,0p75,0.75
0.583,0.9999999999999941,0p75,0.75
0.584,0.9999999999999941,0p75,0.75
0.585,0.9999999999999941,0p75,0.75
0.586,0.9999999999999941,0p75,0.75
0.587,0.9999999999999941,0p75,0.75
0.588,0.9999999999999941,0p75,0.75
0.589,0.9999999999999941,0p75,0.75
0.59,0.9999999999999941,0p75,0.75
0.591,0.9999999999999941,0p75,0.75
0.592,0.9999999999999941,0p75,0.75
0.593,0.9999999999999941,0p75,0.75
0.594,0.9999999999999941,0p75,0.75
0.595,0.9999999999999941,0p75,0.75
0.596,0.9999999999999941,0p75,0.75
0.597,0.9999999999999941,0p75,0.75
0.598,0.9999999999999941,0p75,0.75
0.599,0.9999999999999941,0p75,0.75
0.6,0.9999999999999941,0p75,0.75
0.601,0.9999999999999941,0p75,0.75
0.602,0.9999999999999941,0p75,0.75
0.603,0.9999999999999941,0p75,0.75
0.604,0.9999999999999941,0p75,0.75
0.605,0.9999999999999941,0p75,0.75
0.606,0.9999999999999941,0p75,0.75
0.607,0.9999999999999941,0p75,0.75
0.608,0.9999999999999941,0p75,0.75
0.609,0.9999999999999941,0p75,0.75
0.61,0.9999999999999941,0p75,0.75
0.611,0.9999999999999941,0p75,0.75
0.612,0.9999999999999941,0p75,0.75
0.613,0.9999999999999941,0p75,0.75
0.614,0.9999999999999941,0p75,0.75
0.615,0.9999999999999941,0p75,0.75
0.616,0.9999999999999941,0p75,0.75
0.617,0.9999999999999941,0p75,0.75
0.618,0.9999999999999941,0p75,0.75
0.619,0.9999999999999941,0p75,0.75
0.62,0.9999999999999941,0p75,0.75
0.621,0.9999999999999941,0p75,0.75
0.622,0.9999999999999941,0p75,0.75
0.623,0.9999999999999941,0p75,0.75
0.624,0.9999999999999941,0p75,0.75
0.625,0.9999999999999941,0p75,0.75
0.626,0.9999999999999941,0p75,0.75
0.627,0.9999999999999941,0p75,0.75
0.628,0.9999999999999941,0p75,0.75
0.629,0.9999999999999941,0p75,0.75
0.63,0.9999999999999941,0p75,0.75
0.631,0.9999999999999941,0p75,0.75
0.632,0.9999999999999941,0p75,0.75
0.633,0.9999999999999941,0p75,0.75
0.634,0.9999999999999941,0p75,0.75
0.635,0.9999999999999941,0p75,0.75
0.636,0.9999999999999941,0p75,0.75
0.637,0.9999999999999941,0p75,0.75
0.638,0.9999999999999941,0p75,0.75
0.639,0.9999999999999941,0p75,0.75
0.64,0.9999999999999941,0p75,0.75
0.641,0.9999999999999941,0p75,0.75
0.642,0.9999999999999941,0p75,0.75
0.643,0.9999999999999941,0p75,0.75
0.644,0.9999999999999941,0p75,0.75
0.645,0.9999999999999941,0p75,0.75
0.646,0.9999999999999941,0p75,0.75
0.647,0.9999999999999941,0p75,0.75
0.648,0.9999999999999941,0p75,0.75
0.649,0.9999999999999941,0p75,0.75
0.65,0.9999999999999941,0p75,0.75
0.651,0.9999999999999941,0p75,0.75
0.652,0.9999999999999941,0p75,0.75
0.653,0.9999999999999941,0p75,0.75
0.654,0.9999999999999941,0p75,0.75
0.655,0.9999999999999941,0p75,0.75
0.656,0.9999999999999941,0p75,0.75
0.657,0.9999999999999941,0p75,0.75
0.658,0.9999999999999941,0p75,0.75
0.659,0.9999999999999941,0p75,0.75
0.66,0.9999999999999941,0p75,0.75
0.661,0.9999999999999941,0p75,0.75
0.662,0.9999999999999941,0p75,0.75
0.663,0.9999999999999941,0p75,0.75
0.664,0.9999999999999941,0p75,0.75
0.665,0.9999999999999941,0p75,0.75
0.666,0.9999999999999941,0p75,0.75
0.667,0.9999999999999941,0p75,0.75
0.668,0.9999999999999941,0p75,0.75
0.669,0.9999999999999941,0p75,0.75
0.67,0.9999999999999941,0p75,0.75
0.671,0.9999999999999941,0p75,0.75
0.672,0.9999999999999941,0p75,0.75
0.673,0.9999999999999941,0p75,0.75
0.674,0.9999999999999941,0p75,0.75
0.675,0.9999999999999941,0p75,0.75
0.676,0.9999999999999941,0p75,0.75
0.677,0.9999999999999941,0p75,0.75
0.678,0.9999999999999941,0p75,0.75
0.679,0.9999999999999941,0p75,0.75
0.68,0.9999999999999941,0p75,0.75
0.681,0.9999999999999941,0p75,0.75
0.682,0.9999999999999941,0p75,0.75
0.683,0.9999999999999941,0p75,0.75
0.684,0.9999999999999941,0p75,0.75
0.685,0.9999999999999941,0p75,0.75
0.686,0.9999999999999941,0p75,0.75
0.687,0.9999999999999941,0p75,0.75
0.688,0.9999999999999941,0p75,0.75
0.689,0.9999999999999941,0p75,0.75
0.69,0.9999999999999941,0p75,0.75
0.691,0.9999999999999941,0p75,0.75
0.692,0.9999999999999941,0p75,0.75
0.693,0.9999999999999941,0p75,0.75
0.694,0.9999999999999941,0p75,0.75
0.695,0.9999999999999941,0p75,0.75
0.696,0.9999999999999941,0p75,0.75
0.697,0.9999999999999941,0p75,0.75
0.698,0.9999999999999941,0p75,0.75
0.699,0.9999999999999941,0p75,0.75
0.7,0.9999999999999941,0p75,0.75
0.701,0.9999999999999941,0p75,0.75
0.702,0.9999999999999941,0p75,0.75
0.703,0.9999999999999941,0p75,0.75
0.704,0.9999999999999941,0p75,0.75
0.705,0.9999999999999941,0p75,0.75
0.706,0.9999999999999941,0p75,0.75
0.707,0.9999999999999941,0p75,0.75
0.708,0.9999999999999941,0p75,0.75
0.709,0.9999999999999941,0p75,0.75
0.71,0.9999999999999941,0p75,0.75
0.711,0.9999999999999941,0p75,0.75
0.712,0.9999999999999941,0p75,0.75
0.713,0.9999999999999941,0p75,0.75
0.714,0.9999999999999941,0p75,0.75
0.715,0.9999999999999941,0p75,0.75
0.716,0.9999999999999941,0p75,0.75
0.717,0.9999999999999941,0p75,0.75
0.718,0.9999999999999941,0p75,0.75
0.719,0.9999999999999941,0p75,0.75
0.72,0.9999999999999941,0p75,0.75
0.721,0.9999999999999941,0p75,0.75
0.722,0.9999999999999941,0p75,0.75
0.723,0.9999999999999941,0p75,0.75
0.724,0.9999999999999941,0p75,0.75
0.725,0.9999999999999941,0p75,0.75
0.726,0.9999999999999941,0p75,0.75
0.727,0.9999999999999941,0p75,0.75
0.728,0.9999999999999941,0p75,0.75
0.729,0.9999999999999941,0p75,0.75
0.73,0.9999999999999941,0p75,0.75
0.731,0.9999999999999941,0p75,0.75
0.732,0.9999999999999941,0p75,0.75
0.733,0.9999999999999941,0p75,0.75
0.734,0.9999999999999941,0p75,0.75
0.735,0.9999999999999941,0p75,0.75
0.736,0.9999999999999941,0p75,0.75
0.737,0.9999999999999941,0p75,0.75
0.738,0.9999999999999941,0p75,0.75
0.739,0.9999999999999941,0p75,0.75
0.74,0.9999999999999941,0p75,0.75
0.741,0.9999999999999941,0p75,0.75
0.742,0.9999999999999941,0p75,0.75
0.743,0.9999999999999941,0p75,0.75
0.744,0.9999999999999941,0p75,0.75
0.745,0.9999999999999941,0p75,0.75
0.746,0.9999999999999941,0p75,0.75
0.747,0.9999999999999941,0p75,0.75
0.748,0.9999999999999941,0p75,0.75
0.749,0.9999999999999941,0p75,0.75
0.75,0.9999999999999941,0p75,0.75
0.751,0.9999999999999941,0p75,0.75
0.752,0.9999999999999941,0p75,0.75
0.753,0.9999999999999941,0p75,0.75
0.754,0.9999999999999941,0p75,0.75
0.755,0.9999999999999941,0p75,0.75
0.756,0.9999999999999941,0p75,0.75
0.757,0.9999999999999941,0p75,0.75
0.758,0.9999999999999941,0p75,0.75
0.759,0.9999999999999941,0p75,0.75
0.76,0.9999999999999941,0p75,0.75
0.761,0.9999999999999941,0p75,0.75
0.762,0.9999999999999941,0p75,0.75
0.763,0.9999999999999941,0p75,0.75
0.764,0.9999999999999941,0p75,0.75
0.765,0.9999999999999941,0p75,0.75
0.766,0.9999999999999941,0p75,0.75
0.767,0.9999999999999941,0p75,0.75
0.768,0.9999999999999941,0p75,0.75
0.769,0.9999999999999941,0p75,0.75
0.77,0.9999999999999941,0p75,0.75
0.771,0.9999999999999941,0p75,0.75
0.772,0.9999999999999941,0p75,0.75
0.773,0.9999999999999941,0p75,0.75
0.774,0.9999999999999941,0p75,0.75
0.775,0.9999999999999941,0p75,0.75
0.776,0.9999999999999941,0p75,0.75
0.777,0.9999999999999941,0p75,0.75
0.778,0.9999999999999941,0p75,0.75
0.779,0.9999999999999941,0p75,0.75
0.78,0.9999999999999941,0p75,0.75
0.781,0.9999999999999941,0p75,0.75
0.782,0.9999999999999941,0p75,0.75
0.783,0.9999999999999941,0p75,0.75
0.784,0.9999999999999941,0p75,0.75
0.785,0.9999999999999941,0p75,0.75
0.786,0.9999999999999941,0p75,0.75
0.787,0.9999999999999941,0p75,0.75
0.788,0.9999999999999941,0p75,0.75
0.789,0.9999999999999941,0p75,0.75
0.79,0.9999999999999941,0p75,0.75
0.791,0.9999999999999941,0p75,0.75
0.792,0.9999999999999941,0p75,0.75
0.793,0.9999999999999941,0p75,0.75
0.794,0.9999999999999941,0p75,0.75
0.795,0.9999999999999941,0p75,0.75
0.796,0.9999999999999941,0p75,0.75
0.797,0.9999999999999941,0p75,0.75
0.798,0.9999999999999941,0p75,0.75
0.799,0.9999999999999941,0p75,0.75
0.8,0.9999999999999941,0p75,0.75
0.801,0.9999999999999941,0p75,0.75
0.802,0.9999999999999941,0p75,0.75
0.803,0.9999999999999941,0p75,0.75
0.804,0.9999999999999941,0p75,0.75
0.805,0.9999999999999941,0p75,0.75
0.806,0.9999999999999941,0p75,0.75
0.807,0.9999999999999941,0p75,0.75
0.808,0.9999999999999941,0p75,0.75
0.809,0.9999999999999941,0p75,0.75
0.81,0.9999999999999941,0p75,0.75
0.811,0.9999999999999941,0p75,0.75
0.812,0.9999999999999941,0p75,0.75
0.813,0.9999999999999941,0p75,0.75
0.814,0.9999999999999941,0p75,0.75
0.815,0.9999999999999941,0p75,0.75
0.816,0.9999999999999941,0p75,0.75
0.817,0.9999999999999941,0p75,0.75
0.818,0.9999999999999941,0p75,0.75
0.819,0.9999999999999941,0p75,0.75
0.82,0.9999999999999941,0p75,0.75
0.821,0.9999999999999941,0p75,0.75
0.822,0.9999999999999941,0p75,0.75
0.823,0.9999999999999941,0p75,0.75
0.824,0.9999999999999941,0p75,0.75
0.825,0.9999999999999941,0p75,0.75
0.826,0.9999999999999941,0p75,0.75
0.827,0.9999999999999941,0p75,0.75
0.828,0.9999999999999941,0p75,0.75
0.829,0.9999999999999941,0p75,0.75
0.83,0.9999999999999941,0p75,0.75
0.831,0.9999999999999941,0p75,0.75
0.832,0.9999999999999941,0p75,0.75
0.833,0.9999999999999941,0p75,0.75
0.834,0.9999999999999941,0p75,0.75
0.835,0.9999999999999941,0p75,0.75
0.836,0.9999999999999941,0p75,0.75
0.837,0.9999999999999941,0p75,0.75
0.838,0.9999999999999941,0p75,0.75
0.839,0.9999999999999941,0p75,0.75
0.84,0.9999999999999941,0p75,0.75
0.841,0.9999999999999941,0p75,0.75
0.842,0.9999999999999941,0p75,0.75
0.843,0.9999999999999941,0p75,0.75
0.844,0.9999999999999941,0p75,0.75
0.845,0.9999999999999941,0p75,0.75
0.846,0.9999999999999941,0p75,0.75
0.847,0.9999999999999941,0p75,0.75
0.848,0.9999999999999941,0p75,0.75
0.849,0.9999999999999941,0p75,0.75
0.85,0.9999999999999941,0p75,0.75
0.851,0.9999999999999941,0p75,0.75
0.852,0.9999999999999941,0p75,0.75
0.853,0.9999999999999941,0p75,0.75
0.854,0.9999999999999941,0p75,0.75
0.855,0.9999999999999941,0p75,0.75
0.856,0.9999999999999941,0p75,0.75
0.857,0.9999999999999941,0p75,0.75
0.858,0.9999999999999941,0p75,0.75
0.859,0.9999999999999941,0p75,0.75
0.86,0.9999999999999941,0p75,0.75
0.861,0.9999999999999941,0p75,0.75
0.862,0.9999999999999941,0p75,0.75
0.863,0.9999999999999941,0p75,0.75
0.864,0.9999999999999941,0p75,0.75
0.865,0.9999999999999941,0p75,0.75
0.866,0.9999999999999941,0p75,0.75
0.867,0.9999999999999941,0p75,0.75
0.868,0.9999999999999941,0p75,0.75
0.869,0.9999999999999941,0p75,0.75
0.87,0.9999999999999941,0p75,0.75
0.871,0.9999999999999941,0p75,0.75
0.872,0.9999999999999941,0p75,0.75
0.873,0.9999999999999941,0p75,0.75
0.874,0.9999999999999941,0p75,0.75
0.875,0.9999999999999941,0p75,0.75
0.876,0.9999999999999941,0p75,0.75
0.877,0.9999999999999941,0p75,0.75
0.878,0.9999999999999941,0p75,0.75
0.879,0.9999999999999941,0p75,0.75
0.88,0.9999999999999941,0p75,0.75
0.881,0.9999999999999941,0p75,0.75
0.882,0.9999999999999941,0p75,0.75
0.883,0.9999999999999941,0p75,0.75
0.884,0.9999999999999941,0p75,0.75
0.885,0.9999999999999941,0p75,0.75
0.886,0.9999999999999941,0p75,0.75
0.887,0.9999999999999941,0p75,0.75
0.888,0.9999999999999941,0p75,0.75
0.889,0.9999999999999941,0p75,0.75
0.89,0.9999999999999941,0p75,0.75
0.891,0.9999999999999941,0p75,0.75
0.892,0.9999999999999941,0p75,0.75
0.893,0.9999999999999941,0p75,0.75
0.894,0.9999999999999941,0p75,0.75
0.895,0.9999999999999941,0p75,0.75
0.896,0.9999999999999941,0p75,0.75
0.897,0.9999999999999941,0p75,0.75
0.898,0.9999999999999941,0p75,0.75
0.899,0.9999999999999941,0p75,0.75
0.9,0.9999999999999941,0p75,0.75
0.901,0.9999999999999941,0p75,0.75
0.902,0.9999999999999941,0p75,0.75
0.903,0.9999999999999941,0p75,0.75
0.904,0.9999999999999941,0p75,0.75
0.905,0.9999999999999941,0p75,0.75
0.906,0.9999999999999941,0p75,0.75
0.907,0.9999999999999941,0p75,0.75
0.908,0.9999999999999941,0p75,0.75
0.909,0.9999999999999941,0p75,0.75
0.91,0.9999999999999941,0p75,0.75
0.911,0.9999999999999941,0p75,0.75
0.912,0.9999999999999941,0p75,0.75
0.913,0.9999999999999941,0p75,0.75
0.914,0.9999999999999941,0p75,0.75
0.915,0.9999999999999941,0p75,0.75
0.916,0.9999999999999941,0p75,0.75
0.917,0.9999999999999941,0p75,0.75
0.918,0.9999999999999941,0p75,0.75
0.919,0.9999999999999941,0p75,0.75
0.92,0.9999999999999941,0p75,0.75
0.921,0.9999999999999941,0p75,0.75
0.922,0.9999999999999941,0p75,0.75
0.923,0.9999999999999941,0p75,0.75
0.924,0.9999999999999941,0p75,0.75
0.925,0.9999999999999941,0p75,0.75
0.926,0.9999999999999941,0p75,0.75
0.927,0.9999999999999941,0p75,0.75
0.928,0.9999999999999941,0p75,0.75
0.929,0.9999999999999941,0p75,0.75
0.93,0.9999999999999941,0p75,0.75
0.931,0.9999999999999941,0p75,0.75
0.932,0.9999999999999941,0p75,0.75
0.933,0.9999999999999941,0p75,0.75
0.934,0.9999999999999941,0p75,0.75
0.935,0.9999999999999941,0p75,0.75
0.936,0.9999999999999941,0p75,0.75
0.937,0.9999999999999941,0p75,0.75
0.938,0.9999999999999941,0p75,0.75
0.939,0.9999999999999941,0p75,0.75
0.94,0.9999999999999941,0p75,0.75
0.941,0.9999999999999941,0p75,0.75
0.942,0.9999999999999941,0p75,0.75
0.943,0.9999999999999941,0p75,0.75
0.944,0.9999999999999941,0p75,0.75
0.945,0.9999999999999941,0p75,0.75
0.946,0.9999999999999941,0p75,0.75
0.947,0.9999999999999941,0p75,0.75
0.948,0.9999999999999941,0p75,0.75
0.949,0.9999999999999941,0p75,0.75
0.95,0.9999999999999941,0p75,0.75
0.951,0.9999999999999941,0p75,0.75
0.952,0.9999999999999941,0p75,0.75
0.953,0.9999999999999941,0p75,0.75
0.954,0.9999999999999941,0p75,0.75
0.955,0.9999999999999941,0p75,0.75
0.956,0.9999999999999941,0p75,0.75
0.957,0.9999999999999941,0p75,0.75
0.958,0.9999999999999941,0p75,0.75
0.959,0.9999999999999941,0p75,0.75
0.96,0.9999999999999941,0p75,0.75
0.961,0.9999999999999941,0p75,0.75
0.962,0.9999999999999941,0p75,0.75
0.963,0.9999999999999941,0p75,0.75
0.964,0.9999999999999941,0p75,0.75
0.965,0.9999999999999941,0p75,0.75
0.966,0.9999999999999941,0p75,0.75
0.967,0.9999999999999941,0p75,0.75
0.968,0.9999999999999941,0p75,0.75
0.969,0.9999999999999941,0p75,0.75
0.97,0.9999999999999941,0p75,0.75
0.971,0.9999999999999941,0p75,0.75
0.972,0.9999999999999941,0p75,0.75
0.973,0.9999999999999941,0p75,0.75
0.974,0.9999999999999941,0p75,0.75
0.975,0.9999999999999941,0p75,0.75
0.976,0.9999999999999941,0p75,0.75
0.977,0.9999999999999941,0p75,0.75
0.978,0.9999999999999941,0p75,0.75
0.979,0.9999999999999941,0p75,0.75
0.98,0.9999999999999941,0p75,0.75
0.981,0.9999999999999941,0p75,0.75
0.982,0.9999999999999941,0p75,0.75
0.983,0.9999999999999941,0p75,0.75
0.984,0.9999999999999941,0p75,0.75
0.985,0.9999999999999941,0p75,0.75
0.986,0.9999999999999941,0p75,0.75
0.987,0.9999999999999941,0p75,0.75
0.988,0.9999999999999941,0p75,0.75
0.989,0.9999999999999941,0p75,0.75
0.99,0.9999999999999941,0p75,0.75
0.991,0.9999999999999941,0p75,0.75
0.992,0.9999999999999941,0p75,0.75
0.993,0.9999999999999941,0p75,0.75
0.994,0.9999999999999941,0p75,0.75
0.995,0.9999999999999941,0p75,0.75
0.996,0.9999999999999941,0p75,0.75
0.997,0.9999999999999941,0p75,0.75
0.998,0.9999999999999941,0p75,0.75
0.999,0.9999999999999941,0p75,0.75
1.0,0.9999999999999941,0p75,0.75
1.000000002000481,0.9999999999999941,0p75,0.75
1.000000002000481,0.7499999999999942,0p75,0.75
1.001,0.7499999999999934,0p75,0.75
1.002,0.7499999999999932,0p75,0.75
1.003,0.7500000006263966,0p75,0.75
1.004,0.7500000031220073,0p75,0.75
1.005,0.7500000072565869,0p75,0.75
1.006,0.7500000121392905,0p75,0.75
1.007,0.7500000167573211,0p75,0.75
1.008,0.7500000211115492,0p75,0.75
1.009,0.7500000252170208,0p75,0.75
1.01,0.7500000290880228,0p75,0.75
1.011,0.750000032738189,0p75,0.75
1.012,0.7500000361798572,0p75,0.75
1.013,0.7500000394248855,0p75,0.75
1.014,0.7500000424845049,0p75,0.75
1.015,0.750000045369309,0p75,0.75
1.016,0.7500000480893024,0p75,0.75
1.017,0.7500000506538822,0p75,0.75
1.018,0.7500000530719287,0p75,0.75
1.019,0.7500000553524119,0p75,0.75
1.02,0.7500000575025946,0p75,0.75
1.021,0.7500000595301514,0p75,0.75
1.022,0.7500000614416991,0p75,0.75
1.023,0.7500000632440701,0p75,0.75
1.024,0.7500000649434085,0p75,0.75
1.025,0.7500000665455361,0p75,0.75
1.026,0.7500000680562289,0p75,0.75
1.027,0.7500000694804756,0p75,0.75
1.028,0.7500000708233371,0p75,0.75
1.029,0.750000072089476,0p75,0.75
1.03,0.7500000732831739,0p75,0.75
1.031,0.7500000744087252,0p75,0.75
1.032,0.7500000754706919,0p75,0.75
1.033,0.7500000764722173,0p75,0.75
1.034,0.7500000774163198,0p75,0.75
1.035,0.7500000783066054,0p75,0.75
1.036,0.7500000791459553,0p75,0.75
1.037,0.7500000799372859,0p75,0.75
1.038,0.7500000806833366,0p75,0.75
1.039,0.7500000813868458,0p75,0.75
1.04,0.7500000820500683,0p75,0.75
1.041,0.7500000826753052,0p75,0.75
1.042,0.7500000832647368,0p75,0.75
1.043,0.7500000838204176,0p75,0.75
1.044,0.7500000843442844,0p75,0.75
1.045,0.7500000848381619,0p75,0.75
1.046,0.7500000853037703,0p75,0.75
1.047,0.7500000857427299,0p75,0.75
1.048,0.7500000861565946,0p75,0.75
1.049,0.750000086546832,0p75,0.75
1.05,0.7500000869147163,0p75,0.75
1.051,0.7500000872615308,0p75,0.75
1.052,0.7500000875884849,0p75,0.75
1.053,0.7500000878967186,0p75,0.75
1.054,0.7500000881873057,0p75,0.75
1.055,0.7500000884612584,0p75,0.75
1.056,0.7500000887195307,0p75,0.75
1.057,0.7500000889630397,0p75,0.75
1.058,0.7500000891933354,0p75,0.75
1.059,0.7500000894102941,0p75,0.75
1.06,0.7500000896151371,0p75,0.75
1.061,0.7500000898078055,0p75,0.75
1.062,0.7500000899898006,0p75,0.75
1.063,0.750000090161167,0p75,0.75
1.064,0.7500000903229543,0p75,0.75
1.065,0.75000009047522,0p75,0.75
1.066,0.7500000906189591,0p75,0.75
1.067,0.7500000907542462,0p75,0.75
1.068,0.7500000908819434,0p75,0.75
1.069,0.7500000910021356,0p75,0.75
1.07,0.7500000911155749,0p75,0.75
1.071,0.7500000912223536,0p75,0.75
1.072,0.750000091323125,0p75,0.75
1.073,0.7500000914179857,0p75,0.75
1.074,0.750000091507503,0p75,0.75
1.075,0.7500000915917755,0p75,0.75
1.076,0.7500000916712952,0p75,0.75
1.077,0.7500000917461612,0p75,0.75
1.078,0.7500000918167997,0p75,0.75
1.079,0.750000091883309,0p75,0.75
1.08,0.7500000919460582,0p75,0.75
1.081,0.7500000920051435,0p75,0.75
1.082,0.7500000920608846,0p75,0.75
1.083,0.7500000921133746,0p75,0.75
1.084,0.7500000921628902,0p75,0.75
1.085,0.7500000922095211,0p75,0.75
1.086,0.7500000922535065,0p75,0.75
1.087,0.7500000922949321,0p75,0.75
1.088,0.7500000923340051,0p75,0.75
1.089,0.7500000923708067,0p75,0.75
1.09,0.7500000924055159,0p75,0.75
1.091,0.7500000924382094,0p75,0.75
1.092,0.7500000924690422,0p75,0.75
1.093,0.7500000924980863,0p75,0.75
1.094,0.7500000925254754,0p75,0.75
1.095,0.7500000925512775,0p75,0.75
1.096,0.7500000925756077,0p75,0.75
1.097,0.7500000925985297,0p75,0.75
1.098,0.7500000926201426,0p75,0.75
1.099,0.7500000926405059,0p75,0.75
1.1,0.750000092659705,0p75,0.75
1.101,0.7500000926777951,0p75,0.75
1.102,0.75000009269485,0p75,0.75
1.103,0.7500000927109208,0p75,0.75
1.104,0.750000092726071,0p75,0.75
1.105,0.750000092740348,0p75,0.75
1.106,0.7500000927538605,0p75,0.75
1.107,0.7500000927666801,0p75,0.75
1.108,0.7500000927787586,0p75,0.75
1.109,0.7500000927900958,0p75,0.75
1.11,0.7500000928008284,0p75,0.75
1.111,0.7500000928109746,0p75,0.75
1.112,0.7500000928204726,0p75,0.75
1.113,0.7500000928293267,0p75,0.75
1.114,0.750000092837835,0p75,0.75
1.115,0.7500000928458271,0p75,0.75
1.116,0.7500000928533029,0p75,0.75
1.117,0.7500000928603399,0p75,0.75
1.118,0.7500000928670401,0p75,0.75
1.119,0.7500000928733188,0p75,0.75
1.12,0.750000092879176,0p75,0.75
1.121,0.7500000928847528,0p75,0.75
1.122,0.7500000928900176,0p75,0.75
1.123,0.7500000928949415,0p75,0.75
1.124,0.7500000928995473,0p75,0.75
1.125,0.7500000929039534,0p75,0.75
1.126,0.750000092908085,0p75,0.75
1.127,0.7500000929119416,0p75,0.75
1.128,0.7500000929155866,0p75,0.75
1.129,0.7500000929190469,0p75,0.75
1.13,0.7500000929222861,0p75,0.75
1.131,0.7500000929253036,0p75,0.75
1.132,0.7500000929281937,0p75,0.75
1.133,0.7500000929309091,0p75,0.75
1.134,0.7500000929334462,0p75,0.75
1.135,0.7500000929358285,0p75,0.75
1.136,0.7500000929381013,0p75,0.75
1.137,0.7500000929402305,0p75,0.75
1.138,0.7500000929422165,0p75,0.75
1.139,0.750000092944103,0p75,0.75
1.14,0.7500000929458869,0p75,0.75
1.141,0.7500000929475553,0p75,0.75
1.142,0.7500000929491131,0p75,0.75
1.143,0.7500000929506053,0p75,0.75
1.144,0.7500000929520046,0p75,0.75
1.145,0.750000092953311,0p75,0.75
1.146,0.7500000929545432,0p75,0.75
1.147,0.7500000929557148,0p75,0.75
1.148,0.7500000929568117,0p75,0.75
1.149,0.7500000929578339,0p75,0.75
1.15,0.7500000929588104,0p75,0.75
1.151,0.7500000929597297,0p75,0.75
1.152,0.7500000929605889,0p75,0.75
1.153,0.7500000929613976,0p75,0.75
1.154,0.7500000929621834,0p75,0.75
1.155,0.7500000929629272,0p75,0.75
1.156,0.7500000929636292,0p75,0.75
1.157,0.7500000929642892,0p75,0.75
1.158,0.7500000929649071,0p75,0.75
1.159,0.7500000929654833,0p75,0.75
1.16,0.7500000929660188,0p75,0.75
1.161,0.7500000929665469,0p75,0.75
1.162,0.7500000929670416,0p75,0.75
1.163,0.750000092967503,0p75,0.75
1.164,0.7500000929679311,0p75,0.75
1.165,0.7500000929683258,0p75,0.75
1.166,0.7500000929686873,0p75,0.75
1.167,0.7500000929690367,0p75,0.75
1.168,0.7500000929693799,0p75,0.75
1.169,0.7500000929697009,0p75,0.75
1.17,0.7500000929699998,0p75,0.75
1.171,0.7500000929702766,0p75,0.75
1.172,0.7500000929705313,0p75,0.75
1.173,0.7500000929707648,0p75,0.75
1.174,0.7500000929710016,0p75,0.75
1.175,0.7500000929712232,0p75,0.75
1.176,0.7500000929714296,0p75,0.75
1.177,0.7500000929716206,0p75,0.75
1.178,0.7500000929717966,0p75,0.75
1.179,0.7500000929719575,0p75,0.75
1.18,0.7500000929721125,0p75,0.75
1.181,0.7500000929722642,0p75,0.75
1.182,0.7500000929724058,0p75,0.75
1.183,0.7500000929725372,0p75,0.75
1.184,0.7500000929726585,0p75,0.75
1.185,0.7500000929727695,0p75,0.75
1.186,0.7500000929728706,0p75,0.75
1.187,0.7500000929729742,0p75,0.75
1.188,0.7500000929730709,0p75,0.75
1.189,0.7500000929731608,0p75,0.75
1.19,0.750000092973244,0p75,0.75
1.191,0.7500000929733203,0p75,0.75
1.192,0.7500000929733899,0p75,0.75
1.193,0.7500000929734552,0p75,0.75
1.194,0.7500000929735169,0p75,0.75
1.195,0.7500000929735732,0p75,0.75
1.196,0.7500000929736246,0p75,0.75
1.197,0.7500000929736734,0p75,0.75
1.198,0.7500000929737187,0p75,0.75
1.199,0.7500000929737616,0p75,0.75
1.2,0.7500000929738019,0p75,0.75
1.201,0.7500000929738388,0p75,0.75
1.202,0.7500000929738737,0p75,0.75
1.203,0.7500000929739046,0p75,0.75
1.204,0.7500000929739352,0p75,0.75
1.205,0.7500000929739636,0p75,0.75
1.206,0.7500000929739904,0p75,0.75
1.207,0.7500000929740168,0p75,0.75
1.208,0.7500000929740402,0p75,0.75
1.209,0.7500000929740636,0p75,0.75
1.21,0.7500000929740861,0p75,0.75
1.211,0.7500000929741074,0p75,0.75
1.212,0.7500000929741277,0p75,0.75
1.213,0.7500000929741472,0p75,0.75
1.214,0.7500000929741657,0p75,0.75
1.215,0.7500000929741832,0p75,0.75
1.216,0.7500000929741999,0p75,0.75
1.217,0.7500000929742157,0p75,0.75
1.218,0.7500000929742303,0p75,0.75
1.219,0.7500000929742442,0p75,0.75
1.22,0.7500000929742576,0p75,0.75
1.221,0.7500000929742705,0p75,0.75
1.222,0.7500000929742828,0p75,0.75
1.223,0.7500000929742946,0p75,0.75
1.224,0.7500000929743055,0p75,0.75
1.225,0.7500000929743159,0p75,0.75
1.226,0.7500000929743256,0p75,0.75
1.227,0.7500000929743347,0p75,0.75
1.228,0.750000092974343,0p75,0.75
1.229,0.7500000929743508,0p75,0.75
1.23,0.7500000929743584,0p75,0.75
1.231,0.750000092974366,0p75,0.75
1.232,0.7500000929743731,0p75,0.75
1.233,0.7500000929743798,0p75,0.75
1.234,0.7500000929743859,0p75,0.75
1.235,0.7500000929743916,0p75,0.75
1.236,0.7500000929743968,0p75,0.75
1.237,0.7500000929744015,0p75,0.75
1.238,0.7500000929744057,0p75,0.75
1.239,0.7500000929744095,0p75,0.75
1.24,0.7500000929744137,0p75,0.75
1.241,0.7500000929744178,0p75,0.75
1.242,0.7500000929744216,0p75,0.75
1.243,0.750000092974425,0p75,0.75
1.244,0.7500000929744285,0p75,0.75
1.245,0.7500000929744314,0p75,0.75
1.246,0.750000092974434,0p75,0.75
1.247,0.7500000929744364,0p75,0.75
1.248,0.7500000929744385,0p75,0.75
1.249,0.7500000929744404,0p75,0.75
1.25,0.7500000929744426,0p75,0.75
1.251,0.7500000929744447,0p75,0.75
1.252,0.7500000929744465,0p75,0.75
1.253,0.7500000929744484,0p75,0.75
1.254,0.75000009297445,0p75,0.75
1.255,0.7500000929744514,0p75,0.75
1.256,0.7500000929744528,0p75,0.75
1.257,0.7500000929744539,0p75,0.75
1.258,0.7500000929744549,0p75,0.75
1.259,0.7500000929744557,0p75,0.75
1.26,0.7500000929744569,0p75,0.75
1.261,0.7500000929744578,0p75,0.75
1.262,0.7500000929744588,0p75,0.75
1.263,0.7500000929744597,0p75,0.75
1.264,0.7500000929744604,0p75,0.75
1.265,0.750000092974461,0p75,0.75
1.266,0.7500000929744618,0p75,0.75
1.267,0.7500000929744624,0p75,0.75
1.268,0.7500000929744627,0p75,0.75
1.269,0.750000092974463,0p75,0.75
1.27,0.7500000929744636,0p75,0.75
1.271,0.750000092974464,0p75,0.75
1.272,0.7500000929744646,0p75,0.75
1.273,0.7500000929744648,0p75,0.75
1.274,0.7500000929744652,0p75,0.75
1.275,0.7500000929744656,0p75,0.75
1.276,0.7500000929744658,0p75,0.75
1.277,0.7500000929744661,0p75,0.75
1.278,0.7500000929744662,0p75,0.75
1.279,0.7500000929744663,0p75,0.75
1.28,0.7500000929744667,0p75,0.75
1.281,0.7500000929744668,0p75,0.75
1.282,0.7500000929744669,0p75,0.75
1.283,0.7500000929744671,0p75,0.75
1.284,0.7500000929744672,0p75,0.75
1.285,0.7500000929744673,0p75,0.75
1.286,0.7500000929744675,0p75,0.75
1.287,0.7500000929744677,0p75,0.75
1.288,0.7500000929744677,0p75,0.75
1.289,0.7500000929744678,0p75,0.75
1.29,0.7500000929744678,0p75,0.75
1.291,0.7500000929744679,0p75,0.75
1.292,0.7500000929744679,0p75,0.75
1.293,0.750000092974468,0p75,0.75
1.294,0.750000092974468,0p75,0.75
1.295,0.750000092974468,0p75,0.75
1.296,0.750000092974468,0p75,0.75
1.297,0.7500000929744682,0p75,0.75
1.298,0.7500000929744682,0p75,0.75
1.299,0.7500000929744682,0p75,0.75
1.3,0.7500000929744682,0p75,0.75
1.301,0.7500000929744682,0p75,0.75
1.302,0.7500000929744682,0p75,0.75
1.303,0.7500000929744682,0p75,0.75
1.304,0.7500000929744682,0p75,0.75
1.305,0.7500000929744682,0p75,0.75
1.306,0.7500000929744682,0p75,0.75
1.307,0.7500000929744682,0p75,0.75
1.308,0.7500000929744682,0p75,0.75
1.309,0.7500000929744682,0p75,0.75
1.31,0.7500000929744682,0p75,0.75
1.311,0.7500000929744682,0p75,0.75
1.312,0.7500000929744682,0p75,0.75
1.313,0.7500000929744682,0p75,0.75
1.314,0.7500000929744682,0p75,0.75
1.315,0.7500000929744682,0p75,0.75
1.316,0.7500000929744682,0p75,0.75
1.317,0.7500000929744682,0p75,0.75
1.318,0.7500000929744682,0p75,0.75
1.319,0.7500000929744682,0p75,0.75
1.32,0.750000092974468,0p75,0.75
1.321,0.750000092974468,0p75,0.75
1.322,0.750000092974468,0p75,0.75
1.323,0.750000092974468,0p75,0.75
1.324,0.750000092974468,0p75,0.75
1.325,0.750000092974468,0p75,0.75
1.326,0.750000092974468,0p75,0.75
1.327,0.750000092974468,0p75,0.75
1.328,0.750000092974468,0p75,0.75
1.329,0.7500000929744679,0p75,0.75
1.33,0.7500000929744679,0p75,0.75
1.331,0.7500000929744679,0p75,0.75
1.332,0.7500000929744679,0p75,0.75
1.333,0.7500000929744679,0p75,0.75
1.334,0.7500000929744679,0p75,0.75
1.335,0.7500000929744679,0p75,0.75
1.336,0.7500000929744679,0p75,0.75
1.337,0.7500000929744678,0p75,0.75
1.338,0.7500000929744678,0p75,0.75
1.339,0.7500000929744678,0p75,0.75
1.34,0.7500000929744678,0p75,0.75
1.341,0.7500000929744678,0p75,0.75
1.342,0.7500000929744678,0p75,0.75
1.343,0.7500000929744678,0p75,0.75
1.344,0.7500000929744678,0p75,0.75
1.345,0.7500000929744677,0p75,0.75
1.346,0.7500000929744677,0p75,0.75
1.347,0.7500000929744677,0p75,0.75
1.348,0.7500000929744677,0p75,0.75
1.349,0.7500000929744677,0p75,0.75
1.35,0.7500000929744677,0p75,0.75
1.351,0.7500000929744677,0p75,0.75
1.352,0.7500000929744675,0p75,0.75
1.353,0.7500000929744675,0p75,0.75
1.354,0.7500000929744675,0p75,0.75
1.355,0.7500000929744675,0p75,0.75
1.356,0.7500000929744675,0p75,0.75
1.357,0.7500000929744675,0p75,0.75
1.358,0.7500000929744675,0p75,0.75
1.359,0.7500000929744675,0p75,0.75
1.36,0.7500000929744673,0p75,0.75
1.361,0.7500000929744673,0p75,0.75
1.362,0.7500000929744673,0p75,0.75
1.363,0.7500000929744673,0p75,0.75
1.364,0.7500000929744673,0p75,0.75
1.365,0.7500000929744673,0p75,0.75
1.366,0.7500000929744673,0p75,0.75
1.367,0.7500000929744673,0p75,0.75
1.368,0.7500000929744672,0p75,0.75
1.369,0.7500000929744672,0p75,0.75
1.37,0.7500000929744672,0p75,0.75
1.371,0.7500000929744672,0p75,0.75
1.372,0.7500000929744672,0p75,0.75
1.373,0.7500000929744672,0p75,0.75
1.374,0.7500000929744672,0p75,0.75
1.375,0.7500000929744672,0p75,0.75
1.376,0.7500000929744671,0p75,0.75
1.377,0.7500000929744671,0p75,0.75
1.378,0.7500000929744671,0p75,0.75
1.379,0.7500000929744671,0p75,0.75
1.38,0.7500000929744671,0p75,0.75
1.381,0.7500000929744671,0p75,0.75
1.382,0.7500000929744671,0p75,0.75
1.383,0.7500000929744671,0p75,0.75
1.384,0.7500000929744669,0p75,0.75
1.385,0.7500000929744669,0p75,0.75
1.386,0.7500000929744669,0p75,0.75
1.387,0.7500000929744669,0p75,0.75
1.388,0.7500000929744669,0p75,0.75
1.389,0.7500000929744669,0p75,0.75
1.39,0.7500000929744669,0p75,0.75
1.391,0.7500000929744669,0p75,0.75
1.392,0.7500000929744668,0p75,0.75
1.393,0.7500000929744668,0p75,0.75
1.394,0.7500000929744668,0p75,0.75
1.395,0.7500000929744668,0p75,0.75
1.396,0.7500000929744668,0p75,0.75
1.397,0.7500000929744668,0p75,0.75
1.398,0.7500000929744668,0p75,0.75
1.399,0.7500000929744668,0p75,0.75
1.4,0.7500000929744667,0p75,0.75
1.401,0.7500000929744667,0p75,0.75
1.402,0.7500000929744667,0p75,0.75
1.403,0.7500000929744667,0p75,0.75
1.404,0.7500000929744667,0p75,0.75
1.405,0.7500000929744667,0p75,0.75
1.406,0.7500000929744667,0p75,0.75
1.407,0.7500000929744667,0p75,0.75
1.408,0.7500000929744666,0p75,0.75
1.409,0.7500000929744666,0p75,0.75
1.41,0.7500000929744666,0p75,0.75
1.411,0.7500000929744666,0p75,0.75
1.412,0.7500000929744666,0p75,0.75
1.413,0.7500000929744666,0p75,0.75
1.414,0.7500000929744666,0p75,0.75
1.415,0.7500000929744666,0p75,0.75
1.416,0.7500000929744663,0p75,0.75
1.417,0.7500000929744663,0p75,0.75
1.418,0.7500000929744663,0p75,0.75
1.419,0.7500000929744663,0p75,0.75
1.42,0.7500000929744663,0p75,0.75
1.421,0.7500000929744663,0p75,0.75
1.422,0.7500000929744663,0p75,0.75
1.423,0.7500000929744663,0p75,0.75
1.424,0.7500000929744662,0p75,0.75
1.425,0.7500000929744662,0p75,0.75
1.426,0.7500000929744662,0p75,0.75
1.427,0.7500000929744662,0p75,0.75
1.428,0.7500000929744662,0p75,0.75
1.429,0.7500000929744662,0p75,0.75
1.43,0.7500000929744662,0p75,0.75
1.431,0.7500000929744662,0p75,0.75
1.432,0.7500000929744661,0p75,0.75
1.433,0.7500000929744661,0p75,0.75
1.434,0.7500000929744661,0p75,0.75
1.435,0.7500000929744661,0p75,0.75
1.436,0.7500000929744661,0p75,0.75
1.437,0.7500000929744661,0p75,0.75
1.438,0.7500000929744661,0p75,0.75
1.439,0.7500000929744661,0p75,0.75
1.44,0.7500000929744659,0p75,0.75
1.441,0.7500000929744659,0p75,0.75
1.442,0.7500000929744659,0p75,0.75
1.443,0.7500000929744659,0p75,0.75
1.444,0.7500000929744659,0p75,0.75
1.445,0.7500000929744659,0p75,0.75
1.446,0.7500000929744659,0p75,0.75
1.447,0.7500000929744659,0p75,0.75
1.448,0.7500000929744658,0p75,0.75
1.449,0.7500000929744658,0p75,0.75
1.45,0.7500000929744658,0p75,0.75
1.451,0.7500000929744658,0p75,0.75
1.452,0.7500000929744658,0p75,0.75
1.453,0.7500000929744658,0p75,0.75
1.454,0.7500000929744658,0p75,0.75
1.455,0.7500000929744658,0p75,0.75
1.456,0.7500000929744658,0p75,0.75
1.457,0.7500000929744657,0p75,0.75
1.458,0.7500000929744657,0p75,0.75
1.459,0.7500000929744657,0p75,0.75
1.46,0.7500000929744657,0p75,0.75
1.461,0.7500000929744657,0p75,0.75
1.462,0.7500000929744657,0p75,0.75
1.463,0.7500000929744657,0p75,0.75
1.464,0.7500000929744657,0p75,0.75
1.465,0.7500000929744656,0p75,0.75
1.466,0.7500000929744656,0p75,0.75
1.467,0.7500000929744656,0p75,0.75
1.468,0.7500000929744656,0p75,0.75
1.469,0.7500000929744656,0p75,0.75
1.47,0.7500000929744656,0p75,0.75
1.471,0.7500000929744656,0p75,0.75
1.472,0.7500000929744656,0p75,0.75
1.473,0.7500000929744653,0p75,0.75
1.474,0.7500000929744653,0p75,0.75
1.475,0.7500000929744653,0p75,0.75
1.476,0.7500000929744653,0p75,0.75
1.477,0.7500000929744653,0p75,0.75
1.478,0.7500000929744653,0p75,0.75
1.479,0.7500000929744653,0p75,0.75
1.48,0.7500000929744653,0p75,0.75
1.481,0.7500000929744652,0p75,0.75
1.482,0.7500000929744652,0p75,0.75
1.483,0.7500000929744652,0p75,0.75
1.484,0.7500000929744652,0p75,0.75
1.485,0.7500000929744652,0p75,0.75
1.486,0.7500000929744652,0p75,0.75
1.487,0.7500000929744652,0p75,0.75
1.488,0.7500000929744652,0p75,0.75
1.489,0.7500000929744652,0p75,0.75
1.49,0.7500000929744651,0p75,0.75
1.491,0.7500000929744651,0p75,0.75
1.492,0.7500000929744651,0p75,0.75
1.493,0.7500000929744651,0p75,0.75
1.494,0.7500000929744651,0p75,0.75
1.495,0.7500000929744651,0p75,0.75
1.496,0.7500000929744651,0p75,0.75
1.497,0.7500000929744651,0p75,0.75
1.498,0.750000092974465,0p75,0.75
1.499,0.750000092974465,0p75,0.75
1.5,0.750000092974465,0p75,0.75
1.500000003000721,0.750000092974465,0p75,0.75
1.500000003000721,1.000000092974465,0p75,0.75
1.501,1.000000092974466,0p75,0.75
1.502,1.000000092974467,0p75,0.75
1.503,1.000000092974467,0p75,0.75
1.504,1.000000092974467,0p75,0.75
1.505,1.000000092974467,0p75,0.75
1.506,1.000000092974467,0p75,0.75
1.507,1.000000092974467,0p75,0.75
1.508,1.000000092974468,0p75,0.75
1.509,1.000000092973365,0p75,0.75
1.51,1.000000092580596,0p75,0.75
1.511,1.00000009126508,0p75,0.75
1.512,1.000000089134903,0p75,0.75
1.513,1.00000008632749,0p75,0.75
1.514,1.000000082957869,0p75,0.75
1.515,1.000000079127129,0p75,0.75
1.516,1.000000074923376,0p75,0.75
1.517,1.000000070653309,0p75,0.75
1.518,1.000000066617016,0p75,0.75
1.519,1.000000062810606,0p75,0.75
1.52,1.000000059221599,0p75,0.75
1.521,1.000000055837691,0p75,0.75
1.522,1.00000005264718,0p75,0.75
1.523,1.000000049638141,0p75,0.75
1.524,1.000000046800354,0p75,0.75
1.525,1.000000044124779,0p75,0.75
1.526,1.000000041601681,0p75,0.75
1.527,1.000000039222896,0p75,0.75
1.528,1.00000003698026,0p75,0.75
1.529,1.000000034865905,0p75,0.75
1.53,1.000000032872193,0p75,0.75
1.531,1.000000030992553,0p75,0.75
1.532,1.000000029220507,0p75,0.75
1.533,1.0000000275498,0p75,0.75
1.534,1.000000025974441,0p75,0.75
1.535,1.00000002448922,0p75,0.75
1.536,1.000000023089019,0p75,0.75
1.537,1.000000021768871,0p75,0.75
1.538,1.000000020524081,0p75,0.75
1.539,1.000000019350516,0p75,0.75
1.54,1.000000018244132,0p75,0.75
1.541,1.000000017200987,0p75,0.75
1.542,1.000000016217399,0p75,0.75
1.543,1.000000015290093,0p75,0.75
1.544,1.000000014415872,0p75,0.75
1.545,1.000000013591606,0p75,0.75
1.546,1.000000012814411,0p75,0.75
1.547,1.000000012081689,0p75,0.75
1.548,1.000000011390915,0p75,0.75
1.549,1.000000010739601,0p75,0.75
1.55,1.00000001012549,0p75,0.75
1.551,1.000000009546123,0p75,0.75
1.552,1.000000008999552,0p75,0.75
1.553,1.000000008483902,0p75,0.75
1.554,1.000000007998092,0p75,0.75
1.555,1.000000007540062,0p75,0.75
1.556,1.000000007107841,0p75,0.75
1.557,1.00000000670057,0p75,0.75
1.558,1.000000006316781,0p75,0.75
1.559,1.000000005954748,0p75,0.75
1.56,1.00000000561347,0p75,0.75
1.561,1.00000000529191,0p75,0.75
1.562,1.000000004988715,0p75,0.75
1.563,1.000000004702739,0p75,0.75
1.564,1.000000004433317,0p75,0.75
1.565,1.000000004179402,0p75,0.75
1.566,1.000000003939776,0p75,0.75
1.567,1.000000003714032,0p75,0.75
1.568,1.000000003501301,0p75,0.75
1.569,1.000000003300606,0p75,0.75
1.57,1.000000003111452,0p75,0.75
1.571,1.000000002933222,0p75,0.75
1.572,1.000000002765143,0p75,0.75
1.573,1.000000002606644,0p75,0.75
1.574,1.000000002457314,0p75,0.75
1.575,1.000000002316559,0p75,0.75
1.576,1.000000002183742,0p75,0.75
1.577,1.000000002058622,0p75,0.75
1.578,1.000000001940712,0p75,0.75
1.579,1.000000001829458,0p75,0.75
1.58,1.00000000172462,0p75,0.75
1.581,1.000000001625833,0p75,0.75
1.582,1.000000001532658,0p75,0.75
1.583,1.000000001444811,0p75,0.75
1.584,1.000000001362043,0p75,0.75
1.585,1.000000001284014,0p75,0.75
1.586,1.000000001210402,0p75,0.75
1.587,1.000000001141054,0p75,0.75
1.588,1.000000001075699,0p75,0.75
1.589,1.000000001014027,0p75,0.75
1.59,1.00000000095592,0p75,0.75
1.591,1.000000000901166,0p75,0.75
1.592,1.000000000849514,0p75,0.75
1.593,1.000000000800826,0p75,0.75
1.594,1.000000000754951,0p75,0.75
1.595,1.000000000711694,0p75,0.75
1.596,1.000000000670896,0p75,0.75
1.597,1.000000000632459,0p75,0.75
1.598,1.000000000596234,0p75,0.75
1.599,1.000000000562048,0p75,0.75
1.6,1.000000000529842,0p75,0.75
1.601,1.000000000499493,0p75,0.75
1.602,1.00000000047086,0p75,0.75
1.603,1.000000000443805,0p75,0.75
1.604,1.000000000418228,0p75,0.75
1.605,1.00000000039417,0p75,0.75
1.606,1.000000000371414,0p75,0.75
1.607,1.000000000350004,0p75,0.75
1.608,1.000000000329899,0p75,0.75
1.609,1.000000000310822,0p75,0.75
1.61,1.000000000292915,0p75,0.75
1.611,1.000000000276008,0p75,0.75
1.612,1.000000000260055,0p75,0.75
1.613,1.000000000245099,0p75,0.75
1.614,1.000000000230905,0p75,0.75
1.615,1.000000000217582,0p75,0.75
1.616,1.000000000205036,0p75,0.75
1.617,1.000000000193172,0p75,0.75
1.618,1.000000000182057,0p75,0.75
1.619,1.000000000171519,0p75,0.75
1.62,1.000000000161612,0p75,0.75
1.621,1.000000000152302,0p75,0.75
1.622,1.000000000143484,0p75,0.75
1.623,1.000000000135217,0p75,0.75
1.624,1.000000000127402,0p75,0.75
1.625,1.000000000120037,0p75,0.75
1.626,1.000000000113128,0p75,0.75
1.627,1.000000000106575,0p75,0.75
1.628,1.000000000100427,0p75,0.75
1.629,1.000000000094631,0p75,0.75
1.63,1.000000000089156,0p75,0.75
1.631,1.000000000084029,0p75,0.75
1.632,1.00000000007916,0p75,0.75
1.633,1.000000000074589,0p75,0.75
1.634,1.000000000070289,0p75,0.75
1.635,1.000000000066219,0p75,0.75
1.636,1.000000000062406,0p75,0.75
1.637,1.000000000058796,0p75,0.75
1.638,1.000000000055397,0p75,0.75
1.639,1.000000000052207,0p75,0.75
1.64,1.000000000049183,0p75,0.75
1.641,1.000000000046346,0p75,0.75
1.642,1.000000000043669,0p75,0.75
1.643,1.000000000041143,0p75,0.75
1.644,1.000000000038775,0p75,0.75
1.645,1.000000000036528,0p75,0.75
1.646,1.000000000034419,0p75,0.75
1.647,1.000000000032433,0p75,0.75
1.648,1.000000000030556,0p75,0.75
1.649,1.000000000028796,0p75,0.75
1.65,1.000000000027113,0p75,0.75
1.651,1.000000000025518,0p75,0.75
1.652,1.000000000024014,0p75,0.75
1.653,1.000000000022602,0p75,0.75
1.654,1.000000000021281,0p75,0.75
1.655,1.000000000020021,0p75,0.75
1.656,1.000000000018829,0p75,0.75
1.657,1.000000000017714,0p75,0.75
1.658,1.000000000016677,0p75,0.75
1.659,1.000000000015712,0p75,0.75
1.66,1.000000000014772,0p75,0.75
1.661,1.00000000001389,0p75,0.75
1.662,1.000000000013065,0p75,0.75
1.663,1.000000000012298,0p75,0.75
1.664,1.000000000011573,0p75,0.75
1.665,1.000000000010878,0p75,0.75
1.666,1.000000000010227,0p75,0.75
1.667,1.00000000000962,0p75,0.75
1.668,1.000000000009058,0p75,0.75
1.669,1.000000000008517,0p75,0.75
1.67,1.000000000008004,0p75,0.75
1.671,1.000000000007525,0p75,0.75
1.672,1.00000000000708,0p75,0.75
1.673,1.000000000006666,0p75,0.75
1.674,1.000000000006263,0p75,0.75
1.675,1.000000000005886,0p75,0.75
1.676,1.000000000005535,0p75,0.75
1.677,1.000000000005209,0p75,0.75
1.678,1.0000000000049,0p75,0.75
1.679,1.000000000004604,0p75,0.75
1.68,1.000000000004327,0p75,0.75
1.681,1.000000000004069,0p75,0.75
1.682,1.000000000003831,0p75,0.75
1.683,1.0000000000036,0p75,0.75
1.684,1.000000000003383,0p75,0.75
1.685,1.00000000000318,0p75,0.75
1.686,1.000000000002991,0p75,0.75
1.687,1.000000000002815,0p75,0.75
1.688,1.000000000002644,0p75,0.75
1.689,1.000000000002484,0p75,0.75
1.69,1.000000000002336,0p75,0.75
1.691,1.000000000002198,0p75,0.75
1.692,1.000000000002067,0p75,0.75
1.693,1.000000000001941,0p75,0.75
1.694,1.000000000001824,0p75,0.75
1.695,1.000000000001715,0p75,0.75
1.696,1.000000000001614,0p75,0.75
1.697,1.000000000001516,0p75,0.75
1.698,1.000000000001424,0p75,0.75
1.699,1.000000000001338,0p75,0.75
1.7,1.000000000001258,0p75,0.75
1.701,1.000000000001183,0p75,0.75
1.702,1.000000000001111,0p75,0.75
1.703,1.000000000001043,0p75,0.75
1.704,1.00000000000098,0p75,0.75
1.705,1.000000000000922,0p75,0.75
1.706,1.000000000000865,0p75,0.75
1.707,1.00000000000081,0p75,0.75
1.708,1.000000000000758,0p75,0.75
1.709,1.000000000000709,0p75,0.75
1.71,1.000000000000662,0p75,0.75
1.711,1.000000000000619,0p75,0.75
1.712,1.000000000000578,0p75,0.75
1.713,1.000000000000541,0p75,0.75
1.714,1.000000000000506,0p75,0.75
1.715,1.000000000000473,0p75,0.75
1.716,1.00000000000044,0p75,0.75
1.717,1.000000000000409,0p75,0.75
1.718,1.000000000000381,0p75,0.75
1.719,1.000000000000354,0p75,0.75
1.72,1.00000000000033,0p75,0.75
1.721,1.000000000000308,0p75,0.75
1.722,1.000000000000288,0p75,0.75
1.723,1.00000000000027,0p75,0.75
1.724,1.000000000000251,0p75,0.75
1.725,1.000000000000232,0p75,0.75
1.726,1.000000000000215,0p75,0.75
1.727,1.000000000000199,0p75,0.75
1.728,1.000000000000184,0p75,0.75
1.729,1.000000000000171,0p75,0.75
1.73,1.000000000000159,0p75,0.75
1.731,1.000000000000148,0p75,0.75
1.732,1.000000000000137,0p75,0.75
1.733,1.000000000000126,0p75,0.75
1.734,1.000000000000116,0p75,0.75
1.735,1.000000000000107,0p75,0.75
1.736,1.000000000000098,0p75,0.75
1.737,1.00000000000009,0p75,0.75
1.738,1.000000000000083,0p75,0.75
1.739,1.000000000000077,0p75,0.75
1.74,1.000000000000071,0p75,0.75
1.741,1.000000000000065,0p75,0.75
1.742,1.000000000000059,0p75,0.75
1.743,1.000000000000053,0p75,0.75
1.744,1.000000000000048,0p75,0.75
1.745,1.000000000000044,0p75,0.75
1.746,1.00000000000004,0p75,0.75
1.747,1.000000000000036,0p75,0.75
1.748,1.000000000000033,0p75,0.75
1.749,1.00000000000003,0p75,0.75
1.75,1.000000000000026,0p75,0.75
1.751,1.000000000000023,0p75,0.75
1.752,1.00000000000002,0p75,0.75
1.753,1.000000000000018,0p75,0.75
1.754,1.000000000000015,0p75,0.75
1.755,1.000000000000013,0p75,0.75
1.756,1.000000000000012,0p75,0.75
1.757,1.00000000000001,0p75,0.75
1.758,1.000000000000008,0p75,0.75
1.759,1.000000000000006,0p75,0.75
1.76,1.000000000000005,0p75,0.75
1.761,1.000000000000003,0p75,0.75
1.762,1.000000000000002,0p75,0.75
1.763,1.000000000000001,0p75,0.75
1.764,0.9999999999999997,0p75,0.75
1.765,0.9999999999999989,0p75,0.75
1.766,0.9999999999999978,0p75,0.75
1.767,0.9999999999999969,0p75,0.75
1.768,0.9999999999999959,0p75,0.75
1.769,0.9999999999999952,0p75,0.75
1.77,0.9999999999999946,0p75,0.75
1.771,0.9999999999999939,0p75,0.75
1.772,0.9999999999999932,0p75,0.75
1.773,0.9999999999999929,0p75,0.75
1.774,0.9999999999999923,0p75,0.75
1.775,0.9999999999999919,0p75,0.75
1.776,0.9999999999999913,0p75,0.75
1.777,0.9999999999999909,0p75,0.75
1.778,0.9999999999999905,0p75,0.75
1.779,0.9999999999999902,0p75,0.75
1.78,0.9999999999999899,0p75,0.75
1.781,0.9999999999999897,0p75,0.75
1.782,0.9999999999999893,0p75,0.75
1.783,0.9999999999999891,0p75,0.75
1.784,0.9999999999999889,0p75,0.75
1.785,0.9999999999999887,0p75,0.75
1.786,0.9999999999999886,0p75,0.75
1.787,0.9999999999999882,0p75,0.75
1.788,0.9999999999999881,0p75,0.75
1.789,0.999999999999988,0p75,0.75
1.79,0.9999999999999878,0p75,0.75
1.791,0.9999999999999878,0p75,0.75
1.792,0.9999999999999877,0p75,0.75
1.793,0.9999999999999876,0p75,0.75
1.794,0.9999999999999875,0p75,0.75
1.795,0.9999999999999872,0p75,0.75
1.796,0.9999999999999872,0p75,0.75
1.797,0.9999999999999871,0p75,0.75
1.798,0.9999999999999871,0p75,0.75
1.799,0.9999999999999871,0p75,0.75
1.8,0.999999999999987,0p75,0.75
1.801,0.999999999999987,0p75,0.75
1.802,0.9999999999999868,0p75,0.75
1.803,0.9999999999999868,0p75,0.75
1.804,0.9999999999999868,0p75,0.75
1.805,0.9999999999999868,0p75,0.75
1.806,0.9999999999999867,0p75,0.75
1.807,0.9999999999999867,0p75,0.75
1.808,0.9999999999999867,0p75,0.75
1.809,0.9999999999999867,0p75,0.75
1.81,0.9999999999999867,0p75,0.75
1.811,0.9999999999999867,0p75,0.75
1.812,0.9999999999999866,0p75,0.75
1.813,0.9999999999999866,0p75,0.75
1.814,0.9999999999999866,0p75,0.75
1.815,0.9999999999999866,0p75,0.75
1.816,0.9999999999999866,0p75,0.75
1.817,0.9999999999999866,0p75,0.75
1.818,0.9999999999999866,0p75,0.75
1.819,0.9999999999999866,0p75,0.75
1.82,0.9999999999999866,0p75,0.75
1.821,0.9999999999999866,0p75,0.75
1.822,0.9999999999999866,0p75,0.75
1.823,0.9999999999999866,0p75,0.75
1.824,0.9999999999999866,0p75,0.75
1.825,0.9999999999999866,0p75,0.75
1.826,0.9999999999999866,0p75,0.75
1.827,0.9999999999999866,0p75,0.75
1.828,0.9999999999999866,0p75,0.75
1.829,0.9999999999999866,0p75,0.75
1.83,0.9999999999999866,0p75,0.75
1.831,0.9999999999999866,0p75,0.75
1.832,0.9999999999999866,0p75,0.75
1.833,0.9999999999999866,0p75,0.75
1.834,0.9999999999999866,0p75,0.75
1.835,0.9999999999999866,0p75,0.75
1.836,0.9999999999999866,0p75,0.75
1.837,0.9999999999999866,0p75,0.75
1.838,0.9999999999999866,0p75,0.75
1.839,0.9999999999999866,0p75,0.75
1.84,0.9999999999999866,0p75,0.75
1.841,0.9999999999999866,0p75,0.75
1.842,0.9999999999999866,0p75,0.75
1.843,0.9999999999999866,0p75,0.75
1.844,0.9999999999999866,0p75,0.75
1.845,0.9999999999999866,0p75,0.75
1.846,0.9999999999999866,0p75,0.75
1.847,0.9999999999999866,0p75,0.75
1.848,0.9999999999999866,0p75,0.75
1.849,0.9999999999999866,0p75,0.75
1.85,0.9999999999999866,0p75,0.75
1.851,0.9999999999999866,0p75,0.75
1.852,0.9999999999999866,0p75,0.75
1.853,0.9999999999999866,0p75,0.75
1.854,0.9999999999999866,0p75,0.75
1.855,0.9999999999999866,0p75,0.75
1.856,0.9999999999999866,0p75,0.75
1.857,0.9999999999999866,0p75,0.75
1.858,0.9999999999999866,0p75,0.75
1.859,0.9999999999999866,0p75,0.75
1.86,0.9999999999999866,0p75,0.75
1.861,0.9999999999999866,0p75,0.75
1.862,0.9999999999999867,0p75,0.75
1.863,0.9999999999999867,0p75,0.75
1.864,0.9999999999999867,0p75,0.75
1.865,0.9999999999999867,0p75,0.75
1.866,0.9999999999999867,0p75,0.75
1.867,0.9999999999999867,0p75,0.75
1.868,0.9999999999999867,0p75,0.75
1.869,0.9999999999999867,0p75,0.75
1.87,0.9999999999999867,0p75,0.75
1.871,0.9999999999999867,0p75,0.75
1.872,0.9999999999999867,0p75,0.75
1.873,0.9999999999999867,0p75,0.75
1.874,0.9999999999999867,0p75,0.75
1.875,0.9999999999999867,0p75,0.75
1.876,0.9999999999999867,0p75,0.75
1.877,0.9999999999999867,0p75,0.75
1.878,0.9999999999999867,0p75,0.75
1.879,0.9999999999999867,0p75,0.75
1.88,0.9999999999999867,0p75,0.75
1.881,0.9999999999999867,0p75,0.75
1.882,0.9999999999999867,0p75,0.75
1.883,0.9999999999999867,0p75,0.75
1.884,0.9999999999999867,0p75,0.75
1.885,0.9999999999999867,0p75,0.75
1.886,0.9999999999999867,0p75,0.75
1.887,0.9999999999999867,0p75,0.75
1.888,0.9999999999999867,0p75,0.75
1.889,0.9999999999999867,0p75,0.75
1.89,0.9999999999999867,0p75,0.75
1.891,0.9999999999999867,0p75,0.75
1.892,0.9999999999999867,0p75,0.75
1.893,0.9999999999999867,0p75,0.75
1.894,0.9999999999999867,0p75,0.75
1.895,0.9999999999999867,0p75,0.75
1.896,0.9999999999999867,0p75,0.75
1.897,0.9999999999999867,0p75,0.75
1.898,0.9999999999999867,0p75,0.75
1.899,0.9999999999999867,0p75,0.75
1.9,0.9999999999999867,0p75,0.75
1.901,0.9999999999999867,0p75,0.75
1.902,0.9999999999999867,0p75,0.75
1.903,0.9999999999999867,0p75,0.75
1.904,0.9999999999999867,0p75,0.75
1.905,0.9999999999999867,0p75,0.75
1.906,0.9999999999999867,0p75,0.75
1.907,0.9999999999999867,0p75,0.75
1.908,0.9999999999999867,0p75,0.75
1.909,0.9999999999999867,0p75,0.75
1.91,0.9999999999999867,0p75,0.75
1.911,0.9999999999999867,0p75,0.75
1.912,0.9999999999999867,0p75,0.75
1.913,0.9999999999999867,0p75,0.75
1.914,0.9999999999999867,0p75,0.75
1.915,0.9999999999999867,0p75,0.75
1.916,0.9999999999999867,0p75,0.75
1.917,0.9999999999999867,0p75,0.75
1.918,0.9999999999999867,0p75,0.75
1.919,0.9999999999999867,0p75,0.75
1.92,0.9999999999999867,0p75,0.75
1.921,0.9999999999999867,0p75,0.75
1.922,0.9999999999999867,0p75,0.75
1.923,0.9999999999999867,0p75,0.75
1.924,0.9999999999999867,0p75,0.75
1.925,0.9999999999999867,0p75,0.75
1.926,0.9999999999999867,0p75,0.75
1.927,0.9999999999999867,0p75,0.75
1.928,0.9999999999999867,0p75,0.75
1.929,0.9999999999999867,0p75,0.75
1.93,0.9999999999999867,0p75,0.75
1.931,0.9999999999999867,0p75,0.75
1.932,0.9999999999999867,0p75,0.75
1.933,0.9999999999999868,0p75,0.75
1.934,0.9999999999999868,0p75,0.75
1.935,0.9999999999999868,0p75,0.75
1.936,0.9999999999999868,0p75,0.75
1.937,0.9999999999999868,0p75,0.75
1.938,0.9999999999999868,0p75,0.75
1.939,0.9999999999999868,0p75,0.75
1.94,0.9999999999999868,0p75,0.75
1.941,0.9999999999999868,0p75,0.75
1.942,0.9999999999999868,0p75,0.75
1.943,0.9999999999999868,0p75,0.75
1.944,0.9999999999999868,0p75,0.75
1.945,0.9999999999999868,0p75,0.75
1.946,0.9999999999999868,0p75,0.75
1.947,0.9999999999999868,0p75,0.75
1.948,0.9999999999999868,0p75,0.75
1.949,0.9999999999999868,0p75,0.75
1.95,0.9999999999999868,0p75,0.75
1.951,0.9999999999999868,0p75,0.75
1.952,0.9999999999999868,0p75,0.75
1.953,0.9999999999999868,0p75,0.75
1.954,0.9999999999999868,0p75,0.75
1.955,0.9999999999999868,0p75,0.75
1.956,0.9999999999999868,0p75,0.75
1.957,0.9999999999999868,0p75,0.75
1.958,0.9999999999999868,0p75,0.75
1.959,0.9999999999999868,0p75,0.75
1.96,0.9999999999999868,0p75,0.75
1.961,0.9999999999999868,0p75,0.75
1.962,0.9999999999999868,0p75,0.75
1.963,0.9999999999999868,0p75,0.75
1.964,0.9999999999999868,0p75,0.75
1.965,0.9999999999999868,0p75,0.75
1.966,0.9999999999999868,0p75,0.75
1.967,0.9999999999999868,0p75,0.75
1.968,0.9999999999999868,0p75,0.75
1.969,0.9999999999999868,0p75,0.75
1.97,0.9999999999999868,0p75,0.75
1.971,0.9999999999999868,0p75,0.75
1.972,0.9999999999999868,0p75,0.75
1.973,0.9999999999999868,0p75,0.75
1.974,0.9999999999999868,0p75,0.75
1.975,0.9999999999999868,0p75,0.75
1.976,0.9999999999999868,0p75,0.75
1.977,0.9999999999999868,0p75,0.75
1.978,0.9999999999999868,0p75,0.75
1.979,0.9999999999999868,0p75,0.75
1.98,0.9999999999999868,0p75,0.75
1.981,0.9999999999999868,0p75,0.75
1.982,0.9999999999999868,0p75,0.75
1.983,0.9999999999999868,0p75,0.75
1.984,0.9999999999999868,0p75,0.75
1.985,0.9999999999999868,0p75,0.75
1.986,0.9999999999999868,0p75,0.75
1.987,0.9999999999999868,0p75,0.75
1.988,0.9999999999999868,0p75,0.75
1.989,0.9999999999999868,0p75,0.75
1.99,0.9999999999999868,0p75,0.75
1.991,0.9999999999999868,0p75,0.75
1.992,0.9999999999999868,0p75,0.75
1.993,0.9999999999999868,0p75,0.75
1.994,0.9999999999999868,0p75,0.75
1.995,0.9999999999999868,0p75,0.75
1.996,0.9999999999999868,0p75,0.75
1.997,0.9999999999999868,0p75,0.75
1.998,0.9999999999999868,0p75,0.75
1.999,0.9999999999999868,0p75,0.75
2.0,0.9999999999999868,0p75,0.75
2.001,0.9999999999999868,0p75,0.75
2.002,0.9999999999999868,0p75,0.75
2.003,0.9999999999999868,0p75,0.75
2.004,0.9999999999999868,0p75,0.75
2.005,0.9999999999999868,0p75,0.75
2.006,0.9999999999999868,0p75,0.75
2.007,0.9999999999999868,0p75,0.75
2.008,0.9999999999999868,0p75,0.75
2.009,0.9999999999999868,0p75,0.75
2.01,0.9999999999999868,0p75,0.75
2.011,0.9999999999999868,0p75,0.75
2.012,0.9999999999999868,0p75,0.75
2.013,0.9999999999999868,0p75,0.75
2.014,0.9999999999999868,0p75,0.75
2.015,0.9999999999999868,0p75,0.75
2.016,0.9999999999999868,0p75,0.75
2.017,0.9999999999999868,0p75,0.75
2.018,0.9999999999999868,0p75,0.75
2.019,0.9999999999999868,0p75,0.75
2.02,0.9999999999999868,0p75,0.75
2.021,0.9999999999999868,0p75,0.75
2.022,0.9999999999999868,0p75,0.75
2.023,0.9999999999999868,0p75,0.75
2.024,0.9999999999999868,0p75,0.75
2.025,0.9999999999999868,0p75,0.75
2.026,0.9999999999999868,0p75,0.75
2.027,0.9999999999999868,0p75,0.75
2.028,0.9999999999999868,0p75,0.75
2.029,0.9999999999999868,0p75,0.75
2.03,0.9999999999999868,0p75,0.75
2.031,0.9999999999999868,0p75,0.75
2.032,0.9999999999999868,0p75,0.75
2.033,0.9999999999999868,0p75,0.75
2.034,0.9999999999999868,0p75,0.75
2.035,0.9999999999999868,0p75,0.75
2.036,0.9999999999999868,0p75,0.75
2.037,0.9999999999999868,0p75,0.75
2.038,0.9999999999999868,0p75,0.75
2.039,0.9999999999999868,0p75,0.75
2.04,0.9999999999999868,0p75,0.75
2.041,0.9999999999999868,0p75,0.75
2.042,0.9999999999999868,0p75,0.75
2.043,0.9999999999999868,0p75,0.75
2.044,0.9999999999999868,0p75,0.75
2.045,0.9999999999999868,0p75,0.75
2.046,0.9999999999999868,0p75,0.75
2.047,0.9999999999999868,0p75,0.75
2.048,0.9999999999999868,0p75,0.75
2.049,0.9999999999999868,0p75,0.75
2.05,0.9999999999999868,0p75,0.75
2.051,0.9999999999999868,0p75,0.75
2.052,0.9999999999999868,0p75,0.75
2.053,0.9999999999999868,0p75,0.75
2.054,0.9999999999999868,0p75,0.75
2.055,0.9999999999999868,0p75,0.75
2.056,0.9999999999999868,0p75,0.75
2.057,0.9999999999999868,0p75,0.75
2.058,0.9999999999999868,0p75,0.75
2.059,0.9999999999999868,0p75,0.75
2.06,0.9999999999999868,0p75,0.75
2.061,0.9999999999999868,0p75,0.75
2.062,0.9999999999999868,0p75,0.75
2.063,0.9999999999999868,0p75,0.75
2.064,0.9999999999999868,0p75,0.75
2.065,0.9999999999999868,0p75,0.75
2.066,0.9999999999999868,0p75,0.75
2.067,0.9999999999999868,0p75,0.75
2.068,0.9999999999999868,0p75,0.75
2.069,0.9999999999999868,0p75,0.75
2.07,0.9999999999999868,0p75,0.75
2.071,0.9999999999999868,0p75,0.75
2.072,0.9999999999999868,0p75,0.75
2.073,0.9999999999999868,0p75,0.75
2.074,0.9999999999999868,0p75,0.75
2.075,0.9999999999999868,0p75,0.75
2.076,0.9999999999999868,0p75,0.75
2.077,0.9999999999999868,0p75,0.75
2.078,0.9999999999999868,0p75,0.75
2.079,0.9999999999999868,0p75,0.75
2.08,0.9999999999999868,0p75,0.75
2.081,0.9999999999999868,0p75,0.75
2.082,0.9999999999999868,0p75,0.75
2.083,0.9999999999999868,0p75,0.75
2.084,0.9999999999999868,0p75,0.75
2.085,0.9999999999999868,0p75,0.75
2.086,0.9999999999999868,0p75,0.75
2.087,0.9999999999999868,0p75,0.75
2.088,0.9999999999999868,0p75,0.75
2.089,0.9999999999999868,0p75,0.75
2.09,0.9999999999999868,0p75,0.75
2.091,0.9999999999999868,0p75,0.75
2.092,0.9999999999999868,0p75,0.75
2.093,0.9999999999999868,0p75,0.75
2.094,0.9999999999999868,0p75,0.75
2.095,0.9999999999999868,0p75,0.75
2.096,0.9999999999999868,0p75,0.75
2.097,0.9999999999999868,0p75,0.75
2.098,0.9999999999999868,0p75,0.75
2.099,0.9999999999999868,0p75,0.75
2.1,0.9999999999999868,0p75,0.75
2.101,0.9999999999999868,0p75,0.75
2.102,0.9999999999999868,0p75,0.75
2.103,0.9999999999999868,0p75,0.75
2.104,0.9999999999999868,0p75,0.75
2.105,0.9999999999999868,0p75,0.75
2.106,0.9999999999999868,0p75,0.75
2.107,0.9999999999999868,0p75,0.75
2.108,0.9999999999999868,0p75,0.75
2.109,0.9999999999999868,0p75,0.75
2.11,0.9999999999999868,0p75,0.75
2.111,0.9999999999999868,0p75,0.75
2.112,0.9999999999999868,0p75,0.75
2.113,0.9999999999999868,0p75,0.75
2.114,0.9999999999999868,0p75,0.75
2.115,0.9999999999999868,0p75,0.75
2.116,0.9999999999999868,0p75,0.75
2.117,0.9999999999999868,0p75,0.75
2.118,0.9999999999999868,0p75,0.75
2.119,0.9999999999999868,0p75,0.75
2.12,0.9999999999999868,0p75,0.75
2.121,0.9999999999999868,0p75,0.75
2.122,0.9999999999999868,0p75,0.75
2.123,0.9999999999999868,0p75,0.75
2.124,0.9999999999999868,0p75,0.75
2.125,0.9999999999999868,0p75,0.75
2.126,0.9999999999999868,0p75,0.75
2.127,0.9999999999999868,0p75,0.75
2.128,0.9999999999999868,0p75,0.75
2.129,0.9999999999999868,0p75,0.75
2.13,0.9999999999999868,0p75,0.75
2.131,0.9999999999999868,0p75,0.75
2.132,0.9999999999999868,0p75,0.75
2.133,0.9999999999999868,0p75,0.75
2.134,0.9999999999999868,0p75,0.75
2.135,0.9999999999999868,0p75,0.75
2.136,0.9999999999999868,0p75,0.75
2.137,0.9999999999999868,0p75,0.75
2.138,0.9999999999999868,0p75,0.75
2.139,0.9999999999999868,0p75,0.75
2.14,0.9999999999999868,0p75,0.75
2.141,0.9999999999999868,0p75,0.75
2.142,0.9999999999999868,0p75,0.75
2.143,0.9999999999999868,0p75,0.75
2.144,0.9999999999999868,0p75,0.75
2.145,0.9999999999999868,0p75,0.75
2.146,0.9999999999999868,0p75,0.75
2.147,0.9999999999999868,0p75,0.75
2.148,0.9999999999999868,0p75,0.75
2.149,0.9999999999999868,0p75,0.75
2.15,0.9999999999999868,0p75,0.75
2.151,0.9999999999999868,0p75,0.75
2.152,0.9999999999999868,0p75,0.75
2.153,0.9999999999999868,0p75,0.75
2.154,0.9999999999999868,0p75,0.75
2.155,0.9999999999999868,0p75,0.75
2.156,0.9999999999999868,0p75,0.75
2.157,0.9999999999999868,0p75,0.75
2.158,0.9999999999999868,0p75,0.75
2.159,0.9999999999999868,0p75,0.75
2.16,0.9999999999999868,0p75,0.75
2.161,0.9999999999999868,0p75,0.75
2.162,0.9999999999999868,0p75,0.75
2.163,0.9999999999999868,0p75,0.75
2.164,0.9999999999999868,0p75,0.75
2.165,0.9999999999999868,0p75,0.75
2.166,0.9999999999999868,0p75,0.75
2.167,0.9999999999999868,0p75,0.75
2.168,0.9999999999999868,0p75,0.75
2.169,0.9999999999999868,0p75,0.75
2.17,0.9999999999999868,0p75,0.75
2.171,0.9999999999999868,0p75,0.75
2.172,0.9999999999999868,0p75,0.75
2.173,0.9999999999999868,0p75,0.75
2.174,0.9999999999999868,0p75,0.75
2.175,0.9999999999999868,0p75,0.75
2.176,0.9999999999999868,0p75,0.75
2.177,0.9999999999999868,0p75,0.75
2.178,0.9999999999999868,0p75,0.75
2.179,0.9999999999999868,0p75,0.75
2.18,0.9999999999999868,0p75,0.75
2.181,0.9999999999999868,0p75,0.75
2.182,0.9999999999999868,0p75,0.75
2.183,0.9999999999999868,0p75,0.75
2.184,0.9999999999999868,0p75,0.75
2.185,0.9999999999999868,0p75,0.75
2.186,0.9999999999999868,0p75,0.75
2.187,0.9999999999999868,0p75,0.75
2.188,0.9999999999999868,0p75,0.75
2.189,0.9999999999999868,0p75,0.75
2.19,0.9999999999999868,0p75,0.75
2.191,0.9999999999999868,0p75,0.75
2.192,0.9999999999999868,0p75,0.75
2.193,0.9999999999999868,0p75,0.75
2.194,0.9999999999999868,0p75,0.75
2.195,0.9999999999999868,0p75,0.75
2.196,0.9999999999999868,0p75,0.75
2.197,0.9999999999999868,0p75,0.75
2.198,0.9999999999999868,0p75,0.75
2.199,0.9999999999999868,0p75,0.75
2.2,0.9999999999999868,0p75,0.75
2.201,0.9999999999999868,0p75,0.75
2.202,0.9999999999999868,0p75,0.75
2.203,0.9999999999999868,0p75,0.75
2.204,0.9999999999999868,0p75,0.75
2.205,0.9999999999999868,0p75,0.75
2.206,0.9999999999999868,0p75,0.75
2.207,0.9999999999999868,0p75,0.75
2.208,0.9999999999999868,0p75,0.75
2.209,0.9999999999999868,0p75,0.75
2.21,0.9999999999999868,0p75,0.75
2.211,0.9999999999999868,0p75,0.75
2.212,0.9999999999999868,0p75,0.75
2.213,0.9999999999999868,0p75,0.75
2.214,0.9999999999999868,0p75,0.75
2.215,0.9999999999999868,0p75,0.75
2.216,0.9999999999999868,0p75,0.75
2.217,0.9999999999999868,0p75,0.75
2.218,0.9999999999999868,0p75,0.75
2.219,0.9999999999999868,0p75,0.75
2.22,0.9999999999999868,0p75,0.75
2.221,0.9999999999999868,0p75,0.75
2.222,0.9999999999999868,0p75,0.75
2.223,0.9999999999999868,0p75,0.75
2.224,0.9999999999999868,0p75,0.75
2.225,0.9999999999999868,0p75,0.75
2.226,0.9999999999999868,0p75,0.75
2.227,0.9999999999999868,0p75,0.75
2.228,0.9999999999999868,0p75,0.75
2.229,0.9999999999999868,0p75,0.75
2.23,0.9999999999999868,0p75,0.75
2.231,0.9999999999999868,0p75,0.75
2.232,0.9999999999999868,0p75,0.75
2.233,0.9999999999999868,0p75,0.75
2.234,0.9999999999999868,0p75,0.75
2.235,0.9999999999999868,0p75,0.75
2.236,0.9999999999999868,0p75,0.75
2.237,0.9999999999999868,0p75,0.75
2.238,0.9999999999999868,0p75,0.75
2.239,0.9999999999999868,0p75,0.75
2.24,0.9999999999999868,0p75,0.75
2.241,0.9999999999999868,0p75,0.75
2.242,0.9999999999999868,0p75,0.75
2.243,0.9999999999999868,0p75,0.75
2.244,0.9999999999999868,0p75,0.75
2.245,0.9999999999999868,0p75,0.75
2.246,0.9999999999999868,0p75,0.75
2.247,0.9999999999999868,0p75,0.75
2.248,0.9999999999999868,0p75,0.75
2.249,0.9999999999999868,0p75,0.75
2.25,0.9999999999999868,0p75,0.75
2.251,0.9999999999999868,0p75,0.75
2.252,0.9999999999999868,0p75,0.75
2.253,0.9999999999999868,0p75,0.75
2.254,0.9999999999999868,0p75,0.75
2.255,0.9999999999999868,0p75,0.75
2.256,0.9999999999999868,0p75,0.75
2.257,0.9999999999999868,0p75,0.75
2.258,0.9999999999999868,0p75,0.75
2.259,0.9999999999999868,0p75,0.75
2.26,0.9999999999999868,0p75,0.75
2.261,0.9999999999999868,0p75,0.75
2.262,0.9999999999999868,0p75,0.75
2.263,0.9999999999999868,0p75,0.75
2.264,0.9999999999999868,0p75,0.75
2.265,0.9999999999999868,0p75,0.75
2.266,0.9999999999999868,0p75,0.75
2.267,0.9999999999999868,0p75,0.75
2.268,0.9999999999999868,0p75,0.75
2.269,0.9999999999999868,0p75,0.75
2.27,0.9999999999999868,0p75,0.75
2.271,0.9999999999999868,0p75,0.75
2.272,0.9999999999999868,0p75,0.75
2.273,0.9999999999999868,0p75,0.75
2.274,0.9999999999999868,0p75,0.75
2.275,0.9999999999999868,0p75,0.75
2.276,0.9999999999999868,0p75,0.75
2.277,0.9999999999999868,0p75,0.75
2.278,0.9999999999999868,0p75,0.75
2.279,0.9999999999999868,0p75,0.75
2.28,0.9999999999999868,0p75,0.75
2.281,0.9999999999999868,0p75,0.75
2.282,0.9999999999999868,0p75,0.75
2.283,0.9999999999999868,0p75,0.75
2.284,0.9999999999999868,0p75,0.75
2.285,0.9999999999999868,0p75,0.75
2.286,0.9999999999999868,0p75,0.75
2.287,0.9999999999999868,0p75,0.75
2.288,0.9999999999999868,0p75,0.75
2.289,0.9999999999999868,0p75,0.75
2.29,0.9999999999999868,0p75,0.75
2.291,0.9999999999999868,0p75,0.75
2.292,0.9999999999999868,0p75,0.75
2.293,0.9999999999999868,0p75,0.75
2.294,0.9999999999999868,0p75,0.75
2.295,0.9999999999999868,0p75,0.75
2.296,0.9999999999999868,0p75,0.75
2.297,0.9999999999999868,0p75,0.75
2.298,0.9999999999999868,0p75,0.75
2.299,0.9999999999999868,0p75,0.75
2.3,0.9999999999999868,0p75,0.75
2.301,0.9999999999999868,0p75,0.75
2.302,0.9999999999999868,0p75,0.75
2.303,0.9999999999999868,0p75,0.75
2.304,0.9999999999999868,0p75,0.75
2.305,0.9999999999999868,0p75,0.75
2.306,0.9999999999999868,0p75,0.75
2.307,0.9999999999999868,0p75,0.75
2.308,0.9999999999999868,0p75,0.75
2.309,0.9999999999999868,0p75,0.75
2.31,0.9999999999999868,0p75,0.75
2.311,0.9999999999999868,0p75,0.75
2.312,0.9999999999999868,0p75,0.75
2.313,0.9999999999999868,0p75,0.75
2.314,0.9999999999999868,0p75,0.75
2.315,0.9999999999999868,0p75,0.75
2.316,0.9999999999999868,0p75,0.75
2.317,0.9999999999999868,0p75,0.75
2.318,0.9999999999999868,0p75,0.75
2.319,0.9999999999999868,0p75,0.75
2.32,0.9999999999999868,0p75,0.75
2.321,0.9999999999999868,0p75,0.75
2.322,0.9999999999999868,0p75,0.75
2.323,0.9999999999999868,0p75,0.75
2.324,0.9999999999999868,0p75,0.75
2.325,0.9999999999999868,0p75,0.75
2.326,0.9999999999999868,0p75,0.75
2.327,0.9999999999999868,0p75,0.75
2.328,0.9999999999999868,0p75,0.75
2.329,0.9999999999999868,0p75,0.75
2.33,0.9999999999999868,0p75,0.75
2.331,0.9999999999999868,0p75,0.75
2.332,0.9999999999999868,0p75,0.75
2.333,0.9999999999999868,0p75,0.75
2.334,0.9999999999999868,0p75,0.75
2.335,0.9999999999999868,0p75,0.75
2.336,0.9999999999999868,0p75,0.75
2.337,0.9999999999999868,0p75,0.75
2.338,0.9999999999999868,0p75,0.75
2.339,0.9999999999999868,0p75,0.75
2.34,0.9999999999999868,0p75,0.75
2.341,0.9999999999999868,0p75,0.75
2.342,0.9999999999999868,0p75,0.75
2.343,0.9999999999999868,0p75,0.75
2.344,0.9999999999999868,0p75,0.75
2.345,0.9999999999999868,0p75,0.75
2.346,0.9999999999999868,0p75,0.75
2.347,0.9999999999999868,0p75,0.75
2.348,0.9999999999999868,0p75,0.75
2.349,0.9999999999999868,0p75,0.75
2.35,0.9999999999999868,0p75,0.75
2.351,0.9999999999999868,0p75,0.75
2.352,0.9999999999999868,0p75,0.75
2.353,0.9999999999999868,0p75,0.75
2.354,0.9999999999999868,0p75,0.75
2.355,0.9999999999999868,0p75,0.75
2.356,0.9999999999999868,0p75,0.75
2.357,0.9999999999999868,0p75,0.75
2.358,0.9999999999999868,0p75,0.75
2.359,0.9999999999999868,0p75,0.75
2.36,0.9999999999999868,0p75,0.75
2.361,0.9999999999999868,0p75,0.75
2.362,0.9999999999999868,0p75,0.75
2.363,0.9999999999999868,0p75,0.75
2.364,0.9999999999999868,0p75,0.75
2.365,0.9999999999999868,0p75,0.75
2.366,0.9999999999999868,0p75,0.75
2.367,0.9999999999999868,0p75,0.75
2.368,0.9999999999999868,0p75,0.75
2.369,0.9999999999999868,0p75,0.75
2.37,0.9999999999999868,0p75,0.75
2.371,0.9999999999999868,0p75,0.75
2.372,0.9999999999999868,0p75,0.75
2.373,0.9999999999999868,0p75,0.75
2.374,0.9999999999999868,0p75,0.75
2.375,0.9999999999999868,0p75,0.75
2.376,0.9999999999999868,0p75,0.75
2.377,0.9999999999999868,0p75,0.75
2.378,0.9999999999999868,0p75,0.75
2.379,0.9999999999999868,0p75,0.75
2.38,0.9999999999999868,0p75,0.75
2.381,0.9999999999999868,0p75,0.75
2.382,0.9999999999999868,0p75,0.75
2.383,0.9999999999999868,0p75,0.75
2.384,0.9999999999999868,0p75,0.75
2.385,0.9999999999999868,0p75,0.75
2.386,0.9999999999999868,0p75,0.75
2.387,0.9999999999999868,0p75,0.75
2.388,0.9999999999999868,0p75,0.75
2.389,0.9999999999999868,0p75,0.75
2.39,0.9999999999999868,0p75,0.75
2.391,0.9999999999999868,0p75,0.75
2.392,0.9999999999999868,0p75,0.75
2.393,0.9999999999999868,0p75,0.75
2.394,0.9999999999999868,0p75,0.75
2.395,0.9999999999999868,0p75,0.75
2.396,0.9999999999999868,0p75,0.75
2.397,0.9999999999999868,0p75,0.75
2.398,0.9999999999999868,0p75,0.75
2.399,0.9999999999999868,0p75,0.75
2.4,0.9999999999999868,0p75,0.75
2.401,0.9999999999999868,0p75,0.75
2.402,0.9999999999999868,0p75,0.75
2.403,0.9999999999999868,0p75,0.75
2.404,0.9999999999999868,0p75,0.75
2.405,0.9999999999999868,0p75,0.75
2.406,0.9999999999999868,0p75,0.75
2.407,0.9999999999999868,0p75,0.75
2.408,0.9999999999999868,0p75,0.75
2.409,0.9999999999999868,0p75,0.75
2.41,0.9999999999999868,0p75,0.75
2.411,0.9999999999999868,0p75,0.75
2.412,0.9999999999999868,0p75,0.75
2.413,0.9999999999999868,0p75,0.75
2.414,0.9999999999999868,0p75,0.75
2.415,0.9999999999999868,0p75,0.75
2.416,0.9999999999999868,0p75,0.75
2.417,0.9999999999999868,0p75,0.75
2.418,0.9999999999999868,0p75,0.75
2.419,0.9999999999999868,0p75,0.75
2.42,0.9999999999999868,0p75,0.75
2.421,0.9999999999999868,0p75,0.75
2.422,0.9999999999999868,0p75,0.75
2.423,0.9999999999999868,0p75,0.75
2.424,0.9999999999999868,0p75,0.75
2.425,0.9999999999999868,0p75,0.75
2.426,0.9999999999999868,0p75,0.75
2.427,0.9999999999999868,0p75,0.75
2.428,0.9999999999999868,0p75,0.75
2.429,0.9999999999999868,0p75,0.75
2.43,0.9999999999999868,0p75,0.75
2.431,0.9999999999999868,0p75,0.75
2.432,0.9999999999999868,0p75,0.75
2.433,0.9999999999999868,0p75,0.75
2.434,0.9999999999999868,0p75,0.75
2.435,0.9999999999999868,0p75,0.75
2.436,0.9999999999999868,0p75,0.75
2.437,0.9999999999999868,0p75,0.75
2.438,0.9999999999999868,0p75,0.75
2.439,0.9999999999999868,0p75,0.75
2.44,0.9999999999999868,0p75,0.75
2.441,0.9999999999999868,0p75,0.75
2.442,0.9999999999999868,0p75,0.75
2.443,0.9999999999999868,0p75,0.75
2.444,0.9999999999999868,0p75,0.75
2.445,0.9999999999999868,0p75,0.75
2.446,0.9999999999999868,0p75,0.75
2.447,0.9999999999999868,0p75,0.75
2.448,0.9999999999999868,0p75,0.75
2.449,0.9999999999999868,0p75,0.75
2.45,0.9999999999999868,0p75,0.75
2.451,0.9999999999999868,0p75,0.75
2.452,0.9999999999999868,0p75,0.75
2.453,0.9999999999999868,0p75,0.75
2.454,0.9999999999999868,0p75,0.75
2.455,0.9999999999999868,0p75,0.75
2.456,0.9999999999999868,0p75,0.75
2.457,0.9999999999999868,0p75,0.75
2.458,0.9999999999999868,0p75,0.75
2.459,0.9999999999999868,0p75,0.75
2.46,0.9999999999999868,0p75,0.75
2.461,0.9999999999999868,0p75,0.75
2.462,0.9999999999999868,0p75,0.75
2.463,0.9999999999999868,0p75,0.75
2.464,0.9999999999999868,0p75,0.75
2.465,0.9999999999999868,0p75,0.75
2.466,0.9999999999999868,0p75,0.75
2.467,0.9999999999999868,0p75,0.75
2.468,0.9999999999999868,0p75,0.75
2.469,0.9999999999999868,0p75,0.75
2.47,0.9999999999999868,0p75,0.75
2.471,0.9999999999999868,0p75,0.75
2.472,0.9999999999999868,0p75,0.75
2.473,0.9999999999999868,0p75,0.75
2.474,0.9999999999999868,0p75,0.75
2.475,0.9999999999999868,0p75,0.75
2.476,0.9999999999999868,0p75,0.75
2.477,0.9999999999999868,0p75,0.75
2.478,0.9999999999999868,0p75,0.75
2.479,0.9999999999999868,0p75,0.75
2.48,0.9999999999999868,0p75,0.75
2.481,0.9999999999999868,0p75,0.75
2.482,0.9999999999999868,0p75,0.75
2.483,0.9999999999999868,0p75,0.75
2.484,0.9999999999999868,0p75,0.75
2.485,0.9999999999999868,0p75,0.75
2.486,0.9999999999999868,0p75,0.75
2.487,0.9999999999999868,0p75,0.75
2.488,0.9999999999999868,0p75,0.75
2.489,0.9999999999999868,0p75,0.75
2.49,0.9999999999999868,0p75,0.75
2.491,0.9999999999999868,0p75,0.75
2.492,0.9999999999999868,0p75,0.75
2.493,0.9999999999999868,0p75,0.75
2.494,0.9999999999999868,0p75,0.75
2.495,0.9999999999999868,0p75,0.75
2.496,0.9999999999999868,0p75,0.75
2.497,0.9999999999999868,0p75,0.75
2.498,0.9999999999999868,0p75,0.75
2.499,0.9999999999999868,0p75,0.75
2.5,0.9999999999999868,0p75,0.75
2.501,0.9999999999999868,0p75,0.75
2.502,0.9999999999999868,0p75,0.75
2.503,0.9999999999999868,0p75,0.75
2.504,0.9999999999999868,0p75,0.75
2.505,0.9999999999999868,0p75,0.75
2.506,0.9999999999999868,0p75,0.75
2.507,0.9999999999999868,0p75,0.75
2.508,0.9999999999999868,0p75,0.75
2.509,0.9999999999999868,0p75,0.75
2.51,0.9999999999999868,0p75,0.75
2.511,0.9999999999999868,0p75,0.75
2.512,0.9999999999999868,0p75,0.75
2.513,0.9999999999999868,0p75,0.75
2.514,0.9999999999999868,0p75,0.75
2.515,0.9999999999999868,0p75,0.75
2.516,0.9999999999999868,0p75,0.75
2.517,0.9999999999999868,0p75,0.75
2.518,0.9999999999999868,0p75,0.75
2.519,0.9999999999999868,0p75,0.75
2.52,0.9999999999999868,0p75,0.75
2.521,0.9999999999999868,0p75,0.75
2.522,0.9999999999999868,0p75,0.75
2.523,0.9999999999999868,0p75,0.75
2.524,0.9999999999999868,0p75,0.75
2.525,0.9999999999999868,0p75,0.75
2.526,0.9999999999999868,0p75,0.75
2.527,0.9999999999999868,0p75,0.75
2.528,0.9999999999999868,0p75,0.75
2.529,0.9999999999999868,0p75,0.75
2.53,0.9999999999999868,0p75,0.75
2.531,0.9999999999999868,0p75,0.75
2.532,0.9999999999999868,0p75,0.75
2.533,0.9999999999999868,0p75,0.75
2.534,0.9999999999999868,0p75,0.75
2.535,0.9999999999999868,0p75,0.75
2.536,0.9999999999999868,0p75,0.75
2.537,0.9999999999999868,0p75,0.75
2.538,0.9999999999999868,0p75,0.75
2.539,0.9999999999999868,0p75,0.75
2.54,0.9999999999999868,0p75,0.75
2.541,0.9999999999999868,0p75,0.75
2.542,0.9999999999999868,0p75,0.75
2.543,0.9999999999999868,0p75,0.75
2.544,0.9999999999999868,0p75,0.75
2.545,0.9999999999999868,0p75,0.75
2.546,0.9999999999999868,0p75,0.75
2.547,0.9999999999999868,0p75,0.75
2.548,0.9999999999999868,0p75,0.75
2.549,0.9999999999999868,0p75,0.75
2.55,0.9999999999999868,0p75,0.75
2.551,0.9999999999999868,0p75,0.75
2.552,0.9999999999999868,0p75,0.75
2.553,0.9999999999999868,0p75,0.75
2.554,0.9999999999999868,0p75,0.75
2.555,0.9999999999999868,0p75,0.75
2.556,0.9999999999999868,0p75,0.75
2.557,0.9999999999999868,0p75,0.75
2.558,0.9999999999999868,0p75,0.75
2.559,0.9999999999999868,0p75,0.75
2.56,0.9999999999999868,0p75,0.75
2.561,0.9999999999999868,0p75,0.75
2.562,0.9999999999999868,0p75,0.75
2.563,0.9999999999999868,0p75,0.75
2.564,0.9999999999999868,0p75,0.75
2.565,0.9999999999999868,0p75,0.75
2.566,0.9999999999999868,0p75,0.75
2.567,0.9999999999999868,0p75,0.75
2.568,0.9999999999999868,0p75,0.75
2.569,0.9999999999999868,0p75,0.75
2.57,0.9999999999999868,0p75,0.75
2.571,0.9999999999999868,0p75,0.75
2.572,0.9999999999999868,0p75,0.75
2.573,0.9999999999999868,0p75,0.75
2.574,0.9999999999999868,0p75,0.75
2.575,0.9999999999999868,0p75,0.75
2.576,0.9999999999999868,0p75,0.75
2.577,0.9999999999999868,0p75,0.75
2.578,0.9999999999999868,0p75,0.75
2.579,0.9999999999999868,0p75,0.75
2.58,0.9999999999999868,0p75,0.75
2.581,0.9999999999999868,0p75,0.75
2.582,0.9999999999999868,0p75,0.75
2.583,0.9999999999999868,0p75,0.75
2.584,0.9999999999999868,0p75,0.75
2.585,0.9999999999999868,0p75,0.75
2.586,0.9999999999999868,0p75,0.75
2.587,0.9999999999999868,0p75,0.75
2.588,0.9999999999999868,0p75,0.75
2.589,0.9999999999999868,0p75,0.75
2.59,0.9999999999999868,0p75,0.75
2.591,0.9999999999999868,0p75,0.75
2.592,0.9999999999999868,0p75,0.75
2.593,0.9999999999999868,0p75,0.75
2.594,0.9999999999999868,0p75,0.75
2.595,0.9999999999999868,0p75,0.75
2.596,0.9999999999999868,0p75,0.75
2.597,0.9999999999999868,0p75,0.75
2.598,0.9999999999999868,0p75,0.75
2.599,0.9999999999999868,0p75,0.75
2.6,0.9999999999999868,0p75,0.75
2.601,0.9999999999999868,0p75,0.75
2.602,0.9999999999999868,0p75,0.75
2.603,0.9999999999999868,0p75,0.75
2.604,0.9999999999999868,0p75,0.75
2.605,0.9999999999999868,0p75,0.75
2.606,0.9999999999999868,0p75,0.75
2.607,0.9999999999999868,0p75,0.75
2.608,0.9999999999999868,0p75,0.75
2.609,0.9999999999999868,0p75,0.75
2.61,0.9999999999999868,0p75,0.75
2.611,0.9999999999999868,0p75,0.75
2.612,0.9999999999999868,0p75,0.75
2.613,0.9999999999999868,0p75,0.75
2.614,0.9999999999999868,0p75,0.75
2.615,0.9999999999999868,0p75,0.75
2.616,0.9999999999999868,0p75,0.75
2.617,0.9999999999999868,0p75,0.75
2.618,0.9999999999999868,0p75,0.75
2.619,0.9999999999999868,0p75,0.75
2.62,0.9999999999999868,0p75,0.75
2.621,0.9999999999999868,0p75,0.75
2.622,0.9999999999999868,0p75,0.75
2.623,0.9999999999999868,0p75,0.75
2.624,0.9999999999999868,0p75,0.75
2.625,0.9999999999999868,0p75,0.75
2.626,0.9999999999999868,0p75,0.75
2.627,0.9999999999999868,0p75,0.75
2.628,0.9999999999999868,0p75,0.75
2.629,0.9999999999999868,0p75,0.75
2.63,0.9999999999999868,0p75,0.75
2.631,0.9999999999999868,0p75,0.75
2.632,0.9999999999999868,0p75,0.75
2.633,0.9999999999999868,0p75,0.75
2.634,0.9999999999999868,0p75,0.75
2.635,0.9999999999999868,0p75,0.75
2.636,0.9999999999999868,0p75,0.75
2.637,0.9999999999999868,0p75,0.75
2.638,0.9999999999999868,0p75,0.75
2.639,0.9999999999999868,0p75,0.75
2.64,0.9999999999999868,0p75,0.75
2.641,0.9999999999999868,0p75,0.75
2.642,0.9999999999999868,0p75,0.75
2.643,0.9999999999999868,0p75,0.75
2.644,0.9999999999999868,0p75,0.75
2.645,0.9999999999999868,0p75,0.75
2.646,0.9999999999999868,0p75,0.75
2.647,0.9999999999999868,0p75,0.75
2.648,0.9999999999999868,0p75,0.75
2.649,0.9999999999999868,0p75,0.75
2.65,0.9999999999999868,0p75,0.75
2.651,0.9999999999999868,0p75,0.75
2.652,0.9999999999999868,0p75,0.75
2.653,0.9999999999999868,0p75,0.75
2.654,0.9999999999999868,0p75,0.75
2.655,0.9999999999999868,0p75,0.75
2.656,0.9999999999999868,0p75,0.75
2.657,0.9999999999999868,0p75,0.75
2.658,0.9999999999999868,0p75,0.75
2.659,0.9999999999999868,0p75,0.75
2.66,0.9999999999999868,0p75,0.75
2.661,0.9999999999999868,0p75,0.75
2.662,0.9999999999999868,0p75,0.75
2.663,0.9999999999999868,0p75,0.75
2.664,0.9999999999999868,0p75,0.75
2.665,0.9999999999999868,0p75,0.75
2.666,0.9999999999999868,0p75,0.75
2.667,0.9999999999999868,0p75,0.75
2.668,0.9999999999999868,0p75,0.75
2.669,0.9999999999999868,0p75,0.75
2.67,0.9999999999999868,0p75,0.75
2.671,0.9999999999999868,0p75,0.75
2.672,0.9999999999999868,0p75,0.75
2.673,0.9999999999999868,0p75,0.75
2.674,0.9999999999999868,0p75,0.75
2.675,0.9999999999999868,0p75,0.75
2.676,0.9999999999999868,0p75,0.75
2.677,0.9999999999999868,0p75,0.75
2.678,0.9999999999999868,0p75,0.75
2.679,0.9999999999999868,0p75,0.75
2.68,0.9999999999999868,0p75,0.75
2.681,0.9999999999999868,0p75,0.75
2.682,0.9999999999999868,0p75,0.75
2.683,0.9999999999999868,0p75,0.75
2.684,0.9999999999999868,0p75,0.75
2.685,0.9999999999999868,0p75,0.75
2.686,0.9999999999999868,0p75,0.75
2.687,0.9999999999999868,0p75,0.75
2.688,0.9999999999999868,0p75,0.75
2.689,0.9999999999999868,0p75,0.75
2.69,0.9999999999999868,0p75,0.75
2.691,0.9999999999999868,0p75,0.75
2.692,0.9999999999999868,0p75,0.75
2.693,0.9999999999999868,0p75,0.75
2.694,0.9999999999999868,0p75,0.75
2.695,0.9999999999999868,0p75,0.75
2.696,0.9999999999999868,0p75,0.75
2.697,0.9999999999999868,0p75,0.75
2.698,0.9999999999999868,0p75,0.75
2.699,0.9999999999999868,0p75,0.75
2.7,0.9999999999999868,0p75,0.75
2.701,0.9999999999999868,0p75,0.75
2.702,0.9999999999999868,0p75,0.75
2.703,0.9999999999999868,0p75,0.75
2.704,0.9999999999999868,0p75,0.75
2.705,0.9999999999999868,0p75,0.75
2.706,0.9999999999999868,0p75,0.75
2.707,0.9999999999999868,0p75,0.75
2.708,0.9999999999999868,0p75,0.75
2.709,0.9999999999999868,0p75,0.75
2.71,0.9999999999999868,0p75,0.75
2.711,0.9999999999999868,0p75,0.75
2.712,0.9999999999999868,0p75,0.75
2.713,0.9999999999999868,0p75,0.75
2.714,0.9999999999999868,0p75,0.75
2.715,0.9999999999999868,0p75,0.75
2.716,0.9999999999999868,0p75,0.75
2.717,0.9999999999999868,0p75,0.75
2.718,0.9999999999999868,0p75,0.75
2.719,0.9999999999999868,0p75,0.75
2.72,0.9999999999999868,0p75,0.75
2.721,0.9999999999999868,0p75,0.75
2.722,0.9999999999999868,0p75,0.75
2.723,0.9999999999999868,0p75,0.75
2.724,0.9999999999999868,0p75,0.75
2.725,0.9999999999999868,0p75,0.75
2.726,0.9999999999999868,0p75,0.75
2.727,0.9999999999999868,0p75,0.75
2.728,0.9999999999999868,0p75,0.75
2.729,0.9999999999999868,0p75,0.75
2.73,0.9999999999999868,0p75,0.75
2.731,0.9999999999999868,0p75,0.75
2.732,0.9999999999999868,0p75,0.75
2.733,0.9999999999999868,0p75,0.75
2.734,0.9999999999999868,0p75,0.75
2.735,0.9999999999999868,0p75,0.75
2.736,0.9999999999999868,0p75,0.75
2.737,0.9999999999999868,0p75,0.75
2.738,0.9999999999999868,0p75,0.75
2.739,0.9999999999999868,0p75,0.75
2.74,0.9999999999999868,0p75,0.75
2.741,0.9999999999999868,0p75,0.75
2.742,0.9999999999999868,0p75,0.75
2.743,0.9999999999999868,0p75,0.75
2.744,0.9999999999999868,0p75,0.75
2.745,0.9999999999999868,0p75,0.75
2.746,0.9999999999999868,0p75,0.75
2.747,0.9999999999999868,0p75,0.75
2.748,0.9999999999999868,0p75,0.75
2.749,0.9999999999999868,0p75,0.75
2.75,0.9999999999999868,0p75,0.75
2.751,0.9999999999999868,0p75,0.75
2.752,0.9999999999999868,0p75,0.75
2.753,0.9999999999999868,0p75,0.75
2.754,0.9999999999999868,0p75,0.75
2.755,0.9999999999999868,0p75,0.75
2.756,0.9999999999999868,0p75,0.75
2.757,0.9999999999999868,0p75,0.75
2.758,0.9999999999999868,0p75,0.75
2.759,0.9999999999999868,0p75,0.75
2.76,0.9999999999999868,0p75,0.75
2.761,0.9999999999999868,0p75,0.75
2.762,0.9999999999999868,0p75,0.75
2.763,0.9999999999999868,0p75,0.75
2.764,0.9999999999999868,0p75,0.75
2.765,0.9999999999999868,0p75,0.75
2.766,0.9999999999999868,0p75,0.75
2.767,0.9999999999999868,0p75,0.75
2.768,0.9999999999999868,0p75,0.75
2.769,0.9999999999999868,0p75,0.75
2.77,0.9999999999999868,0p75,0.75
2.771,0.9999999999999868,0p75,0.75
2.772,0.9999999999999868,0p75,0.75
2.773,0.9999999999999868,0p75,0.75
2.774,0.9999999999999868,0p75,0.75
2.775,0.9999999999999868,0p75,0.75
2.776,0.9999999999999868,0p75,0.75
2.777,0.9999999999999868,0p75,0.75
2.778,0.9999999999999868,0p75,0.75
2.779,0.9999999999999868,0p75,0.75
2.78,0.9999999999999868,0p75,0.75
2.781,0.9999999999999868,0p75,0.75
2.782,0.9999999999999868,0p75,0.75
2.783,0.9999999999999868,0p75,0.75
2.784,0.9999999999999868,0p75,0.75
2.785,0.9999999999999868,0p75,0.75
2.786,0.9999999999999868,0p75,0.75
2.787,0.9999999999999868,0p75,0.75
2.788,0.9999999999999868,0p75,0.75
2.789,0.9999999999999868,0p75,0.75
2.79,0.9999999999999868,0p75,0.75
2.791,0.9999999999999868,0p75,0.75
2.792,0.9999999999999868,0p75,0.75
2.793,0.9999999999999868,0p75,0.75
2.794,0.9999999999999868,0p75,0.75
2.795,0.9999999999999868,0p75,0.75
2.796,0.9999999999999868,0p75,0.75
2.797,0.9999999999999868,0p75,0.75
2.798,0.9999999999999868,0p75,0.75
2.799,0.9999999999999868,0p75,0.75
2.8,0.9999999999999868,0p75,0.75
2.801,0.9999999999999868,0p75,0.75
2.802,0.9999999999999868,0p75,0.75
2.803,0.9999999999999868,0p75,0.75
2.804,0.9999999999999868,0p75,0.75
2.805,0.9999999999999868,0p75,0.75
2.806,0.9999999999999868,0p75,0.75
2.807,0.9999999999999868,0p75,0.75
2.808,0.9999999999999868,0p75,0.75
2.809,0.9999999999999868,0p75,0.75
2.81,0.9999999999999868,0p75,0.75
2.811,0.9999999999999868,0p75,0.75
2.812,0.9999999999999868,0p75,0.75
2.813,0.9999999999999868,0p75,0.75
2.814,0.9999999999999868,0p75,0.75
2.815,0.9999999999999868,0p75,0.75
2.816,0.9999999999999868,0p75,0.75
2.817,0.9999999999999868,0p75,0.75
2.818,0.9999999999999868,0p75,0.75
2.819,0.9999999999999868,0p75,0.75
2.82,0.9999999999999868,0p75,0.75
2.821,0.9999999999999868,0p75,0.75
2.822,0.9999999999999868,0p75,0.75
2.823,0.9999999999999868,0p75,0.75
2.824,0.9999999999999868,0p75,0.75
2.825,0.9999999999999868,0p75,0.75
2.826,0.9999999999999868,0p75,0.75
2.827,0.9999999999999868,0p75,0.75
2.828,0.9999999999999868,0p75,0.75
2.829,0.9999999999999868,0p75,0.75
2.83,0.9999999999999868,0p75,0.75
2.831,0.9999999999999868,0p75,0.75
2.832,0.9999999999999868,0p75,0.75
2.833,0.9999999999999868,0p75,0.75
2.834,0.9999999999999868,0p75,0.75
2.835,0.9999999999999868,0p75,0.75
2.836,0.9999999999999868,0p75,0.75
2.837,0.9999999999999868,0p75,0.75
2.838,0.9999999999999868,0p75,0.75
2.839,0.9999999999999868,0p75,0.75
2.84,0.9999999999999868,0p75,0.75
2.841,0.9999999999999868,0p75,0.75
2.842,0.9999999999999868,0p75,0.75
2.843,0.9999999999999868,0p75,0.75
2.844,0.9999999999999868,0p75,0.75
2.845,0.9999999999999868,0p75,0.75
2.846,0.9999999999999868,0p75,0.75
2.847,0.9999999999999868,0p75,0.75
2.848,0.9999999999999868,0p75,0.75
2.849,0.9999999999999868,0p75,0.75
2.85,0.9999999999999868,0p75,0.75
2.851,0.9999999999999868,0p75,0.75
2.852,0.9999999999999868,0p75,0.75
2.853,0.9999999999999868,0p75,0.75
2.854,0.9999999999999868,0p75,0.75
2.855,0.9999999999999868,0p75,0.75
2.856,0.9999999999999868,0p75,0.75
2.857,0.9999999999999868,0p75,0.75
2.858,0.9999999999999868,0p75,0.75
2.859,0.9999999999999868,0p75,0.75
2.86,0.9999999999999868,0p75,0.75
2.861,0.9999999999999868,0p75,0.75
2.862,0.9999999999999868,0p75,0.75
2.863,0.9999999999999868,0p75,0.75
2.864,0.9999999999999868,0p75,0.75
2.865,0.9999999999999868,0p75,0.75
2.866,0.9999999999999868,0p75,0.75
2.867,0.9999999999999868,0p75,0.75
2.868,0.9999999999999868,0p75,0.75
2.869,0.9999999999999868,0p75,0.75
2.87,0.9999999999999868,0p75,0.75
2.871,0.9999999999999868,0p75,0.75
2.872,0.9999999999999868,0p75,0.75
2.873,0.9999999999999868,0p75,0.75
2.874,0.9999999999999868,0p75,0.75
2.875,0.9999999999999868,0p75,0.75
2.876,0.9999999999999868,0p75,0.75
2.877,0.9999999999999868,0p75,0.75
2.878,0.9999999999999868,0p75,0.75
2.879,0.9999999999999868,0p75,0.75
2.88,0.9999999999999868,0p75,0.75
2.881,0.9999999999999868,0p75,0.75
2.882,0.9999999999999868,0p75,0.75
2.883,0.9999999999999868,0p75,0.75
2.884,0.9999999999999868,0p75,0.75
2.885,0.9999999999999868,0p75,0.75
2.886,0.9999999999999868,0p75,0.75
2.887,0.9999999999999868,0p75,0.75
2.888,0.9999999999999868,0p75,0.75
2.889,0.9999999999999868,0p75,0.75
2.89,0.9999999999999868,0p75,0.75
2.891,0.9999999999999868,0p75,0.75
2.892,0.9999999999999868,0p75,0.75
2.893,0.9999999999999868,0p75,0.75
2.894,0.9999999999999868,0p75,0.75
2.895,0.9999999999999868,0p75,0.75
2.896,0.9999999999999868,0p75,0.75
2.897,0.9999999999999868,0p75,0.75
2.898,0.9999999999999868,0p75,0.75
2.899,0.9999999999999868,0p75,0.75
2.9,0.9999999999999868,0p75,0.75
2.901,0.9999999999999868,0p75,0.75
2.902,0.9999999999999868,0p75,0.75
2.903,0.9999999999999868,0p75,0.75
2.904,0.9999999999999868,0p75,0.75
2.905,0.9999999999999868,0p75,0.75
2.906,0.9999999999999868,0p75,0.75
2.907,0.9999999999999868,0p75,0.75
2.908,0.9999999999999868,0p75,0.75
2.909,0.9999999999999868,0p75,0.75
2.91,0.9999999999999868,0p75,0.75
2.911,0.9999999999999868,0p75,0.75
2.912,0.9999999999999868,0p75,0.75
2.913,0.9999999999999868,0p75,0.75
2.914,0.9999999999999868,0p75,0.75
2.915,0.9999999999999868,0p75,0.75
2.916,0.9999999999999868,0p75,0.75
2.917,0.9999999999999868,0p75,0.75
2.918,0.9999999999999868,0p75,0.75
2.919,0.9999999999999868,0p75,0.75
2.92,0.9999999999999868,0p75,0.75
2.921,0.9999999999999868,0p75,0.75
2.922,0.9999999999999868,0p75,0.75
2.923,0.9999999999999868,0p75,0.75
2.924,0.9999999999999868,0p75,0.75
2.925,0.9999999999999868,0p75,0.75
2.926,0.9999999999999868,0p75,0.75
2.927,0.9999999999999868,0p75,0.75
2.928,0.9999999999999868,0p75,0.75
2.929,0.9999999999999868,0p75,0.75
2.93,0.9999999999999868,0p75,0.75
2.931,0.9999999999999868,0p75,0.75
2.932,0.9999999999999868,0p75,0.75
2.933,0.9999999999999868,0p75,0.75
2.934,0.9999999999999868,0p75,0.75
2.935,0.9999999999999868,0p75,0.75
2.936,0.9999999999999868,0p75,0.75
2.937,0.9999999999999868,0p75,0.75
2.938,0.9999999999999868,0p75,0.75
2.939,0.9999999999999868,0p75,0.75
2.94,0.9999999999999868,0p75,0.75
2.941,0.9999999999999868,0p75,0.75
2.942,0.9999999999999868,0p75,0.75
2.943,0.9999999999999868,0p75,0.75
2.944,0.9999999999999868,0p75,0.75
2.945,0.9999999999999868,0p75,0.75
2.946,0.9999999999999868,0p75,0.75
2.947,0.9999999999999868,0p75,0.75
2.948,0.9999999999999868,0p75,0.75
2.949,0.9999999999999868,0p75,0.75
2.95,0.9999999999999868,0p75,0.75
2.951,0.9999999999999868,0p75,0.75
2.952,0.9999999999999868,0p75,0.75
2.953,0.9999999999999868,0p75,0.75
2.954,0.9999999999999868,0p75,0.75
2.955,0.9999999999999868,0p75,0.75
2.956,0.9999999999999868,0p75,0.75
2.957,0.9999999999999868,0p75,0.75
2.958,0.9999999999999868,0p75,0.75
2.959,0.9999999999999868,0p75,0.75
2.96,0.9999999999999868,0p75,0.75
2.961,0.9999999999999868,0p75,0.75
2.962,0.9999999999999868,0p75,0.75
2.963,0.9999999999999868,0p75,0.75
2.964,0.9999999999999868,0p75,0.75
2.965,0.9999999999999868,0p75,0.75
2.966,0.9999999999999868,0p75,0.75
2.967,0.9999999999999868,0p75,0.75
2.968,0.9999999999999868,0p75,0.75
2.969,0.9999999999999868,0p75,0.75
2.97,0.9999999999999868,0p75,0.75
2.971,0.9999999999999868,0p75,0.75
2.972,0.9999999999999868,0p75,0.75
2.973,0.9999999999999868,0p75,0.75
2.974,0.9999999999999868,0p75,0.75
2.975,0.9999999999999868,0p75,0.75
2.976,0.9999999999999868,0p75,0.75
2.977,0.9999999999999868,0p75,0.75
2.978,0.9999999999999868,0p75,0.75
2.979,0.9999999999999868,0p75,0.75
2.98,0.9999999999999868,0p75,0.75
2.981,0.9999999999999868,0p75,0.75
2.982,0.9999999999999868,0p75,0.75
2.983,0.9999999999999868,0p75,0.75
2.984,0.9999999999999868,0p75,0.75
2.985,0.9999999999999868,0p75,0.75
2.986,0.9999999999999868,0p75,0.75
2.987,0.9999999999999868,0p75,0.75
2.988,0.9999999999999868,0p75,0.75
2.989,0.9999999999999868,0p75,0.75
2.99,0.9999999999999868,0p75,0.75
2.991,0.9999999999999868,0p75,0.75
2.992,0.9999999999999868,0p75,0.75
2.993,0.9999999999999868,0p75,0.75
2.994,0.9999999999999868,0p75,0.75
2.995,0.9999999999999868,0p75,0.75
2.996,0.9999999999999868,0p75,0.75
2.997,0.9999999999999868,0p75,0.75
2.998,0.9999999999999868,0p75,0.75
2.999,0.9999999999999868,0p75,0.75
3.0,0.9999999999999868,0p75,0.75
3.0,0.9999999999999868,0p75,0.75
