time,BESS.terminal.V.re,case,UEvtPu
0.0,1.000000000000002,0p65,0.65
0.001,0.9999999999999969,0p65,0.65
0.002,0.9999999999999948,0p65,0.65
0.003,0.9999999999999939,0p65,0.65
0.004,0.9999999999999932,0p65,0.65
0.005,0.9999999999999932,0p65,0.65
0.006,0.9999999999999934,0p65,0.65
0.007,0.9999999999999936,0p65,0.65
0.008,0.9999999999999936,0p65,0.65
0.009,0.9999999999999937,0p65,0.65
0.01,0.9999999999999939,0p65,0.65
0.011,0.999999999999994,0p65,0.65
0.012,0.999999999999994,0p65,0.65
0.013,0.999999999999994,0p65,0.65
0.014,0.999999999999994,0p65,0.65
0.015,0.999999999999994,0p65,0.65
0.016,0.999999999999994,0p65,0.65
0.017,0.999999999999994,0p65,0.65
0.018,0.999999999999994,0p65,0.65
0.019,0.999999999999994,0p65,0.65
0.02,0.999999999999994,0p65,0.65
0.021,0.999999999999994,0p65,0.65
0.022,0.999999999999994,0p65,0.65
0.023,0.999999999999994,0p65,0.65
0.024,0.999999999999994,0p65,0.65
0.025,0.999999999999994,0p65,0.65
0.026,0.999999999999994,0p65,0.65
0.027,0.999999999999994,0p65,0.65
0.028,0.999999999999994,0p65,0.65
0.029,0.999999999999994,0p65,0.65
0.03,0.999999999999994,0p65,0.65
0.031,0.999999999999994,0p65,0.65
0.032,0.999999999999994,0p65,0.65
0.033,0.999999999999994,0p65,0.65
0.034,0.999999999999994,0p65,0.65
0.035,0.999999999999994,0p65,0.65
0.036,0.999999999999994,0p65,0.65
0.037,0.999999999999994,0p65,0.65
0.038,0.999999999999994,0p65,0.65
0.039,0.999999999999994,0p65,0.65
0.04,0.999999999999994,0p65,0.65
0.041,0.999999999999994,0p65,0.65
0.042,0.999999999999994,0p65,0.65
0.043,0.999999999999994,0p65,0.65
0.044,0.9999999999999941,0p65,0.65
0.045,0.9999999999999941,0p65,0.65
0.046,0.9999999999999941,0p65,0.65
0.047,0.9999999999999941,0p65,0.65
0.048,0.9999999999999941,0p65,0.65
0.049,0.9999999999999941,0p65,0.65
0.05,0.9999999999999941,0p65,0.65
0.051,0.9999999999999941,0p65,0.65
0.052,0.9999999999999941,0p65,0.65
0.053,0.9999999999999941,0p65,0.65
0.054,0.9999999999999941,0p65,0.65
0.055,0.9999999999999941,0p65,0.65
0.056,0.9999999999999941,0p65,0.65
0.057,0.9999999999999941,0p65,0.65
0.058,0.9999999999999941,0p65,0.65
0.059,0.9999999999999941,0p65,0.65
0.06,0.9999999999999941,0p65,0.65
0.061,0.9999999999999941,0p65,0.65
0.062,0.9999999999999941,0p65,0.65
0.063,0.9999999999999941,0p65,0.65
0.064,0.9999999999999941,0p65,0.65
0.065,0.9999999999999941,0p65,0.65
0.066,0.9999999999999941,0p65,0.65
0.067,0.9999999999999941,0p65,0.65
0.068,0.9999999999999941,0p65,0.65
0.069,0.9999999999999941,0p65,0.65
0.07,0.9999999999999941,0p65,0.65
0.071,0.9999999999999941,0p65,0.65
0.072,0.9999999999999941,0p65,0.65
0.073,0.9999999999999941,0p65,0.65
0.074,0.9999999999999941,0p65,0.65
0.075,0.9999999999999941,0p65,0.65
0.076,0.9999999999999941,0p65,0.65
0.077,0.9999999999999941,0p65,0.65
0.078,0.9999999999999941,0p65,0.65
0.079,0.9999999999999941,0p65,0.65
0.08,0.9999999999999941,0p65,0.65
0.081,0.9999999999999941,0p65,0.65
0.082,0.9999999999999941,0p65,0.65
0.083,0.9999999999999941,0p65,0.65
0.084,0.9999999999999941,0p65,0.65
0.085,0.9999999999999941,0p65,0.65
0.086,0.9999999999999941,0p65,0.65
0.087,0.9999999999999941,0p65,0.65
0.088,0.9999999999999941,0p65,0.65
0.089,0.9999999999999941,0p65,0.65
0.09,0.9999999999999941,0p65,0.65
0.091,0.9999999999999941,0p65,0.65
0.092,0.9999999999999941,0p65,0.65
0.093,0.9999999999999941,0p65,0.65
0.094,0.9999999999999941,0p65,0.65
0.095,0.9999999999999941,0p65,0.65
0.096,0.9999999999999941,0p65,0.65
0.097,0.9999999999999941,0p65,0.65
0.098,0.9999999999999941,0p65,0.65
0.099,0.9999999999999941,0p65,0.65
0.1,0.9999999999999941,0p65,0.65
0.101,0.9999999999999941,0p65,0.65
0.102,0.9999999999999941,0p65,0.65
0.103,0.9999999999999941,0p65,0.65
0.104,0.9999999999999941,0p65,0.65
0.105,0.9999999999999941,0p65,0.65
0.106,0.9999999999999941,0p65,0.65
0.107,0.9999999999999941,0p65,0.65
0.108,0.9999999999999941,0p65,0.65
0.109,0.9999999999999941,0p65,0.65
0.11,0.9999999999999941,0p65,0.65
0.111,0.9999999999999941,0p65,0.65
0.112,0.9999999999999941,0p65,0.65
0.113,0.9999999999999941,0p65,0.65
0.114,0.9999999999999941,0p65,0.65
0.115,0.9999999999999941,0p65,0.65
0.116,0.9999999999999941,0p65,0.65
0.117,0.9999999999999941,0p65,0.65
0.118,0.9999999999999941,0p65,0.65
0.119,0.9999999999999941,0p65,0.65
0.12,0.9999999999999941,0p65,0.65
0.121,0.9999999999999941,0p65,0.65
0.122,0.9999999999999941,0p65,0.65
0.123,0.9999999999999941,0p65,0.65
0.124,0.9999999999999941,0p65,0.65
0.125,0.9999999999999941,0p65,0.65
0.126,0.9999999999999941,0p65,0.65
0.127,0.9999999999999941,0p65,0.65
0.128,0.9999999999999941,0p65,0.65
0.129,0.9999999999999941,0p65,0.65
0.13,0.9999999999999941,0p65,0.65
0.131,0.9999999999999941,0p65,0.65
0.132,0.9999999999999941,0p65,0.65
0.133,0.9999999999999941,0p65,0.65
0.134,0.9999999999999941,0p65,0.65
0.135,0.9999999999999941,0p65,0.65
0.136,0.9999999999999941,0p65,0.65
0.137,0.9999999999999941,0p65,0.65
0.138,0.9999999999999941,0p65,0.65
0.139,0.9999999999999941,0p65,0.65
0.14,0.9999999999999941,0p65,0.65
0.141,0.9999999999999941,0p65,0.65
0.142,0.9999999999999941,0p65,0.65
0.143,0.9999999999999941,0p65,0.65
0.144,0.9999999999999941,0p65,0.65
0.145,0.9999999999999941,0p65,0.65
0.146,0.9999999999999941,0p65,0.65
0.147,0.9999999999999941,0p65,0.65
0.148,0.9999999999999941,0p65,0.65
0.149,0.9999999999999941,0p65,0.65
0.15,0.9999999999999941,0p65,0.65
0.151,0.9999999999999941,0p65,0.65
0.152,0.9999999999999941,0p65,0.65
0.153,0.9999999999999941,0p65,0.65
0.154,0.9999999999999941,0p65,0.65
0.155,0.9999999999999941,0p65,0.65
0.156,0.9999999999999941,0p65,0.65
0.157,0.9999999999999941,0p65,0.65
0.158,0.9999999999999941,0p65,0.65
0.159,0.9999999999999941,0p65,0.65
0.16,0.9999999999999941,0p65,0.65
0.161,0.9999999999999941,0p65,0.65
0.162,0.9999999999999941,0p65,0.65
0.163,0.9999999999999941,0p65,0.65
0.164,0.9999999999999941,0p65,0.65
0.165,0.9999999999999941,0p65,0.65
0.166,0.9999999999999941,0p65,0.65
0.167,0.9999999999999941,0p65,0.65
0.168,0.9999999999999941,0p65,0.65
0.169,0.9999999999999941,0p65,0.65
0.17,0.9999999999999941,0p65,0.65
0.171,0.9999999999999941,0p65,0.65
0.172,0.9999999999999941,0p65,0.65
0.173,0.9999999999999941,0p65,0.65
0.174,0.9999999999999941,0p65,0.65
0.175,0.9999999999999941,0p65,0.65
0.176,0.9999999999999941,0p65,0.65
0.177,0.9999999999999941,0p65,0.65
0.178,0.9999999999999941,0p65,0.65
0.179,0.9999999999999941,0p65,0.65
0.18,0.9999999999999941,0p65,0.65
0.181,0.9999999999999941,0p65,0.65
0.182,0.9999999999999941,0p65,0.65
0.183,0.9999999999999941,0p65,0.65
0.184,0.9999999999999941,0p65,0.65
0.185,0.9999999999999941,0p65,0.65
0.186,0.9999999999999941,0p65,0.65
0.187,0.9999999999999941,0p65,0.65
0.188,0.9999999999999941,0p65,0.65
0.189,0.9999999999999941,0p65,0.65
0.19,0.9999999999999941,0p65,0.65
0.191,0.9999999999999941,0p65,0.65
0.192,0.9999999999999941,0p65,0.65
0.193,0.9999999999999941,0p65,0.65
0.194,0.9999999999999941,0p65,0.65
0.195,0.9999999999999941,0p65,0.65
0.196,0.9999999999999941,0p65,0.65
0.197,0.9999999999999941,0p65,0.65
0.198,0.9999999999999941,0p65,0.65
0.199,0.9999999999999941,0p65,0.65
0.2,0.9999999999999941,0p65,0.65
0.201,0.9999999999999941,0p65,0.65
0.202,0.9999999999999941,0p65,0.65
0.203,0.9999999999999941,0p65,0.65
0.204,0.9999999999999941,0p65,0.65
0.205,0.9999999999999941,0p65,0.65
0.206,0.9999999999999941,0p65,0.65
0.207,0.9999999999999941,0p65,0.65
0.208,0.9999999999999941,0p65,0.65
0.209,0.9999999999999941,0p65,0.65
0.21,0.9999999999999941,0p65,0.65
0.211,0.9999999999999941,0p65,0.65
0.212,0.9999999999999941,0p65,0.65
0.213,0.9999999999999941,0p65,0.65
0.214,0.9999999999999941,0p65,0.65
0.215,0.9999999999999941,0p65,0.65
0.216,0.9999999999999941,0p65,0.65
0.217,0.9999999999999941,0p65,0.65
0.218,0.9999999999999941,0p65,0.65
0.219,0.9999999999999941,0p65,0.65
0.22,0.9999999999999941,0p65,0.65
0.221,0.9999999999999941,0p65,0.65
0.222,0.9999999999999941,0p65,0.65
0.223,0.9999999999999941,0p65,0.65
0.224,0.9999999999999941,0p65,0.65
0.225,0.9999999999999941,0p65,0.65
0.226,0.9999999999999941,0p65,0.65
0.227,0.9999999999999941,0p65,0.65
0.228,0.9999999999999941,0p65,0.65
0.229,0.9999999999999941,0p65,0.65
0.23,0.9999999999999941,0p65,0.65
0.231,0.9999999999999941,0p65,0.65
0.232,0.9999999999999941,0p65,0.65
0.233,0.9999999999999941,0p65,0.65
0.234,0.9999999999999941,0p65,0.65
0.235,0.9999999999999941,0p65,0.65
0.236,0.9999999999999941,0p65,0.65
0.237,0.9999999999999941,0p65,0.65
0.238,0.9999999999999941,0p65,0.65
0.239,0.9999999999999941,0p65,0.65
0.24,0.9999999999999941,0p65,0.65
0.241,0.9999999999999941,0p65,0.65
0.242,0.9999999999999941,0p65,0.65
0.243,0.9999999999999941,0p65,0.65
0.244,0.9999999999999941,0p65,0.65
0.245,0.9999999999999941,0p65,0.65
0.246,0.9999999999999941,0p65,0.65
0.247,0.9999999999999941,0p65,0.65
0.248,0.9999999999999941,0p65,0.65
0.249,0.9999999999999941,0p65,0.65
0.25,0.9999999999999941,0p65,0.65
0.251,0.9999999999999941,0p65,0.65
0.252,0.9999999999999941,0p65,0.65
0.253,0.9999999999999941,0p65,0.65
0.254,0.9999999999999941,0p65,0.65
0.255,0.9999999999999941,0p65,0.65
0.256,0.9999999999999941,0p65,0.65
0.257,0.9999999999999941,0p65,0.65
0.258,0.9999999999999941,0p65,0.65
0.259,0.9999999999999941,0p65,0.65
0.26,0.9999999999999941,0p65,0.65
0.261,0.9999999999999941,0p65,0.65
0.262,0.9999999999999941,0p65,0.65
0.263,0.9999999999999941,0p65,0.65
0.264,0.9999999999999941,0p65,0.65
0.265,0.9999999999999941,0p65,0.65
0.266,0.9999999999999941,0p65,0.65
0.267,0.9999999999999941,0p65,0.65
0.268,0.9999999999999941,0p65,0.65
0.269,0.9999999999999941,0p65,0.65
0.27,0.9999999999999941,0p65,0.65
0.271,0.9999999999999941,0p65,0.65
0.272,0.9999999999999941,0p65,0.65
0.273,0.9999999999999941,0p65,0.65
0.274,0.9999999999999941,0p65,0.65
0.275,0.9999999999999941,0p65,0.65
0.276,0.9999999999999941,0p65,0.65
0.277,0.9999999999999941,0p65,0.65
0.278,0.9999999999999941,0p65,0.65
0.279,0.9999999999999941,0p65,0.65
0.28,0.9999999999999941,0p65,0.65
0.281,0.9999999999999941,0p65,0.65
0.282,0.9999999999999941,0p65,0.65
0.283,0.9999999999999941,0p65,0.65
0.284,0.9999999999999941,0p65,0.65
0.285,0.9999999999999941,0p65,0.65
0.286,0.9999999999999941,0p65,0.65
0.287,0.9999999999999941,0p65,0.65
0.288,0.9999999999999941,0p65,0.65
0.289,0.9999999999999941,0p65,0.65
0.29,0.9999999999999941,0p65,0.65
0.291,0.9999999999999941,0p65,0.65
0.292,0.9999999999999941,0p65,0.65
0.293,0.9999999999999941,0p65,0.65
0.294,0.9999999999999941,0p65,0.65
0.295,0.9999999999999941,0p65,0.65
0.296,0.9999999999999941,0p65,0.65
0.297,0.9999999999999941,0p65,0.65
0.298,0.9999999999999941,0p65,0.65
0.299,0.9999999999999941,0p65,0.65
0.3,0.9999999999999941,0p65,0.65
0.301,0.9999999999999941,0p65,0.65
0.302,0.9999999999999941,0p65,0.65
0.303,0.9999999999999941,0p65,0.65
0.304,0.9999999999999941,0p65,0.65
0.305,0.9999999999999941,0p65,0.65
0.306,0.9999999999999941,0p65,0.65
0.307,0.9999999999999941,0p65,0.65
0.308,0.9999999999999941,0p65,0.65
0.309,0.9999999999999941,0p65,0.65
0.31,0.9999999999999941,0p65,0.65
0.311,0.9999999999999941,0p65,0.65
0.312,0.9999999999999941,0p65,0.65
0.313,0.9999999999999941,0p65,0.65
0.314,0.9999999999999941,0p65,0.65
0.315,0.9999999999999941,0p65,0.65
0.316,0.9999999999999941,0p65,0.65
0.317,0.9999999999999941,0p65,0.65
0.318,0.9999999999999941,0p65,0.65
0.319,0.9999999999999941,0p65,0.65
0.32,0.9999999999999941,0p65,0.65
0.321,0.9999999999999941,0p65,0.65
0.322,0.9999999999999941,0p65,0.65
0.323,0.9999999999999941,0p65,0.65
0.324,0.9999999999999941,0p65,0.65
0.325,0.9999999999999941,0p65,0.65
0.326,0.9999999999999941,0p65,0.65
0.327,0.9999999999999941,0p65,0.65
0.328,0.9999999999999941,0p65,0.65
0.329,0.9999999999999941,0p65,0.65
0.33,0.9999999999999941,0p65,0.65
0.331,0.9999999999999941,0p65,0.65
0.332,0.9999999999999941,0p65,0.65
0.333,0.9999999999999941,0p65,0.65
0.334,0.9999999999999941,0p65,0.65
0.335,0.9999999999999941,0p65,0.65
0.336,0.9999999999999941,0p65,0.65
0.337,0.9999999999999941,0p65,0.65
0.338,0.9999999999999941,0p65,0.65
0.339,0.9999999999999941,0p65,0.65
0.34,0.9999999999999941,0p65,0.65
0.341,0.9999999999999941,0p65,0.65
0.342,0.9999999999999941,0p65,0.65
0.343,0.9999999999999941,0p65,0.65
0.344,0.9999999999999941,0p65,0.65
0.345,0.9999999999999941,0p65,0.65
0.346,0.9999999999999941,0p65,0.65
0.347,0.9999999999999941,0p65,0.65
0.348,0.9999999999999941,0p65,0.65
0.349,0.9999999999999941,0p65,0.65
0.35,0.9999999999999941,0p65,0.65
0.351,0.9999999999999941,0p65,0.65
0.352,0.9999999999999941,0p65,0.65
0.353,0.9999999999999941,0p65,0.65
0.354,0.9999999999999941,0p65,0.65
0.355,0.9999999999999941,0p65,0.65
0.356,0.9999999999999941,0p65,0.65
0.357,0.9999999999999941,0p65,0.65
0.358,0.9999999999999941,0p65,0.65
0.359,0.9999999999999941,0p65,0.65
0.36,0.9999999999999941,0p65,0.65
0.361,0.9999999999999941,0p65,0.65
0.362,0.9999999999999941,0p65,0.65
0.363,0.9999999999999941,0p65,0.65
0.364,0.9999999999999941,0p65,0.65
0.365,0.9999999999999941,0p65,0.65
0.366,0.9999999999999941,0p65,0.65
0.367,0.9999999999999941,0p65,0.65
0.368,0.9999999999999941,0p65,0.65
0.369,0.9999999999999941,0p65,0.65
0.37,0.9999999999999941,0p65,0.65
0.371,0.9999999999999941,0p65,0.65
0.372,0.9999999999999941,0p65,0.65
0.373,0.9999999999999941,0p65,0.65
0.374,0.9999999999999941,0p65,0.65
0.375,0.9999999999999941,0p65,0.65
0.376,0.9999999999999941,0p65,0.65
0.377,0.9999999999999941,0p65,0.65
0.378,0.9999999999999941,0p65,0.65
0.379,0.9999999999999941,0p65,0.65
0.38,0.9999999999999941,0p65,0.65
0.381,0.9999999999999941,0p65,0.65
0.382,0.9999999999999941,0p65,0.65
0.383,0.9999999999999941,0p65,0.65
0.384,0.9999999999999941,0p65,0.65
0.385,0.9999999999999941,0p65,0.65
0.386,0.9999999999999941,0p65,0.65
0.387,0.9999999999999941,0p65,0.65
0.388,0.9999999999999941,0p65,0.65
0.389,0.9999999999999941,0p65,0.65
0.39,0.9999999999999941,0p65,0.65
0.391,0.9999999999999941,0p65,0.65
0.392,0.9999999999999941,0p65,0.65
0.393,0.9999999999999941,0p65,0.65
0.394,0.9999999999999941,0p65,0.65
0.395,0.9999999999999941,0p65,0.65
0.396,0.9999999999999941,0p65,0.65
0.397,0.9999999999999941,0p65,0.65
0.398,0.9999999999999941,0p65,0.65
0.399,0.9999999999999941,0p65,0.65
0.4,0.9999999999999941,0p65,0.65
0.401,0.9999999999999941,0p65,0.65
0.402,0.9999999999999941,0p65,0.65
0.403,0.9999999999999941,0p65,0.65
0.404,0.9999999999999941,0p65,0.65
0.405,0.9999999999999941,0p65,0.65
0.406,0.9999999999999941,0p65,0.65
0.407,0.9999999999999941,0p65,0.65
0.408,0.9999999999999941,0p65,0.65
0.409,0.9999999999999941,0p65,0.65
0.41,0.9999999999999941,0p65,0.65
0.411,0.9999999999999941,0p65,0.65
0.412,0.9999999999999941,0p65,0.65
0.413,0.9999999999999941,0p65,0.65
0.414,0.9999999999999941,0p65,0.65
0.415,0.9999999999999941,0p65,0.65
0.416,0.9999999999999941,0p65,0.65
0.417,0.9999999999999941,0p65,0.65
0.418,0.9999999999999941,0p65,0.65
0.419,0.9999999999999941,0p65,0.65
0.42,0.9999999999999941,0p65,0.65
0.421,0.9999999999999941,0p65,0.65
0.422,0.9999999999999941,0p65,0.65
0.423,0.9999999999999941,0p65,0.65
0.424,0.9999999999999941,0p65,0.65
0.425,0.9999999999999941,0p65,0.65
0.426,0.9999999999999941,0p65,0.65
0.427,0.9999999999999941,0p65,0.65
0.428,0.9999999999999941,0p65,0.65
0.429,0.9999999999999941,0p65,0.65
0.43,0.9999999999999941,0p65,0.65
0.431,0.9999999999999941,0p65,0.65
0.432,0.9999999999999941,0p65,0.65
0.433,0.9999999999999941,0p65,0.65
0.434,0.9999999999999941,0p65,0.65
0.435,0.9999999999999941,0p65,0.65
0.436,0.9999999999999941,0p65,0.65
0.437,0.9999999999999941,0p65,0.65
0.438,0.9999999999999941,0p65,0.65
0.439,0.9999999999999941,0p65,0.65
0.44,0.9999999999999941,0p65,0.65
0.441,0.9999999999999941,0p65,0.65
0.442,0.9999999999999941,0p65,0.65
0.443,0.9999999999999941,0p65,0.65
0.444,0.9999999999999941,0p65,0.65
0.445,0.9999999999999941,0p65,0.65
0.446,0.9999999999999941,0p65,0.65
0.447,0.9999999999999941,0p65,0.65
0.448,0.9999999999999941,0p65,0.65
0.449,0.9999999999999941,0p65,0.65
0.45,0.9999999999999941,0p65,0.65
0.451,0.9999999999999941,0p65,0.65
0.452,0.9999999999999941,0p65,0.65
0.453,0.9999999999999941,0p65,0.65
0.454,0.9999999999999941,0p65,0.65
0.455,0.9999999999999941,0p65,0.65
0.456,0.9999999999999941,0p65,0.65
0.457,0.9999999999999941,0p65,0.65
0.458,0.9999999999999941,0p65,0.65
0.459,0.9999999999999941,0p65,0.65
0.46,0.9999999999999941,0p65,0.65
0.461,0.9999999999999941,0p65,0.65
0.462,0.9999999999999941,0p65,0.65
0.463,0.9999999999999941,0p65,0.65
0.464,0.9999999999999941,0p65,0.65
0.465,0.9999999999999941,0p65,0.65
0.466,0.9999999999999941,0p65,0.65
0.467,0.9999999999999941,0p65,0.65
0.468,0.9999999999999941,0p65,0.65
0.469,0.9999999999999941,0p65,0.65
0.47,0.9999999999999941,0p65,0.65
0.471,0.9999999999999941,0p65,0.65
0.472,0.9999999999999941,0p65,0.65
0.473,0.9999999999999941,0p65,0.65
0.474,0.9999999999999941,0p65,0.65
0.475,0.9999999999999941,0p65,0.65
0.476,0.9999999999999941,0p65,0.65
0.477,0.9999999999999941,0p65,0.65
0.478,0.9999999999999941,0p65,0.65
0.479,0.9999999999999941,0p65,0.65
0.48,0.9999999999999941,0p65,0.65
0.481,0.9999999999999941,0p65,0.65
0.482,0.9999999999999941,0p65,0.65
0.483,0.9999999999999941,0p65,0.65
0.484,0.9999999999999941,0p65,0.65
0.485,0.9999999999999941,0p65,0.65
0.486,0.9999999999999941,0p65,0.65
0.487,0.9999999999999941,0p65,0.65
0.488,0.9999999999999941,0p65,0.65
0.489,0.9999999999999941,0p65,0.65
0.49,0.9999999999999941,0p65,0.65
0.491,0.9999999999999941,0p65,0.65
0.492,0.9999999999999941,0p65,0.65
0.493,0.9999999999999941,0p65,0.65
0.494,0.9999999999999941,0p65,0.65
0.495,0.9999999999999941,0p65,0.65
0.496,0.9999999999999941,0p65,0.65
0.497,0.9999999999999941,0p65,0.65
0.498,0.9999999999999941,0p65,0.65
0.499,0.9999999999999941,0p65,0.65
0.5,0.9999999999999941,0p65,0.65
0.501,0.9999999999999941,0p65,0.65
0.502,0.9999999999999941,0p65,0.65
0.503,0.9999999999999941,0p65,0.65
0.504,0.9999999999999941,0p65,0.65
0.505,0.9999999999999941,0p65,0.65
0.506,0.9999999999999941,0p65,0.65
0.507,0.9999999999999941,0p65,0.65
0.508,0.9999999999999941,0p65,0.65
0.509,0.9999999999999941,0p65,0.65
0.51,0.9999999999999941,0p65,0.65
0.511,0.9999999999999941,0p65,0.65
0.512,0.9999999999999941,0p65,0.65
0.513,0.9999999999999941,0p65,0.65
0.514,0.9999999999999941,0p65,0.65
0.515,0.9999999999999941,0p65,0.65
0.516,0.9999999999999941,0p65,0.65
0.517,0.9999999999999941,0p65,0.65
0.518,0.9999999999999941,0p65,0.65
0.519,0.9999999999999941,0p65,0.65
0.52,0.9999999999999941,0p65,0.65
0.521,0.9999999999999941,0p65,0.65
0.522,0.9999999999999941,0p65,0.65
0.523,0.9999999999999941,0p65,0.65
0.524,0.9999999999999941,0p65,0.65
0.525,0.9999999999999941,0p65,0.65
0.526,0.9999999999999941,0p65,0.65
0.527,0.9999999999999941,0p65,0.65
0.528,0.9999999999999941,0p65,0.65
0.529,0.9999999999999941,0p65,0.65
0.53,0.9999999999999941,0p65,0.65
0.531,0.9999999999999941,0p65,0.65
0.532,0.9999999999999941,0p65,0.65
0.533,0.9999999999999941,0p65,0.65
0.534,0.9999999999999941,0p65,0.65
0.535,0.9999999999999941,0p65,0.65
0.536,0.9999999999999941,0p65,0.65
0.537,0.9999999999999941,0p65,0.65
0.538,0.9999999999999941,0p65,0.65
0.539,0.9999999999999941,0p65,0.65
0.54,0.9999999999999941,0p65,0.65
0.541,0.9999999999999941,0p65,0.65
0.542,0.9999999999999941,0p65,0.65
0.543,0.9999999999999941,0p65,0.65
0.544,0.9999999999999941,0p65,0.65
0.545,0.9999999999999941,0p65,0.65
0.546,0.9999999999999941,0p65,0.65
0.547,0.9999999999999941,0p65,0.65
0.548,0.9999999999999941,0p65,0.65
0.549,0.9999999999999941,0p65,0.65
0.55,0.9999999999999941,0p65,0.65
0.551,0.9999999999999941,0p65,0.65
0.552,0.9999999999999941,0p65,0.65
0.553,0.9999999999999941,0p65,0.65
0.554,0.9999999999999941,0p65,0.65
0.555,0.9999999999999941,0p65,0.65
0.556,0.9999999999999941,0p65,0.65
0.557,0.9999999999999941,0p65,0.65
0.558,0.9999999999999941,0p65,0.65
0.559,0.9999999999999941,0p65,0.65
0.56,0.9999999999999941,0p65,0.65
0.561,0.9999999999999941,0p65,0.65
0.562,0.9999999999999941,0p65,0.65
0.563,0.9999999999999941,0p65,0.65
0.564,0.9999999999999941,0p65,0.65
0.565,0.9999999999999941,0p65,0.65
0.566,0.9999999999999941,0p65,0.65
0.567,0.9999999999999941,0p65,0.65
0.568,0.9999999999999941,0p65,0.65
0.569,0.9999999999999941,0p65,0.65
0.57,0.9999999999999941,0p65,0.65
0.571,0.9999999999999941,0p65,0.65
0.572,0.9999999999999941,0p65,0.65
0.573,0.9999999999999941,0p65,0.65
0.574,0.9999999999999941,0p65,0.65
0.575,0.9999999999999941,0p65,0.65
0.576,0.9999999999999941,0p65,0.65
0.577,0.9999999999999941,0p65,0.65
0.578,0.9999999999999941,0p65,0.65
0.579,0.9999999999999941,0p65,0.65
0.58,0.9999999999999941,0p65,0.65
0.581,0.9999999999999941,0p65,0.65
0.582,0.9999999999999941,0p65,0.65
0.583,0.9999999999999941,0p65,0.65
0.584,0.9999999999999941,0p65,0.65
0.585,0.9999999999999941,0p65,0.65
0.586,0.9999999999999941,0p65,0.65
0.587,0.9999999999999941,0p65,0.65
0.588,0.9999999999999941,0p65,0.65
0.589,0.9999999999999941,0p65,0.65
0.59,0.9999999999999941,0p65,0.65
0.591,0.9999999999999941,0p65,0.65
0.592,0.9999999999999941,0p65,0.65
0.593,0.9999999999999941,0p65,0.65
0.594,0.9999999999999941,0p65,0.65
0.595,0.9999999999999941,0p65,0.65
0.596,0.9999999999999941,0p65,0.65
0.597,0.9999999999999941,0p65,0.65
0.598,0.9999999999999941,0p65,0.65
0.599,0.9999999999999941,0p65,0.65
0.6,0.9999999999999941,0p65,0.65
0.601,0.9999999999999941,0p65,0.65
0.602,0.9999999999999941,0p65,0.65
0.603,0.9999999999999941,0p65,0.65
0.604,0.9999999999999941,0p65,0.65
0.605,0.9999999999999941,0p65,0.65
0.606,0.9999999999999941,0p65,0.65
0.607,0.9999999999999941,0p65,0.65
0.608,0.9999999999999941,0p65,0.65
0.609,0.9999999999999941,0p65,0.65
0.61,0.9999999999999941,0p65,0.65
0.611,0.9999999999999941,0p65,0.65
0.612,0.9999999999999941,0p65,0.65
0.613,0.9999999999999941,0p65,0.65
0.614,0.9999999999999941,0p65,0.65
0.615,0.9999999999999941,0p65,0.65
0.616,0.9999999999999941,0p65,0.65
0.617,0.9999999999999941,0p65,0.65
0.618,0.9999999999999941,0p65,0.65
0.619,0.9999999999999941,0p65,0.65
0.62,0.9999999999999941,0p65,0.65
0.621,0.9999999999999941,0p65,0.65
0.622,0.9999999999999941,0p65,0.65
0.623,0.9999999999999941,0p65,0.65
0.624,0.9999999999999941,0p65,0.65
0.625,0.9999999999999941,0p65,0.65
0.626,0.9999999999999941,0p65,0.65
0.627,0.9999999999999941,0p65,0.65
0.628,0.9999999999999941,0p65,0.65
0.629,0.9999999999999941,0p65,0.65
0.63,0.9999999999999941,0p65,0.65
0.631,0.9999999999999941,0p65,0.65
0.632,0.9999999999999941,0p65,0.65
0.633,0.9999999999999941,0p65,0.65
0.634,0.9999999999999941,0p65,0.65
0.635,0.9999999999999941,0p65,0.65
0.636,0.9999999999999941,0p65,0.65
0.637,0.9999999999999941,0p65,0.65
0.638,0.9999999999999941,0p65,0.65
0.639,0.9999999999999941,0p65,0.65
0.64,0.9999999999999941,0p65,0.65
0.641,0.9999999999999941,0p65,0.65
0.642,0.9999999999999941,0p65,0.65
0.643,0.9999999999999941,0p65,0.65
0.644,0.9999999999999941,0p65,0.65
0.645,0.9999999999999941,0p65,0.65
0.646,0.9999999999999941,0p65,0.65
0.647,0.9999999999999941,0p65,0.65
0.648,0.9999999999999941,0p65,0.65
0.649,0.9999999999999941,0p65,0.65
0.65,0.9999999999999941,0p65,0.65
0.651,0.9999999999999941,0p65,0.65
0.652,0.9999999999999941,0p65,0.65
0.653,0.9999999999999941,0p65,0.65
0.654,0.9999999999999941,0p65,0.65
0.655,0.9999999999999941,0p65,0.65
0.656,0.9999999999999941,0p65,0.65
0.657,0.9999999999999941,0p65,0.65
0.658,0.9999999999999941,0p65,0.65
0.659,0.9999999999999941,0p65,0.65
0.66,0.9999999999999941,0p65,0.65
0.661,0.9999999999999941,0p65,0.65
0.662,0.9999999999999941,0p65,0.65
0.663,0.9999999999999941,0p65,0.65
0.664,0.9999999999999941,0p65,0.65
0.665,0.9999999999999941,0p65,0.65
0.666,0.9999999999999941,0p65,0.65
0.667,0.9999999999999941,0p65,0.65
0.668,0.9999999999999941,0p65,0.65
0.669,0.9999999999999941,0p65,0.65
0.67,0.9999999999999941,0p65,0.65
0.671,0.9999999999999941,0p65,0.65
0.672,0.9999999999999941,0p65,0.65
0.673,0.9999999999999941,0p65,0.65
0.674,0.9999999999999941,0p65,0.65
0.675,0.9999999999999941,0p65,0.65
0.676,0.9999999999999941,0p65,0.65
0.677,0.9999999999999941,0p65,0.65
0.678,0.9999999999999941,0p65,0.65
0.679,0.9999999999999941,0p65,0.65
0.68,0.9999999999999941,0p65,0.65
0.681,0.9999999999999941,0p65,0.65
0.682,0.9999999999999941,0p65,0.65
0.683,0.9999999999999941,0p65,0.65
0.684,0.9999999999999941,0p65,0.65
0.685,0.9999999999999941,0p65,0.65
0.686,0.9999999999999941,0p65,0.65
0.687,0.9999999999999941,0p65,0.65
0.688,0.9999999999999941,0p65,0.65
0.689,0.9999999999999941,0p65,0.65
0.69,0.9999999999999941,0p65,0.65
0.691,0.9999999999999941,0p65,0.65
0.692,0.9999999999999941,0p65,0.65
0.693,0.9999999999999941,0p65,0.65
0.694,0.9999999999999941,0p65,0.65
0.695,0.9999999999999941,0p65,0.65
0.696,0.9999999999999941,0p65,0.65
0.697,0.9999999999999941,0p65,0.65
0.698,0.9999999999999941,0p65,0.65
0.699,0.9999999999999941,0p65,0.65
0.7,0.9999999999999941,0p65,0.65
0.701,0.9999999999999941,0p65,0.65
0.702,0.9999999999999941,0p65,0.65
0.703,0.9999999999999941,0p65,0.65
0.704,0.9999999999999941,0p65,0.65
0.705,0.9999999999999941,0p65,0.65
0.706,0.9999999999999941,0p65,0.65
0.707,0.9999999999999941,0p65,0.65
0.708,0.9999999999999941,0p65,0.65
0.709,0.9999999999999941,0p65,0.65
0.71,0.9999999999999941,0p65,0.65
0.711,0.9999999999999941,0p65,0.65
0.712,0.9999999999999941,0p65,0.65
0.713,0.9999999999999941,0p65,0.65
0.714,0.9999999999999941,0p65,0.65
0.715,0.9999999999999941,0p65,0.65
0.716,0.9999999999999941,0p65,0.65
0.717,0.9999999999999941,0p65,0.65
0.718,0.9999999999999941,0p65,0.65
0.719,0.9999999999999941,0p65,0.65
0.72,0.9999999999999941,0p65,0.65
0.721,0.9999999999999941,0p65,0.65
0.722,0.9999999999999941,0p65,0.65
0.723,0.9999999999999941,0p65,0.65
0.724,0.9999999999999941,0p65,0.65
0.725,0.9999999999999941,0p65,0.65
0.726,0.9999999999999941,0p65,0.65
0.727,0.9999999999999941,0p65,0.65
0.728,0.9999999999999941,0p65,0.65
0.729,0.9999999999999941,0p65,0.65
0.73,0.9999999999999941,0p65,0.65
0.731,0.9999999999999941,0p65,0.65
0.732,0.9999999999999941,0p65,0.65
0.733,0.9999999999999941,0p65,0.65
0.734,0.9999999999999941,0p65,0.65
0.735,0.9999999999999941,0p65,0.65
0.736,0.9999999999999941,0p65,0.65
0.737,0.9999999999999941,0p65,0.65
0.738,0.9999999999999941,0p65,0.65
0.739,0.9999999999999941,0p65,0.65
0.74,0.9999999999999941,0p65,0.65
0.741,0.9999999999999941,0p65,0.65
0.742,0.9999999999999941,0p65,0.65
0.743,0.9999999999999941,0p65,0.65
0.744,0.9999999999999941,0p65,0.65
0.745,0.9999999999999941,0p65,0.65
0.746,0.9999999999999941,0p65,0.65
0.747,0.9999999999999941,0p65,0.65
0.748,0.9999999999999941,0p65,0.65
0.749,0.9999999999999941,0p65,0.65
0.75,0.9999999999999941,0p65,0.65
0.751,0.9999999999999941,0p65,0.65
0.752,0.9999999999999941,0p65,0.65
0.753,0.9999999999999941,0p65,0.65
0.754,0.9999999999999941,0p65,0.65
0.755,0.9999999999999941,0p65,0.65
0.756,0.9999999999999941,0p65,0.65
0.757,0.9999999999999941,0p65,0.65
0.758,0.9999999999999941,0p65,0.65
0.759,0.9999999999999941,0p65,0.65
0.76,0.9999999999999941,0p65,0.65
0.761,0.9999999999999941,0p65,0.65
0.762,0.9999999999999941,0p65,0.65
0.763,0.9999999999999941,0p65,0.65
0.764,0.9999999999999941,0p65,0.65
0.765,0.9999999999999941,0p65,0.65
0.766,0.9999999999999941,0p65,0.65
0.767,0.9999999999999941,0p65,0.65
0.768,0.9999999999999941,0p65,0.65
0.769,0.9999999999999941,0p65,0.65
0.77,0.9999999999999941,0p65,0.65
0.771,0.9999999999999941,0p65,0.65
0.772,0.9999999999999941,0p65,0.65
0.773,0.9999999999999941,0p65,0.65
0.774,0.9999999999999941,0p65,0.65
0.775,0.9999999999999941,0p65,0.65
0.776,0.9999999999999941,0p65,0.65
0.777,0.9999999999999941,0p65,0.65
0.778,0.9999999999999941,0p65,0.65
0.779,0.9999999999999941,0p65,0.65
0.78,0.9999999999999941,0p65,0.65
0.781,0.9999999999999941,0p65,0.65
0.782,0.9999999999999941,0p65,0.65
0.783,0.9999999999999941,0p65,0.65
0.784,0.9999999999999941,0p65,0.65
0.785,0.9999999999999941,0p65,0.65
0.786,0.9999999999999941,0p65,0.65
0.787,0.9999999999999941,0p65,0.65
0.788,0.9999999999999941,0p65,0.65
0.789,0.9999999999999941,0p65,0.65
0.79,0.9999999999999941,0p65,0.65
0.791,0.9999999999999941,0p65,0.65
0.792,0.9999999999999941,0p65,0.65
0.793,0.9999999999999941,0p65,0.65
0.794,0.9999999999999941,0p65,0.65
0.795,0.9999999999999941,0p65,0.65
0.796,0.9999999999999941,0p65,0.65
0.797,0.9999999999999941,0p65,0.65
0.798,0.9999999999999941,0p65,0.65
0.799,0.9999999999999941,0p65,0.65
0.8,0.9999999999999941,0p65,0.65
0.801,0.9999999999999941,0p65,0.65
0.802,0.9999999999999941,0p65,0.65
0.803,0.9999999999999941,0p65,0.65
0.804,0.9999999999999941,0p65,0.65
0.805,0.9999999999999941,0p65,0.65
0.806,0.9999999999999941,0p65,0.65
0.807,0.9999999999999941,0p65,0.65
0.808,0.9999999999999941,0p65,0.65
0.809,0.9999999999999941,0p65,0.65
0.81,0.9999999999999941,0p65,0.65
0.811,0.9999999999999941,0p65,0.65
0.812,0.9999999999999941,0p65,0.65
0.813,0.9999999999999941,0p65,0.65
0.814,0.9999999999999941,0p65,0.65
0.815,0.9999999999999941,0p65,0.65
0.816,0.9999999999999941,0p65,0.65
0.817,0.9999999999999941,0p65,0.65
0.818,0.9999999999999941,0p65,0.65
0.819,0.9999999999999941,0p65,0.65
0.82,0.9999999999999941,0p65,0.65
0.821,0.9999999999999941,0p65,0.65
0.822,0.9999999999999941,0p65,0.65
0.823,0.9999999999999941,0p65,0.65
0.824,0.9999999999999941,0p65,0.65
0.825,0.9999999999999941,0p65,0.65
0.826,0.9999999999999941,0p65,0.65
0.827,0.9999999999999941,0p65,0.65
0.828,0.9999999999999941,0p65,0.65
0.829,0.9999999999999941,0p65,0.65
0.83,0.9999999999999941,0p65,0.65
0.831,0.9999999999999941,0p65,0.65
0.832,0.9999999999999941,0p65,0.65
0.833,0.9999999999999941,0p65,0.65
0.834,0.9999999999999941,0p65,0.65
0.835,0.9999999999999941,0p65,0.65
0.836,0.9999999999999941,0p65,0.65
0.837,0.9999999999999941,0p65,0.65
0.838,0.9999999999999941,0p65,0.65
0.839,0.9999999999999941,0p65,0.65
0.84,0.9999999999999941,0p65,0.65
0.841,0.9999999999999941,0p65,0.65
0.842,0.9999999999999941,0p65,0.65
0.843,0.9999999999999941,0p65,0.65
0.844,0.9999999999999941,0p65,0.65
0.845,0.9999999999999941,0p65,0.65
0.846,0.9999999999999941,0p65,0.65
0.847,0.9999999999999941,0p65,0.65
0.848,0.9999999999999941,0p65,0.65
0.849,0.9999999999999941,0p65,0.65
0.85,0.9999999999999941,0p65,0.65
0.851,0.9999999999999941,0p65,0.65
0.852,0.9999999999999941,0p65,0.65
0.853,0.9999999999999941,0p65,0.65
0.854,0.9999999999999941,0p65,0.65
0.855,0.9999999999999941,0p65,0.65
0.856,0.9999999999999941,0p65,0.65
0.857,0.9999999999999941,0p65,0.65
0.858,0.9999999999999941,0p65,0.65
0.859,0.9999999999999941,0p65,0.65
0.86,0.9999999999999941,0p65,0.65
0.861,0.9999999999999941,0p65,0.65
0.862,0.9999999999999941,0p65,0.65
0.863,0.9999999999999941,0p65,0.65
0.864,0.9999999999999941,0p65,0.65
0.865,0.9999999999999941,0p65,0.65
0.866,0.9999999999999941,0p65,0.65
0.867,0.9999999999999941,0p65,0.65
0.868,0.9999999999999941,0p65,0.65
0.869,0.9999999999999941,0p65,0.65
0.87,0.9999999999999941,0p65,0.65
0.871,0.9999999999999941,0p65,0.65
0.872,0.9999999999999941,0p65,0.65
0.873,0.9999999999999941,0p65,0.65
0.874,0.9999999999999941,0p65,0.65
0.875,0.9999999999999941,0p65,0.65
0.876,0.9999999999999941,0p65,0.65
0.877,0.9999999999999941,0p65,0.65
0.878,0.9999999999999941,0p65,0.65
0.879,0.9999999999999941,0p65,0.65
0.88,0.9999999999999941,0p65,0.65
0.881,0.9999999999999941,0p65,0.65
0.882,0.9999999999999941,0p65,0.65
0.883,0.9999999999999941,0p65,0.65
0.884,0.9999999999999941,0p65,0.65
0.885,0.9999999999999941,0p65,0.65
0.886,0.9999999999999941,0p65,0.65
0.887,0.9999999999999941,0p65,0.65
0.888,0.9999999999999941,0p65,0.65
0.889,0.9999999999999941,0p65,0.65
0.89,0.9999999999999941,0p65,0.65
0.891,0.9999999999999941,0p65,0.65
0.892,0.9999999999999941,0p65,0.65
0.893,0.9999999999999941,0p65,0.65
0.894,0.9999999999999941,0p65,0.65
0.895,0.9999999999999941,0p65,0.65
0.896,0.9999999999999941,0p65,0.65
0.897,0.9999999999999941,0p65,0.65
0.898,0.9999999999999941,0p65,0.65
0.899,0.9999999999999941,0p65,0.65
0.9,0.9999999999999941,0p65,0.65
0.901,0.9999999999999941,0p65,0.65
0.902,0.9999999999999941,0p65,0.65
0.903,0.9999999999999941,0p65,0.65
0.904,0.9999999999999941,0p65,0.65
0.905,0.9999999999999941,0p65,0.65
0.906,0.9999999999999941,0p65,0.65
0.907,0.9999999999999941,0p65,0.65
0.908,0.9999999999999941,0p65,0.65
0.909,0.9999999999999941,0p65,0.65
0.91,0.9999999999999941,0p65,0.65
0.911,0.9999999999999941,0p65,0.65
0.912,0.9999999999999941,0p65,0.65
0.913,0.9999999999999941,0p65,0.65
0.914,0.9999999999999941,0p65,0.65
0.915,0.9999999999999941,0p65,0.65
0.916,0.9999999999999941,0p65,0.65
0.917,0.9999999999999941,0p65,0.65
0.918,0.9999999999999941,0p65,0.65
0.919,0.9999999999999941,0p65,0.65
0.92,0.9999999999999941,0p65,0.65
0.921,0.9999999999999941,0p65,0.65
0.922,0.9999999999999941,0p65,0.65
0.923,0.9999999999999941,0p65,0.65
0.924,0.9999999999999941,0p65,0.65
0.925,0.9999999999999941,0p65,0.65
0.926,0.9999999999999941,0p65,0.65
0.927,0.9999999999999941,0p65,0.65
0.928,0.9999999999999941,0p65,0.65
0.929,0.9999999999999941,0p65,0.65
0.93,0.9999999999999941,0p65,0.65
0.931,0.9999999999999941,0p65,0.65
0.932,0.9999999999999941,0p65,0.65
0.933,0.9999999999999941,0p65,0.65
0.934,0.9999999999999941,0p65,0.65
0.935,0.9999999999999941,0p65,0.65
0.936,0.9999999999999941,0p65,0.65
0.937,0.9999999999999941,0p65,0.65
0.938,0.9999999999999941,0p65,0.65
0.939,0.9999999999999941,0p65,0.65
0.94,0.9999999999999941,0p65,0.65
0.941,0.9999999999999941,0p65,0.65
0.942,0.9999999999999941,0p65,0.65
0.943,0.9999999999999941,0p65,0.65
0.944,0.9999999999999941,0p65,0.65
0.945,0.9999999999999941,0p65,0.65
0.946,0.9999999999999941,0p65,0.65
0.947,0.9999999999999941,0p65,0.65
0.948,0.9999999999999941,0p65,0.65
0.949,0.9999999999999941,0p65,0.65
0.95,0.9999999999999941,0p65,0.65
0.951,0.9999999999999941,0p65,0.65
0.952,0.9999999999999941,0p65,0.65
0.953,0.9999999999999941,0p65,0.65
0.954,0.9999999999999941,0p65,0.65
0.955,0.9999999999999941,0p65,0.65
0.956,0.9999999999999941,0p65,0.65
0.957,0.9999999999999941,0p65,0.65
0.958,0.9999999999999941,0p65,0.65
0.959,0.9999999999999941,0p65,0.65
0.96,0.9999999999999941,0p65,0.65
0.961,0.9999999999999941,0p65,0.65
0.962,0.9999999999999941,0p65,0.65
0.963,0.9999999999999941,0p65,0.65
0.964,0.9999999999999941,0p65,0.65
0.965,0.9999999999999941,0p65,0.65
0.966,0.9999999999999941,0p65,0.65
0.967,0.9999999999999941,0p65,0.65
0.968,0.9999999999999941,0p65,0.65
0.969,0.9999999999999941,0p65,0.65
0.97,0.9999999999999941,0p65,0.65
0.971,0.9999999999999941,0p65,0.65
0.972,0.9999999999999941,0p65,0.65
0.973,0.9999999999999941,0p65,0.65
0.974,0.9999999999999941,0p65,0.65
0.975,0.9999999999999941,0p65,0.65
0.976,0.9999999999999941,0p65,0.65
0.977,0.9999999999999941,0p65,0.65
0.978,0.9999999999999941,0p65,0.65
0.979,0.9999999999999941,0p65,0.65
0.98,0.9999999999999941,0p65,0.65
0.981,0.9999999999999941,0p65,0.65
0.982,0.9999999999999941,0p65,0.65
0.983,0.9999999999999941,0p65,0.65
0.984,0.9999999999999941,0p65,0.65
0.985,0.9999999999999941,0p65,0.65
0.986,0.9999999999999941,0p65,0.65
0.987,0.9999999999999941,0p65,0.65
0.988,0.9999999999999941,0p65,0.65
0.989,0.9999999999999941,0p65,0.65
0.99,0.9999999999999941,0p65,0.65
0.991,0.9999999999999941,0p65,0.65
0.992,0.9999999999999941,0p65,0.65
0.993,0.9999999999999941,0p65,0.65
0.994,0.9999999999999941,0p65,0.65
0.995,0.9999999999999941,0p65,0.65
0.996,0.9999999999999941,0p65,0.65
0.997,0.9999999999999941,0p65,0.65
0.998,0.9999999999999941,0p65,0.65
0.999,0.9999999999999941,0p65,0.65
1.0,0.9999999999999941,0p65,0.65
1.000000002000481,0.9999999999999941,0p65,0.65
1.000000002000481,0.6499999999999941,0p65,0.65
1.001,0.6499999999999931,0p65,0.65
1.002,0.6500000003392474,0p65,0.65
1.003,0.6500000032332193,0p65,0.65
1.004,0.650000008177376,0p65,0.65
1.005,0.6500000130216697,0p65,0.65
1.006,0.650000017589184,0p65,0.65
1.007,0.6500000218957621,0p65,0.65
1.008,0.6500000259565215,0p65,0.65
1.009,0.650000029785423,0p65,0.65
1.01,0.650000033395589,0p65,0.65
1.011,0.6500000367994972,0p65,0.65
1.012,0.6500000400089195,0p65,0.65
1.013,0.650000043034985,0p65,0.65
1.014,0.65000004588817,0p65,0.65
1.015,0.6500000485787687,0p65,0.65
1.016,0.650000051115738,0p65,0.65
1.017,0.6500000535077847,0p65,0.65
1.018,0.6500000557631402,0p65,0.65
1.019,0.6500000578896109,0p65,0.65
1.02,0.6500000598945611,0p65,0.65
1.021,0.6500000617849356,0p65,0.65
1.022,0.6500000635672926,0p65,0.65
1.023,0.6500000652478007,0p65,0.65
1.024,0.6500000668322742,0p65,0.65
1.025,0.6500000683262435,0p65,0.65
1.026,0.6500000697355767,0p65,0.65
1.027,0.6500000710643927,0p65,0.65
1.028,0.6500000723174171,0p65,0.65
1.029,0.650000073498794,0p65,0.65
1.03,0.6500000746125978,0p65,0.65
1.031,0.650000075662677,0p65,0.65
1.032,0.6500000766526698,0p65,0.65
1.033,0.6500000775861065,0p65,0.65
1.034,0.6500000784662119,0p65,0.65
1.035,0.650000079295974,0p65,0.65
1.036,0.6500000800782683,0p65,0.65
1.037,0.6500000808158058,0p65,0.65
1.038,0.6500000815111442,0p65,0.65
1.039,0.6500000821666942,0p65,0.65
1.04,0.6500000827847624,0p65,0.65
1.041,0.6500000833675424,0p65,0.65
1.042,0.6500000839169876,0p65,0.65
1.043,0.6500000844350016,0p65,0.65
1.044,0.650000084923763,0p65,0.65
1.045,0.6500000853850281,0p65,0.65
1.046,0.6500000858201139,0p65,0.65
1.047,0.6500000862297752,0p65,0.65
1.048,0.6500000866165971,0p65,0.65
1.049,0.650000086981098,0p65,0.65
1.05,0.6500000873244758,0p65,0.65
1.051,0.6500000876487045,0p65,0.65
1.052,0.65000008795398,0p65,0.65
1.053,0.6500000882417974,0p65,0.65
1.054,0.6500000885132992,0p65,0.65
1.055,0.6500000887689681,0p65,0.65
1.056,0.6500000890101867,0p65,0.65
1.057,0.6500000892375266,0p65,0.65
1.058,0.6500000894516593,0p65,0.65
1.059,0.6500000896537994,0p65,0.65
1.06,0.6500000898441728,0p65,0.65
1.061,0.6500000900235781,0p65,0.65
1.062,0.6500000901929022,0p65,0.65
1.063,0.6500000903523304,0p65,0.65
1.064,0.6500000905026947,0p65,0.65
1.065,0.6500000906444701,0p65,0.65
1.066,0.6500000907779923,0p65,0.65
1.067,0.6500000909040031,0p65,0.65
1.068,0.6500000910227204,0p65,0.65
1.069,0.650000091134553,0p65,0.65
1.07,0.650000091240144,0p65,0.65
1.071,0.6500000913395603,0p65,0.65
1.072,0.6500000914332872,0p65,0.65
1.073,0.6500000915217035,0p65,0.65
1.074,0.6500000916049624,0p65,0.65
1.075,0.6500000916835132,0p65,0.65
1.076,0.650000091757547,0p65,0.65
1.077,0.650000091827279,0p65,0.65
1.078,0.6500000918931043,0p65,0.65
1.079,0.6500000919550993,0p65,0.65
1.08,0.6500000920135205,0p65,0.65
1.081,0.6500000920686614,0p65,0.65
1.082,0.6500000921205791,0p65,0.65
1.083,0.6500000921695437,0p65,0.65
1.084,0.6500000922157129,0p65,0.65
1.085,0.6500000922592214,0p65,0.65
1.086,0.650000092300493,0p65,0.65
1.087,0.6500000923394006,0p65,0.65
1.088,0.6500000923759539,0p65,0.65
1.089,0.6500000924106377,0p65,0.65
1.09,0.6500000924431967,0p65,0.65
1.091,0.6500000924737246,0p65,0.65
1.092,0.6500000925027689,0p65,0.65
1.093,0.6500000925300384,0p65,0.65
1.094,0.6500000925556692,0p65,0.65
1.095,0.6500000925799777,0p65,0.65
1.096,0.6500000926027729,0p65,0.65
1.097,0.6500000926242403,0p65,0.65
1.098,0.6500000926445684,0p65,0.65
1.099,0.6500000926636159,0p65,0.65
1.1,0.6500000926816002,0p65,0.65
1.101,0.6500000926985932,0p65,0.65
1.102,0.6500000927145039,0p65,0.65
1.103,0.6500000927295712,0p65,0.65
1.104,0.6500000927437729,0p65,0.65
1.105,0.6500000927570608,0p65,0.65
1.106,0.650000092769686,0p65,0.65
1.107,0.6500000927815532,0p65,0.65
1.108,0.6500000927926637,0p65,0.65
1.109,0.6500000928032299,0p65,0.65
1.11,0.6500000928131452,0p65,0.65
1.111,0.6500000928224461,0p65,0.65
1.112,0.6500000928312788,0p65,0.65
1.113,0.6500000928395622,0p65,0.65
1.114,0.6500000928473496,0p65,0.65
1.115,0.6500000928547325,0p65,0.65
1.116,0.650000092861652,0p65,0.65
1.117,0.6500000928681735,0p65,0.65
1.118,0.6500000928743439,0p65,0.65
1.119,0.6500000928801233,0p65,0.65
1.12,0.6500000928855857,0p65,0.65
1.121,0.6500000928907425,0p65,0.65
1.122,0.6500000928955691,0p65,0.65
1.123,0.6500000929001455,0p65,0.65
1.124,0.6500000929044544,0p65,0.65
1.125,0.6500000929084849,0p65,0.65
1.126,0.6500000929123196,0p65,0.65
1.127,0.65000009291592,0p65,0.65
1.128,0.6500000929192932,0p65,0.65
1.129,0.6500000929224994,0p65,0.65
1.13,0.6500000929255074,0p65,0.65
1.131,0.6500000929283395,0p65,0.65
1.132,0.6500000929310595,0p65,0.65
1.133,0.6500000929336303,0p65,0.65
1.134,0.6500000929360518,0p65,0.65
1.135,0.650000092938324,0p65,0.65
1.136,0.6500000929404469,0p65,0.65
1.137,0.6500000929424677,0p65,0.65
1.138,0.6500000929443918,0p65,0.65
1.139,0.6500000929461917,0p65,0.65
1.14,0.6500000929478674,0p65,0.65
1.141,0.6500000929494193,0p65,0.65
1.142,0.6500000929508917,0p65,0.65
1.143,0.6500000929523164,0p65,0.65
1.144,0.6500000929536515,0p65,0.65
1.145,0.6500000929548967,0p65,0.65
1.146,0.6500000929560521,0p65,0.65
1.147,0.6500000929571387,0p65,0.65
1.148,0.6500000929581917,0p65,0.65
1.149,0.6500000929591775,0p65,0.65
1.15,0.6500000929600962,0p65,0.65
1.151,0.6500000929609479,0p65,0.65
1.152,0.6500000929617422,0p65,0.65
1.153,0.6500000929625177,0p65,0.65
1.154,0.6500000929632436,0p65,0.65
1.155,0.6500000929639204,0p65,0.65
1.156,0.6500000929645476,0p65,0.65
1.157,0.6500000929651282,0p65,0.65
1.158,0.6500000929656983,0p65,0.65
1.159,0.6500000929662322,0p65,0.65
1.16,0.6500000929667299,0p65,0.65
1.161,0.6500000929671913,0p65,0.65
1.162,0.6500000929676166,0p65,0.65
1.163,0.6500000929680342,0p65,0.65
1.164,0.6500000929684263,0p65,0.65
1.165,0.650000092968792,0p65,0.65
1.166,0.6500000929691313,0p65,0.65
1.167,0.6500000929694442,0p65,0.65
1.168,0.6500000929697483,0p65,0.65
1.169,0.650000092970036,0p65,0.65
1.17,0.6500000929703047,0p65,0.65
1.171,0.650000092970554,0p65,0.65
1.172,0.6500000929707842,0p65,0.65
1.173,0.6500000929710056,0p65,0.65
1.174,0.6500000929712169,0p65,0.65
1.175,0.6500000929714141,0p65,0.65
1.176,0.6500000929715972,0p65,0.65
1.177,0.6500000929717665,0p65,0.65
1.178,0.6500000929719278,0p65,0.65
1.179,0.6500000929720827,0p65,0.65
1.18,0.6500000929722275,0p65,0.65
1.181,0.650000092972362,0p65,0.65
1.182,0.6500000929724864,0p65,0.65
1.183,0.650000092972604,0p65,0.65
1.184,0.6500000929727177,0p65,0.65
1.185,0.6500000929728238,0p65,0.65
1.186,0.6500000929729227,0p65,0.65
1.187,0.6500000929730141,0p65,0.65
1.188,0.6500000929730998,0p65,0.65
1.189,0.6500000929731831,0p65,0.65
1.19,0.650000092973261,0p65,0.65
1.191,0.6500000929733336,0p65,0.65
1.192,0.6500000929734008,0p65,0.65
1.193,0.6500000929734632,0p65,0.65
1.194,0.6500000929735243,0p65,0.65
1.195,0.6500000929735815,0p65,0.65
1.196,0.6500000929736348,0p65,0.65
1.197,0.6500000929736841,0p65,0.65
1.198,0.6500000929737296,0p65,0.65
1.199,0.6500000929737745,0p65,0.65
1.2,0.6500000929738164,0p65,0.65
1.201,0.6500000929738555,0p65,0.65
1.202,0.6500000929738917,0p65,0.65
1.203,0.6500000929739252,0p65,0.65
1.204,0.6500000929739579,0p65,0.65
1.205,0.6500000929739886,0p65,0.65
1.206,0.6500000929740174,0p65,0.65
1.207,0.6500000929740439,0p65,0.65
1.208,0.6500000929740685,0p65,0.65
1.209,0.6500000929740922,0p65,0.65
1.21,0.6500000929741148,0p65,0.65
1.211,0.650000092974136,0p65,0.65
1.212,0.6500000929741554,0p65,0.65
1.213,0.6500000929741735,0p65,0.65
1.214,0.6500000929741908,0p65,0.65
1.215,0.6500000929742074,0p65,0.65
1.216,0.6500000929742228,0p65,0.65
1.217,0.6500000929742371,0p65,0.65
1.218,0.6500000929742504,0p65,0.65
1.219,0.6500000929742631,0p65,0.65
1.22,0.6500000929742751,0p65,0.65
1.221,0.6500000929742864,0p65,0.65
1.222,0.650000092974297,0p65,0.65
1.223,0.6500000929743067,0p65,0.65
1.224,0.6500000929743157,0p65,0.65
1.225,0.6500000929743242,0p65,0.65
1.226,0.6500000929743319,0p65,0.65
1.227,0.6500000929743392,0p65,0.65
1.228,0.6500000929743459,0p65,0.65
1.229,0.6500000929743522,0p65,0.65
1.23,0.6500000929743577,0p65,0.65
1.231,0.6500000929743631,0p65,0.65
1.232,0.6500000929743684,0p65,0.65
1.233,0.6500000929743732,0p65,0.65
1.234,0.6500000929743778,0p65,0.65
1.235,0.6500000929743823,0p65,0.65
1.236,0.6500000929743862,0p65,0.65
1.237,0.6500000929743902,0p65,0.65
1.238,0.6500000929743941,0p65,0.65
1.239,0.6500000929743978,0p65,0.65
1.24,0.6500000929744012,0p65,0.65
1.241,0.6500000929744044,0p65,0.65
1.242,0.6500000929744076,0p65,0.65
1.243,0.6500000929744107,0p65,0.65
1.244,0.6500000929744137,0p65,0.65
1.245,0.6500000929744164,0p65,0.65
1.246,0.6500000929744191,0p65,0.65
1.247,0.6500000929744214,0p65,0.65
1.248,0.6500000929744237,0p65,0.65
1.249,0.6500000929744258,0p65,0.65
1.25,0.650000092974428,0p65,0.65
1.251,0.65000009297443,0p65,0.65
1.252,0.6500000929744317,0p65,0.65
1.253,0.6500000929744334,0p65,0.65
1.254,0.6500000929744352,0p65,0.65
1.255,0.6500000929744365,0p65,0.65
1.256,0.650000092974438,0p65,0.65
1.257,0.6500000929744393,0p65,0.65
1.258,0.6500000929744406,0p65,0.65
1.259,0.6500000929744417,0p65,0.65
1.26,0.6500000929744428,0p65,0.65
1.261,0.6500000929744439,0p65,0.65
1.262,0.6500000929744448,0p65,0.65
1.263,0.6500000929744457,0p65,0.65
1.264,0.6500000929744466,0p65,0.65
1.265,0.6500000929744475,0p65,0.65
1.266,0.6500000929744482,0p65,0.65
1.267,0.6500000929744488,0p65,0.65
1.268,0.6500000929744495,0p65,0.65
1.269,0.6500000929744502,0p65,0.65
1.27,0.6500000929744508,0p65,0.65
1.271,0.6500000929744514,0p65,0.65
1.272,0.6500000929744518,0p65,0.65
1.273,0.6500000929744524,0p65,0.65
1.274,0.6500000929744527,0p65,0.65
1.275,0.6500000929744532,0p65,0.65
1.276,0.6500000929744536,0p65,0.65
1.277,0.650000092974454,0p65,0.65
1.278,0.6500000929744545,0p65,0.65
1.279,0.6500000929744548,0p65,0.65
1.28,0.6500000929744552,0p65,0.65
1.281,0.6500000929744556,0p65,0.65
1.282,0.6500000929744558,0p65,0.65
1.283,0.6500000929744562,0p65,0.65
1.284,0.6500000929744564,0p65,0.65
1.285,0.6500000929744567,0p65,0.65
1.286,0.6500000929744568,0p65,0.65
1.287,0.6500000929744572,0p65,0.65
1.288,0.6500000929744573,0p65,0.65
1.289,0.6500000929744575,0p65,0.65
1.29,0.6500000929744577,0p65,0.65
1.291,0.6500000929744579,0p65,0.65
1.292,0.650000092974458,0p65,0.65
1.293,0.6500000929744583,0p65,0.65
1.294,0.6500000929744584,0p65,0.65
1.295,0.6500000929744585,0p65,0.65
1.296,0.6500000929744586,0p65,0.65
1.297,0.6500000929744586,0p65,0.65
1.298,0.6500000929744588,0p65,0.65
1.299,0.6500000929744588,0p65,0.65
1.3,0.6500000929744589,0p65,0.65
1.301,0.650000092974459,0p65,0.65
1.302,0.650000092974459,0p65,0.65
1.303,0.6500000929744592,0p65,0.65
1.304,0.6500000929744592,0p65,0.65
1.305,0.6500000929744594,0p65,0.65
1.306,0.6500000929744594,0p65,0.65
1.307,0.6500000929744594,0p65,0.65
1.308,0.6500000929744594,0p65,0.65
1.309,0.6500000929744595,0p65,0.65
1.31,0.6500000929744595,0p65,0.65
1.311,0.6500000929744595,0p65,0.65
1.312,0.6500000929744595,0p65,0.65
1.313,0.6500000929744595,0p65,0.65
1.314,0.6500000929744595,0p65,0.65
1.315,0.6500000929744596,0p65,0.65
1.316,0.6500000929744596,0p65,0.65
1.317,0.6500000929744596,0p65,0.65
1.318,0.6500000929744596,0p65,0.65
1.319,0.6500000929744596,0p65,0.65
1.32,0.6500000929744596,0p65,0.65
1.321,0.6500000929744596,0p65,0.65
1.322,0.6500000929744596,0p65,0.65
1.323,0.6500000929744596,0p65,0.65
1.324,0.6500000929744596,0p65,0.65
1.325,0.6500000929744596,0p65,0.65
1.326,0.6500000929744596,0p65,0.65
1.327,0.6500000929744595,0p65,0.65
1.328,0.6500000929744595,0p65,0.65
1.329,0.6500000929744595,0p65,0.65
1.33,0.6500000929744595,0p65,0.65
1.331,0.6500000929744595,0p65,0.65
1.332,0.6500000929744595,0p65,0.65
1.333,0.6500000929744595,0p65,0.65
1.334,0.6500000929744595,0p65,0.65
1.335,0.6500000929744595,0p65,0.65
1.336,0.6500000929744595,0p65,0.65
1.337,0.6500000929744594,0p65,0.65
1.338,0.6500000929744594,0p65,0.65
1.339,0.6500000929744594,0p65,0.65
1.34,0.6500000929744594,0p65,0.65
1.341,0.6500000929744594,0p65,0.65
1.342,0.6500000929744594,0p65,0.65
1.343,0.6500000929744594,0p65,0.65
1.344,0.6500000929744594,0p65,0.65
1.345,0.6500000929744592,0p65,0.65
1.346,0.6500000929744592,0p65,0.65
1.347,0.6500000929744592,0p65,0.65
1.348,0.6500000929744592,0p65,0.65
1.349,0.6500000929744592,0p65,0.65
1.35,0.6500000929744592,0p65,0.65
1.351,0.6500000929744592,0p65,0.65
1.352,0.650000092974459,0p65,0.65
1.353,0.650000092974459,0p65,0.65
1.354,0.650000092974459,0p65,0.65
1.355,0.650000092974459,0p65,0.65
1.356,0.650000092974459,0p65,0.65
1.357,0.650000092974459,0p65,0.65
1.358,0.650000092974459,0p65,0.65
1.359,0.6500000929744589,0p65,0.65
1.36,0.6500000929744589,0p65,0.65
1.361,0.6500000929744589,0p65,0.65
1.362,0.6500000929744589,0p65,0.65
1.363,0.6500000929744589,0p65,0.65
1.364,0.6500000929744589,0p65,0.65
1.365,0.6500000929744588,0p65,0.65
1.366,0.6500000929744588,0p65,0.65
1.367,0.6500000929744588,0p65,0.65
1.368,0.6500000929744588,0p65,0.65
1.369,0.6500000929744588,0p65,0.65
1.37,0.6500000929744588,0p65,0.65
1.371,0.6500000929744588,0p65,0.65
1.372,0.6500000929744586,0p65,0.65
1.373,0.6500000929744586,0p65,0.65
1.374,0.6500000929744586,0p65,0.65
1.375,0.6500000929744586,0p65,0.65
1.376,0.6500000929744586,0p65,0.65
1.377,0.6500000929744586,0p65,0.65
1.378,0.6500000929744585,0p65,0.65
1.379,0.6500000929744585,0p65,0.65
1.38,0.6500000929744585,0p65,0.65
1.381,0.6500000929744585,0p65,0.65
1.382,0.6500000929744585,0p65,0.65
1.383,0.6500000929744585,0p65,0.65
1.384,0.6500000929744585,0p65,0.65
1.385,0.6500000929744584,0p65,0.65
1.386,0.6500000929744584,0p65,0.65
1.387,0.6500000929744584,0p65,0.65
1.388,0.6500000929744584,0p65,0.65
1.389,0.6500000929744584,0p65,0.65
1.39,0.6500000929744584,0p65,0.65
1.391,0.6500000929744583,0p65,0.65
1.392,0.6500000929744583,0p65,0.65
1.393,0.6500000929744583,0p65,0.65
1.394,0.6500000929744583,0p65,0.65
1.395,0.6500000929744583,0p65,0.65
1.396,0.6500000929744583,0p65,0.65
1.397,0.6500000929744583,0p65,0.65
1.398,0.650000092974458,0p65,0.65
1.399,0.650000092974458,0p65,0.65
1.4,0.650000092974458,0p65,0.65
1.401,0.650000092974458,0p65,0.65
1.402,0.650000092974458,0p65,0.65
1.403,0.650000092974458,0p65,0.65
1.404,0.650000092974458,0p65,0.65
1.405,0.6500000929744579,0p65,0.65
1.406,0.6500000929744579,0p65,0.65
1.407,0.6500000929744579,0p65,0.65
1.408,0.6500000929744579,0p65,0.65
1.409,0.6500000929744579,0p65,0.65
1.41,0.6500000929744579,0p65,0.65
1.411,0.6500000929744579,0p65,0.65
1.412,0.6500000929744578,0p65,0.65
1.413,0.6500000929744578,0p65,0.65
1.414,0.6500000929744578,0p65,0.65
1.415,0.6500000929744578,0p65,0.65
1.416,0.6500000929744578,0p65,0.65
1.417,0.6500000929744578,0p65,0.65
1.418,0.6500000929744577,0p65,0.65
1.419,0.6500000929744577,0p65,0.65
1.42,0.6500000929744577,0p65,0.65
1.421,0.6500000929744577,0p65,0.65
1.422,0.6500000929744577,0p65,0.65
1.423,0.6500000929744577,0p65,0.65
1.424,0.6500000929744577,0p65,0.65
1.425,0.6500000929744575,0p65,0.65
1.426,0.6500000929744575,0p65,0.65
1.427,0.6500000929744575,0p65,0.65
1.428,0.6500000929744575,0p65,0.65
1.429,0.6500000929744575,0p65,0.65
1.43,0.6500000929744575,0p65,0.65
1.431,0.6500000929744575,0p65,0.65
1.432,0.6500000929744574,0p65,0.65
1.433,0.6500000929744574,0p65,0.65
1.434,0.6500000929744574,0p65,0.65
1.435,0.6500000929744574,0p65,0.65
1.436,0.6500000929744574,0p65,0.65
1.437,0.6500000929744574,0p65,0.65
1.438,0.6500000929744574,0p65,0.65
1.439,0.6500000929744573,0p65,0.65
1.44,0.6500000929744573,0p65,0.65
1.441,0.6500000929744573,0p65,0.65
1.442,0.6500000929744573,0p65,0.65
1.443,0.6500000929744573,0p65,0.65
1.444,0.6500000929744573,0p65,0.65
1.445,0.6500000929744573,0p65,0.65
1.446,0.6500000929744572,0p65,0.65
1.447,0.6500000929744572,0p65,0.65
1.448,0.6500000929744572,0p65,0.65
1.449,0.6500000929744572,0p65,0.65
1.45,0.6500000929744572,0p65,0.65
1.451,0.6500000929744572,0p65,0.65
1.452,0.6500000929744572,0p65,0.65
1.453,0.6500000929744569,0p65,0.65
1.454,0.6500000929744569,0p65,0.65
1.455,0.6500000929744569,0p65,0.65
1.456,0.6500000929744569,0p65,0.65
1.457,0.6500000929744569,0p65,0.65
1.458,0.6500000929744569,0p65,0.65
1.459,0.6500000929744569,0p65,0.65
1.46,0.6500000929744568,0p65,0.65
1.461,0.6500000929744568,0p65,0.65
1.462,0.6500000929744568,0p65,0.65
1.463,0.6500000929744568,0p65,0.65
1.464,0.6500000929744568,0p65,0.65
1.465,0.6500000929744568,0p65,0.65
1.466,0.6500000929744567,0p65,0.65
1.467,0.6500000929744567,0p65,0.65
1.468,0.6500000929744567,0p65,0.65
1.469,0.6500000929744567,0p65,0.65
1.47,0.6500000929744567,0p65,0.65
1.471,0.6500000929744567,0p65,0.65
1.472,0.6500000929744567,0p65,0.65
1.473,0.6500000929744567,0p65,0.65
1.474,0.6500000929744566,0p65,0.65
1.475,0.6500000929744566,0p65,0.65
1.476,0.6500000929744566,0p65,0.65
1.477,0.6500000929744566,0p65,0.65
1.478,0.6500000929744566,0p65,0.65
1.479,0.6500000929744566,0p65,0.65
1.48,0.6500000929744566,0p65,0.65
1.481,0.6500000929744564,0p65,0.65
1.482,0.6500000929744564,0p65,0.65
1.483,0.6500000929744564,0p65,0.65
1.484,0.6500000929744564,0p65,0.65
1.485,0.6500000929744564,0p65,0.65
1.486,0.6500000929744564,0p65,0.65
1.487,0.6500000929744564,0p65,0.65
1.488,0.6500000929744563,0p65,0.65
1.489,0.6500000929744563,0p65,0.65
1.49,0.6500000929744563,0p65,0.65
1.491,0.6500000929744563,0p65,0.65
1.492,0.6500000929744563,0p65,0.65
1.493,0.6500000929744563,0p65,0.65
1.494,0.6500000929744563,0p65,0.65
1.495,0.6500000929744562,0p65,0.65
1.496,0.6500000929744562,0p65,0.65
1.497,0.6500000929744562,0p65,0.65
1.498,0.6500000929744562,0p65,0.65
1.499,0.6500000929744562,0p65,0.65
1.5,0.6500000929744562,0p65,0.65
1.500000003000721,0.6500000929744562,0p65,0.65
1.500000003000721,1.000000092974456,0p65,0.65
1.501,1.000000092974459,0p65,0.65
1.502,1.00000009297446,0p65,0.65
1.503,1.000000092974461,0p65,0.65
1.504,1.000000092974461,0p65,0.65
1.505,1.000000092974461,0p65,0.65
1.506,1.000000092974461,0p65,0.65
1.507,1.000000092974462,0p65,0.65
1.508,1.000000092974462,0p65,0.65
1.509,1.000000092974462,0p65,0.65
1.51,1.000000092974463,0p65,0.65
1.511,1.000000092974463,0p65,0.65
1.512,1.000000092974463,0p65,0.65
1.513,1.000000092835312,0p65,0.65
1.514,1.000000091848793,0p65,0.65
1.515,1.000000090005084,0p65,0.65
1.516,1.000000087436557,0p65,0.65
1.517,1.000000084264308,0p65,0.65
1.518,1.000000080593872,0p65,0.65
1.519,1.000000076518212,0p65,0.65
1.52,1.000000072208958,0p65,0.65
1.521,1.000000068084624,0p65,0.65
1.522,1.000000064194434,0p65,0.65
1.523,1.000000060526389,0p65,0.65
1.524,1.00000005706797,0p65,0.65
1.525,1.000000053807117,0p65,0.65
1.526,1.000000050732604,0p65,0.65
1.527,1.000000047833787,0p65,0.65
1.528,1.000000045100627,0p65,0.65
1.529,1.000000042522513,0p65,0.65
1.53,1.000000040091428,0p65,0.65
1.531,1.000000037798853,0p65,0.65
1.532,1.000000035637348,0p65,0.65
1.533,1.000000033599495,0p65,0.65
1.534,1.000000031678271,0p65,0.65
1.535,1.000000029866849,0p65,0.65
1.536,1.000000028158854,0p65,0.65
1.537,1.00000002654857,0p65,0.65
1.538,1.000000025030428,0p65,0.65
1.539,1.000000023599178,0p65,0.65
1.54,1.000000022249739,0p65,0.65
1.541,1.000000020977343,0p65,0.65
1.542,1.000000019777737,0p65,0.65
1.543,1.000000018646773,0p65,0.65
1.544,1.000000017580541,0p65,0.65
1.545,1.000000016575262,0p65,0.65
1.546,1.000000015627371,0p65,0.65
1.547,1.000000014733706,0p65,0.65
1.548,1.000000013891177,0p65,0.65
1.549,1.00000001309687,0p65,0.65
1.55,1.000000012347977,0p65,0.65
1.551,1.000000011641832,0p65,0.65
1.552,1.000000010976082,0p65,0.65
1.553,1.000000010348427,0p65,0.65
1.554,1.000000009756695,0p65,0.65
1.555,1.000000009198799,0p65,0.65
1.556,1.000000008672746,0p65,0.65
1.557,1.000000008176548,0p65,0.65
1.558,1.000000007708184,0p65,0.65
1.559,1.000000007266479,0p65,0.65
1.56,1.000000006850456,0p65,0.65
1.561,1.000000006457789,0p65,0.65
1.562,1.000000006087623,0p65,0.65
1.563,1.000000005738879,0p65,0.65
1.564,1.000000005409856,0p65,0.65
1.565,1.000000005099733,0p65,0.65
1.566,1.000000004807565,0p65,0.65
1.567,1.000000004531923,0p65,0.65
1.568,1.000000004272124,0p65,0.65
1.569,1.000000004027368,0p65,0.65
1.57,1.000000003796454,0p65,0.65
1.571,1.000000003578817,0p65,0.65
1.572,1.000000003373782,0p65,0.65
1.573,1.00000000318034,0p65,0.65
1.574,1.000000002998024,0p65,0.65
1.575,1.000000002826263,0p65,0.65
1.576,1.000000002664213,0p65,0.65
1.577,1.000000002511484,0p65,0.65
1.578,1.000000002367598,0p65,0.65
1.579,1.000000002231845,0p65,0.65
1.58,1.000000002103903,0p65,0.65
1.581,1.000000001983368,0p65,0.65
1.582,1.000000001869645,0p65,0.65
1.583,1.000000001762466,0p65,0.65
1.584,1.000000001661492,0p65,0.65
1.585,1.000000001566224,0p65,0.65
1.586,1.00000000147644,0p65,0.65
1.587,1.000000001391852,0p65,0.65
1.588,1.000000001312044,0p65,0.65
1.589,1.000000001236831,0p65,0.65
1.59,1.000000001165971,0p65,0.65
1.591,1.000000001099114,0p65,0.65
1.592,1.000000001036107,0p65,0.65
1.593,1.000000000976747,0p65,0.65
1.594,1.00000000092074,0p65,0.65
1.595,1.000000000867958,0p65,0.65
1.596,1.000000000818232,0p65,0.65
1.597,1.000000000771313,0p65,0.65
1.598,1.000000000727097,0p65,0.65
1.599,1.000000000685441,0p65,0.65
1.6,1.000000000646136,0p65,0.65
1.601,1.000000000609096,0p65,0.65
1.602,1.0000000005742,0p65,0.65
1.603,1.000000000541273,0p65,0.65
1.604,1.000000000510245,0p65,0.65
1.605,1.000000000481012,0p65,0.65
1.606,1.000000000453429,0p65,0.65
1.607,1.000000000427436,0p65,0.65
1.608,1.000000000402947,0p65,0.65
1.609,1.00000000037984,0p65,0.65
1.61,1.000000000358009,0p65,0.65
1.611,1.000000000337359,0p65,0.65
1.612,1.000000000317929,0p65,0.65
1.613,1.000000000299577,0p65,0.65
1.614,1.000000000282273,0p65,0.65
1.615,1.000000000266071,0p65,0.65
1.616,1.000000000250669,0p65,0.65
1.617,1.000000000236185,0p65,0.65
1.618,1.000000000222582,0p65,0.65
1.619,1.000000000209683,0p65,0.65
1.62,1.000000000197582,0p65,0.65
1.621,1.000000000186175,0p65,0.65
1.622,1.000000000175391,0p65,0.65
1.623,1.000000000165288,0p65,0.65
1.624,1.000000000155716,0p65,0.65
1.625,1.000000000146705,0p65,0.65
1.626,1.000000000138258,0p65,0.65
1.627,1.000000000130238,0p65,0.65
1.628,1.000000000122713,0p65,0.65
1.629,1.000000000115633,0p65,0.65
1.63,1.00000000010893,0p65,0.65
1.631,1.000000000102649,0p65,0.65
1.632,1.00000000009671,0p65,0.65
1.633,1.00000000009111,0p65,0.65
1.634,1.000000000085866,0p65,0.65
1.635,1.000000000080884,0p65,0.65
1.636,1.000000000076207,0p65,0.65
1.637,1.000000000071813,0p65,0.65
1.638,1.000000000067648,0p65,0.65
1.639,1.000000000063744,0p65,0.65
1.64,1.000000000060059,0p65,0.65
1.641,1.00000000005658,0p65,0.65
1.642,1.000000000053321,0p65,0.65
1.643,1.00000000005023,0p65,0.65
1.644,1.000000000047323,0p65,0.65
1.645,1.000000000044596,0p65,0.65
1.646,1.000000000042009,0p65,0.65
1.647,1.000000000039582,0p65,0.65
1.648,1.000000000037296,0p65,0.65
1.649,1.000000000035133,0p65,0.65
1.65,1.000000000033108,0p65,0.65
1.651,1.00000000003119,0p65,0.65
1.652,1.000000000029384,0p65,0.65
1.653,1.000000000027692,0p65,0.65
1.654,1.000000000026084,0p65,0.65
1.655,1.000000000024576,0p65,0.65
1.656,1.000000000023157,0p65,0.65
1.657,1.000000000021814,0p65,0.65
1.658,1.000000000020555,0p65,0.65
1.659,1.000000000019357,0p65,0.65
1.66,1.000000000018215,0p65,0.65
1.661,1.000000000017138,0p65,0.65
1.662,1.000000000016126,0p65,0.65
1.663,1.000000000015178,0p65,0.65
1.664,1.000000000014286,0p65,0.65
1.665,1.00000000001343,0p65,0.65
1.666,1.000000000012629,0p65,0.65
1.667,1.000000000011881,0p65,0.65
1.668,1.000000000011188,0p65,0.65
1.669,1.000000000010532,0p65,0.65
1.67,1.000000000009898,0p65,0.65
1.671,1.000000000009304,0p65,0.65
1.672,1.00000000000875,0p65,0.65
1.673,1.000000000008236,0p65,0.65
1.674,1.000000000007747,0p65,0.65
1.675,1.000000000007278,0p65,0.65
1.676,1.00000000000684,0p65,0.65
1.677,1.000000000006432,0p65,0.65
1.678,1.000000000006055,0p65,0.65
1.679,1.000000000005692,0p65,0.65
1.68,1.000000000005347,0p65,0.65
1.681,1.000000000005025,0p65,0.65
1.682,1.000000000004725,0p65,0.65
1.683,1.000000000004448,0p65,0.65
1.684,1.000000000004179,0p65,0.65
1.685,1.000000000003926,0p65,0.65
1.686,1.000000000003689,0p65,0.65
1.687,1.000000000003469,0p65,0.65
1.688,1.000000000003265,0p65,0.65
1.689,1.000000000003067,0p65,0.65
1.69,1.00000000000288,0p65,0.65
1.691,1.000000000002706,0p65,0.65
1.692,1.000000000002545,0p65,0.65
1.693,1.000000000002395,0p65,0.65
1.694,1.000000000002249,0p65,0.65
1.695,1.000000000002112,0p65,0.65
1.696,1.000000000001984,0p65,0.65
1.697,1.000000000001866,0p65,0.65
1.698,1.000000000001755,0p65,0.65
1.699,1.000000000001648,0p65,0.65
1.7,1.000000000001547,0p65,0.65
1.701,1.000000000001454,0p65,0.65
1.702,1.000000000001367,0p65,0.65
1.703,1.000000000001285,0p65,0.65
1.704,1.000000000001206,0p65,0.65
1.705,1.000000000001132,0p65,0.65
1.706,1.000000000001064,0p65,0.65
1.707,1.000000000001,0p65,0.65
1.708,1.00000000000094,0p65,0.65
1.709,1.000000000000882,0p65,0.65
1.71,1.000000000000828,0p65,0.65
1.711,1.000000000000777,0p65,0.65
1.712,1.000000000000731,0p65,0.65
1.713,1.000000000000686,0p65,0.65
1.714,1.000000000000644,0p65,0.65
1.715,1.000000000000604,0p65,0.65
1.716,1.000000000000567,0p65,0.65
1.717,1.000000000000533,0p65,0.65
1.718,1.0000000000005,0p65,0.65
1.719,1.000000000000469,0p65,0.65
1.72,1.00000000000044,0p65,0.65
1.721,1.000000000000413,0p65,0.65
1.722,1.000000000000388,0p65,0.65
1.723,1.000000000000363,0p65,0.65
1.724,1.00000000000034,0p65,0.65
1.725,1.000000000000319,0p65,0.65
1.726,1.000000000000299,0p65,0.65
1.727,1.000000000000281,0p65,0.65
1.728,1.000000000000263,0p65,0.65
1.729,1.000000000000246,0p65,0.65
1.73,1.00000000000023,0p65,0.65
1.731,1.000000000000216,0p65,0.65
1.732,1.000000000000203,0p65,0.65
1.733,1.000000000000189,0p65,0.65
1.734,1.000000000000177,0p65,0.65
1.735,1.000000000000165,0p65,0.65
1.736,1.000000000000155,0p65,0.65
1.737,1.000000000000145,0p65,0.65
1.738,1.000000000000135,0p65,0.65
1.739,1.000000000000125,0p65,0.65
1.74,1.000000000000116,0p65,0.65
1.741,1.000000000000108,0p65,0.65
1.742,1.0000000000001,0p65,0.65
1.743,1.000000000000092,0p65,0.65
1.744,1.000000000000085,0p65,0.65
1.745,1.000000000000079,0p65,0.65
1.746,1.000000000000073,0p65,0.65
1.747,1.000000000000067,0p65,0.65
1.748,1.000000000000062,0p65,0.65
1.749,1.000000000000056,0p65,0.65
1.75,1.000000000000052,0p65,0.65
1.751,1.000000000000047,0p65,0.65
1.752,1.000000000000043,0p65,0.65
1.753,1.000000000000039,0p65,0.65
1.754,1.000000000000036,0p65,0.65
1.755,1.000000000000033,0p65,0.65
1.756,1.00000000000003,0p65,0.65
1.757,1.000000000000027,0p65,0.65
1.758,1.000000000000024,0p65,0.65
1.759,1.000000000000021,0p65,0.65
1.76,1.000000000000018,0p65,0.65
1.761,1.000000000000016,0p65,0.65
1.762,1.000000000000014,0p65,0.65
1.763,1.000000000000012,0p65,0.65
1.764,1.000000000000011,0p65,0.65
1.765,1.000000000000009,0p65,0.65
1.766,1.000000000000007,0p65,0.65
1.767,1.000000000000006,0p65,0.65
1.768,1.000000000000004,0p65,0.65
1.769,1.000000000000003,0p65,0.65
1.77,1.000000000000002,0p65,0.65
1.771,1.0,0p65,0.65
1.772,0.9999999999999994,0p65,0.65
1.773,0.9999999999999986,0p65,0.65
1.774,0.9999999999999977,0p65,0.65
1.775,0.9999999999999967,0p65,0.65
1.776,0.9999999999999958,0p65,0.65
1.777,0.9999999999999951,0p65,0.65
1.778,0.9999999999999944,0p65,0.65
1.779,0.9999999999999939,0p65,0.65
1.78,0.9999999999999932,0p65,0.65
1.781,0.9999999999999929,0p65,0.65
1.782,0.9999999999999923,0p65,0.65
1.783,0.9999999999999918,0p65,0.65
1.784,0.9999999999999913,0p65,0.65
1.785,0.9999999999999909,0p65,0.65
1.786,0.9999999999999905,0p65,0.65
1.787,0.9999999999999902,0p65,0.65
1.788,0.9999999999999899,0p65,0.65
1.789,0.9999999999999897,0p65,0.65
1.79,0.9999999999999893,0p65,0.65
1.791,0.9999999999999891,0p65,0.65
1.792,0.9999999999999889,0p65,0.65
1.793,0.9999999999999887,0p65,0.65
1.794,0.9999999999999886,0p65,0.65
1.795,0.9999999999999882,0p65,0.65
1.796,0.9999999999999881,0p65,0.65
1.797,0.999999999999988,0p65,0.65
1.798,0.9999999999999878,0p65,0.65
1.799,0.9999999999999877,0p65,0.65
1.8,0.9999999999999877,0p65,0.65
1.801,0.9999999999999876,0p65,0.65
1.802,0.9999999999999875,0p65,0.65
1.803,0.9999999999999872,0p65,0.65
1.804,0.9999999999999872,0p65,0.65
1.805,0.9999999999999871,0p65,0.65
1.806,0.9999999999999871,0p65,0.65
1.807,0.999999999999987,0p65,0.65
1.808,0.999999999999987,0p65,0.65
1.809,0.9999999999999868,0p65,0.65
1.81,0.9999999999999868,0p65,0.65
1.811,0.9999999999999868,0p65,0.65
1.812,0.9999999999999867,0p65,0.65
1.813,0.9999999999999867,0p65,0.65
1.814,0.9999999999999867,0p65,0.65
1.815,0.9999999999999867,0p65,0.65
1.816,0.9999999999999867,0p65,0.65
1.817,0.9999999999999867,0p65,0.65
1.818,0.9999999999999866,0p65,0.65
1.819,0.9999999999999866,0p65,0.65
1.82,0.9999999999999866,0p65,0.65
1.821,0.9999999999999866,0p65,0.65
1.822,0.9999999999999866,0p65,0.65
1.823,0.9999999999999866,0p65,0.65
1.824,0.9999999999999866,0p65,0.65
1.825,0.9999999999999866,0p65,0.65
1.826,0.9999999999999866,0p65,0.65
1.827,0.9999999999999866,0p65,0.65
1.828,0.9999999999999866,0p65,0.65
1.829,0.9999999999999866,0p65,0.65
1.83,0.9999999999999865,0p65,0.65
1.831,0.9999999999999865,0p65,0.65
1.832,0.9999999999999865,0p65,0.65
1.833,0.9999999999999865,0p65,0.65
1.834,0.9999999999999865,0p65,0.65
1.835,0.9999999999999865,0p65,0.65
1.836,0.9999999999999865,0p65,0.65
1.837,0.9999999999999865,0p65,0.65
1.838,0.9999999999999865,0p65,0.65
1.839,0.9999999999999865,0p65,0.65
1.84,0.9999999999999865,0p65,0.65
1.841,0.9999999999999866,0p65,0.65
1.842,0.9999999999999866,0p65,0.65
1.843,0.9999999999999866,0p65,0.65
1.844,0.9999999999999866,0p65,0.65
1.845,0.9999999999999866,0p65,0.65
1.846,0.9999999999999866,0p65,0.65
1.847,0.9999999999999866,0p65,0.65
1.848,0.9999999999999866,0p65,0.65
1.849,0.9999999999999866,0p65,0.65
1.85,0.9999999999999866,0p65,0.65
1.851,0.9999999999999866,0p65,0.65
1.852,0.9999999999999866,0p65,0.65
1.853,0.9999999999999866,0p65,0.65
1.854,0.9999999999999866,0p65,0.65
1.855,0.9999999999999866,0p65,0.65
1.856,0.9999999999999866,0p65,0.65
1.857,0.9999999999999866,0p65,0.65
1.858,0.9999999999999866,0p65,0.65
1.859,0.9999999999999866,0p65,0.65
1.86,0.9999999999999866,0p65,0.65
1.861,0.9999999999999866,0p65,0.65
1.862,0.9999999999999866,0p65,0.65
1.863,0.9999999999999866,0p65,0.65
1.864,0.9999999999999866,0p65,0.65
1.865,0.9999999999999866,0p65,0.65
1.866,0.9999999999999866,0p65,0.65
1.867,0.9999999999999866,0p65,0.65
1.868,0.9999999999999866,0p65,0.65
1.869,0.9999999999999866,0p65,0.65
1.87,0.9999999999999866,0p65,0.65
1.871,0.9999999999999866,0p65,0.65
1.872,0.9999999999999866,0p65,0.65
1.873,0.9999999999999866,0p65,0.65
1.874,0.9999999999999866,0p65,0.65
1.875,0.9999999999999866,0p65,0.65
1.876,0.9999999999999866,0p65,0.65
1.877,0.9999999999999866,0p65,0.65
1.878,0.9999999999999866,0p65,0.65
1.879,0.9999999999999866,0p65,0.65
1.88,0.9999999999999866,0p65,0.65
1.881,0.9999999999999866,0p65,0.65
1.882,0.9999999999999866,0p65,0.65
1.883,0.9999999999999866,0p65,0.65
1.884,0.9999999999999866,0p65,0.65
1.885,0.9999999999999866,0p65,0.65
1.886,0.9999999999999867,0p65,0.65
1.887,0.9999999999999867,0p65,0.65
1.888,0.9999999999999867,0p65,0.65
1.889,0.9999999999999867,0p65,0.65
1.89,0.9999999999999867,0p65,0.65
1.891,0.9999999999999867,0p65,0.65
1.892,0.9999999999999867,0p65,0.65
1.893,0.9999999999999867,0p65,0.65
1.894,0.9999999999999867,0p65,0.65
1.895,0.9999999999999867,0p65,0.65
1.896,0.9999999999999867,0p65,0.65
1.897,0.9999999999999867,0p65,0.65
1.898,0.9999999999999867,0p65,0.65
1.899,0.9999999999999867,0p65,0.65
1.9,0.9999999999999867,0p65,0.65
1.901,0.9999999999999867,0p65,0.65
1.902,0.9999999999999867,0p65,0.65
1.903,0.9999999999999867,0p65,0.65
1.904,0.9999999999999867,0p65,0.65
1.905,0.9999999999999867,0p65,0.65
1.906,0.9999999999999867,0p65,0.65
1.907,0.9999999999999867,0p65,0.65
1.908,0.9999999999999867,0p65,0.65
1.909,0.9999999999999867,0p65,0.65
1.91,0.9999999999999867,0p65,0.65
1.911,0.9999999999999867,0p65,0.65
1.912,0.9999999999999867,0p65,0.65
1.913,0.9999999999999867,0p65,0.65
1.914,0.9999999999999867,0p65,0.65
1.915,0.9999999999999867,0p65,0.65
1.916,0.9999999999999867,0p65,0.65
1.917,0.9999999999999867,0p65,0.65
1.918,0.9999999999999867,0p65,0.65
1.919,0.9999999999999867,0p65,0.65
1.92,0.9999999999999867,0p65,0.65
1.921,0.9999999999999867,0p65,0.65
1.922,0.9999999999999867,0p65,0.65
1.923,0.9999999999999867,0p65,0.65
1.924,0.9999999999999867,0p65,0.65
1.925,0.9999999999999867,0p65,0.65
1.926,0.9999999999999867,0p65,0.65
1.927,0.9999999999999867,0p65,0.65
1.928,0.9999999999999867,0p65,0.65
1.929,0.9999999999999867,0p65,0.65
1.93,0.9999999999999867,0p65,0.65
1.931,0.9999999999999867,0p65,0.65
1.932,0.9999999999999867,0p65,0.65
1.933,0.9999999999999867,0p65,0.65
1.934,0.9999999999999867,0p65,0.65
1.935,0.9999999999999867,0p65,0.65
1.936,0.9999999999999867,0p65,0.65
1.937,0.9999999999999867,0p65,0.65
1.938,0.9999999999999867,0p65,0.65
1.939,0.9999999999999867,0p65,0.65
1.94,0.9999999999999867,0p65,0.65
1.941,0.9999999999999867,0p65,0.65
1.942,0.9999999999999867,0p65,0.65
1.943,0.9999999999999867,0p65,0.65
1.944,0.9999999999999867,0p65,0.65
1.945,0.9999999999999867,0p65,0.65
1.946,0.9999999999999867,0p65,0.65
1.947,0.9999999999999867,0p65,0.65
1.948,0.9999999999999867,0p65,0.65
1.949,0.9999999999999867,0p65,0.65
1.95,0.9999999999999867,0p65,0.65
1.951,0.9999999999999867,0p65,0.65
1.952,0.9999999999999867,0p65,0.65
1.953,0.9999999999999867,0p65,0.65
1.954,0.9999999999999867,0p65,0.65
1.955,0.9999999999999867,0p65,0.65
1.956,0.9999999999999867,0p65,0.65
1.957,0.9999999999999867,0p65,0.65
1.958,0.9999999999999867,0p65,0.65
1.959,0.9999999999999867,0p65,0.65
1.96,0.9999999999999867,0p65,0.65
1.961,0.9999999999999867,0p65,0.65
1.962,0.9999999999999867,0p65,0.65
1.963,0.9999999999999867,0p65,0.65
1.964,0.9999999999999867,0p65,0.65
1.965,0.9999999999999867,0p65,0.65
1.966,0.9999999999999867,0p65,0.65
1.967,0.9999999999999867,0p65,0.65
1.968,0.9999999999999867,0p65,0.65
1.969,0.9999999999999867,0p65,0.65
1.97,0.9999999999999867,0p65,0.65
1.971,0.9999999999999867,0p65,0.65
1.972,0.9999999999999867,0p65,0.65
1.973,0.9999999999999867,0p65,0.65
1.974,0.9999999999999867,0p65,0.65
1.975,0.9999999999999867,0p65,0.65
1.976,0.9999999999999867,0p65,0.65
1.977,0.9999999999999867,0p65,0.65
1.978,0.9999999999999867,0p65,0.65
1.979,0.9999999999999867,0p65,0.65
1.98,0.9999999999999867,0p65,0.65
1.981,0.9999999999999867,0p65,0.65
1.982,0.9999999999999867,0p65,0.65
1.983,0.9999999999999867,0p65,0.65
1.984,0.9999999999999867,0p65,0.65
1.985,0.9999999999999867,0p65,0.65
1.986,0.9999999999999867,0p65,0.65
1.987,0.9999999999999867,0p65,0.65
1.988,0.9999999999999867,0p65,0.65
1.989,0.9999999999999867,0p65,0.65
1.99,0.9999999999999867,0p65,0.65
1.991,0.9999999999999867,0p65,0.65
1.992,0.9999999999999867,0p65,0.65
1.993,0.9999999999999867,0p65,0.65
1.994,0.9999999999999867,0p65,0.65
1.995,0.9999999999999867,0p65,0.65
1.996,0.9999999999999867,0p65,0.65
1.997,0.9999999999999867,0p65,0.65
1.998,0.9999999999999867,0p65,0.65
1.999,0.9999999999999867,0p65,0.65
2.0,0.9999999999999867,0p65,0.65
2.001,0.9999999999999867,0p65,0.65
2.002,0.9999999999999867,0p65,0.65
2.003,0.9999999999999867,0p65,0.65
2.004,0.9999999999999867,0p65,0.65
2.005,0.9999999999999867,0p65,0.65
2.006,0.9999999999999867,0p65,0.65
2.007,0.9999999999999867,0p65,0.65
2.008,0.9999999999999867,0p65,0.65
2.009,0.9999999999999867,0p65,0.65
2.01,0.9999999999999867,0p65,0.65
2.011,0.9999999999999867,0p65,0.65
2.012,0.9999999999999867,0p65,0.65
2.013,0.9999999999999868,0p65,0.65
2.014,0.9999999999999868,0p65,0.65
2.015,0.9999999999999868,0p65,0.65
2.016,0.9999999999999868,0p65,0.65
2.017,0.9999999999999868,0p65,0.65
2.018,0.9999999999999868,0p65,0.65
2.019,0.9999999999999868,0p65,0.65
2.02,0.9999999999999868,0p65,0.65
2.021,0.9999999999999868,0p65,0.65
2.022,0.9999999999999868,0p65,0.65
2.023,0.9999999999999868,0p65,0.65
2.024,0.9999999999999868,0p65,0.65
2.025,0.9999999999999868,0p65,0.65
2.026,0.9999999999999868,0p65,0.65
2.027,0.9999999999999868,0p65,0.65
2.028,0.9999999999999868,0p65,0.65
2.029,0.9999999999999868,0p65,0.65
2.03,0.9999999999999868,0p65,0.65
2.031,0.9999999999999868,0p65,0.65
2.032,0.9999999999999868,0p65,0.65
2.033,0.9999999999999868,0p65,0.65
2.034,0.9999999999999868,0p65,0.65
2.035,0.9999999999999868,0p65,0.65
2.036,0.9999999999999868,0p65,0.65
2.037,0.9999999999999868,0p65,0.65
2.038,0.9999999999999868,0p65,0.65
2.039,0.9999999999999868,0p65,0.65
2.04,0.9999999999999868,0p65,0.65
2.041,0.9999999999999868,0p65,0.65
2.042,0.9999999999999868,0p65,0.65
2.043,0.9999999999999868,0p65,0.65
2.044,0.9999999999999868,0p65,0.65
2.045,0.9999999999999868,0p65,0.65
2.046,0.9999999999999868,0p65,0.65
2.047,0.9999999999999868,0p65,0.65
2.048,0.9999999999999868,0p65,0.65
2.049,0.9999999999999868,0p65,0.65
2.05,0.9999999999999868,0p65,0.65
2.051,0.9999999999999868,0p65,0.65
2.052,0.9999999999999868,0p65,0.65
2.053,0.9999999999999868,0p65,0.65
2.054,0.9999999999999868,0p65,0.65
2.055,0.9999999999999868,0p65,0.65
2.056,0.9999999999999868,0p65,0.65
2.057,0.9999999999999868,0p65,0.65
2.058,0.9999999999999868,0p65,0.65
2.059,0.9999999999999868,0p65,0.65
2.06,0.9999999999999868,0p65,0.65
2.061,0.9999999999999868,0p65,0.65
2.062,0.9999999999999868,0p65,0.65
2.063,0.9999999999999868,0p65,0.65
2.064,0.9999999999999868,0p65,0.65
2.065,0.9999999999999868,0p65,0.65
2.066,0.9999999999999868,0p65,0.65
2.067,0.9999999999999868,0p65,0.65
2.068,0.9999999999999868,0p65,0.65
2.069,0.9999999999999868,0p65,0.65
2.07,0.9999999999999868,0p65,0.65
2.071,0.9999999999999868,0p65,0.65
2.072,0.9999999999999868,0p65,0.65
2.073,0.9999999999999868,0p65,0.65
2.074,0.9999999999999868,0p65,0.65
2.075,0.9999999999999868,0p65,0.65
2.076,0.9999999999999868,0p65,0.65
2.077,0.9999999999999868,0p65,0.65
2.078,0.9999999999999868,0p65,0.65
2.079,0.9999999999999868,0p65,0.65
2.08,0.9999999999999868,0p65,0.65
2.081,0.9999999999999868,0p65,0.65
2.082,0.9999999999999868,0p65,0.65
2.083,0.9999999999999868,0p65,0.65
2.084,0.9999999999999868,0p65,0.65
2.085,0.9999999999999868,0p65,0.65
2.086,0.9999999999999868,0p65,0.65
2.087,0.9999999999999868,0p65,0.65
2.088,0.9999999999999868,0p65,0.65
2.089,0.9999999999999868,0p65,0.65
2.09,0.9999999999999868,0p65,0.65
2.091,0.9999999999999868,0p65,0.65
2.092,0.9999999999999868,0p65,0.65
2.093,0.9999999999999868,0p65,0.65
2.094,0.9999999999999868,0p65,0.65
2.095,0.9999999999999868,0p65,0.65
2.096,0.9999999999999868,0p65,0.65
2.097,0.9999999999999868,0p65,0.65
2.098,0.9999999999999868,0p65,0.65
2.099,0.9999999999999868,0p65,0.65
2.1,0.9999999999999868,0p65,0.65
2.101,0.9999999999999868,0p65,0.65
2.102,0.9999999999999868,0p65,0.65
2.103,0.9999999999999868,0p65,0.65
2.104,0.9999999999999868,0p65,0.65
2.105,0.9999999999999868,0p65,0.65
2.106,0.9999999999999868,0p65,0.65
2.107,0.9999999999999868,0p65,0.65
2.108,0.9999999999999868,0p65,0.65
2.109,0.9999999999999868,0p65,0.65
2.11,0.9999999999999868,0p65,0.65
2.111,0.9999999999999868,0p65,0.65
2.112,0.9999999999999868,0p65,0.65
2.113,0.9999999999999868,0p65,0.65
2.114,0.9999999999999868,0p65,0.65
2.115,0.9999999999999868,0p65,0.65
2.116,0.9999999999999868,0p65,0.65
2.117,0.9999999999999868,0p65,0.65
2.118,0.9999999999999868,0p65,0.65
2.119,0.9999999999999868,0p65,0.65
2.12,0.9999999999999868,0p65,0.65
2.121,0.9999999999999868,0p65,0.65
2.122,0.9999999999999868,0p65,0.65
2.123,0.9999999999999868,0p65,0.65
2.124,0.9999999999999868,0p65,0.65
2.125,0.9999999999999868,0p65,0.65
2.126,0.9999999999999868,0p65,0.65
2.127,0.9999999999999868,0p65,0.65
2.128,0.9999999999999868,0p65,0.65
2.129,0.9999999999999868,0p65,0.65
2.13,0.9999999999999868,0p65,0.65
2.131,0.9999999999999868,0p65,0.65
2.132,0.9999999999999868,0p65,0.65
2.133,0.9999999999999868,0p65,0.65
2.134,0.9999999999999868,0p65,0.65
2.135,0.9999999999999868,0p65,0.65
2.136,0.9999999999999868,0p65,0.65
2.137,0.9999999999999868,0p65,0.65
2.138,0.9999999999999868,0p65,0.65
2.139,0.9999999999999868,0p65,0.65
2.14,0.9999999999999868,0p65,0.65
2.141,0.9999999999999868,0p65,0.65
2.142,0.9999999999999868,0p65,0.65
2.143,0.9999999999999868,0p65,0.65
2.144,0.9999999999999868,0p65,0.65
2.145,0.9999999999999868,0p65,0.65
2.146,0.9999999999999868,0p65,0.65
2.147,0.9999999999999868,0p65,0.65
2.148,0.9999999999999868,0p65,0.65
2.149,0.9999999999999868,0p65,0.65
2.15,0.9999999999999868,0p65,0.65
2.151,0.9999999999999868,0p65,0.65
2.152,0.9999999999999868,0p65,0.65
2.153,0.9999999999999868,0p65,0.65
2.154,0.9999999999999868,0p65,0.65
2.155,0.9999999999999868,0p65,0.65
2.156,0.9999999999999868,0p65,0.65
2.157,0.9999999999999868,0p65,0.65
2.158,0.9999999999999868,0p65,0.65
2.159,0.9999999999999868,0p65,0.65
2.16,0.9999999999999868,0p65,0.65
2.161,0.9999999999999868,0p65,0.65
2.162,0.9999999999999868,0p65,0.65
2.163,0.9999999999999868,0p65,0.65
2.164,0.9999999999999868,0p65,0.65
2.165,0.9999999999999868,0p65,0.65
2.166,0.9999999999999868,0p65,0.65
2.167,0.9999999999999868,0p65,0.65
2.168,0.9999999999999868,0p65,0.65
2.169,0.9999999999999868,0p65,0.65
2.17,0.9999999999999868,0p65,0.65
2.171,0.9999999999999868,0p65,0.65
2.172,0.9999999999999868,0p65,0.65
2.173,0.9999999999999868,0p65,0.65
2.174,0.9999999999999868,0p65,0.65
2.175,0.9999999999999868,0p65,0.65
2.176,0.9999999999999868,0p65,0.65
2.177,0.9999999999999868,0p65,0.65
2.178,0.9999999999999868,0p65,0.65
2.179,0.9999999999999868,0p65,0.65
2.18,0.9999999999999868,0p65,0.65
2.181,0.9999999999999868,0p65,0.65
2.182,0.9999999999999868,0p65,0.65
2.183,0.9999999999999868,0p65,0.65
2.184,0.9999999999999868,0p65,0.65
2.185,0.9999999999999868,0p65,0.65
2.186,0.9999999999999868,0p65,0.65
2.187,0.9999999999999868,0p65,0.65
2.188,0.9999999999999868,0p65,0.65
2.189,0.9999999999999868,0p65,0.65
2.19,0.9999999999999868,0p65,0.65
2.191,0.9999999999999868,0p65,0.65
2.192,0.9999999999999868,0p65,0.65
2.193,0.9999999999999868,0p65,0.65
2.194,0.9999999999999868,0p65,0.65
2.195,0.9999999999999868,0p65,0.65
2.196,0.9999999999999868,0p65,0.65
2.197,0.9999999999999868,0p65,0.65
2.198,0.9999999999999868,0p65,0.65
2.199,0.9999999999999868,0p65,0.65
2.2,0.9999999999999868,0p65,0.65
2.201,0.9999999999999868,0p65,0.65
2.202,0.9999999999999868,0p65,0.65
2.203,0.9999999999999868,0p65,0.65
2.204,0.9999999999999868,0p65,0.65
2.205,0.9999999999999868,0p65,0.65
2.206,0.9999999999999868,0p65,0.65
2.207,0.9999999999999868,0p65,0.65
2.208,0.9999999999999868,0p65,0.65
2.209,0.9999999999999868,0p65,0.65
2.21,0.9999999999999868,0p65,0.65
2.211,0.9999999999999868,0p65,0.65
2.212,0.9999999999999868,0p65,0.65
2.213,0.9999999999999868,0p65,0.65
2.214,0.9999999999999868,0p65,0.65
2.215,0.9999999999999868,0p65,0.65
2.216,0.9999999999999868,0p65,0.65
2.217,0.9999999999999868,0p65,0.65
2.218,0.9999999999999868,0p65,0.65
2.219,0.9999999999999868,0p65,0.65
2.22,0.9999999999999868,0p65,0.65
2.221,0.9999999999999868,0p65,0.65
2.222,0.9999999999999868,0p65,0.65
2.223,0.9999999999999868,0p65,0.65
2.224,0.9999999999999868,0p65,0.65
2.225,0.9999999999999868,0p65,0.65
2.226,0.9999999999999868,0p65,0.65
2.227,0.9999999999999868,0p65,0.65
2.228,0.9999999999999868,0p65,0.65
2.229,0.9999999999999868,0p65,0.65
2.23,0.9999999999999868,0p65,0.65
2.231,0.9999999999999868,0p65,0.65
2.232,0.9999999999999868,0p65,0.65
2.233,0.9999999999999868,0p65,0.65
2.234,0.9999999999999868,0p65,0.65
2.235,0.9999999999999868,0p65,0.65
2.236,0.9999999999999868,0p65,0.65
2.237,0.9999999999999868,0p65,0.65
2.238,0.9999999999999868,0p65,0.65
2.239,0.9999999999999868,0p65,0.65
2.24,0.9999999999999868,0p65,0.65
2.241,0.9999999999999868,0p65,0.65
2.242,0.9999999999999868,0p65,0.65
2.243,0.9999999999999868,0p65,0.65
2.244,0.9999999999999868,0p65,0.65
2.245,0.9999999999999868,0p65,0.65
2.246,0.9999999999999868,0p65,0.65
2.247,0.9999999999999868,0p65,0.65
2.248,0.9999999999999868,0p65,0.65
2.249,0.9999999999999868,0p65,0.65
2.25,0.9999999999999868,0p65,0.65
2.251,0.9999999999999868,0p65,0.65
2.252,0.9999999999999868,0p65,0.65
2.253,0.9999999999999868,0p65,0.65
2.254,0.9999999999999868,0p65,0.65
2.255,0.9999999999999868,0p65,0.65
2.256,0.9999999999999868,0p65,0.65
2.257,0.9999999999999868,0p65,0.65
2.258,0.9999999999999868,0p65,0.65
2.259,0.9999999999999868,0p65,0.65
2.26,0.9999999999999868,0p65,0.65
2.261,0.9999999999999868,0p65,0.65
2.262,0.9999999999999868,0p65,0.65
2.263,0.9999999999999868,0p65,0.65
2.264,0.9999999999999868,0p65,0.65
2.265,0.9999999999999868,0p65,0.65
2.266,0.9999999999999868,0p65,0.65
2.267,0.9999999999999868,0p65,0.65
2.268,0.9999999999999868,0p65,0.65
2.269,0.9999999999999868,0p65,0.65
2.27,0.9999999999999868,0p65,0.65
2.271,0.9999999999999868,0p65,0.65
2.272,0.9999999999999868,0p65,0.65
2.273,0.9999999999999868,0p65,0.65
2.274,0.9999999999999868,0p65,0.65
2.275,0.9999999999999868,0p65,0.65
2.276,0.9999999999999868,0p65,0.65
2.277,0.9999999999999868,0p65,0.65
2.278,0.9999999999999868,0p65,0.65
2.279,0.9999999999999868,0p65,0.65
2.28,0.9999999999999868,0p65,0.65
2.281,0.9999999999999868,0p65,0.65
2.282,0.9999999999999868,0p65,0.65
2.283,0.9999999999999868,0p65,0.65
2.284,0.9999999999999868,0p65,0.65
2.285,0.9999999999999868,0p65,0.65
2.286,0.9999999999999868,0p65,0.65
2.287,0.9999999999999868,0p65,0.65
2.288,0.9999999999999868,0p65,0.65
2.289,0.9999999999999868,0p65,0.65
2.29,0.9999999999999868,0p65,0.65
2.291,0.9999999999999868,0p65,0.65
2.292,0.9999999999999868,0p65,0.65
2.293,0.9999999999999868,0p65,0.65
2.294,0.9999999999999868,0p65,0.65
2.295,0.9999999999999868,0p65,0.65
2.296,0.9999999999999868,0p65,0.65
2.297,0.9999999999999868,0p65,0.65
2.298,0.9999999999999868,0p65,0.65
2.299,0.9999999999999868,0p65,0.65
2.3,0.9999999999999868,0p65,0.65
2.301,0.9999999999999868,0p65,0.65
2.302,0.9999999999999868,0p65,0.65
2.303,0.9999999999999868,0p65,0.65
2.304,0.9999999999999868,0p65,0.65
2.305,0.9999999999999868,0p65,0.65
2.306,0.9999999999999868,0p65,0.65
2.307,0.9999999999999868,0p65,0.65
2.308,0.9999999999999868,0p65,0.65
2.309,0.9999999999999868,0p65,0.65
2.31,0.9999999999999868,0p65,0.65
2.311,0.9999999999999868,0p65,0.65
2.312,0.9999999999999868,0p65,0.65
2.313,0.9999999999999868,0p65,0.65
2.314,0.9999999999999868,0p65,0.65
2.315,0.9999999999999868,0p65,0.65
2.316,0.9999999999999868,0p65,0.65
2.317,0.9999999999999868,0p65,0.65
2.318,0.9999999999999868,0p65,0.65
2.319,0.9999999999999868,0p65,0.65
2.32,0.9999999999999868,0p65,0.65
2.321,0.9999999999999868,0p65,0.65
2.322,0.9999999999999868,0p65,0.65
2.323,0.9999999999999868,0p65,0.65
2.324,0.9999999999999868,0p65,0.65
2.325,0.9999999999999868,0p65,0.65
2.326,0.9999999999999868,0p65,0.65
2.327,0.9999999999999868,0p65,0.65
2.328,0.9999999999999868,0p65,0.65
2.329,0.9999999999999868,0p65,0.65
2.33,0.9999999999999868,0p65,0.65
2.331,0.9999999999999868,0p65,0.65
2.332,0.9999999999999868,0p65,0.65
2.333,0.9999999999999868,0p65,0.65
2.334,0.9999999999999868,0p65,0.65
2.335,0.9999999999999868,0p65,0.65
2.336,0.9999999999999868,0p65,0.65
2.337,0.9999999999999868,0p65,0.65
2.338,0.9999999999999868,0p65,0.65
2.339,0.9999999999999868,0p65,0.65
2.34,0.9999999999999868,0p65,0.65
2.341,0.9999999999999868,0p65,0.65
2.342,0.9999999999999868,0p65,0.65
2.343,0.9999999999999868,0p65,0.65
2.344,0.9999999999999868,0p65,0.65
2.345,0.9999999999999868,0p65,0.65
2.346,0.9999999999999868,0p65,0.65
2.347,0.9999999999999868,0p65,0.65
2.348,0.9999999999999868,0p65,0.65
2.349,0.9999999999999868,0p65,0.65
2.35,0.9999999999999868,0p65,0.65
2.351,0.9999999999999868,0p65,0.65
2.352,0.9999999999999868,0p65,0.65
2.353,0.9999999999999868,0p65,0.65
2.354,0.9999999999999868,0p65,0.65
2.355,0.9999999999999868,0p65,0.65
2.356,0.9999999999999868,0p65,0.65
2.357,0.9999999999999868,0p65,0.65
2.358,0.9999999999999868,0p65,0.65
2.359,0.9999999999999868,0p65,0.65
2.36,0.9999999999999868,0p65,0.65
2.361,0.9999999999999868,0p65,0.65
2.362,0.9999999999999868,0p65,0.65
2.363,0.9999999999999868,0p65,0.65
2.364,0.9999999999999868,0p65,0.65
2.365,0.9999999999999868,0p65,0.65
2.366,0.9999999999999868,0p65,0.65
2.367,0.9999999999999868,0p65,0.65
2.368,0.9999999999999868,0p65,0.65
2.369,0.9999999999999868,0p65,0.65
2.37,0.9999999999999868,0p65,0.65
2.371,0.9999999999999868,0p65,0.65
2.372,0.9999999999999868,0p65,0.65
2.373,0.9999999999999868,0p65,0.65
2.374,0.9999999999999868,0p65,0.65
2.375,0.9999999999999868,0p65,0.65
2.376,0.9999999999999868,0p65,0.65
2.377,0.9999999999999868,0p65,0.65
2.378,0.9999999999999868,0p65,0.65
2.379,0.9999999999999868,0p65,0.65
2.38,0.9999999999999868,0p65,0.65
2.381,0.9999999999999868,0p65,0.65
2.382,0.9999999999999868,0p65,0.65
2.383,0.9999999999999868,0p65,0.65
2.384,0.9999999999999868,0p65,0.65
2.385,0.9999999999999868,0p65,0.65
2.386,0.9999999999999868,0p65,0.65
2.387,0.9999999999999868,0p65,0.65
2.388,0.9999999999999868,0p65,0.65
2.389,0.9999999999999868,0p65,0.65
2.39,0.9999999999999868,0p65,0.65
2.391,0.9999999999999868,0p65,0.65
2.392,0.9999999999999868,0p65,0.65
2.393,0.9999999999999868,0p65,0.65
2.394,0.9999999999999868,0p65,0.65
2.395,0.9999999999999868,0p65,0.65
2.396,0.9999999999999868,0p65,0.65
2.397,0.9999999999999868,0p65,0.65
2.398,0.9999999999999868,0p65,0.65
2.399,0.9999999999999868,0p65,0.65
2.4,0.9999999999999868,0p65,0.65
2.401,0.9999999999999868,0p65,0.65
2.402,0.9999999999999868,0p65,0.65
2.403,0.9999999999999868,0p65,0.65
2.404,0.9999999999999868,0p65,0.65
2.405,0.9999999999999868,0p65,0.65
2.406,0.9999999999999868,0p65,0.65
2.407,0.9999999999999868,0p65,0.65
2.408,0.9999999999999868,0p65,0.65
2.409,0.9999999999999868,0p65,0.65
2.41,0.9999999999999868,0p65,0.65
2.411,0.9999999999999868,0p65,0.65
2.412,0.9999999999999868,0p65,0.65
2.413,0.9999999999999868,0p65,0.65
2.414,0.9999999999999868,0p65,0.65
2.415,0.9999999999999868,0p65,0.65
2.416,0.9999999999999868,0p65,0.65
2.417,0.9999999999999868,0p65,0.65
2.418,0.9999999999999868,0p65,0.65
2.419,0.9999999999999868,0p65,0.65
2.42,0.9999999999999868,0p65,0.65
2.421,0.9999999999999868,0p65,0.65
2.422,0.9999999999999868,0p65,0.65
2.423,0.9999999999999868,0p65,0.65
2.424,0.9999999999999868,0p65,0.65
2.425,0.9999999999999868,0p65,0.65
2.426,0.9999999999999868,0p65,0.65
2.427,0.9999999999999868,0p65,0.65
2.428,0.9999999999999868,0p65,0.65
2.429,0.9999999999999868,0p65,0.65
2.43,0.9999999999999868,0p65,0.65
2.431,0.9999999999999868,0p65,0.65
2.432,0.9999999999999868,0p65,0.65
2.433,0.9999999999999868,0p65,0.65
2.434,0.9999999999999868,0p65,0.65
2.435,0.9999999999999868,0p65,0.65
2.436,0.9999999999999868,0p65,0.65
2.437,0.9999999999999868,0p65,0.65
2.438,0.9999999999999868,0p65,0.65
2.439,0.9999999999999868,0p65,0.65
2.44,0.9999999999999868,0p65,0.65
2.441,0.9999999999999868,0p65,0.65
2.442,0.9999999999999868,0p65,0.65
2.443,0.9999999999999868,0p65,0.65
2.444,0.9999999999999868,0p65,0.65
2.445,0.9999999999999868,0p65,0.65
2.446,0.9999999999999868,0p65,0.65
2.447,0.9999999999999868,0p65,0.65
2.448,0.9999999999999868,0p65,0.65
2.449,0.9999999999999868,0p65,0.65
2.45,0.9999999999999868,0p65,0.65
2.451,0.9999999999999868,0p65,0.65
2.452,0.9999999999999868,0p65,0.65
2.453,0.9999999999999868,0p65,0.65
2.454,0.9999999999999868,0p65,0.65
2.455,0.9999999999999868,0p65,0.65
2.456,0.9999999999999868,0p65,0.65
2.457,0.9999999999999868,0p65,0.65
2.458,0.9999999999999868,0p65,0.65
2.459,0.9999999999999868,0p65,0.65
2.46,0.9999999999999868,0p65,0.65
2.461,0.9999999999999868,0p65,0.65
2.462,0.9999999999999868,0p65,0.65
2.463,0.9999999999999868,0p65,0.65
2.464,0.9999999999999868,0p65,0.65
2.465,0.9999999999999868,0p65,0.65
2.466,0.9999999999999868,0p65,0.65
2.467,0.9999999999999868,0p65,0.65
2.468,0.9999999999999868,0p65,0.65
2.469,0.9999999999999868,0p65,0.65
2.47,0.9999999999999868,0p65,0.65
2.471,0.9999999999999868,0p65,0.65
2.472,0.9999999999999868,0p65,0.65
2.473,0.9999999999999868,0p65,0.65
2.474,0.9999999999999868,0p65,0.65
2.475,0.9999999999999868,0p65,0.65
2.476,0.9999999999999868,0p65,0.65
2.477,0.9999999999999868,0p65,0.65
2.478,0.9999999999999868,0p65,0.65
2.479,0.9999999999999868,0p65,0.65
2.48,0.9999999999999868,0p65,0.65
2.481,0.9999999999999868,0p65,0.65
2.482,0.9999999999999868,0p65,0.65
2.483,0.9999999999999868,0p65,0.65
2.484,0.9999999999999868,0p65,0.65
2.485,0.9999999999999868,0p65,0.65
2.486,0.9999999999999868,0p65,0.65
2.487,0.9999999999999868,0p65,0.65
2.488,0.9999999999999868,0p65,0.65
2.489,0.9999999999999868,0p65,0.65
2.49,0.9999999999999868,0p65,0.65
2.491,0.9999999999999868,0p65,0.65
2.492,0.9999999999999868,0p65,0.65
2.493,0.9999999999999868,0p65,0.65
2.494,0.9999999999999868,0p65,0.65
2.495,0.9999999999999868,0p65,0.65
2.496,0.9999999999999868,0p65,0.65
2.497,0.9999999999999868,0p65,0.65
2.498,0.9999999999999868,0p65,0.65
2.499,0.9999999999999868,0p65,0.65
2.5,0.9999999999999868,0p65,0.65
2.501,0.9999999999999868,0p65,0.65
2.502,0.9999999999999868,0p65,0.65
2.503,0.9999999999999868,0p65,0.65
2.504,0.9999999999999868,0p65,0.65
2.505,0.9999999999999868,0p65,0.65
2.506,0.9999999999999868,0p65,0.65
2.507,0.9999999999999868,0p65,0.65
2.508,0.9999999999999868,0p65,0.65
2.509,0.9999999999999868,0p65,0.65
2.51,0.9999999999999868,0p65,0.65
2.511,0.9999999999999868,0p65,0.65
2.512,0.9999999999999868,0p65,0.65
2.513,0.9999999999999868,0p65,0.65
2.514,0.9999999999999868,0p65,0.65
2.515,0.9999999999999868,0p65,0.65
2.516,0.9999999999999868,0p65,0.65
2.517,0.9999999999999868,0p65,0.65
2.518,0.9999999999999868,0p65,0.65
2.519,0.9999999999999868,0p65,0.65
2.52,0.9999999999999868,0p65,0.65
2.521,0.9999999999999868,0p65,0.65
2.522,0.9999999999999868,0p65,0.65
2.523,0.9999999999999868,0p65,0.65
2.524,0.9999999999999868,0p65,0.65
2.525,0.9999999999999868,0p65,0.65
2.526,0.9999999999999868,0p65,0.65
2.527,0.9999999999999868,0p65,0.65
2.528,0.9999999999999868,0p65,0.65
2.529,0.9999999999999868,0p65,0.65
2.53,0.9999999999999868,0p65,0.65
2.531,0.9999999999999868,0p65,0.65
2.532,0.9999999999999868,0p65,0.65
2.533,0.9999999999999868,0p65,0.65
2.534,0.9999999999999868,0p65,0.65
2.535,0.9999999999999868,0p65,0.65
2.536,0.9999999999999868,0p65,0.65
2.537,0.9999999999999868,0p65,0.65
2.538,0.9999999999999868,0p65,0.65
2.539,0.9999999999999868,0p65,0.65
2.54,0.9999999999999868,0p65,0.65
2.541,0.9999999999999868,0p65,0.65
2.542,0.9999999999999868,0p65,0.65
2.543,0.9999999999999868,0p65,0.65
2.544,0.9999999999999868,0p65,0.65
2.545,0.9999999999999868,0p65,0.65
2.546,0.9999999999999868,0p65,0.65
2.547,0.9999999999999868,0p65,0.65
2.548,0.9999999999999868,0p65,0.65
2.549,0.9999999999999868,0p65,0.65
2.55,0.9999999999999868,0p65,0.65
2.551,0.9999999999999868,0p65,0.65
2.552,0.9999999999999868,0p65,0.65
2.553,0.9999999999999868,0p65,0.65
2.554,0.9999999999999868,0p65,0.65
2.555,0.9999999999999868,0p65,0.65
2.556,0.9999999999999868,0p65,0.65
2.557,0.9999999999999868,0p65,0.65
2.558,0.9999999999999868,0p65,0.65
2.559,0.9999999999999868,0p65,0.65
2.56,0.9999999999999868,0p65,0.65
2.561,0.9999999999999868,0p65,0.65
2.562,0.9999999999999868,0p65,0.65
2.563,0.9999999999999868,0p65,0.65
2.564,0.9999999999999868,0p65,0.65
2.565,0.9999999999999868,0p65,0.65
2.566,0.9999999999999868,0p65,0.65
2.567,0.9999999999999868,0p65,0.65
2.568,0.9999999999999868,0p65,0.65
2.569,0.9999999999999868,0p65,0.65
2.57,0.9999999999999868,0p65,0.65
2.571,0.9999999999999868,0p65,0.65
2.572,0.9999999999999868,0p65,0.65
2.573,0.9999999999999868,0p65,0.65
2.574,0.9999999999999868,0p65,0.65
2.575,0.9999999999999868,0p65,0.65
2.576,0.9999999999999868,0p65,0.65
2.577,0.9999999999999868,0p65,0.65
2.578,0.9999999999999868,0p65,0.65
2.579,0.9999999999999868,0p65,0.65
2.58,0.9999999999999868,0p65,0.65
2.581,0.9999999999999868,0p65,0.65
2.582,0.9999999999999868,0p65,0.65
2.583,0.9999999999999868,0p65,0.65
2.584,0.9999999999999868,0p65,0.65
2.585,0.9999999999999868,0p65,0.65
2.586,0.9999999999999868,0p65,0.65
2.587,0.9999999999999868,0p65,0.65
2.588,0.9999999999999868,0p65,0.65
2.589,0.9999999999999868,0p65,0.65
2.59,0.9999999999999868,0p65,0.65
2.591,0.9999999999999868,0p65,0.65
2.592,0.9999999999999868,0p65,0.65
2.593,0.9999999999999868,0p65,0.65
2.594,0.9999999999999868,0p65,0.65
2.595,0.9999999999999868,0p65,0.65
2.596,0.9999999999999868,0p65,0.65
2.597,0.9999999999999868,0p65,0.65
2.598,0.9999999999999868,0p65,0.65
2.599,0.9999999999999868,0p65,0.65
2.6,0.9999999999999868,0p65,0.65
2.601,0.9999999999999868,0p65,0.65
2.602,0.9999999999999868,0p65,0.65
2.603,0.9999999999999868,0p65,0.65
2.604,0.9999999999999868,0p65,0.65
2.605,0.9999999999999868,0p65,0.65
2.606,0.9999999999999868,0p65,0.65
2.607,0.9999999999999868,0p65,0.65
2.608,0.9999999999999868,0p65,0.65
2.609,0.9999999999999868,0p65,0.65
2.61,0.9999999999999868,0p65,0.65
2.611,0.9999999999999868,0p65,0.65
2.612,0.9999999999999868,0p65,0.65
2.613,0.9999999999999868,0p65,0.65
2.614,0.9999999999999868,0p65,0.65
2.615,0.9999999999999868,0p65,0.65
2.616,0.9999999999999868,0p65,0.65
2.617,0.9999999999999868,0p65,0.65
2.618,0.9999999999999868,0p65,0.65
2.619,0.9999999999999868,0p65,0.65
2.62,0.9999999999999868,0p65,0.65
2.621,0.9999999999999868,0p65,0.65
2.622,0.9999999999999868,0p65,0.65
2.623,0.9999999999999868,0p65,0.65
2.624,0.9999999999999868,0p65,0.65
2.625,0.9999999999999868,0p65,0.65
2.626,0.9999999999999868,0p65,0.65
2.627,0.9999999999999868,0p65,0.65
2.628,0.9999999999999868,0p65,0.65
2.629,0.9999999999999868,0p65,0.65
2.63,0.9999999999999868,0p65,0.65
2.631,0.9999999999999868,0p65,0.65
2.632,0.9999999999999868,0p65,0.65
2.633,0.9999999999999868,0p65,0.65
2.634,0.9999999999999868,0p65,0.65
2.635,0.9999999999999868,0p65,0.65
2.636,0.9999999999999868,0p65,0.65
2.637,0.9999999999999868,0p65,0.65
2.638,0.9999999999999868,0p65,0.65
2.639,0.9999999999999868,0p65,0.65
2.64,0.9999999999999868,0p65,0.65
2.641,0.9999999999999868,0p65,0.65
2.642,0.9999999999999868,0p65,0.65
2.643,0.9999999999999868,0p65,0.65
2.644,0.9999999999999868,0p65,0.65
2.645,0.9999999999999868,0p65,0.65
2.646,0.9999999999999868,0p65,0.65
2.647,0.9999999999999868,0p65,0.65
2.648,0.9999999999999868,0p65,0.65
2.649,0.9999999999999868,0p65,0.65
2.65,0.9999999999999868,0p65,0.65
2.651,0.9999999999999868,0p65,0.65
2.652,0.9999999999999868,0p65,0.65
2.653,0.9999999999999868,0p65,0.65
2.654,0.9999999999999868,0p65,0.65
2.655,0.9999999999999868,0p65,0.65
2.656,0.9999999999999868,0p65,0.65
2.657,0.9999999999999868,0p65,0.65
2.658,0.9999999999999868,0p65,0.65
2.659,0.9999999999999868,0p65,0.65
2.66,0.9999999999999868,0p65,0.65
2.661,0.9999999999999868,0p65,0.65
2.662,0.9999999999999868,0p65,0.65
2.663,0.9999999999999868,0p65,0.65
2.664,0.9999999999999868,0p65,0.65
2.665,0.9999999999999868,0p65,0.65
2.666,0.9999999999999868,0p65,0.65
2.667,0.9999999999999868,0p65,0.65
2.668,0.9999999999999868,0p65,0.65
2.669,0.9999999999999868,0p65,0.65
2.67,0.9999999999999868,0p65,0.65
2.671,0.9999999999999868,0p65,0.65
2.672,0.9999999999999868,0p65,0.65
2.673,0.9999999999999868,0p65,0.65
2.674,0.9999999999999868,0p65,0.65
2.675,0.9999999999999868,0p65,0.65
2.676,0.9999999999999868,0p65,0.65
2.677,0.9999999999999868,0p65,0.65
2.678,0.9999999999999868,0p65,0.65
2.679,0.9999999999999868,0p65,0.65
2.68,0.9999999999999868,0p65,0.65
2.681,0.9999999999999868,0p65,0.65
2.682,0.9999999999999868,0p65,0.65
2.683,0.9999999999999868,0p65,0.65
2.684,0.9999999999999868,0p65,0.65
2.685,0.9999999999999868,0p65,0.65
2.686,0.9999999999999868,0p65,0.65
2.687,0.9999999999999868,0p65,0.65
2.688,0.9999999999999868,0p65,0.65
2.689,0.9999999999999868,0p65,0.65
2.69,0.9999999999999868,0p65,0.65
2.691,0.9999999999999868,0p65,0.65
2.692,0.9999999999999868,0p65,0.65
2.693,0.9999999999999868,0p65,0.65
2.694,0.9999999999999868,0p65,0.65
2.695,0.9999999999999868,0p65,0.65
2.696,0.9999999999999868,0p65,0.65
2.697,0.9999999999999868,0p65,0.65
2.698,0.9999999999999868,0p65,0.65
2.699,0.9999999999999868,0p65,0.65
2.7,0.9999999999999868,0p65,0.65
2.701,0.9999999999999868,0p65,0.65
2.702,0.9999999999999868,0p65,0.65
2.703,0.9999999999999868,0p65,0.65
2.704,0.9999999999999868,0p65,0.65
2.705,0.9999999999999868,0p65,0.65
2.706,0.9999999999999868,0p65,0.65
2.707,0.9999999999999868,0p65,0.65
2.708,0.9999999999999868,0p65,0.65
2.709,0.9999999999999868,0p65,0.65
2.71,0.9999999999999868,0p65,0.65
2.711,0.9999999999999868,0p65,0.65
2.712,0.9999999999999868,0p65,0.65
2.713,0.9999999999999868,0p65,0.65
2.714,0.9999999999999868,0p65,0.65
2.715,0.9999999999999868,0p65,0.65
2.716,0.9999999999999868,0p65,0.65
2.717,0.9999999999999868,0p65,0.65
2.718,0.9999999999999868,0p65,0.65
2.719,0.9999999999999868,0p65,0.65
2.72,0.9999999999999868,0p65,0.65
2.721,0.9999999999999868,0p65,0.65
2.722,0.9999999999999868,0p65,0.65
2.723,0.9999999999999868,0p65,0.65
2.724,0.9999999999999868,0p65,0.65
2.725,0.9999999999999868,0p65,0.65
2.726,0.9999999999999868,0p65,0.65
2.727,0.9999999999999868,0p65,0.65
2.728,0.9999999999999868,0p65,0.65
2.729,0.9999999999999868,0p65,0.65
2.73,0.9999999999999868,0p65,0.65
2.731,0.9999999999999868,0p65,0.65
2.732,0.9999999999999868,0p65,0.65
2.733,0.9999999999999868,0p65,0.65
2.734,0.9999999999999868,0p65,0.65
2.735,0.9999999999999868,0p65,0.65
2.736,0.9999999999999868,0p65,0.65
2.737,0.9999999999999868,0p65,0.65
2.738,0.9999999999999868,0p65,0.65
2.739,0.9999999999999868,0p65,0.65
2.74,0.9999999999999868,0p65,0.65
2.741,0.9999999999999868,0p65,0.65
2.742,0.9999999999999868,0p65,0.65
2.743,0.9999999999999868,0p65,0.65
2.744,0.9999999999999868,0p65,0.65
2.745,0.9999999999999868,0p65,0.65
2.746,0.9999999999999868,0p65,0.65
2.747,0.9999999999999868,0p65,0.65
2.748,0.9999999999999868,0p65,0.65
2.749,0.9999999999999868,0p65,0.65
2.75,0.9999999999999868,0p65,0.65
2.751,0.9999999999999868,0p65,0.65
2.752,0.9999999999999868,0p65,0.65
2.753,0.9999999999999868,0p65,0.65
2.754,0.9999999999999868,0p65,0.65
2.755,0.9999999999999868,0p65,0.65
2.756,0.9999999999999868,0p65,0.65
2.757,0.9999999999999868,0p65,0.65
2.758,0.9999999999999868,0p65,0.65
2.759,0.9999999999999868,0p65,0.65
2.76,0.9999999999999868,0p65,0.65
2.761,0.9999999999999868,0p65,0.65
2.762,0.9999999999999868,0p65,0.65
2.763,0.9999999999999868,0p65,0.65
2.764,0.9999999999999868,0p65,0.65
2.765,0.9999999999999868,0p65,0.65
2.766,0.9999999999999868,0p65,0.65
2.767,0.9999999999999868,0p65,0.65
2.768,0.9999999999999868,0p65,0.65
2.769,0.9999999999999868,0p65,0.65
2.77,0.9999999999999868,0p65,0.65
2.771,0.9999999999999868,0p65,0.65
2.772,0.9999999999999868,0p65,0.65
2.773,0.9999999999999868,0p65,0.65
2.774,0.9999999999999868,0p65,0.65
2.775,0.9999999999999868,0p65,0.65
2.776,0.9999999999999868,0p65,0.65
2.777,0.9999999999999868,0p65,0.65
2.778,0.9999999999999868,0p65,0.65
2.779,0.9999999999999868,0p65,0.65
2.78,0.9999999999999868,0p65,0.65
2.781,0.9999999999999868,0p65,0.65
2.782,0.9999999999999868,0p65,0.65
2.783,0.9999999999999868,0p65,0.65
2.784,0.9999999999999868,0p65,0.65
2.785,0.9999999999999868,0p65,0.65
2.786,0.9999999999999868,0p65,0.65
2.787,0.9999999999999868,0p65,0.65
2.788,0.9999999999999868,0p65,0.65
2.789,0.9999999999999868,0p65,0.65
2.79,0.9999999999999868,0p65,0.65
2.791,0.9999999999999868,0p65,0.65
2.792,0.9999999999999868,0p65,0.65
2.793,0.9999999999999868,0p65,0.65
2.794,0.9999999999999868,0p65,0.65
2.795,0.9999999999999868,0p65,0.65
2.796,0.9999999999999868,0p65,0.65
2.797,0.9999999999999868,0p65,0.65
2.798,0.9999999999999868,0p65,0.65
2.799,0.9999999999999868,0p65,0.65
2.8,0.9999999999999868,0p65,0.65
2.801,0.9999999999999868,0p65,0.65
2.802,0.9999999999999868,0p65,0.65
2.803,0.9999999999999868,0p65,0.65
2.804,0.9999999999999868,0p65,0.65
2.805,0.9999999999999868,0p65,0.65
2.806,0.9999999999999868,0p65,0.65
2.807,0.9999999999999868,0p65,0.65
2.808,0.9999999999999868,0p65,0.65
2.809,0.9999999999999868,0p65,0.65
2.81,0.9999999999999868,0p65,0.65
2.811,0.9999999999999868,0p65,0.65
2.812,0.9999999999999868,0p65,0.65
2.813,0.9999999999999868,0p65,0.65
2.814,0.9999999999999868,0p65,0.65
2.815,0.9999999999999868,0p65,0.65
2.816,0.9999999999999868,0p65,0.65
2.817,0.9999999999999868,0p65,0.65
2.818,0.9999999999999868,0p65,0.65
2.819,0.9999999999999868,0p65,0.65
2.82,0.9999999999999868,0p65,0.65
2.821,0.9999999999999868,0p65,0.65
2.822,0.9999999999999868,0p65,0.65
2.823,0.9999999999999868,0p65,0.65
2.824,0.9999999999999868,0p65,0.65
2.825,0.9999999999999868,0p65,0.65
2.826,0.9999999999999868,0p65,0.65
2.827,0.9999999999999868,0p65,0.65
2.828,0.9999999999999868,0p65,0.65
2.829,0.9999999999999868,0p65,0.65
2.83,0.9999999999999868,0p65,0.65
2.831,0.9999999999999868,0p65,0.65
2.832,0.9999999999999868,0p65,0.65
2.833,0.9999999999999868,0p65,0.65
2.834,0.9999999999999868,0p65,0.65
2.835,0.9999999999999868,0p65,0.65
2.836,0.9999999999999868,0p65,0.65
2.837,0.9999999999999868,0p65,0.65
2.838,0.9999999999999868,0p65,0.65
2.839,0.9999999999999868,0p65,0.65
2.84,0.9999999999999868,0p65,0.65
2.841,0.9999999999999868,0p65,0.65
2.842,0.9999999999999868,0p65,0.65
2.843,0.9999999999999868,0p65,0.65
2.844,0.9999999999999868,0p65,0.65
2.845,0.9999999999999868,0p65,0.65
2.846,0.9999999999999868,0p65,0.65
2.847,0.9999999999999868,0p65,0.65
2.848,0.9999999999999868,0p65,0.65
2.849,0.9999999999999868,0p65,0.65
2.85,0.9999999999999868,0p65,0.65
2.851,0.9999999999999868,0p65,0.65
2.852,0.9999999999999868,0p65,0.65
2.853,0.9999999999999868,0p65,0.65
2.854,0.9999999999999868,0p65,0.65
2.855,0.9999999999999868,0p65,0.65
2.856,0.9999999999999868,0p65,0.65
2.857,0.9999999999999868,0p65,0.65
2.858,0.9999999999999868,0p65,0.65
2.859,0.9999999999999868,0p65,0.65
2.86,0.9999999999999868,0p65,0.65
2.861,0.9999999999999868,0p65,0.65
2.862,0.9999999999999868,0p65,0.65
2.863,0.9999999999999868,0p65,0.65
2.864,0.9999999999999868,0p65,0.65
2.865,0.9999999999999868,0p65,0.65
2.866,0.9999999999999868,0p65,0.65
2.867,0.9999999999999868,0p65,0.65
2.868,0.9999999999999868,0p65,0.65
2.869,0.9999999999999868,0p65,0.65
2.87,0.9999999999999868,0p65,0.65
2.871,0.9999999999999868,0p65,0.65
2.872,0.9999999999999868,0p65,0.65
2.873,0.9999999999999868,0p65,0.65
2.874,0.9999999999999868,0p65,0.65
2.875,0.9999999999999868,0p65,0.65
2.876,0.9999999999999868,0p65,0.65
2.877,0.9999999999999868,0p65,0.65
2.878,0.9999999999999868,0p65,0.65
2.879,0.9999999999999868,0p65,0.65
2.88,0.9999999999999868,0p65,0.65
2.881,0.9999999999999868,0p65,0.65
2.882,0.9999999999999868,0p65,0.65
2.883,0.9999999999999868,0p65,0.65
2.884,0.9999999999999868,0p65,0.65
2.885,0.9999999999999868,0p65,0.65
2.886,0.9999999999999868,0p65,0.65
2.887,0.9999999999999868,0p65,0.65
2.888,0.9999999999999868,0p65,0.65
2.889,0.9999999999999868,0p65,0.65
2.89,0.9999999999999868,0p65,0.65
2.891,0.9999999999999868,0p65,0.65
2.892,0.9999999999999868,0p65,0.65
2.893,0.9999999999999868,0p65,0.65
2.894,0.9999999999999868,0p65,0.65
2.895,0.9999999999999868,0p65,0.65
2.896,0.9999999999999868,0p65,0.65
2.897,0.9999999999999868,0p65,0.65
2.898,0.9999999999999868,0p65,0.65
2.899,0.9999999999999868,0p65,0.65
2.9,0.9999999999999868,0p65,0.65
2.901,0.9999999999999868,0p65,0.65
2.902,0.9999999999999868,0p65,0.65
2.903,0.9999999999999868,0p65,0.65
2.904,0.9999999999999868,0p65,0.65
2.905,0.9999999999999868,0p65,0.65
2.906,0.9999999999999868,0p65,0.65
2.907,0.9999999999999868,0p65,0.65
2.908,0.9999999999999868,0p65,0.65
2.909,0.9999999999999868,0p65,0.65
2.91,0.9999999999999868,0p65,0.65
2.911,0.9999999999999868,0p65,0.65
2.912,0.9999999999999868,0p65,0.65
2.913,0.9999999999999868,0p65,0.65
2.914,0.9999999999999868,0p65,0.65
2.915,0.9999999999999868,0p65,0.65
2.916,0.9999999999999868,0p65,0.65
2.917,0.9999999999999868,0p65,0.65
2.918,0.9999999999999868,0p65,0.65
2.919,0.9999999999999868,0p65,0.65
2.92,0.9999999999999868,0p65,0.65
2.921,0.9999999999999868,0p65,0.65
2.922,0.9999999999999868,0p65,0.65
2.923,0.9999999999999868,0p65,0.65
2.924,0.9999999999999868,0p65,0.65
2.925,0.9999999999999868,0p65,0.65
2.926,0.9999999999999868,0p65,0.65
2.927,0.9999999999999868,0p65,0.65
2.928,0.9999999999999868,0p65,0.65
2.929,0.9999999999999868,0p65,0.65
2.93,0.9999999999999868,0p65,0.65
2.931,0.9999999999999868,0p65,0.65
2.932,0.9999999999999868,0p65,0.65
2.933,0.9999999999999868,0p65,0.65
2.934,0.9999999999999868,0p65,0.65
2.935,0.9999999999999868,0p65,0.65
2.936,0.9999999999999868,0p65,0.65
2.937,0.9999999999999868,0p65,0.65
2.938,0.9999999999999868,0p65,0.65
2.939,0.9999999999999868,0p65,0.65
2.94,0.9999999999999868,0p65,0.65
2.941,0.9999999999999868,0p65,0.65
2.942,0.9999999999999868,0p65,0.65
2.943,0.9999999999999868,0p65,0.65
2.944,0.9999999999999868,0p65,0.65
2.945,0.9999999999999868,0p65,0.65
2.946,0.9999999999999868,0p65,0.65
2.947,0.9999999999999868,0p65,0.65
2.948,0.9999999999999868,0p65,0.65
2.949,0.9999999999999868,0p65,0.65
2.95,0.9999999999999868,0p65,0.65
2.951,0.9999999999999868,0p65,0.65
2.952,0.9999999999999868,0p65,0.65
2.953,0.9999999999999868,0p65,0.65
2.954,0.9999999999999868,0p65,0.65
2.955,0.9999999999999868,0p65,0.65
2.956,0.9999999999999868,0p65,0.65
2.957,0.9999999999999868,0p65,0.65
2.958,0.9999999999999868,0p65,0.65
2.959,0.9999999999999868,0p65,0.65
2.96,0.9999999999999868,0p65,0.65
2.961,0.9999999999999868,0p65,0.65
2.962,0.9999999999999868,0p65,0.65
2.963,0.9999999999999868,0p65,0.65
2.964,0.9999999999999868,0p65,0.65
2.965,0.9999999999999868,0p65,0.65
2.966,0.9999999999999868,0p65,0.65
2.967,0.9999999999999868,0p65,0.65
2.968,0.9999999999999868,0p65,0.65
2.969,0.9999999999999868,0p65,0.65
2.97,0.9999999999999868,0p65,0.65
2.971,0.9999999999999868,0p65,0.65
2.972,0.9999999999999868,0p65,0.65
2.973,0.9999999999999868,0p65,0.65
2.974,0.9999999999999868,0p65,0.65
2.975,0.9999999999999868,0p65,0.65
2.976,0.9999999999999868,0p65,0.65
2.977,0.9999999999999868,0p65,0.65
2.978,0.9999999999999868,0p65,0.65
2.979,0.9999999999999868,0p65,0.65
2.98,0.9999999999999868,0p65,0.65
2.981,0.9999999999999868,0p65,0.65
2.982,0.9999999999999868,0p65,0.65
2.983,0.9999999999999868,0p65,0.65
2.984,0.9999999999999868,0p65,0.65
2.985,0.9999999999999868,0p65,0.65
2.986,0.9999999999999868,0p65,0.65
2.987,0.9999999999999868,0p65,0.65
2.988,0.9999999999999868,0p65,0.65
2.989,0.9999999999999868,0p65,0.65
2.99,0.9999999999999868,0p65,0.65
2.991,0.9999999999999868,0p65,0.65
2.992,0.9999999999999868,0p65,0.65
2.993,0.9999999999999868,0p65,0.65
2.994,0.9999999999999868,0p65,0.65
2.995,0.9999999999999868,0p65,0.65
2.996,0.9999999999999868,0p65,0.65
2.997,0.9999999999999868,0p65,0.65
2.998,0.9999999999999868,0p65,0.65
2.999,0.9999999999999868,0p65,0.65
3.0,0.9999999999999868,0p65,0.65
3.0,0.9999999999999868,0p65,0.65
