time,BESS.terminal.V.re,case,UEvtPu
0.0,1.000000000000002,0p85,0.85
0.001,0.9999999999999969,0p85,0.85
0.002,0.9999999999999948,0p85,0.85
0.003,0.9999999999999939,0p85,0.85
0.004,0.9999999999999932,0p85,0.85
0.005,0.9999999999999932,0p85,0.85
0.006,0.9999999999999934,0p85,0.85
0.007,0.9999999999999936,0p85,0.85
0.008,0.9999999999999936,0p85,0.85
0.009,0.9999999999999937,0p85,0.85
0.01,0.9999999999999939,0p85,0.85
0.011,0.999999999999994,0p85,0.85
0.012,0.999999999999994,0p85,0.85
0.013,0.999999999999994,0p85,0.85
0.014,0.999999999999994,0p85,0.85
0.015,0.999999999999994,0p85,0.85
0.016,0.999999999999994,0p85,0.85
0.017,0.999999999999994,0p85,0.85
0.018,0.999999999999994,0p85,0.85
0.019,0.999999999999994,0p85,0.85
0.02,0.999999999999994,0p85,0.85
0.021,0.999999999999994,0p85,0.85
0.022,0.999999999999994,0p85,0.85
0.023,0.999999999999994,0p85,0.85
0.024,0.999999999999994,0p85,0.85
0.025,0.999999999999994,0p85,0.85
0.026,0.999999999999994,0p85,0.85
0.027,0.999999999999994,0p85,0.85
0.028,0.999999999999994,0p85,0.85
0.029,0.999999999999994,0p85,0.85
0.03,0.999999999999994,0p85,0.85
0.031,0.999999999999994,0p85,0.85
0.032,0.999999999999994,0p85,0.85
0.033,0.999999999999994,0p85,0.85
0.034,0.999999999999994,0p85,0.85
0.035,0.999999999999994,0p85,0.85
0.036,0.999999999999994,0p85,0.85
0.037,0.999999999999994,0p85,0.85
0.038,0.999999999999994,0p85,0.85
0.039,0.999999999999994,0p85,0.85
0.04,0.999999999999994,0p85,0.85
0.041,0.999999999999994,0p85,0.85
0.042,0.999999999999994,0p85,0.85
0.043,0.999999999999994,0p85,0.85
0.044,0.9999999999999941,0p85,0.85
0.045,0.9999999999999941,0p85,0.85
0.046,0.9999999999999941,0p85,0.85
0.047,0.9999999999999941,0p85,0.85
0.048,0.9999999999999941,0p85,0.85
0.049,0.9999999999999941,0p85,0.85
0.05,0.9999999999999941,0p85,0.85
0.051,0.9999999999999941,0p85,0.85
0.052,0.9999999999999941,0p85,0.85
0.053,0.9999999999999941,0p85,0.85
0.054,0.9999999999999941,0p85,0.85
0.055,0.9999999999999941,0p85,0.85
0.056,0.9999999999999941,0p85,0.85
0.057,0.9999999999999941,0p85,0.85
0.058,0.9999999999999941,0p85,0.85
0.059,0.9999999999999941,0p85,0.85
0.06,0.9999999999999941,0p85,0.85
0.061,0.9999999999999941,0p85,0.85
0.062,0.9999999999999941,0p85,0.85
0.063,0.9999999999999941,0p85,0.85
0.064,0.9999999999999941,0p85,0.85
0.065,0.9999999999999941,0p85,0.85
0.066,0.9999999999999941,0p85,0.85
0.067,0.9999999999999941,0p85,0.85
0.068,0.9999999999999941,0p85,0.85
0.069,0.9999999999999941,0p85,0.85
0.07,0.9999999999999941,0p85,0.85
0.071,0.9999999999999941,0p85,0.85
0.072,0.9999999999999941,0p85,0.85
0.073,0.9999999999999941,0p85,0.85
0.074,0.9999999999999941,0p85,0.85
0.075,0.9999999999999941,0p85,0.85
0.076,0.9999999999999941,0p85,0.85
0.077,0.9999999999999941,0p85,0.85
0.078,0.9999999999999941,0p85,0.85
0.079,0.9999999999999941,0p85,0.85
0.08,0.9999999999999941,0p85,0.85
0.081,0.9999999999999941,0p85,0.85
0.082,0.9999999999999941,0p85,0.85
0.083,0.9999999999999941,0p85,0.85
0.084,0.9999999999999941,0p85,0.85
0.085,0.9999999999999941,0p85,0.85
0.086,0.9999999999999941,0p85,0.85
0.087,0.9999999999999941,0p85,0.85
0.088,0.9999999999999941,0p85,0.85
0.089,0.9999999999999941,0p85,0.85
0.09,0.9999999999999941,0p85,0.85
0.091,0.9999999999999941,0p85,0.85
0.092,0.9999999999999941,0p85,0.85
0.093,0.9999999999999941,0p85,0.85
0.094,0.9999999999999941,0p85,0.85
0.095,0.9999999999999941,0p85,0.85
0.096,0.9999999999999941,0p85,0.85
0.097,0.9999999999999941,0p85,0.85
0.098,0.9999999999999941,0p85,0.85
0.099,0.9999999999999941,0p85,0.85
0.1,0.9999999999999941,0p85,0.85
0.101,0.9999999999999941,0p85,0.85
0.102,0.9999999999999941,0p85,0.85
0.103,0.9999999999999941,0p85,0.85
0.104,0.9999999999999941,0p85,0.85
0.105,0.9999999999999941,0p85,0.85
0.106,0.9999999999999941,0p85,0.85
0.107,0.9999999999999941,0p85,0.85
0.108,0.9999999999999941,0p85,0.85
0.109,0.9999999999999941,0p85,0.85
0.11,0.9999999999999941,0p85,0.85
0.111,0.9999999999999941,0p85,0.85
0.112,0.9999999999999941,0p85,0.85
0.113,0.9999999999999941,0p85,0.85
0.114,0.9999999999999941,0p85,0.85
0.115,0.9999999999999941,0p85,0.85
0.116,0.9999999999999941,0p85,0.85
0.117,0.9999999999999941,0p85,0.85
0.118,0.9999999999999941,0p85,0.85
0.119,0.9999999999999941,0p85,0.85
0.12,0.9999999999999941,0p85,0.85
0.121,0.9999999999999941,0p85,0.85
0.122,0.9999999999999941,0p85,0.85
0.123,0.9999999999999941,0p85,0.85
0.124,0.9999999999999941,0p85,0.85
0.125,0.9999999999999941,0p85,0.85
0.126,0.9999999999999941,0p85,0.85
0.127,0.9999999999999941,0p85,0.85
0.128,0.9999999999999941,0p85,0.85
0.129,0.9999999999999941,0p85,0.85
0.13,0.9999999999999941,0p85,0.85
0.131,0.9999999999999941,0p85,0.85
0.132,0.9999999999999941,0p85,0.85
0.133,0.9999999999999941,0p85,0.85
0.134,0.9999999999999941,0p85,0.85
0.135,0.9999999999999941,0p85,0.85
0.136,0.9999999999999941,0p85,0.85
0.137,0.9999999999999941,0p85,0.85
0.138,0.9999999999999941,0p85,0.85
0.139,0.9999999999999941,0p85,0.85
0.14,0.9999999999999941,0p85,0.85
0.141,0.9999999999999941,0p85,0.85
0.142,0.9999999999999941,0p85,0.85
0.143,0.9999999999999941,0p85,0.85
0.144,0.9999999999999941,0p85,0.85
0.145,0.9999999999999941,0p85,0.85
0.146,0.9999999999999941,0p85,0.85
0.147,0.9999999999999941,0p85,0.85
0.148,0.9999999999999941,0p85,0.85
0.149,0.9999999999999941,0p85,0.85
0.15,0.9999999999999941,0p85,0.85
0.151,0.9999999999999941,0p85,0.85
0.152,0.9999999999999941,0p85,0.85
0.153,0.9999999999999941,0p85,0.85
0.154,0.9999999999999941,0p85,0.85
0.155,0.9999999999999941,0p85,0.85
0.156,0.9999999999999941,0p85,0.85
0.157,0.9999999999999941,0p85,0.85
0.158,0.9999999999999941,0p85,0.85
0.159,0.9999999999999941,0p85,0.85
0.16,0.9999999999999941,0p85,0.85
0.161,0.9999999999999941,0p85,0.85
0.162,0.9999999999999941,0p85,0.85
0.163,0.9999999999999941,0p85,0.85
0.164,0.9999999999999941,0p85,0.85
0.165,0.9999999999999941,0p85,0.85
0.166,0.9999999999999941,0p85,0.85
0.167,0.9999999999999941,0p85,0.85
0.168,0.9999999999999941,0p85,0.85
0.169,0.9999999999999941,0p85,0.85
0.17,0.9999999999999941,0p85,0.85
0.171,0.9999999999999941,0p85,0.85
0.172,0.9999999999999941,0p85,0.85
0.173,0.9999999999999941,0p85,0.85
0.174,0.9999999999999941,0p85,0.85
0.175,0.9999999999999941,0p85,0.85
0.176,0.9999999999999941,0p85,0.85
0.177,0.9999999999999941,0p85,0.85
0.178,0.9999999999999941,0p85,0.85
0.179,0.9999999999999941,0p85,0.85
0.18,0.9999999999999941,0p85,0.85
0.181,0.9999999999999941,0p85,0.85
0.182,0.9999999999999941,0p85,0.85
0.183,0.9999999999999941,0p85,0.85
0.184,0.9999999999999941,0p85,0.85
0.185,0.9999999999999941,0p85,0.85
0.186,0.9999999999999941,0p85,0.85
0.187,0.9999999999999941,0p85,0.85
0.188,0.9999999999999941,0p85,0.85
0.189,0.9999999999999941,0p85,0.85
0.19,0.9999999999999941,0p85,0.85
0.191,0.9999999999999941,0p85,0.85
0.192,0.9999999999999941,0p85,0.85
0.193,0.9999999999999941,0p85,0.85
0.194,0.9999999999999941,0p85,0.85
0.195,0.9999999999999941,0p85,0.85
0.196,0.9999999999999941,0p85,0.85
0.197,0.9999999999999941,0p85,0.85
0.198,0.9999999999999941,0p85,0.85
0.199,0.9999999999999941,0p85,0.85
0.2,0.9999999999999941,0p85,0.85
0.201,0.9999999999999941,0p85,0.85
0.202,0.9999999999999941,0p85,0.85
0.203,0.9999999999999941,0p85,0.85
0.204,0.9999999999999941,0p85,0.85
0.205,0.9999999999999941,0p85,0.85
0.206,0.9999999999999941,0p85,0.85
0.207,0.9999999999999941,0p85,0.85
0.208,0.9999999999999941,0p85,0.85
0.209,0.9999999999999941,0p85,0.85
0.21,0.9999999999999941,0p85,0.85
0.211,0.9999999999999941,0p85,0.85
0.212,0.9999999999999941,0p85,0.85
0.213,0.9999999999999941,0p85,0.85
0.214,0.9999999999999941,0p85,0.85
0.215,0.9999999999999941,0p85,0.85
0.216,0.9999999999999941,0p85,0.85
0.217,0.9999999999999941,0p85,0.85
0.218,0.9999999999999941,0p85,0.85
0.219,0.9999999999999941,0p85,0.85
0.22,0.9999999999999941,0p85,0.85
0.221,0.9999999999999941,0p85,0.85
0.222,0.9999999999999941,0p85,0.85
0.223,0.9999999999999941,0p85,0.85
0.224,0.9999999999999941,0p85,0.85
0.225,0.9999999999999941,0p85,0.85
0.226,0.9999999999999941,0p85,0.85
0.227,0.9999999999999941,0p85,0.85
0.228,0.9999999999999941,0p85,0.85
0.229,0.9999999999999941,0p85,0.85
0.23,0.9999999999999941,0p85,0.85
0.231,0.9999999999999941,0p85,0.85
0.232,0.9999999999999941,0p85,0.85
0.233,0.9999999999999941,0p85,0.85
0.234,0.9999999999999941,0p85,0.85
0.235,0.9999999999999941,0p85,0.85
0.236,0.9999999999999941,0p85,0.85
0.237,0.9999999999999941,0p85,0.85
0.238,0.9999999999999941,0p85,0.85
0.239,0.9999999999999941,0p85,0.85
0.24,0.9999999999999941,0p85,0.85
0.241,0.9999999999999941,0p85,0.85
0.242,0.9999999999999941,0p85,0.85
0.243,0.9999999999999941,0p85,0.85
0.244,0.9999999999999941,0p85,0.85
0.245,0.9999999999999941,0p85,0.85
0.246,0.9999999999999941,0p85,0.85
0.247,0.9999999999999941,0p85,0.85
0.248,0.9999999999999941,0p85,0.85
0.249,0.9999999999999941,0p85,0.85
0.25,0.9999999999999941,0p85,0.85
0.251,0.9999999999999941,0p85,0.85
0.252,0.9999999999999941,0p85,0.85
0.253,0.9999999999999941,0p85,0.85
0.254,0.9999999999999941,0p85,0.85
0.255,0.9999999999999941,0p85,0.85
0.256,0.9999999999999941,0p85,0.85
0.257,0.9999999999999941,0p85,0.85
0.258,0.9999999999999941,0p85,0.85
0.259,0.9999999999999941,0p85,0.85
0.26,0.9999999999999941,0p85,0.85
0.261,0.9999999999999941,0p85,0.85
0.262,0.9999999999999941,0p85,0.85
0.263,0.9999999999999941,0p85,0.85
0.264,0.9999999999999941,0p85,0.85
0.265,0.9999999999999941,0p85,0.85
0.266,0.9999999999999941,0p85,0.85
0.267,0.9999999999999941,0p85,0.85
0.268,0.9999999999999941,0p85,0.85
0.269,0.9999999999999941,0p85,0.85
0.27,0.9999999999999941,0p85,0.85
0.271,0.9999999999999941,0p85,0.85
0.272,0.9999999999999941,0p85,0.85
0.273,0.9999999999999941,0p85,0.85
0.274,0.9999999999999941,0p85,0.85
0.275,0.9999999999999941,0p85,0.85
0.276,0.9999999999999941,0p85,0.85
0.277,0.9999999999999941,0p85,0.85
0.278,0.9999999999999941,0p85,0.85
0.279,0.9999999999999941,0p85,0.85
0.28,0.9999999999999941,0p85,0.85
0.281,0.9999999999999941,0p85,0.85
0.282,0.9999999999999941,0p85,0.85
0.283,0.9999999999999941,0p85,0.85
0.284,0.9999999999999941,0p85,0.85
0.285,0.9999999999999941,0p85,0.85
0.286,0.9999999999999941,0p85,0.85
0.287,0.9999999999999941,0p85,0.85
0.288,0.9999999999999941,0p85,0.85
0.289,0.9999999999999941,0p85,0.85
0.29,0.9999999999999941,0p85,0.85
0.291,0.9999999999999941,0p85,0.85
0.292,0.9999999999999941,0p85,0.85
0.293,0.9999999999999941,0p85,0.85
0.294,0.9999999999999941,0p85,0.85
0.295,0.9999999999999941,0p85,0.85
0.296,0.9999999999999941,0p85,0.85
0.297,0.9999999999999941,0p85,0.85
0.298,0.9999999999999941,0p85,0.85
0.299,0.9999999999999941,0p85,0.85
0.3,0.9999999999999941,0p85,0.85
0.301,0.9999999999999941,0p85,0.85
0.302,0.9999999999999941,0p85,0.85
0.303,0.9999999999999941,0p85,0.85
0.304,0.9999999999999941,0p85,0.85
0.305,0.9999999999999941,0p85,0.85
0.306,0.9999999999999941,0p85,0.85
0.307,0.9999999999999941,0p85,0.85
0.308,0.9999999999999941,0p85,0.85
0.309,0.9999999999999941,0p85,0.85
0.31,0.9999999999999941,0p85,0.85
0.311,0.9999999999999941,0p85,0.85
0.312,0.9999999999999941,0p85,0.85
0.313,0.9999999999999941,0p85,0.85
0.314,0.9999999999999941,0p85,0.85
0.315,0.9999999999999941,0p85,0.85
0.316,0.9999999999999941,0p85,0.85
0.317,0.9999999999999941,0p85,0.85
0.318,0.9999999999999941,0p85,0.85
0.319,0.9999999999999941,0p85,0.85
0.32,0.9999999999999941,0p85,0.85
0.321,0.9999999999999941,0p85,0.85
0.322,0.9999999999999941,0p85,0.85
0.323,0.9999999999999941,0p85,0.85
0.324,0.9999999999999941,0p85,0.85
0.325,0.9999999999999941,0p85,0.85
0.326,0.9999999999999941,0p85,0.85
0.327,0.9999999999999941,0p85,0.85
0.328,0.9999999999999941,0p85,0.85
0.329,0.9999999999999941,0p85,0.85
0.33,0.9999999999999941,0p85,0.85
0.331,0.9999999999999941,0p85,0.85
0.332,0.9999999999999941,0p85,0.85
0.333,0.9999999999999941,0p85,0.85
0.334,0.9999999999999941,0p85,0.85
0.335,0.9999999999999941,0p85,0.85
0.336,0.9999999999999941,0p85,0.85
0.337,0.9999999999999941,0p85,0.85
0.338,0.9999999999999941,0p85,0.85
0.339,0.9999999999999941,0p85,0.85
0.34,0.9999999999999941,0p85,0.85
0.341,0.9999999999999941,0p85,0.85
0.342,0.9999999999999941,0p85,0.85
0.343,0.9999999999999941,0p85,0.85
0.344,0.9999999999999941,0p85,0.85
0.345,0.9999999999999941,0p85,0.85
0.346,0.9999999999999941,0p85,0.85
0.347,0.9999999999999941,0p85,0.85
0.348,0.9999999999999941,0p85,0.85
0.349,0.9999999999999941,0p85,0.85
0.35,0.9999999999999941,0p85,0.85
0.351,0.9999999999999941,0p85,0.85
0.352,0.9999999999999941,0p85,0.85
0.353,0.9999999999999941,0p85,0.85
0.354,0.9999999999999941,0p85,0.85
0.355,0.9999999999999941,0p85,0.85
0.356,0.9999999999999941,0p85,0.85
0.357,0.9999999999999941,0p85,0.85
0.358,0.9999999999999941,0p85,0.85
0.359,0.9999999999999941,0p85,0.85
0.36,0.9999999999999941,0p85,0.85
0.361,0.9999999999999941,0p85,0.85
0.362,0.9999999999999941,0p85,0.85
0.363,0.9999999999999941,0p85,0.85
0.364,0.9999999999999941,0p85,0.85
0.365,0.9999999999999941,0p85,0.85
0.366,0.9999999999999941,0p85,0.85
0.367,0.9999999999999941,0p85,0.85
0.368,0.9999999999999941,0p85,0.85
0.369,0.9999999999999941,0p85,0.85
0.37,0.9999999999999941,0p85,0.85
0.371,0.9999999999999941,0p85,0.85
0.372,0.9999999999999941,0p85,0.85
0.373,0.9999999999999941,0p85,0.85
0.374,0.9999999999999941,0p85,0.85
0.375,0.9999999999999941,0p85,0.85
0.376,0.9999999999999941,0p85,0.85
0.377,0.9999999999999941,0p85,0.85
0.378,0.9999999999999941,0p85,0.85
0.379,0.9999999999999941,0p85,0.85
0.38,0.9999999999999941,0p85,0.85
0.381,0.9999999999999941,0p85,0.85
0.382,0.9999999999999941,0p85,0.85
0.383,0.9999999999999941,0p85,0.85
0.384,0.9999999999999941,0p85,0.85
0.385,0.9999999999999941,0p85,0.85
0.386,0.9999999999999941,0p85,0.85
0.387,0.9999999999999941,0p85,0.85
0.388,0.9999999999999941,0p85,0.85
0.389,0.9999999999999941,0p85,0.85
0.39,0.9999999999999941,0p85,0.85
0.391,0.9999999999999941,0p85,0.85
0.392,0.9999999999999941,0p85,0.85
0.393,0.9999999999999941,0p85,0.85
0.394,0.9999999999999941,0p85,0.85
0.395,0.9999999999999941,0p85,0.85
0.396,0.9999999999999941,0p85,0.85
0.397,0.9999999999999941,0p85,0.85
0.398,0.9999999999999941,0p85,0.85
0.399,0.9999999999999941,0p85,0.85
0.4,0.9999999999999941,0p85,0.85
0.401,0.9999999999999941,0p85,0.85
0.402,0.9999999999999941,0p85,0.85
0.403,0.9999999999999941,0p85,0.85
0.404,0.9999999999999941,0p85,0.85
0.405,0.9999999999999941,0p85,0.85
0.406,0.9999999999999941,0p85,0.85
0.407,0.9999999999999941,0p85,0.85
0.408,0.9999999999999941,0p85,0.85
0.409,0.9999999999999941,0p85,0.85
0.41,0.9999999999999941,0p85,0.85
0.411,0.9999999999999941,0p85,0.85
0.412,0.9999999999999941,0p85,0.85
0.413,0.9999999999999941,0p85,0.85
0.414,0.9999999999999941,0p85,0.85
0.415,0.9999999999999941,0p85,0.85
0.416,0.9999999999999941,0p85,0.85
0.417,0.9999999999999941,0p85,0.85
0.418,0.9999999999999941,0p85,0.85
0.419,0.9999999999999941,0p85,0.85
0.42,0.9999999999999941,0p85,0.85
0.421,0.9999999999999941,0p85,0.85
0.422,0.9999999999999941,0p85,0.85
0.423,0.9999999999999941,0p85,0.85
0.424,0.9999999999999941,0p85,0.85
0.425,0.9999999999999941,0p85,0.85
0.426,0.9999999999999941,0p85,0.85
0.427,0.9999999999999941,0p85,0.85
0.428,0.9999999999999941,0p85,0.85
0.429,0.9999999999999941,0p85,0.85
0.43,0.9999999999999941,0p85,0.85
0.431,0.9999999999999941,0p85,0.85
0.432,0.9999999999999941,0p85,0.85
0.433,0.9999999999999941,0p85,0.85
0.434,0.9999999999999941,0p85,0.85
0.435,0.9999999999999941,0p85,0.85
0.436,0.9999999999999941,0p85,0.85
0.437,0.9999999999999941,0p85,0.85
0.438,0.9999999999999941,0p85,0.85
0.439,0.9999999999999941,0p85,0.85
0.44,0.9999999999999941,0p85,0.85
0.441,0.9999999999999941,0p85,0.85
0.442,0.9999999999999941,0p85,0.85
0.443,0.9999999999999941,0p85,0.85
0.444,0.9999999999999941,0p85,0.85
0.445,0.9999999999999941,0p85,0.85
0.446,0.9999999999999941,0p85,0.85
0.447,0.9999999999999941,0p85,0.85
0.448,0.9999999999999941,0p85,0.85
0.449,0.9999999999999941,0p85,0.85
0.45,0.9999999999999941,0p85,0.85
0.451,0.9999999999999941,0p85,0.85
0.452,0.9999999999999941,0p85,0.85
0.453,0.9999999999999941,0p85,0.85
0.454,0.9999999999999941,0p85,0.85
0.455,0.9999999999999941,0p85,0.85
0.456,0.9999999999999941,0p85,0.85
0.457,0.9999999999999941,0p85,0.85
0.458,0.9999999999999941,0p85,0.85
0.459,0.9999999999999941,0p85,0.85
0.46,0.9999999999999941,0p85,0.85
0.461,0.9999999999999941,0p85,0.85
0.462,0.9999999999999941,0p85,0.85
0.463,0.9999999999999941,0p85,0.85
0.464,0.9999999999999941,0p85,0.85
0.465,0.9999999999999941,0p85,0.85
0.466,0.9999999999999941,0p85,0.85
0.467,0.9999999999999941,0p85,0.85
0.468,0.9999999999999941,0p85,0.85
0.469,0.9999999999999941,0p85,0.85
0.47,0.9999999999999941,0p85,0.85
0.471,0.9999999999999941,0p85,0.85
0.472,0.9999999999999941,0p85,0.85
0.473,0.9999999999999941,0p85,0.85
0.474,0.9999999999999941,0p85,0.85
0.475,0.9999999999999941,0p85,0.85
0.476,0.9999999999999941,0p85,0.85
0.477,0.9999999999999941,0p85,0.85
0.478,0.9999999999999941,0p85,0.85
0.479,0.9999999999999941,0p85,0.85
0.48,0.9999999999999941,0p85,0.85
0.481,0.9999999999999941,0p85,0.85
0.482,0.9999999999999941,0p85,0.85
0.483,0.9999999999999941,0p85,0.85
0.484,0.9999999999999941,0p85,0.85
0.485,0.9999999999999941,0p85,0.85
0.486,0.9999999999999941,0p85,0.85
0.487,0.9999999999999941,0p85,0.85
0.488,0.9999999999999941,0p85,0.85
0.489,0.9999999999999941,0p85,0.85
0.49,0.9999999999999941,0p85,0.85
0.491,0.9999999999999941,0p85,0.85
0.492,0.9999999999999941,0p85,0.85
0.493,0.9999999999999941,0p85,0.85
0.494,0.9999999999999941,0p85,0.85
0.495,0.9999999999999941,0p85,0.85
0.496,0.9999999999999941,0p85,0.85
0.497,0.9999999999999941,0p85,0.85
0.498,0.9999999999999941,0p85,0.85
0.499,0.9999999999999941,0p85,0.85
0.5,0.9999999999999941,0p85,0.85
0.501,0.9999999999999941,0p85,0.85
0.502,0.9999999999999941,0p85,0.85
0.503,0.9999999999999941,0p85,0.85
0.504,0.9999999999999941,0p85,0.85
0.505,0.9999999999999941,0p85,0.85
0.506,0.9999999999999941,0p85,0.85
0.507,0.9999999999999941,0p85,0.85
0.508,0.9999999999999941,0p85,0.85
0.509,0.9999999999999941,0p85,0.85
0.51,0.9999999999999941,0p85,0.85
0.511,0.9999999999999941,0p85,0.85
0.512,0.9999999999999941,0p85,0.85
0.513,0.9999999999999941,0p85,0.85
0.514,0.9999999999999941,0p85,0.85
0.515,0.9999999999999941,0p85,0.85
0.516,0.9999999999999941,0p85,0.85
0.517,0.9999999999999941,0p85,0.85
0.518,0.9999999999999941,0p85,0.85
0.519,0.9999999999999941,0p85,0.85
0.52,0.9999999999999941,0p85,0.85
0.521,0.9999999999999941,0p85,0.85
0.522,0.9999999999999941,0p85,0.85
0.523,0.9999999999999941,0p85,0.85
0.524,0.9999999999999941,0p85,0.85
0.525,0.9999999999999941,0p85,0.85
0.526,0.9999999999999941,0p85,0.85
0.527,0.9999999999999941,0p85,0.85
0.528,0.9999999999999941,0p85,0.85
0.529,0.9999999999999941,0p85,0.85
0.53,0.9999999999999941,0p85,0.85
0.531,0.9999999999999941,0p85,0.85
0.532,0.9999999999999941,0p85,0.85
0.533,0.9999999999999941,0p85,0.85
0.534,0.9999999999999941,0p85,0.85
0.535,0.9999999999999941,0p85,0.85
0.536,0.9999999999999941,0p85,0.85
0.537,0.9999999999999941,0p85,0.85
0.538,0.9999999999999941,0p85,0.85
0.539,0.9999999999999941,0p85,0.85
0.54,0.9999999999999941,0p85,0.85
0.541,0.9999999999999941,0p85,0.85
0.542,0.9999999999999941,0p85,0.85
0.543,0.9999999999999941,0p85,0.85
0.544,0.9999999999999941,0p85,0.85
0.545,0.9999999999999941,0p85,0.85
0.546,0.9999999999999941,0p85,0.85
0.547,0.9999999999999941,0p85,0.85
0.548,0.9999999999999941,0p85,0.85
0.549,0.9999999999999941,0p85,0.85
0.55,0.9999999999999941,0p85,0.85
0.551,0.9999999999999941,0p85,0.85
0.552,0.9999999999999941,0p85,0.85
0.553,0.9999999999999941,0p85,0.85
0.554,0.9999999999999941,0p85,0.85
0.555,0.9999999999999941,0p85,0.85
0.556,0.9999999999999941,0p85,0.85
0.557,0.9999999999999941,0p85,0.85
0.558,0.9999999999999941,0p85,0.85
0.559,0.9999999999999941,0p85,0.85
0.56,0.9999999999999941,0p85,0.85
0.561,0.9999999999999941,0p85,0.85
0.562,0.9999999999999941,0p85,0.85
0.563,0.9999999999999941,0p85,0.85
0.564,0.9999999999999941,0p85,0.85
0.565,0.9999999999999941,0p85,0.85
0.566,0.9999999999999941,0p85,0.85
0.567,0.9999999999999941,0p85,0.85
0.568,0.9999999999999941,0p85,0.85
0.569,0.9999999999999941,0p85,0.85
0.57,0.9999999999999941,0p85,0.85
0.571,0.9999999999999941,0p85,0.85
0.572,0.9999999999999941,0p85,0.85
0.573,0.9999999999999941,0p85,0.85
0.574,0.9999999999999941,0p85,0.85
0.575,0.9999999999999941,0p85,0.85
0.576,0.9999999999999941,0p85,0.85
0.577,0.9999999999999941,0p85,0.85
0.578,0.9999999999999941,0p85,0.85
0.579,0.9999999999999941,0p85,0.85
0.58,0.9999999999999941,0p85,0.85
0.581,0.9999999999999941,0p85,0.85
0.582,0.9999999999999941,0p85,0.85
0.583,0.9999999999999941,0p85,0.85
0.584,0.9999999999999941,0p85,0.85
0.585,0.9999999999999941,0p85,0.85
0.586,0.9999999999999941,0p85,0.85
0.587,0.9999999999999941,0p85,0.85
0.588,0.9999999999999941,0p85,0.85
0.589,0.9999999999999941,0p85,0.85
0.59,0.9999999999999941,0p85,0.85
0.591,0.9999999999999941,0p85,0.85
0.592,0.9999999999999941,0p85,0.85
0.593,0.9999999999999941,0p85,0.85
0.594,0.9999999999999941,0p85,0.85
0.595,0.9999999999999941,0p85,0.85
0.596,0.9999999999999941,0p85,0.85
0.597,0.9999999999999941,0p85,0.85
0.598,0.9999999999999941,0p85,0.85
0.599,0.9999999999999941,0p85,0.85
0.6,0.9999999999999941,0p85,0.85
0.601,0.9999999999999941,0p85,0.85
0.602,0.9999999999999941,0p85,0.85
0.603,0.9999999999999941,0p85,0.85
0.604,0.9999999999999941,0p85,0.85
0.605,0.9999999999999941,0p85,0.85
0.606,0.9999999999999941,0p85,0.85
0.607,0.9999999999999941,0p85,0.85
0.608,0.9999999999999941,0p85,0.85
0.609,0.9999999999999941,0p85,0.85
0.61,0.9999999999999941,0p85,0.85
0.611,0.9999999999999941,0p85,0.85
0.612,0.9999999999999941,0p85,0.85
0.613,0.9999999999999941,0p85,0.85
0.614,0.9999999999999941,0p85,0.85
0.615,0.9999999999999941,0p85,0.85
0.616,0.9999999999999941,0p85,0.85
0.617,0.9999999999999941,0p85,0.85
0.618,0.9999999999999941,0p85,0.85
0.619,0.9999999999999941,0p85,0.85
0.62,0.9999999999999941,0p85,0.85
0.621,0.9999999999999941,0p85,0.85
0.622,0.9999999999999941,0p85,0.85
0.623,0.9999999999999941,0p85,0.85
0.624,0.9999999999999941,0p85,0.85
0.625,0.9999999999999941,0p85,0.85
0.626,0.9999999999999941,0p85,0.85
0.627,0.9999999999999941,0p85,0.85
0.628,0.9999999999999941,0p85,0.85
0.629,0.9999999999999941,0p85,0.85
0.63,0.9999999999999941,0p85,0.85
0.631,0.9999999999999941,0p85,0.85
0.632,0.9999999999999941,0p85,0.85
0.633,0.9999999999999941,0p85,0.85
0.634,0.9999999999999941,0p85,0.85
0.635,0.9999999999999941,0p85,0.85
0.636,0.9999999999999941,0p85,0.85
0.637,0.9999999999999941,0p85,0.85
0.638,0.9999999999999941,0p85,0.85
0.639,0.9999999999999941,0p85,0.85
0.64,0.9999999999999941,0p85,0.85
0.641,0.9999999999999941,0p85,0.85
0.642,0.9999999999999941,0p85,0.85
0.643,0.9999999999999941,0p85,0.85
0.644,0.9999999999999941,0p85,0.85
0.645,0.9999999999999941,0p85,0.85
0.646,0.9999999999999941,0p85,0.85
0.647,0.9999999999999941,0p85,0.85
0.648,0.9999999999999941,0p85,0.85
0.649,0.9999999999999941,0p85,0.85
0.65,0.9999999999999941,0p85,0.85
0.651,0.9999999999999941,0p85,0.85
0.652,0.9999999999999941,0p85,0.85
0.653,0.9999999999999941,0p85,0.85
0.654,0.9999999999999941,0p85,0.85
0.655,0.9999999999999941,0p85,0.85
0.656,0.9999999999999941,0p85,0.85
0.657,0.9999999999999941,0p85,0.85
0.658,0.9999999999999941,0p85,0.85
0.659,0.9999999999999941,0p85,0.85
0.66,0.9999999999999941,0p85,0.85
0.661,0.9999999999999941,0p85,0.85
0.662,0.9999999999999941,0p85,0.85
0.663,0.9999999999999941,0p85,0.85
0.664,0.9999999999999941,0p85,0.85
0.665,0.9999999999999941,0p85,0.85
0.666,0.9999999999999941,0p85,0.85
0.667,0.9999999999999941,0p85,0.85
0.668,0.9999999999999941,0p85,0.85
0.669,0.9999999999999941,0p85,0.85
0.67,0.9999999999999941,0p85,0.85
0.671,0.9999999999999941,0p85,0.85
0.672,0.9999999999999941,0p85,0.85
0.673,0.9999999999999941,0p85,0.85
0.674,0.9999999999999941,0p85,0.85
0.675,0.9999999999999941,0p85,0.85
0.676,0.9999999999999941,0p85,0.85
0.677,0.9999999999999941,0p85,0.85
0.678,0.9999999999999941,0p85,0.85
0.679,0.9999999999999941,0p85,0.85
0.68,0.9999999999999941,0p85,0.85
0.681,0.9999999999999941,0p85,0.85
0.682,0.9999999999999941,0p85,0.85
0.683,0.9999999999999941,0p85,0.85
0.684,0.9999999999999941,0p85,0.85
0.685,0.9999999999999941,0p85,0.85
0.686,0.9999999999999941,0p85,0.85
0.687,0.9999999999999941,0p85,0.85
0.688,0.9999999999999941,0p85,0.85
0.689,0.9999999999999941,0p85,0.85
0.69,0.9999999999999941,0p85,0.85
0.691,0.9999999999999941,0p85,0.85
0.692,0.9999999999999941,0p85,0.85
0.693,0.9999999999999941,0p85,0.85
0.694,0.9999999999999941,0p85,0.85
0.695,0.9999999999999941,0p85,0.85
0.696,0.9999999999999941,0p85,0.85
0.697,0.9999999999999941,0p85,0.85
0.698,0.9999999999999941,0p85,0.85
0.699,0.9999999999999941,0p85,0.85
0.7,0.9999999999999941,0p85,0.85
0.701,0.9999999999999941,0p85,0.85
0.702,0.9999999999999941,0p85,0.85
0.703,0.9999999999999941,0p85,0.85
0.704,0.9999999999999941,0p85,0.85
0.705,0.9999999999999941,0p85,0.85
0.706,0.9999999999999941,0p85,0.85
0.707,0.9999999999999941,0p85,0.85
0.708,0.9999999999999941,0p85,0.85
0.709,0.9999999999999941,0p85,0.85
0.71,0.9999999999999941,0p85,0.85
0.711,0.9999999999999941,0p85,0.85
0.712,0.9999999999999941,0p85,0.85
0.713,0.9999999999999941,0p85,0.85
0.714,0.9999999999999941,0p85,0.85
0.715,0.9999999999999941,0p85,0.85
0.716,0.9999999999999941,0p85,0.85
0.717,0.9999999999999941,0p85,0.85
0.718,0.9999999999999941,0p85,0.85
0.719,0.9999999999999941,0p85,0.85
0.72,0.9999999999999941,0p85,0.85
0.721,0.9999999999999941,0p85,0.85
0.722,0.9999999999999941,0p85,0.85
0.723,0.9999999999999941,0p85,0.85
0.724,0.9999999999999941,0p85,0.85
0.725,0.9999999999999941,0p85,0.85
0.726,0.9999999999999941,0p85,0.85
0.727,0.9999999999999941,0p85,0.85
0.728,0.9999999999999941,0p85,0.85
0.729,0.9999999999999941,0p85,0.85
0.73,0.9999999999999941,0p85,0.85
0.731,0.9999999999999941,0p85,0.85
0.732,0.9999999999999941,0p85,0.85
0.733,0.9999999999999941,0p85,0.85
0.734,0.9999999999999941,0p85,0.85
0.735,0.9999999999999941,0p85,0.85
0.736,0.9999999999999941,0p85,0.85
0.737,0.9999999999999941,0p85,0.85
0.738,0.9999999999999941,0p85,0.85
0.739,0.9999999999999941,0p85,0.85
0.74,0.9999999999999941,0p85,0.85
0.741,0.9999999999999941,0p85,0.85
0.742,0.9999999999999941,0p85,0.85
0.743,0.9999999999999941,0p85,0.85
0.744,0.9999999999999941,0p85,0.85
0.745,0.9999999999999941,0p85,0.85
0.746,0.9999999999999941,0p85,0.85
0.747,0.9999999999999941,0p85,0.85
0.748,0.9999999999999941,0p85,0.85
0.749,0.9999999999999941,0p85,0.85
0.75,0.9999999999999941,0p85,0.85
0.751,0.9999999999999941,0p85,0.85
0.752,0.9999999999999941,0p85,0.85
0.753,0.9999999999999941,0p85,0.85
0.754,0.9999999999999941,0p85,0.85
0.755,0.9999999999999941,0p85,0.85
0.756,0.9999999999999941,0p85,0.85
0.757,0.9999999999999941,0p85,0.85
0.758,0.9999999999999941,0p85,0.85
0.759,0.9999999999999941,0p85,0.85
0.76,0.9999999999999941,0p85,0.85
0.761,0.9999999999999941,0p85,0.85
0.762,0.9999999999999941,0p85,0.85
0.763,0.9999999999999941,0p85,0.85
0.764,0.9999999999999941,0p85,0.85
0.765,0.9999999999999941,0p85,0.85
0.766,0.9999999999999941,0p85,0.85
0.767,0.9999999999999941,0p85,0.85
0.768,0.9999999999999941,0p85,0.85
0.769,0.9999999999999941,0p85,0.85
0.77,0.9999999999999941,0p85,0.85
0.771,0.9999999999999941,0p85,0.85
0.772,0.9999999999999941,0p85,0.85
0.773,0.9999999999999941,0p85,0.85
0.774,0.9999999999999941,0p85,0.85
0.775,0.9999999999999941,0p85,0.85
0.776,0.9999999999999941,0p85,0.85
0.777,0.9999999999999941,0p85,0.85
0.778,0.9999999999999941,0p85,0.85
0.779,0.9999999999999941,0p85,0.85
0.78,0.9999999999999941,0p85,0.85
0.781,0.9999999999999941,0p85,0.85
0.782,0.9999999999999941,0p85,0.85
0.783,0.9999999999999941,0p85,0.85
0.784,0.9999999999999941,0p85,0.85
0.785,0.9999999999999941,0p85,0.85
0.786,0.9999999999999941,0p85,0.85
0.787,0.9999999999999941,0p85,0.85
0.788,0.9999999999999941,0p85,0.85
0.789,0.9999999999999941,0p85,0.85
0.79,0.9999999999999941,0p85,0.85
0.791,0.9999999999999941,0p85,0.85
0.792,0.9999999999999941,0p85,0.85
0.793,0.9999999999999941,0p85,0.85
0.794,0.9999999999999941,0p85,0.85
0.795,0.9999999999999941,0p85,0.85
0.796,0.9999999999999941,0p85,0.85
0.797,0.9999999999999941,0p85,0.85
0.798,0.9999999999999941,0p85,0.85
0.799,0.9999999999999941,0p85,0.85
0.8,0.9999999999999941,0p85,0.85
0.801,0.9999999999999941,0p85,0.85
0.802,0.9999999999999941,0p85,0.85
0.803,0.9999999999999941,0p85,0.85
0.804,0.9999999999999941,0p85,0.85
0.805,0.9999999999999941,0p85,0.85
0.806,0.9999999999999941,0p85,0.85
0.807,0.9999999999999941,0p85,0.85
0.808,0.9999999999999941,0p85,0.85
0.809,0.9999999999999941,0p85,0.85
0.81,0.9999999999999941,0p85,0.85
0.811,0.9999999999999941,0p85,0.85
0.812,0.9999999999999941,0p85,0.85
0.813,0.9999999999999941,0p85,0.85
0.814,0.9999999999999941,0p85,0.85
0.815,0.9999999999999941,0p85,0.85
0.816,0.9999999999999941,0p85,0.85
0.817,0.9999999999999941,0p85,0.85
0.818,0.9999999999999941,0p85,0.85
0.819,0.9999999999999941,0p85,0.85
0.82,0.9999999999999941,0p85,0.85
0.821,0.9999999999999941,0p85,0.85
0.822,0.9999999999999941,0p85,0.85
0.823,0.9999999999999941,0p85,0.85
0.824,0.9999999999999941,0p85,0.85
0.825,0.9999999999999941,0p85,0.85
0.826,0.9999999999999941,0p85,0.85
0.827,0.9999999999999941,0p85,0.85
0.828,0.9999999999999941,0p85,0.85
0.829,0.9999999999999941,0p85,0.85
0.83,0.9999999999999941,0p85,0.85
0.831,0.9999999999999941,0p85,0.85
0.832,0.9999999999999941,0p85,0.85
0.833,0.9999999999999941,0p85,0.85
0.834,0.9999999999999941,0p85,0.85
0.835,0.9999999999999941,0p85,0.85
0.836,0.9999999999999941,0p85,0.85
0.837,0.9999999999999941,0p85,0.85
0.838,0.9999999999999941,0p85,0.85
0.839,0.9999999999999941,0p85,0.85
0.84,0.9999999999999941,0p85,0.85
0.841,0.9999999999999941,0p85,0.85
0.842,0.9999999999999941,0p85,0.85
0.843,0.9999999999999941,0p85,0.85
0.844,0.9999999999999941,0p85,0.85
0.845,0.9999999999999941,0p85,0.85
0.846,0.9999999999999941,0p85,0.85
0.847,0.9999999999999941,0p85,0.85
0.848,0.9999999999999941,0p85,0.85
0.849,0.9999999999999941,0p85,0.85
0.85,0.9999999999999941,0p85,0.85
0.851,0.9999999999999941,0p85,0.85
0.852,0.9999999999999941,0p85,0.85
0.853,0.9999999999999941,0p85,0.85
0.854,0.9999999999999941,0p85,0.85
0.855,0.9999999999999941,0p85,0.85
0.856,0.9999999999999941,0p85,0.85
0.857,0.9999999999999941,0p85,0.85
0.858,0.9999999999999941,0p85,0.85
0.859,0.9999999999999941,0p85,0.85
0.86,0.9999999999999941,0p85,0.85
0.861,0.9999999999999941,0p85,0.85
0.862,0.9999999999999941,0p85,0.85
0.863,0.9999999999999941,0p85,0.85
0.864,0.9999999999999941,0p85,0.85
0.865,0.9999999999999941,0p85,0.85
0.866,0.9999999999999941,0p85,0.85
0.867,0.9999999999999941,0p85,0.85
0.868,0.9999999999999941,0p85,0.85
0.869,0.9999999999999941,0p85,0.85
0.87,0.9999999999999941,0p85,0.85
0.871,0.9999999999999941,0p85,0.85
0.872,0.9999999999999941,0p85,0.85
0.873,0.9999999999999941,0p85,0.85
0.874,0.9999999999999941,0p85,0.85
0.875,0.9999999999999941,0p85,0.85
0.876,0.9999999999999941,0p85,0.85
0.877,0.9999999999999941,0p85,0.85
0.878,0.9999999999999941,0p85,0.85
0.879,0.9999999999999941,0p85,0.85
0.88,0.9999999999999941,0p85,0.85
0.881,0.9999999999999941,0p85,0.85
0.882,0.9999999999999941,0p85,0.85
0.883,0.9999999999999941,0p85,0.85
0.884,0.9999999999999941,0p85,0.85
0.885,0.9999999999999941,0p85,0.85
0.886,0.9999999999999941,0p85,0.85
0.887,0.9999999999999941,0p85,0.85
0.888,0.9999999999999941,0p85,0.85
0.889,0.9999999999999941,0p85,0.85
0.89,0.9999999999999941,0p85,0.85
0.891,0.9999999999999941,0p85,0.85
0.892,0.9999999999999941,0p85,0.85
0.893,0.9999999999999941,0p85,0.85
0.894,0.9999999999999941,0p85,0.85
0.895,0.9999999999999941,0p85,0.85
0.896,0.9999999999999941,0p85,0.85
0.897,0.9999999999999941,0p85,0.85
0.898,0.9999999999999941,0p85,0.85
0.899,0.9999999999999941,0p85,0.85
0.9,0.9999999999999941,0p85,0.85
0.901,0.9999999999999941,0p85,0.85
0.902,0.9999999999999941,0p85,0.85
0.903,0.9999999999999941,0p85,0.85
0.904,0.9999999999999941,0p85,0.85
0.905,0.9999999999999941,0p85,0.85
0.906,0.9999999999999941,0p85,0.85
0.907,0.9999999999999941,0p85,0.85
0.908,0.9999999999999941,0p85,0.85
0.909,0.9999999999999941,0p85,0.85
0.91,0.9999999999999941,0p85,0.85
0.911,0.9999999999999941,0p85,0.85
0.912,0.9999999999999941,0p85,0.85
0.913,0.9999999999999941,0p85,0.85
0.914,0.9999999999999941,0p85,0.85
0.915,0.9999999999999941,0p85,0.85
0.916,0.9999999999999941,0p85,0.85
0.917,0.9999999999999941,0p85,0.85
0.918,0.9999999999999941,0p85,0.85
0.919,0.9999999999999941,0p85,0.85
0.92,0.9999999999999941,0p85,0.85
0.921,0.9999999999999941,0p85,0.85
0.922,0.9999999999999941,0p85,0.85
0.923,0.9999999999999941,0p85,0.85
0.924,0.9999999999999941,0p85,0.85
0.925,0.9999999999999941,0p85,0.85
0.926,0.9999999999999941,0p85,0.85
0.927,0.9999999999999941,0p85,0.85
0.928,0.9999999999999941,0p85,0.85
0.929,0.9999999999999941,0p85,0.85
0.93,0.9999999999999941,0p85,0.85
0.931,0.9999999999999941,0p85,0.85
0.932,0.9999999999999941,0p85,0.85
0.933,0.9999999999999941,0p85,0.85
0.934,0.9999999999999941,0p85,0.85
0.935,0.9999999999999941,0p85,0.85
0.936,0.9999999999999941,0p85,0.85
0.937,0.9999999999999941,0p85,0.85
0.938,0.9999999999999941,0p85,0.85
0.939,0.9999999999999941,0p85,0.85
0.94,0.9999999999999941,0p85,0.85
0.941,0.9999999999999941,0p85,0.85
0.942,0.9999999999999941,0p85,0.85
0.943,0.9999999999999941,0p85,0.85
0.944,0.9999999999999941,0p85,0.85
0.945,0.9999999999999941,0p85,0.85
0.946,0.9999999999999941,0p85,0.85
0.947,0.9999999999999941,0p85,0.85
0.948,0.9999999999999941,0p85,0.85
0.949,0.9999999999999941,0p85,0.85
0.95,0.9999999999999941,0p85,0.85
0.951,0.9999999999999941,0p85,0.85
0.952,0.9999999999999941,0p85,0.85
0.953,0.9999999999999941,0p85,0.85
0.954,0.9999999999999941,0p85,0.85
0.955,0.9999999999999941,0p85,0.85
0.956,0.9999999999999941,0p85,0.85
0.957,0.9999999999999941,0p85,0.85
0.958,0.9999999999999941,0p85,0.85
0.959,0.9999999999999941,0p85,0.85
0.96,0.9999999999999941,0p85,0.85
0.961,0.9999999999999941,0p85,0.85
0.962,0.9999999999999941,0p85,0.85
0.963,0.9999999999999941,0p85,0.85
0.964,0.9999999999999941,0p85,0.85
0.965,0.9999999999999941,0p85,0.85
0.966,0.9999999999999941,0p85,0.85
0.967,0.9999999999999941,0p85,0.85
0.968,0.9999999999999941,0p85,0.85
0.969,0.9999999999999941,0p85,0.85
0.97,0.9999999999999941,0p85,0.85
0.971,0.9999999999999941,0p85,0.85
0.972,0.9999999999999941,0p85,0.85
0.973,0.9999999999999941,0p85,0.85
0.974,0.9999999999999941,0p85,0.85
0.975,0.9999999999999941,0p85,0.85
0.976,0.9999999999999941,0p85,0.85
0.977,0.9999999999999941,0p85,0.85
0.978,0.9999999999999941,0p85,0.85
0.979,0.9999999999999941,0p85,0.85
0.98,0.9999999999999941,0p85,0.85
0.981,0.9999999999999941,0p85,0.85
0.982,0.9999999999999941,0p85,0.85
0.983,0.9999999999999941,0p85,0.85
0.984,0.9999999999999941,0p85,0.85
0.985,0.9999999999999941,0p85,0.85
0.986,0.9999999999999941,0p85,0.85
0.987,0.9999999999999941,0p85,0.85
0.988,0.9999999999999941,0p85,0.85
0.989,0.9999999999999941,0p85,0.85
0.99,0.9999999999999941,0p85,0.85
0.991,0.9999999999999941,0p85,0.85
0.992,0.9999999999999941,0p85,0.85
0.993,0.9999999999999941,0p85,0.85
0.994,0.9999999999999941,0p85,0.85
0.995,0.9999999999999941,0p85,0.85
0.996,0.9999999999999941,0p85,0.85
0.997,0.9999999999999941,0p85,0.85
0.998,0.9999999999999941,0p85,0.85
0.999,0.9999999999999941,0p85,0.85
1.0,0.9999999999999941,0p85,0.85
1.000000002000481,0.9999999999999941,0p85,0.85
1.000000002000481,0.8499999999999941,0p85,0.85
1.001,0.8499999999999936,0p85,0.85
1.002,0.8499999999999935,0p85,0.85
1.003,0.8499999999999934,0p85,0.85
1.004,0.850000000000089,0p85,0.85
1.005,0.8500000004716629,0p85,0.85
1.006,0.8500000018740387,0p85,0.85
1.007,0.8500000040698504,0p85,0.85
1.008,0.8500000069319877,0p85,0.85
1.009,0.8500000103471627,0p85,0.85
1.01,0.8500000142157109,0p85,0.85
1.011,0.8500000184458903,0p85,0.85
1.012,0.8500000226967304,0p85,0.85
1.013,0.8500000267116375,0p85,0.85
1.014,0.8500000304970973,0p85,0.85
1.015,0.8500000340661185,0p85,0.85
1.016,0.8500000374313501,0p85,0.85
1.017,0.8500000406042653,0p85,0.85
1.018,0.8500000435959594,0p85,0.85
1.019,0.8500000464167251,0p85,0.85
1.02,0.8500000490763469,0p85,0.85
1.021,0.850000051584047,0p85,0.85
1.022,0.850000053948461,0p85,0.85
1.023,0.8500000561786099,0p85,0.85
1.024,0.8500000582818773,0p85,0.85
1.025,0.8500000602652896,0p85,0.85
1.026,0.8500000621351999,0p85,0.85
1.027,0.850000063898296,0p85,0.85
1.028,0.8500000655606608,0p85,0.85
1.029,0.8500000671278188,0p85,0.85
1.03,0.8500000686055555,0p85,0.85
1.031,0.8500000699987689,0p85,0.85
1.032,0.8500000713122079,0p85,0.85
1.033,0.8500000725507365,0p85,0.85
1.034,0.8500000737183707,0p85,0.85
1.035,0.8500000748192058,0p85,0.85
1.036,0.8500000758572129,0p85,0.85
1.037,0.8500000768357885,0p85,0.85
1.038,0.85000007775844,0p85,0.85
1.039,0.8500000786287695,0p85,0.85
1.04,0.8500000794498644,0p85,0.85
1.041,0.8500000802243778,0p85,0.85
1.042,0.850000080954344,0p85,0.85
1.043,0.8500000816425722,0p85,0.85
1.044,0.8500000822913689,0p85,0.85
1.045,0.8500000829034587,0p85,0.85
1.046,0.8500000834802802,0p85,0.85
1.047,0.8500000840239392,0p85,0.85
1.048,0.8500000845364103,0p85,0.85
1.049,0.8500000850198783,0p85,0.85
1.05,0.8500000854755037,0p85,0.85
1.051,0.850000085904924,0p85,0.85
1.052,0.8500000863097021,0p85,0.85
1.053,0.8500000866915444,0p85,0.85
1.054,0.8500000870514326,0p85,0.85
1.055,0.8500000873906165,0p85,0.85
1.056,0.8500000877103319,0p85,0.85
1.057,0.8500000880119077,0p85,0.85
1.058,0.8500000882961758,0p85,0.85
1.059,0.8500000885640854,0p85,0.85
1.06,0.8500000888166137,0p85,0.85
1.061,0.850000089054795,0p85,0.85
1.062,0.8500000892793325,0p85,0.85
1.063,0.8500000894909453,0p85,0.85
1.064,0.8500000896904062,0p85,0.85
1.065,0.850000089878518,0p85,0.85
1.066,0.8500000900558758,0p85,0.85
1.067,0.850000090223022,0p85,0.85
1.068,0.8500000903805675,0p85,0.85
1.069,0.8500000905291347,0p85,0.85
1.07,0.8500000906692265,0p85,0.85
1.071,0.8500000908012502,0p85,0.85
1.072,0.8500000909256886,0p85,0.85
1.073,0.8500000910430238,0p85,0.85
1.074,0.8500000911536799,0p85,0.85
1.075,0.8500000912581472,0p85,0.85
1.076,0.8500000913569187,0p85,0.85
1.077,0.8500000914498377,0p85,0.85
1.078,0.8500000915377546,0p85,0.85
1.079,0.8500000916203593,0p85,0.85
1.08,0.8500000916982339,0p85,0.85
1.081,0.8500000917718229,0p85,0.85
1.082,0.850000091840945,0p85,0.85
1.083,0.8500000919064035,0p85,0.85
1.084,0.850000091967833,0p85,0.85
1.085,0.8500000920259047,0p85,0.85
1.086,0.8500000920805826,0p85,0.85
1.087,0.8500000921320287,0p85,0.85
1.088,0.8500000921806651,0p85,0.85
1.089,0.8500000922262768,0p85,0.85
1.09,0.8500000922695135,0p85,0.85
1.091,0.8500000923101028,0p85,0.85
1.092,0.850000092348399,0p85,0.85
1.093,0.8500000923845147,0p85,0.85
1.094,0.8500000924184479,0p85,0.85
1.095,0.8500000924505638,0p85,0.85
1.096,0.8500000924806836,0p85,0.85
1.097,0.8500000925091998,0p85,0.85
1.098,0.8500000925360098,0p85,0.85
1.099,0.8500000925612622,0p85,0.85
1.1,0.8500000925851119,0p85,0.85
1.101,0.8500000926074939,0p85,0.85
1.102,0.8500000926286979,0p85,0.85
1.103,0.8500000926485949,0p85,0.85
1.104,0.850000092667394,0p85,0.85
1.105,0.8500000926851006,0p85,0.85
1.106,0.8500000927017536,0p85,0.85
1.107,0.8500000927175015,0p85,0.85
1.108,0.8500000927322663,0p85,0.85
1.109,0.8500000927462644,0p85,0.85
1.11,0.850000092759407,0p85,0.85
1.111,0.8500000927718018,0p85,0.85
1.112,0.8500000927834951,0p85,0.85
1.113,0.8500000927944783,0p85,0.85
1.114,0.850000092804876,0p85,0.85
1.115,0.8500000928146286,0p85,0.85
1.116,0.8500000928238572,0p85,0.85
1.117,0.8500000928325379,0p85,0.85
1.118,0.8500000928407109,0p85,0.85
1.119,0.8500000928484324,0p85,0.85
1.12,0.850000092855677,0p85,0.85
1.121,0.8500000928625417,0p85,0.85
1.122,0.850000092868984,0p85,0.85
1.123,0.8500000928751068,0p85,0.85
1.124,0.8500000928809214,0p85,0.85
1.125,0.850000092886403,0p85,0.85
1.126,0.8500000928915514,0p85,0.85
1.127,0.850000092896367,0p85,0.85
1.128,0.8500000929009855,0p85,0.85
1.129,0.8500000929053214,0p85,0.85
1.13,0.850000092909373,0p85,0.85
1.131,0.8500000929131395,0p85,0.85
1.132,0.8500000929167384,0p85,0.85
1.133,0.8500000929201604,0p85,0.85
1.134,0.8500000929233652,0p85,0.85
1.135,0.8500000929263526,0p85,0.85
1.136,0.8500000929291681,0p85,0.85
1.137,0.8500000929318632,0p85,0.85
1.138,0.8500000929343875,0p85,0.85
1.139,0.850000092936741,0p85,0.85
1.14,0.850000092938935,0p85,0.85
1.141,0.850000092941053,0p85,0.85
1.142,0.8500000929430388,0p85,0.85
1.143,0.850000092944892,0p85,0.85
1.144,0.8500000929466127,0p85,0.85
1.145,0.8500000929482663,0p85,0.85
1.146,0.8500000929498266,0p85,0.85
1.147,0.8500000929512844,0p85,0.85
1.148,0.8500000929526399,0p85,0.85
1.149,0.8500000929539249,0p85,0.85
1.15,0.8500000929551501,0p85,0.85
1.151,0.8500000929562962,0p85,0.85
1.152,0.8500000929573632,0p85,0.85
1.153,0.8500000929583627,0p85,0.85
1.154,0.8500000929593242,0p85,0.85
1.155,0.8500000929602248,0p85,0.85
1.156,0.8500000929610644,0p85,0.85
1.157,0.8500000929618428,0p85,0.85
1.158,0.8500000929625969,0p85,0.85
1.159,0.8500000929633043,0p85,0.85
1.16,0.8500000929639644,0p85,0.85
1.161,0.8500000929645775,0p85,0.85
1.162,0.850000092965163,0p85,0.85
1.163,0.8500000929657181,0p85,0.85
1.164,0.8500000929662369,0p85,0.85
1.165,0.8500000929667196,0p85,0.85
1.166,0.8500000929671746,0p85,0.85
1.167,0.8500000929676103,0p85,0.85
1.168,0.8500000929680179,0p85,0.85
1.169,0.8500000929683976,0p85,0.85
1.17,0.8500000929687528,0p85,0.85
1.171,0.8500000929691038,0p85,0.85
1.172,0.8500000929694366,0p85,0.85
1.173,0.8500000929697512,0p85,0.85
1.174,0.8500000929700476,0p85,0.85
1.175,0.8500000929703256,0p85,0.85
1.176,0.8500000929705857,0p85,0.85
1.177,0.8500000929708272,0p85,0.85
1.178,0.8500000929710506,0p85,0.85
1.179,0.8500000929712573,0p85,0.85
1.18,0.8500000929714475,0p85,0.85
1.181,0.850000092971622,0p85,0.85
1.182,0.8500000929717856,0p85,0.85
1.183,0.8500000929719396,0p85,0.85
1.184,0.8500000929720847,0p85,0.85
1.185,0.8500000929722215,0p85,0.85
1.186,0.8500000929723504,0p85,0.85
1.187,0.850000092972472,0p85,0.85
1.188,0.8500000929725867,0p85,0.85
1.189,0.8500000929726946,0p85,0.85
1.19,0.8500000929727966,0p85,0.85
1.191,0.8500000929728926,0p85,0.85
1.192,0.8500000929729832,0p85,0.85
1.193,0.8500000929730686,0p85,0.85
1.194,0.8500000929731489,0p85,0.85
1.195,0.8500000929732249,0p85,0.85
1.196,0.8500000929732964,0p85,0.85
1.197,0.8500000929733639,0p85,0.85
1.198,0.8500000929734274,0p85,0.85
1.199,0.8500000929734873,0p85,0.85
1.2,0.850000092973544,0p85,0.85
1.201,0.8500000929735972,0p85,0.85
1.202,0.8500000929736475,0p85,0.85
1.203,0.8500000929736948,0p85,0.85
1.204,0.8500000929737395,0p85,0.85
1.205,0.8500000929737815,0p85,0.85
1.206,0.8500000929738213,0p85,0.85
1.207,0.8500000929738587,0p85,0.85
1.208,0.8500000929738939,0p85,0.85
1.209,0.8500000929739271,0p85,0.85
1.21,0.8500000929739585,0p85,0.85
1.211,0.850000092973988,0p85,0.85
1.212,0.8500000929740159,0p85,0.85
1.213,0.8500000929740422,0p85,0.85
1.214,0.8500000929740669,0p85,0.85
1.215,0.8500000929740895,0p85,0.85
1.216,0.8500000929741109,0p85,0.85
1.217,0.8500000929741313,0p85,0.85
1.218,0.8500000929741506,0p85,0.85
1.219,0.850000092974169,0p85,0.85
1.22,0.8500000929741865,0p85,0.85
1.221,0.8500000929742031,0p85,0.85
1.222,0.8500000929742186,0p85,0.85
1.223,0.8500000929742333,0p85,0.85
1.224,0.8500000929742473,0p85,0.85
1.225,0.8500000929742605,0p85,0.85
1.226,0.8500000929742729,0p85,0.85
1.227,0.8500000929742846,0p85,0.85
1.228,0.8500000929742958,0p85,0.85
1.229,0.8500000929743061,0p85,0.85
1.23,0.8500000929743159,0p85,0.85
1.231,0.8500000929743251,0p85,0.85
1.232,0.8500000929743341,0p85,0.85
1.233,0.8500000929743426,0p85,0.85
1.234,0.8500000929743506,0p85,0.85
1.235,0.8500000929743582,0p85,0.85
1.236,0.8500000929743653,0p85,0.85
1.237,0.850000092974372,0p85,0.85
1.238,0.8500000929743781,0p85,0.85
1.239,0.8500000929743841,0p85,0.85
1.24,0.8500000929743898,0p85,0.85
1.241,0.8500000929743953,0p85,0.85
1.242,0.8500000929744004,0p85,0.85
1.243,0.8500000929744049,0p85,0.85
1.244,0.8500000929744093,0p85,0.85
1.245,0.8500000929744133,0p85,0.85
1.246,0.8500000929744168,0p85,0.85
1.247,0.8500000929744206,0p85,0.85
1.248,0.8500000929744246,0p85,0.85
1.249,0.8500000929744281,0p85,0.85
1.25,0.8500000929744316,0p85,0.85
1.251,0.8500000929744349,0p85,0.85
1.252,0.850000092974438,0p85,0.85
1.253,0.8500000929744409,0p85,0.85
1.254,0.8500000929744436,0p85,0.85
1.255,0.8500000929744461,0p85,0.85
1.256,0.8500000929744485,0p85,0.85
1.257,0.8500000929744507,0p85,0.85
1.258,0.8500000929744527,0p85,0.85
1.259,0.8500000929744546,0p85,0.85
1.26,0.8500000929744562,0p85,0.85
1.261,0.8500000929744578,0p85,0.85
1.262,0.8500000929744591,0p85,0.85
1.263,0.8500000929744608,0p85,0.85
1.264,0.8500000929744623,0p85,0.85
1.265,0.8500000929744638,0p85,0.85
1.266,0.850000092974465,0p85,0.85
1.267,0.8500000929744662,0p85,0.85
1.268,0.8500000929744672,0p85,0.85
1.269,0.8500000929744682,0p85,0.85
1.27,0.8500000929744691,0p85,0.85
1.271,0.8500000929744698,0p85,0.85
1.272,0.8500000929744703,0p85,0.85
1.273,0.8500000929744709,0p85,0.85
1.274,0.8500000929744712,0p85,0.85
1.275,0.8500000929744714,0p85,0.85
1.276,0.8500000929744719,0p85,0.85
1.277,0.8500000929744724,0p85,0.85
1.278,0.8500000929744729,0p85,0.85
1.279,0.8500000929744733,0p85,0.85
1.28,0.8500000929744737,0p85,0.85
1.281,0.8500000929744741,0p85,0.85
1.282,0.8500000929744744,0p85,0.85
1.283,0.8500000929744747,0p85,0.85
1.284,0.850000092974475,0p85,0.85
1.285,0.8500000929744751,0p85,0.85
1.286,0.8500000929744752,0p85,0.85
1.287,0.8500000929744752,0p85,0.85
1.288,0.8500000929744753,0p85,0.85
1.289,0.8500000929744753,0p85,0.85
1.29,0.8500000929744753,0p85,0.85
1.291,0.8500000929744755,0p85,0.85
1.292,0.8500000929744757,0p85,0.85
1.293,0.8500000929744757,0p85,0.85
1.294,0.8500000929744758,0p85,0.85
1.295,0.8500000929744758,0p85,0.85
1.296,0.8500000929744758,0p85,0.85
1.297,0.8500000929744759,0p85,0.85
1.298,0.8500000929744759,0p85,0.85
1.299,0.8500000929744758,0p85,0.85
1.3,0.8500000929744758,0p85,0.85
1.301,0.8500000929744758,0p85,0.85
1.302,0.8500000929744757,0p85,0.85
1.303,0.8500000929744757,0p85,0.85
1.304,0.8500000929744755,0p85,0.85
1.305,0.8500000929744755,0p85,0.85
1.306,0.8500000929744755,0p85,0.85
1.307,0.8500000929744755,0p85,0.85
1.308,0.8500000929744753,0p85,0.85
1.309,0.8500000929744753,0p85,0.85
1.31,0.8500000929744753,0p85,0.85
1.311,0.8500000929744752,0p85,0.85
1.312,0.8500000929744752,0p85,0.85
1.313,0.8500000929744752,0p85,0.85
1.314,0.8500000929744751,0p85,0.85
1.315,0.8500000929744751,0p85,0.85
1.316,0.850000092974475,0p85,0.85
1.317,0.850000092974475,0p85,0.85
1.318,0.8500000929744748,0p85,0.85
1.319,0.8500000929744748,0p85,0.85
1.32,0.8500000929744747,0p85,0.85
1.321,0.8500000929744747,0p85,0.85
1.322,0.8500000929744747,0p85,0.85
1.323,0.8500000929744745,0p85,0.85
1.324,0.8500000929744745,0p85,0.85
1.325,0.8500000929744744,0p85,0.85
1.326,0.8500000929744744,0p85,0.85
1.327,0.8500000929744744,0p85,0.85
1.328,0.8500000929744742,0p85,0.85
1.329,0.8500000929744742,0p85,0.85
1.33,0.8500000929744741,0p85,0.85
1.331,0.8500000929744741,0p85,0.85
1.332,0.8500000929744741,0p85,0.85
1.333,0.850000092974474,0p85,0.85
1.334,0.850000092974474,0p85,0.85
1.335,0.850000092974474,0p85,0.85
1.336,0.8500000929744739,0p85,0.85
1.337,0.8500000929744739,0p85,0.85
1.338,0.8500000929744739,0p85,0.85
1.339,0.8500000929744737,0p85,0.85
1.34,0.8500000929744737,0p85,0.85
1.341,0.8500000929744737,0p85,0.85
1.342,0.8500000929744737,0p85,0.85
1.343,0.8500000929744735,0p85,0.85
1.344,0.8500000929744735,0p85,0.85
1.345,0.8500000929744735,0p85,0.85
1.346,0.8500000929744735,0p85,0.85
1.347,0.8500000929744734,0p85,0.85
1.348,0.8500000929744734,0p85,0.85
1.349,0.8500000929744734,0p85,0.85
1.35,0.8500000929744734,0p85,0.85
1.351,0.8500000929744733,0p85,0.85
1.352,0.8500000929744733,0p85,0.85
1.353,0.8500000929744733,0p85,0.85
1.354,0.8500000929744733,0p85,0.85
1.355,0.8500000929744733,0p85,0.85
1.356,0.8500000929744731,0p85,0.85
1.357,0.8500000929744731,0p85,0.85
1.358,0.8500000929744731,0p85,0.85
1.359,0.8500000929744731,0p85,0.85
1.36,0.8500000929744731,0p85,0.85
1.361,0.850000092974473,0p85,0.85
1.362,0.850000092974473,0p85,0.85
1.363,0.850000092974473,0p85,0.85
1.364,0.850000092974473,0p85,0.85
1.365,0.850000092974473,0p85,0.85
1.366,0.850000092974473,0p85,0.85
1.367,0.8500000929744729,0p85,0.85
1.368,0.8500000929744729,0p85,0.85
1.369,0.8500000929744729,0p85,0.85
1.37,0.8500000929744729,0p85,0.85
1.371,0.8500000929744729,0p85,0.85
1.372,0.8500000929744729,0p85,0.85
1.373,0.8500000929744729,0p85,0.85
1.374,0.8500000929744727,0p85,0.85
1.375,0.8500000929744727,0p85,0.85
1.376,0.8500000929744727,0p85,0.85
1.377,0.8500000929744727,0p85,0.85
1.378,0.8500000929744727,0p85,0.85
1.379,0.8500000929744727,0p85,0.85
1.38,0.8500000929744727,0p85,0.85
1.381,0.8500000929744727,0p85,0.85
1.382,0.8500000929744725,0p85,0.85
1.383,0.8500000929744725,0p85,0.85
1.384,0.8500000929744725,0p85,0.85
1.385,0.8500000929744725,0p85,0.85
1.386,0.8500000929744725,0p85,0.85
1.387,0.8500000929744725,0p85,0.85
1.388,0.8500000929744725,0p85,0.85
1.389,0.8500000929744725,0p85,0.85
1.39,0.8500000929744724,0p85,0.85
1.391,0.8500000929744724,0p85,0.85
1.392,0.8500000929744724,0p85,0.85
1.393,0.8500000929744724,0p85,0.85
1.394,0.8500000929744724,0p85,0.85
1.395,0.8500000929744724,0p85,0.85
1.396,0.8500000929744724,0p85,0.85
1.397,0.8500000929744724,0p85,0.85
1.398,0.8500000929744724,0p85,0.85
1.399,0.8500000929744723,0p85,0.85
1.4,0.8500000929744723,0p85,0.85
1.401,0.8500000929744723,0p85,0.85
1.402,0.8500000929744723,0p85,0.85
1.403,0.8500000929744723,0p85,0.85
1.404,0.8500000929744723,0p85,0.85
1.405,0.8500000929744723,0p85,0.85
1.406,0.8500000929744723,0p85,0.85
1.407,0.8500000929744723,0p85,0.85
1.408,0.8500000929744721,0p85,0.85
1.409,0.8500000929744721,0p85,0.85
1.41,0.8500000929744721,0p85,0.85
1.411,0.8500000929744721,0p85,0.85
1.412,0.8500000929744721,0p85,0.85
1.413,0.8500000929744721,0p85,0.85
1.414,0.8500000929744721,0p85,0.85
1.415,0.8500000929744721,0p85,0.85
1.416,0.8500000929744721,0p85,0.85
1.417,0.850000092974472,0p85,0.85
1.418,0.850000092974472,0p85,0.85
1.419,0.850000092974472,0p85,0.85
1.42,0.850000092974472,0p85,0.85
1.421,0.850000092974472,0p85,0.85
1.422,0.850000092974472,0p85,0.85
1.423,0.850000092974472,0p85,0.85
1.424,0.850000092974472,0p85,0.85
1.425,0.850000092974472,0p85,0.85
1.426,0.850000092974472,0p85,0.85
1.427,0.8500000929744719,0p85,0.85
1.428,0.8500000929744719,0p85,0.85
1.429,0.8500000929744719,0p85,0.85
1.43,0.8500000929744719,0p85,0.85
1.431,0.8500000929744719,0p85,0.85
1.432,0.8500000929744719,0p85,0.85
1.433,0.8500000929744719,0p85,0.85
1.434,0.8500000929744719,0p85,0.85
1.435,0.8500000929744719,0p85,0.85
1.436,0.8500000929744718,0p85,0.85
1.437,0.8500000929744718,0p85,0.85
1.438,0.8500000929744718,0p85,0.85
1.439,0.8500000929744718,0p85,0.85
1.44,0.8500000929744718,0p85,0.85
1.441,0.8500000929744718,0p85,0.85
1.442,0.8500000929744718,0p85,0.85
1.443,0.8500000929744718,0p85,0.85
1.444,0.8500000929744718,0p85,0.85
1.445,0.8500000929744715,0p85,0.85
1.446,0.8500000929744715,0p85,0.85
1.447,0.8500000929744715,0p85,0.85
1.448,0.8500000929744715,0p85,0.85
1.449,0.8500000929744715,0p85,0.85
1.45,0.8500000929744715,0p85,0.85
1.451,0.8500000929744715,0p85,0.85
1.452,0.8500000929744715,0p85,0.85
1.453,0.8500000929744715,0p85,0.85
1.454,0.8500000929744715,0p85,0.85
1.455,0.8500000929744714,0p85,0.85
1.456,0.8500000929744714,0p85,0.85
1.457,0.8500000929744714,0p85,0.85
1.458,0.8500000929744714,0p85,0.85
1.459,0.8500000929744714,0p85,0.85
1.46,0.8500000929744714,0p85,0.85
1.461,0.8500000929744714,0p85,0.85
1.462,0.8500000929744714,0p85,0.85
1.463,0.8500000929744714,0p85,0.85
1.464,0.8500000929744713,0p85,0.85
1.465,0.8500000929744713,0p85,0.85
1.466,0.8500000929744713,0p85,0.85
1.467,0.8500000929744713,0p85,0.85
1.468,0.8500000929744713,0p85,0.85
1.469,0.8500000929744713,0p85,0.85
1.47,0.8500000929744713,0p85,0.85
1.471,0.8500000929744713,0p85,0.85
1.472,0.8500000929744713,0p85,0.85
1.473,0.8500000929744713,0p85,0.85
1.474,0.8500000929744712,0p85,0.85
1.475,0.8500000929744712,0p85,0.85
1.476,0.8500000929744712,0p85,0.85
1.477,0.8500000929744712,0p85,0.85
1.478,0.8500000929744712,0p85,0.85
1.479,0.8500000929744712,0p85,0.85
1.48,0.8500000929744712,0p85,0.85
1.481,0.8500000929744712,0p85,0.85
1.482,0.8500000929744712,0p85,0.85
1.483,0.850000092974471,0p85,0.85
1.484,0.850000092974471,0p85,0.85
1.485,0.850000092974471,0p85,0.85
1.486,0.850000092974471,0p85,0.85
1.487,0.850000092974471,0p85,0.85
1.488,0.850000092974471,0p85,0.85
1.489,0.850000092974471,0p85,0.85
1.49,0.850000092974471,0p85,0.85
1.491,0.850000092974471,0p85,0.85
1.492,0.850000092974471,0p85,0.85
1.493,0.8500000929744709,0p85,0.85
1.494,0.8500000929744709,0p85,0.85
1.495,0.8500000929744709,0p85,0.85
1.496,0.8500000929744709,0p85,0.85
1.497,0.8500000929744709,0p85,0.85
1.498,0.8500000929744709,0p85,0.85
1.499,0.8500000929744709,0p85,0.85
1.5,0.8500000929744709,0p85,0.85
1.500000003000721,0.8500000929744709,0p85,0.85
1.500000003000721,1.000000092974471,0p85,0.85
1.501,1.000000092974471,0p85,0.85
1.502,1.000000092974472,0p85,0.85
1.503,1.000000092974472,0p85,0.85
1.504,1.00000009297093,0p85,0.85
1.505,1.000000092495239,0p85,0.85
1.506,1.000000091093627,0p85,0.85
1.507,1.000000088897361,0p85,0.85
1.508,1.000000086034371,0p85,0.85
1.509,1.000000082618187,0p85,0.85
1.51,1.000000078748686,0p85,0.85
1.511,1.000000074515463,0p85,0.85
1.512,1.000000070262341,0p85,0.85
1.513,1.000000066248098,0p85,0.85
1.514,1.000000062462849,0p85,0.85
1.515,1.000000058893832,0p85,0.85
1.516,1.000000055528264,0p85,0.85
1.517,1.000000052353844,0p85,0.85
1.518,1.000000049361055,0p85,0.85
1.519,1.000000046538774,0p85,0.85
1.52,1.000000043877866,0p85,0.85
1.521,1.000000041369297,0p85,0.85
1.522,1.000000039004029,0p85,0.85
1.523,1.00000003677388,0p85,0.85
1.524,1.000000034671395,0p85,0.85
1.525,1.000000032689164,0p85,0.85
1.526,1.00000003082006,0p85,0.85
1.527,1.000000029057931,0p85,0.85
1.528,1.000000027396694,0p85,0.85
1.529,1.000000025830191,0p85,0.85
1.53,1.000000024353325,0p85,0.85
1.531,1.000000022961029,0p85,0.85
1.532,1.000000021648201,0p85,0.85
1.533,1.000000020410424,0p85,0.85
1.534,1.00000001924351,0p85,0.85
1.535,1.000000018143292,0p85,0.85
1.536,1.000000017105899,0p85,0.85
1.537,1.000000016127887,0p85,0.85
1.538,1.000000015205838,0p85,0.85
1.539,1.000000014336394,0p85,0.85
1.54,1.000000013516706,0p85,0.85
1.541,1.000000012743962,0p85,0.85
1.542,1.000000012015283,0p85,0.85
1.543,1.000000011328293,0p85,0.85
1.544,1.00000001068001,0p85,0.85
1.545,1.000000010068587,0p85,0.85
1.546,1.000000009492011,0p85,0.85
1.547,1.000000008948334,0p85,0.85
1.548,1.000000008435856,0p85,0.85
1.549,1.00000000795281,0p85,0.85
1.55,1.000000007497016,0p85,0.85
1.551,1.000000007067527,0p85,0.85
1.552,1.000000006662767,0p85,0.85
1.553,1.000000006281099,0p85,0.85
1.554,1.000000005921148,0p85,0.85
1.555,1.000000005581978,0p85,0.85
1.556,1.000000005262314,0p85,0.85
1.557,1.000000004960766,0p85,0.85
1.558,1.000000004676532,0p85,0.85
1.559,1.000000004408684,0p85,0.85
1.56,1.000000004156213,0p85,0.85
1.561,1.000000003917993,0p85,0.85
1.562,1.000000003693542,0p85,0.85
1.563,1.000000003482012,0p85,0.85
1.564,1.000000003282531,0p85,0.85
1.565,1.000000003094426,0p85,0.85
1.566,1.000000002917178,0p85,0.85
1.567,1.000000002750121,0p85,0.85
1.568,1.000000002592518,0p85,0.85
1.569,1.000000002443982,0p85,0.85
1.57,1.000000002304005,0p85,0.85
1.571,1.000000002172049,0p85,0.85
1.572,1.00000000204756,0p85,0.85
1.573,1.000000001930264,0p85,0.85
1.574,1.000000001819719,0p85,0.85
1.575,1.000000001715459,0p85,0.85
1.576,1.00000000161716,0p85,0.85
1.577,1.000000001524531,0p85,0.85
1.578,1.000000001437226,0p85,0.85
1.579,1.000000001354856,0p85,0.85
1.58,1.000000001277233,0p85,0.85
1.581,1.000000001204082,0p85,0.85
1.582,1.000000001135113,0p85,0.85
1.583,1.000000001070058,0p85,0.85
1.584,1.000000001008761,0p85,0.85
1.585,1.00000000095099,0p85,0.85
1.586,1.000000000896498,0p85,0.85
1.587,1.000000000845129,0p85,0.85
1.588,1.000000000796722,0p85,0.85
1.589,1.000000000751096,0p85,0.85
1.59,1.000000000708046,0p85,0.85
1.591,1.000000000667481,0p85,0.85
1.592,1.000000000629252,0p85,0.85
1.593,1.000000000593205,0p85,0.85
1.594,1.000000000559093,0p85,0.85
1.595,1.000000000526899,0p85,0.85
1.596,1.000000000496609,0p85,0.85
1.597,1.000000000467942,0p85,0.85
1.598,1.00000000044104,0p85,0.85
1.599,1.000000000415641,0p85,0.85
1.6,1.000000000391656,0p85,0.85
1.601,1.000000000369135,0p85,0.85
1.602,1.000000000347793,0p85,0.85
1.603,1.000000000327764,0p85,0.85
1.604,1.000000000308855,0p85,0.85
1.605,1.000000000291021,0p85,0.85
1.606,1.000000000274281,0p85,0.85
1.607,1.000000000258417,0p85,0.85
1.608,1.000000000243534,0p85,0.85
1.609,1.000000000229478,0p85,0.85
1.61,1.000000000216227,0p85,0.85
1.611,1.000000000203785,0p85,0.85
1.612,1.000000000191998,0p85,0.85
1.613,1.000000000180942,0p85,0.85
1.614,1.000000000170495,0p85,0.85
1.615,1.000000000160651,0p85,0.85
1.616,1.000000000151404,0p85,0.85
1.617,1.000000000142648,0p85,0.85
1.618,1.000000000134435,0p85,0.85
1.619,1.00000000012667,0p85,0.85
1.62,1.000000000119357,0p85,0.85
1.621,1.000000000112486,0p85,0.85
1.622,1.000000000105981,0p85,0.85
1.623,1.00000000009988,0p85,0.85
1.624,1.000000000094109,0p85,0.85
1.625,1.000000000088677,0p85,0.85
1.626,1.00000000008357,0p85,0.85
1.627,1.000000000078737,0p85,0.85
1.628,1.000000000074206,0p85,0.85
1.629,1.000000000069917,0p85,0.85
1.63,1.000000000065881,0p85,0.85
1.631,1.000000000062087,0p85,0.85
1.632,1.000000000058496,0p85,0.85
1.633,1.00000000005513,0p85,0.85
1.634,1.000000000051942,0p85,0.85
1.635,1.000000000048944,0p85,0.85
1.636,1.000000000046124,0p85,0.85
1.637,1.000000000043457,0p85,0.85
1.638,1.000000000040957,0p85,0.85
1.639,1.000000000038587,0p85,0.85
1.64,1.00000000003636,0p85,0.85
1.641,1.000000000034257,0p85,0.85
1.642,1.000000000032249,0p85,0.85
1.643,1.000000000030354,0p85,0.85
1.644,1.000000000028572,0p85,0.85
1.645,1.000000000026902,0p85,0.85
1.646,1.000000000025323,0p85,0.85
1.647,1.00000000002382,0p85,0.85
1.648,1.000000000022413,0p85,0.85
1.649,1.000000000021101,0p85,0.85
1.65,1.000000000019884,0p85,0.85
1.651,1.000000000018699,0p85,0.85
1.652,1.000000000017587,0p85,0.85
1.653,1.000000000016546,0p85,0.85
1.654,1.000000000015578,0p85,0.85
1.655,1.00000000001466,0p85,0.85
1.656,1.000000000013783,0p85,0.85
1.657,1.000000000012963,0p85,0.85
1.658,1.000000000012199,0p85,0.85
1.659,1.000000000011488,0p85,0.85
1.66,1.0000000000108,0p85,0.85
1.661,1.000000000010154,0p85,0.85
1.662,1.000000000009551,0p85,0.85
1.663,1.000000000008991,0p85,0.85
1.664,1.000000000008459,0p85,0.85
1.665,1.000000000007952,0p85,0.85
1.666,1.000000000007477,0p85,0.85
1.667,1.000000000007036,0p85,0.85
1.668,1.000000000006624,0p85,0.85
1.669,1.000000000006226,0p85,0.85
1.67,1.000000000005853,0p85,0.85
1.671,1.000000000005505,0p85,0.85
1.672,1.000000000005182,0p85,0.85
1.673,1.000000000004874,0p85,0.85
1.674,1.000000000004581,0p85,0.85
1.675,1.000000000004308,0p85,0.85
1.676,1.000000000004053,0p85,0.85
1.677,1.000000000003815,0p85,0.85
1.678,1.000000000003585,0p85,0.85
1.679,1.00000000000337,0p85,0.85
1.68,1.000000000003169,0p85,0.85
1.681,1.000000000002983,0p85,0.85
1.682,1.000000000002805,0p85,0.85
1.683,1.000000000002636,0p85,0.85
1.684,1.000000000002478,0p85,0.85
1.685,1.000000000002331,0p85,0.85
1.686,1.000000000002193,0p85,0.85
1.687,1.000000000002057,0p85,0.85
1.688,1.000000000001927,0p85,0.85
1.689,1.000000000001805,0p85,0.85
1.69,1.00000000000169,0p85,0.85
1.691,1.000000000001581,0p85,0.85
1.692,1.00000000000148,0p85,0.85
1.693,1.000000000001386,0p85,0.85
1.694,1.000000000001299,0p85,0.85
1.695,1.000000000001217,0p85,0.85
1.696,1.000000000001134,0p85,0.85
1.697,1.000000000001056,0p85,0.85
1.698,1.000000000000984,0p85,0.85
1.699,1.000000000000917,0p85,0.85
1.7,1.000000000000855,0p85,0.85
1.701,1.000000000000798,0p85,0.85
1.702,1.000000000000746,0p85,0.85
1.703,1.0000000000007,0p85,0.85
1.704,1.000000000000655,0p85,0.85
1.705,1.000000000000608,0p85,0.85
1.706,1.000000000000564,0p85,0.85
1.707,1.000000000000524,0p85,0.85
1.708,1.000000000000486,0p85,0.85
1.709,1.000000000000451,0p85,0.85
1.71,1.00000000000042,0p85,0.85
1.711,1.000000000000392,0p85,0.85
1.712,1.000000000000367,0p85,0.85
1.713,1.000000000000342,0p85,0.85
1.714,1.000000000000316,0p85,0.85
1.715,1.000000000000292,0p85,0.85
1.716,1.00000000000027,0p85,0.85
1.717,1.00000000000025,0p85,0.85
1.718,1.000000000000231,0p85,0.85
1.719,1.000000000000214,0p85,0.85
1.72,1.000000000000199,0p85,0.85
1.721,1.000000000000186,0p85,0.85
1.722,1.000000000000172,0p85,0.85
1.723,1.000000000000158,0p85,0.85
1.724,1.000000000000145,0p85,0.85
1.725,1.000000000000133,0p85,0.85
1.726,1.000000000000123,0p85,0.85
1.727,1.000000000000113,0p85,0.85
1.728,1.000000000000104,0p85,0.85
1.729,1.000000000000096,0p85,0.85
1.73,1.000000000000089,0p85,0.85
1.731,1.000000000000082,0p85,0.85
1.732,1.000000000000074,0p85,0.85
1.733,1.000000000000068,0p85,0.85
1.734,1.000000000000061,0p85,0.85
1.735,1.000000000000056,0p85,0.85
1.736,1.000000000000051,0p85,0.85
1.737,1.000000000000046,0p85,0.85
1.738,1.000000000000042,0p85,0.85
1.739,1.000000000000038,0p85,0.85
1.74,1.000000000000035,0p85,0.85
1.741,1.000000000000031,0p85,0.85
1.742,1.000000000000027,0p85,0.85
1.743,1.000000000000024,0p85,0.85
1.744,1.000000000000021,0p85,0.85
1.745,1.000000000000018,0p85,0.85
1.746,1.000000000000016,0p85,0.85
1.747,1.000000000000014,0p85,0.85
1.748,1.000000000000012,0p85,0.85
1.749,1.00000000000001,0p85,0.85
1.75,1.000000000000008,0p85,0.85
1.751,1.000000000000007,0p85,0.85
1.752,1.000000000000005,0p85,0.85
1.753,1.000000000000003,0p85,0.85
1.754,1.000000000000002,0p85,0.85
1.755,1.000000000000001,0p85,0.85
1.756,0.9999999999999999,0p85,0.85
1.757,0.999999999999999,0p85,0.85
1.758,0.999999999999998,0p85,0.85
1.759,0.9999999999999971,0p85,0.85
1.76,0.9999999999999961,0p85,0.85
1.761,0.9999999999999953,0p85,0.85
1.762,0.9999999999999946,0p85,0.85
1.763,0.999999999999994,0p85,0.85
1.764,0.9999999999999934,0p85,0.85
1.765,0.9999999999999929,0p85,0.85
1.766,0.9999999999999925,0p85,0.85
1.767,0.9999999999999919,0p85,0.85
1.768,0.9999999999999915,0p85,0.85
1.769,0.999999999999991,0p85,0.85
1.77,0.9999999999999907,0p85,0.85
1.771,0.9999999999999902,0p85,0.85
1.772,0.9999999999999899,0p85,0.85
1.773,0.9999999999999897,0p85,0.85
1.774,0.9999999999999895,0p85,0.85
1.775,0.9999999999999892,0p85,0.85
1.776,0.9999999999999889,0p85,0.85
1.777,0.9999999999999888,0p85,0.85
1.778,0.9999999999999886,0p85,0.85
1.779,0.9999999999999883,0p85,0.85
1.78,0.9999999999999882,0p85,0.85
1.781,0.9999999999999881,0p85,0.85
1.782,0.999999999999988,0p85,0.85
1.783,0.9999999999999878,0p85,0.85
1.784,0.9999999999999877,0p85,0.85
1.785,0.9999999999999877,0p85,0.85
1.786,0.9999999999999876,0p85,0.85
1.787,0.9999999999999875,0p85,0.85
1.788,0.9999999999999872,0p85,0.85
1.789,0.9999999999999872,0p85,0.85
1.79,0.9999999999999871,0p85,0.85
1.791,0.9999999999999871,0p85,0.85
1.792,0.9999999999999871,0p85,0.85
1.793,0.999999999999987,0p85,0.85
1.794,0.999999999999987,0p85,0.85
1.795,0.999999999999987,0p85,0.85
1.796,0.9999999999999868,0p85,0.85
1.797,0.9999999999999868,0p85,0.85
1.798,0.9999999999999868,0p85,0.85
1.799,0.9999999999999868,0p85,0.85
1.8,0.9999999999999868,0p85,0.85
1.801,0.9999999999999867,0p85,0.85
1.802,0.9999999999999867,0p85,0.85
1.803,0.9999999999999867,0p85,0.85
1.804,0.9999999999999867,0p85,0.85
1.805,0.9999999999999867,0p85,0.85
1.806,0.9999999999999867,0p85,0.85
1.807,0.9999999999999867,0p85,0.85
1.808,0.9999999999999867,0p85,0.85
1.809,0.9999999999999867,0p85,0.85
1.81,0.9999999999999867,0p85,0.85
1.811,0.9999999999999867,0p85,0.85
1.812,0.9999999999999867,0p85,0.85
1.813,0.9999999999999867,0p85,0.85
1.814,0.9999999999999866,0p85,0.85
1.815,0.9999999999999866,0p85,0.85
1.816,0.9999999999999866,0p85,0.85
1.817,0.9999999999999866,0p85,0.85
1.818,0.9999999999999866,0p85,0.85
1.819,0.9999999999999866,0p85,0.85
1.82,0.9999999999999866,0p85,0.85
1.821,0.9999999999999866,0p85,0.85
1.822,0.9999999999999866,0p85,0.85
1.823,0.9999999999999866,0p85,0.85
1.824,0.9999999999999866,0p85,0.85
1.825,0.9999999999999866,0p85,0.85
1.826,0.9999999999999866,0p85,0.85
1.827,0.9999999999999866,0p85,0.85
1.828,0.9999999999999866,0p85,0.85
1.829,0.9999999999999866,0p85,0.85
1.83,0.9999999999999866,0p85,0.85
1.831,0.9999999999999866,0p85,0.85
1.832,0.9999999999999866,0p85,0.85
1.833,0.9999999999999866,0p85,0.85
1.834,0.9999999999999866,0p85,0.85
1.835,0.9999999999999866,0p85,0.85
1.836,0.9999999999999866,0p85,0.85
1.837,0.9999999999999866,0p85,0.85
1.838,0.9999999999999866,0p85,0.85
1.839,0.9999999999999866,0p85,0.85
1.84,0.9999999999999866,0p85,0.85
1.841,0.9999999999999867,0p85,0.85
1.842,0.9999999999999867,0p85,0.85
1.843,0.9999999999999867,0p85,0.85
1.844,0.9999999999999867,0p85,0.85
1.845,0.9999999999999867,0p85,0.85
1.846,0.9999999999999867,0p85,0.85
1.847,0.9999999999999867,0p85,0.85
1.848,0.9999999999999867,0p85,0.85
1.849,0.9999999999999867,0p85,0.85
1.85,0.9999999999999867,0p85,0.85
1.851,0.9999999999999867,0p85,0.85
1.852,0.9999999999999867,0p85,0.85
1.853,0.9999999999999867,0p85,0.85
1.854,0.9999999999999867,0p85,0.85
1.855,0.9999999999999867,0p85,0.85
1.856,0.9999999999999867,0p85,0.85
1.857,0.9999999999999867,0p85,0.85
1.858,0.9999999999999867,0p85,0.85
1.859,0.9999999999999867,0p85,0.85
1.86,0.9999999999999867,0p85,0.85
1.861,0.9999999999999867,0p85,0.85
1.862,0.9999999999999867,0p85,0.85
1.863,0.9999999999999867,0p85,0.85
1.864,0.9999999999999867,0p85,0.85
1.865,0.9999999999999867,0p85,0.85
1.866,0.9999999999999867,0p85,0.85
1.867,0.9999999999999867,0p85,0.85
1.868,0.9999999999999867,0p85,0.85
1.869,0.9999999999999867,0p85,0.85
1.87,0.9999999999999867,0p85,0.85
1.871,0.9999999999999867,0p85,0.85
1.872,0.9999999999999867,0p85,0.85
1.873,0.9999999999999867,0p85,0.85
1.874,0.9999999999999867,0p85,0.85
1.875,0.9999999999999868,0p85,0.85
1.876,0.9999999999999868,0p85,0.85
1.877,0.9999999999999868,0p85,0.85
1.878,0.9999999999999868,0p85,0.85
1.879,0.9999999999999868,0p85,0.85
1.88,0.9999999999999868,0p85,0.85
1.881,0.9999999999999868,0p85,0.85
1.882,0.9999999999999868,0p85,0.85
1.883,0.9999999999999868,0p85,0.85
1.884,0.9999999999999868,0p85,0.85
1.885,0.9999999999999868,0p85,0.85
1.886,0.9999999999999868,0p85,0.85
1.887,0.9999999999999868,0p85,0.85
1.888,0.9999999999999868,0p85,0.85
1.889,0.9999999999999868,0p85,0.85
1.89,0.9999999999999868,0p85,0.85
1.891,0.9999999999999868,0p85,0.85
1.892,0.9999999999999868,0p85,0.85
1.893,0.9999999999999868,0p85,0.85
1.894,0.9999999999999868,0p85,0.85
1.895,0.9999999999999868,0p85,0.85
1.896,0.9999999999999868,0p85,0.85
1.897,0.9999999999999868,0p85,0.85
1.898,0.9999999999999868,0p85,0.85
1.899,0.9999999999999868,0p85,0.85
1.9,0.9999999999999868,0p85,0.85
1.901,0.9999999999999868,0p85,0.85
1.902,0.9999999999999868,0p85,0.85
1.903,0.9999999999999868,0p85,0.85
1.904,0.9999999999999868,0p85,0.85
1.905,0.9999999999999868,0p85,0.85
1.906,0.9999999999999868,0p85,0.85
1.907,0.9999999999999868,0p85,0.85
1.908,0.9999999999999868,0p85,0.85
1.909,0.9999999999999868,0p85,0.85
1.91,0.9999999999999868,0p85,0.85
1.911,0.9999999999999868,0p85,0.85
1.912,0.9999999999999868,0p85,0.85
1.913,0.9999999999999868,0p85,0.85
1.914,0.9999999999999868,0p85,0.85
1.915,0.9999999999999868,0p85,0.85
1.916,0.9999999999999868,0p85,0.85
1.917,0.9999999999999868,0p85,0.85
1.918,0.9999999999999868,0p85,0.85
1.919,0.9999999999999868,0p85,0.85
1.92,0.9999999999999868,0p85,0.85
1.921,0.9999999999999868,0p85,0.85
1.922,0.9999999999999868,0p85,0.85
1.923,0.9999999999999868,0p85,0.85
1.924,0.9999999999999868,0p85,0.85
1.925,0.9999999999999868,0p85,0.85
1.926,0.9999999999999868,0p85,0.85
1.927,0.9999999999999868,0p85,0.85
1.928,0.9999999999999868,0p85,0.85
1.929,0.9999999999999868,0p85,0.85
1.93,0.9999999999999868,0p85,0.85
1.931,0.9999999999999868,0p85,0.85
1.932,0.9999999999999868,0p85,0.85
1.933,0.9999999999999868,0p85,0.85
1.934,0.9999999999999868,0p85,0.85
1.935,0.9999999999999868,0p85,0.85
1.936,0.9999999999999868,0p85,0.85
1.937,0.9999999999999868,0p85,0.85
1.938,0.9999999999999868,0p85,0.85
1.939,0.9999999999999868,0p85,0.85
1.94,0.9999999999999868,0p85,0.85
1.941,0.9999999999999868,0p85,0.85
1.942,0.9999999999999868,0p85,0.85
1.943,0.9999999999999868,0p85,0.85
1.944,0.9999999999999868,0p85,0.85
1.945,0.9999999999999868,0p85,0.85
1.946,0.9999999999999868,0p85,0.85
1.947,0.9999999999999868,0p85,0.85
1.948,0.9999999999999868,0p85,0.85
1.949,0.9999999999999868,0p85,0.85
1.95,0.9999999999999868,0p85,0.85
1.951,0.9999999999999868,0p85,0.85
1.952,0.9999999999999868,0p85,0.85
1.953,0.9999999999999868,0p85,0.85
1.954,0.9999999999999868,0p85,0.85
1.955,0.9999999999999868,0p85,0.85
1.956,0.9999999999999868,0p85,0.85
1.957,0.9999999999999868,0p85,0.85
1.958,0.9999999999999868,0p85,0.85
1.959,0.9999999999999868,0p85,0.85
1.96,0.9999999999999868,0p85,0.85
1.961,0.9999999999999868,0p85,0.85
1.962,0.9999999999999868,0p85,0.85
1.963,0.9999999999999868,0p85,0.85
1.964,0.9999999999999868,0p85,0.85
1.965,0.9999999999999868,0p85,0.85
1.966,0.9999999999999868,0p85,0.85
1.967,0.9999999999999868,0p85,0.85
1.968,0.9999999999999868,0p85,0.85
1.969,0.9999999999999868,0p85,0.85
1.97,0.9999999999999868,0p85,0.85
1.971,0.9999999999999868,0p85,0.85
1.972,0.9999999999999868,0p85,0.85
1.973,0.9999999999999868,0p85,0.85
1.974,0.9999999999999868,0p85,0.85
1.975,0.9999999999999868,0p85,0.85
1.976,0.9999999999999868,0p85,0.85
1.977,0.9999999999999868,0p85,0.85
1.978,0.9999999999999868,0p85,0.85
1.979,0.9999999999999868,0p85,0.85
1.98,0.9999999999999868,0p85,0.85
1.981,0.9999999999999868,0p85,0.85
1.982,0.9999999999999868,0p85,0.85
1.983,0.9999999999999868,0p85,0.85
1.984,0.9999999999999868,0p85,0.85
1.985,0.9999999999999868,0p85,0.85
1.986,0.9999999999999868,0p85,0.85
1.987,0.9999999999999868,0p85,0.85
1.988,0.9999999999999868,0p85,0.85
1.989,0.9999999999999868,0p85,0.85
1.99,0.9999999999999868,0p85,0.85
1.991,0.9999999999999868,0p85,0.85
1.992,0.9999999999999868,0p85,0.85
1.993,0.9999999999999868,0p85,0.85
1.994,0.9999999999999868,0p85,0.85
1.995,0.9999999999999868,0p85,0.85
1.996,0.9999999999999868,0p85,0.85
1.997,0.9999999999999868,0p85,0.85
1.998,0.9999999999999868,0p85,0.85
1.999,0.9999999999999868,0p85,0.85
2.0,0.9999999999999868,0p85,0.85
2.001,0.9999999999999868,0p85,0.85
2.002,0.9999999999999868,0p85,0.85
2.003,0.9999999999999868,0p85,0.85
2.004,0.9999999999999868,0p85,0.85
2.005,0.9999999999999868,0p85,0.85
2.006,0.9999999999999868,0p85,0.85
2.007,0.9999999999999868,0p85,0.85
2.008,0.9999999999999868,0p85,0.85
2.009,0.9999999999999868,0p85,0.85
2.01,0.9999999999999868,0p85,0.85
2.011,0.9999999999999868,0p85,0.85
2.012,0.9999999999999868,0p85,0.85
2.013,0.9999999999999868,0p85,0.85
2.014,0.9999999999999868,0p85,0.85
2.015,0.9999999999999868,0p85,0.85
2.016,0.9999999999999868,0p85,0.85
2.017,0.9999999999999868,0p85,0.85
2.018,0.9999999999999868,0p85,0.85
2.019,0.9999999999999868,0p85,0.85
2.02,0.9999999999999868,0p85,0.85
2.021,0.9999999999999868,0p85,0.85
2.022,0.9999999999999868,0p85,0.85
2.023,0.9999999999999868,0p85,0.85
2.024,0.9999999999999868,0p85,0.85
2.025,0.9999999999999868,0p85,0.85
2.026,0.9999999999999868,0p85,0.85
2.027,0.9999999999999868,0p85,0.85
2.028,0.9999999999999868,0p85,0.85
2.029,0.9999999999999868,0p85,0.85
2.03,0.9999999999999868,0p85,0.85
2.031,0.9999999999999868,0p85,0.85
2.032,0.9999999999999868,0p85,0.85
2.033,0.9999999999999868,0p85,0.85
2.034,0.9999999999999868,0p85,0.85
2.035,0.9999999999999868,0p85,0.85
2.036,0.9999999999999868,0p85,0.85
2.037,0.9999999999999868,0p85,0.85
2.038,0.9999999999999868,0p85,0.85
2.039,0.9999999999999868,0p85,0.85
2.04,0.9999999999999868,0p85,0.85
2.041,0.9999999999999868,0p85,0.85
2.042,0.9999999999999868,0p85,0.85
2.043,0.9999999999999868,0p85,0.85
2.044,0.9999999999999868,0p85,0.85
2.045,0.9999999999999868,0p85,0.85
2.046,0.9999999999999868,0p85,0.85
2.047,0.9999999999999868,0p85,0.85
2.048,0.9999999999999868,0p85,0.85
2.049,0.9999999999999868,0p85,0.85
2.05,0.999999999999987,0p85,0.85
2.051,0.999999999999987,0p85,0.85
2.052,0.999999999999987,0p85,0.85
2.053,0.999999999999987,0p85,0.85
2.054,0.999999999999987,0p85,0.85
2.055,0.999999999999987,0p85,0.85
2.056,0.999999999999987,0p85,0.85
2.057,0.999999999999987,0p85,0.85
2.058,0.999999999999987,0p85,0.85
2.059,0.999999999999987,0p85,0.85
2.06,0.999999999999987,0p85,0.85
2.061,0.999999999999987,0p85,0.85
2.062,0.999999999999987,0p85,0.85
2.063,0.999999999999987,0p85,0.85
2.064,0.999999999999987,0p85,0.85
2.065,0.999999999999987,0p85,0.85
2.066,0.999999999999987,0p85,0.85
2.067,0.999999999999987,0p85,0.85
2.068,0.999999999999987,0p85,0.85
2.069,0.999999999999987,0p85,0.85
2.07,0.999999999999987,0p85,0.85
2.071,0.999999999999987,0p85,0.85
2.072,0.999999999999987,0p85,0.85
2.073,0.999999999999987,0p85,0.85
2.074,0.999999999999987,0p85,0.85
2.075,0.999999999999987,0p85,0.85
2.076,0.999999999999987,0p85,0.85
2.077,0.999999999999987,0p85,0.85
2.078,0.999999999999987,0p85,0.85
2.079,0.999999999999987,0p85,0.85
2.08,0.999999999999987,0p85,0.85
2.081,0.999999999999987,0p85,0.85
2.082,0.999999999999987,0p85,0.85
2.083,0.999999999999987,0p85,0.85
2.084,0.999999999999987,0p85,0.85
2.085,0.999999999999987,0p85,0.85
2.086,0.999999999999987,0p85,0.85
2.087,0.999999999999987,0p85,0.85
2.088,0.999999999999987,0p85,0.85
2.089,0.999999999999987,0p85,0.85
2.09,0.999999999999987,0p85,0.85
2.091,0.999999999999987,0p85,0.85
2.092,0.999999999999987,0p85,0.85
2.093,0.999999999999987,0p85,0.85
2.094,0.999999999999987,0p85,0.85
2.095,0.999999999999987,0p85,0.85
2.096,0.999999999999987,0p85,0.85
2.097,0.999999999999987,0p85,0.85
2.098,0.999999999999987,0p85,0.85
2.099,0.999999999999987,0p85,0.85
2.1,0.999999999999987,0p85,0.85
2.101,0.999999999999987,0p85,0.85
2.102,0.999999999999987,0p85,0.85
2.103,0.999999999999987,0p85,0.85
2.104,0.999999999999987,0p85,0.85
2.105,0.999999999999987,0p85,0.85
2.106,0.999999999999987,0p85,0.85
2.107,0.999999999999987,0p85,0.85
2.108,0.999999999999987,0p85,0.85
2.109,0.999999999999987,0p85,0.85
2.11,0.999999999999987,0p85,0.85
2.111,0.999999999999987,0p85,0.85
2.112,0.999999999999987,0p85,0.85
2.113,0.999999999999987,0p85,0.85
2.114,0.999999999999987,0p85,0.85
2.115,0.999999999999987,0p85,0.85
2.116,0.999999999999987,0p85,0.85
2.117,0.999999999999987,0p85,0.85
2.118,0.999999999999987,0p85,0.85
2.119,0.999999999999987,0p85,0.85
2.12,0.999999999999987,0p85,0.85
2.121,0.999999999999987,0p85,0.85
2.122,0.999999999999987,0p85,0.85
2.123,0.999999999999987,0p85,0.85
2.124,0.999999999999987,0p85,0.85
2.125,0.999999999999987,0p85,0.85
2.126,0.999999999999987,0p85,0.85
2.127,0.999999999999987,0p85,0.85
2.128,0.999999999999987,0p85,0.85
2.129,0.999999999999987,0p85,0.85
2.13,0.999999999999987,0p85,0.85
2.131,0.999999999999987,0p85,0.85
2.132,0.999999999999987,0p85,0.85
2.133,0.999999999999987,0p85,0.85
2.134,0.999999999999987,0p85,0.85
2.135,0.999999999999987,0p85,0.85
2.136,0.999999999999987,0p85,0.85
2.137,0.999999999999987,0p85,0.85
2.138,0.999999999999987,0p85,0.85
2.139,0.999999999999987,0p85,0.85
2.14,0.999999999999987,0p85,0.85
2.141,0.999999999999987,0p85,0.85
2.142,0.999999999999987,0p85,0.85
2.143,0.999999999999987,0p85,0.85
2.144,0.999999999999987,0p85,0.85
2.145,0.999999999999987,0p85,0.85
2.146,0.999999999999987,0p85,0.85
2.147,0.999999999999987,0p85,0.85
2.148,0.999999999999987,0p85,0.85
2.149,0.999999999999987,0p85,0.85
2.15,0.999999999999987,0p85,0.85
2.151,0.999999999999987,0p85,0.85
2.152,0.999999999999987,0p85,0.85
2.153,0.999999999999987,0p85,0.85
2.154,0.999999999999987,0p85,0.85
2.155,0.999999999999987,0p85,0.85
2.156,0.999999999999987,0p85,0.85
2.157,0.999999999999987,0p85,0.85
2.158,0.999999999999987,0p85,0.85
2.159,0.999999999999987,0p85,0.85
2.16,0.999999999999987,0p85,0.85
2.161,0.999999999999987,0p85,0.85
2.162,0.9999999999999868,0p85,0.85
2.163,0.9999999999999868,0p85,0.85
2.164,0.9999999999999868,0p85,0.85
2.165,0.9999999999999868,0p85,0.85
2.166,0.9999999999999868,0p85,0.85
2.167,0.9999999999999868,0p85,0.85
2.168,0.9999999999999868,0p85,0.85
2.169,0.9999999999999868,0p85,0.85
2.17,0.9999999999999868,0p85,0.85
2.171,0.9999999999999868,0p85,0.85
2.172,0.9999999999999868,0p85,0.85
2.173,0.9999999999999868,0p85,0.85
2.174,0.9999999999999868,0p85,0.85
2.175,0.9999999999999868,0p85,0.85
2.176,0.9999999999999868,0p85,0.85
2.177,0.9999999999999868,0p85,0.85
2.178,0.9999999999999868,0p85,0.85
2.179,0.9999999999999868,0p85,0.85
2.18,0.9999999999999868,0p85,0.85
2.181,0.9999999999999868,0p85,0.85
2.182,0.9999999999999868,0p85,0.85
2.183,0.9999999999999868,0p85,0.85
2.184,0.9999999999999868,0p85,0.85
2.185,0.9999999999999868,0p85,0.85
2.186,0.9999999999999868,0p85,0.85
2.187,0.9999999999999868,0p85,0.85
2.188,0.9999999999999868,0p85,0.85
2.189,0.9999999999999868,0p85,0.85
2.19,0.9999999999999868,0p85,0.85
2.191,0.9999999999999868,0p85,0.85
2.192,0.9999999999999868,0p85,0.85
2.193,0.9999999999999868,0p85,0.85
2.194,0.9999999999999868,0p85,0.85
2.195,0.9999999999999868,0p85,0.85
2.196,0.9999999999999868,0p85,0.85
2.197,0.9999999999999868,0p85,0.85
2.198,0.9999999999999868,0p85,0.85
2.199,0.9999999999999868,0p85,0.85
2.2,0.9999999999999868,0p85,0.85
2.201,0.9999999999999868,0p85,0.85
2.202,0.9999999999999868,0p85,0.85
2.203,0.9999999999999868,0p85,0.85
2.204,0.9999999999999868,0p85,0.85
2.205,0.9999999999999868,0p85,0.85
2.206,0.9999999999999868,0p85,0.85
2.207,0.9999999999999868,0p85,0.85
2.208,0.9999999999999868,0p85,0.85
2.209,0.9999999999999868,0p85,0.85
2.21,0.9999999999999868,0p85,0.85
2.211,0.9999999999999868,0p85,0.85
2.212,0.9999999999999868,0p85,0.85
2.213,0.9999999999999868,0p85,0.85
2.214,0.9999999999999868,0p85,0.85
2.215,0.9999999999999868,0p85,0.85
2.216,0.9999999999999868,0p85,0.85
2.217,0.9999999999999868,0p85,0.85
2.218,0.9999999999999868,0p85,0.85
2.219,0.9999999999999868,0p85,0.85
2.22,0.9999999999999868,0p85,0.85
2.221,0.9999999999999868,0p85,0.85
2.222,0.9999999999999868,0p85,0.85
2.223,0.9999999999999868,0p85,0.85
2.224,0.9999999999999868,0p85,0.85
2.225,0.9999999999999868,0p85,0.85
2.226,0.9999999999999868,0p85,0.85
2.227,0.9999999999999868,0p85,0.85
2.228,0.9999999999999868,0p85,0.85
2.229,0.9999999999999868,0p85,0.85
2.23,0.9999999999999868,0p85,0.85
2.231,0.9999999999999868,0p85,0.85
2.232,0.9999999999999868,0p85,0.85
2.233,0.9999999999999868,0p85,0.85
2.234,0.9999999999999868,0p85,0.85
2.235,0.9999999999999868,0p85,0.85
2.236,0.9999999999999868,0p85,0.85
2.237,0.9999999999999868,0p85,0.85
2.238,0.9999999999999868,0p85,0.85
2.239,0.9999999999999868,0p85,0.85
2.24,0.9999999999999868,0p85,0.85
2.241,0.9999999999999868,0p85,0.85
2.242,0.9999999999999868,0p85,0.85
2.243,0.9999999999999868,0p85,0.85
2.244,0.9999999999999868,0p85,0.85
2.245,0.9999999999999868,0p85,0.85
2.246,0.9999999999999868,0p85,0.85
2.247,0.9999999999999868,0p85,0.85
2.248,0.9999999999999868,0p85,0.85
2.249,0.9999999999999868,0p85,0.85
2.25,0.9999999999999868,0p85,0.85
2.251,0.9999999999999868,0p85,0.85
2.252,0.9999999999999868,0p85,0.85
2.253,0.9999999999999868,0p85,0.85
2.254,0.9999999999999868,0p85,0.85
2.255,0.9999999999999868,0p85,0.85
2.256,0.9999999999999868,0p85,0.85
2.257,0.9999999999999868,0p85,0.85
2.258,0.9999999999999868,0p85,0.85
2.259,0.9999999999999868,0p85,0.85
2.26,0.9999999999999868,0p85,0.85
2.261,0.9999999999999868,0p85,0.85
2.262,0.9999999999999868,0p85,0.85
2.263,0.9999999999999868,0p85,0.85
2.264,0.9999999999999868,0p85,0.85
2.265,0.9999999999999868,0p85,0.85
2.266,0.9999999999999868,0p85,0.85
2.267,0.9999999999999868,0p85,0.85
2.268,0.9999999999999868,0p85,0.85
2.269,0.9999999999999868,0p85,0.85
2.27,0.9999999999999868,0p85,0.85
2.271,0.9999999999999868,0p85,0.85
2.272,0.9999999999999868,0p85,0.85
2.273,0.9999999999999868,0p85,0.85
2.274,0.9999999999999868,0p85,0.85
2.275,0.9999999999999868,0p85,0.85
2.276,0.9999999999999868,0p85,0.85
2.277,0.9999999999999868,0p85,0.85
2.278,0.9999999999999868,0p85,0.85
2.279,0.9999999999999868,0p85,0.85
2.28,0.9999999999999868,0p85,0.85
2.281,0.9999999999999868,0p85,0.85
2.282,0.9999999999999868,0p85,0.85
2.283,0.9999999999999868,0p85,0.85
2.284,0.9999999999999868,0p85,0.85
2.285,0.9999999999999868,0p85,0.85
2.286,0.9999999999999868,0p85,0.85
2.287,0.9999999999999868,0p85,0.85
2.288,0.9999999999999868,0p85,0.85
2.289,0.9999999999999868,0p85,0.85
2.29,0.9999999999999868,0p85,0.85
2.291,0.9999999999999868,0p85,0.85
2.292,0.9999999999999868,0p85,0.85
2.293,0.9999999999999868,0p85,0.85
2.294,0.9999999999999868,0p85,0.85
2.295,0.9999999999999868,0p85,0.85
2.296,0.9999999999999868,0p85,0.85
2.297,0.9999999999999868,0p85,0.85
2.298,0.9999999999999868,0p85,0.85
2.299,0.9999999999999868,0p85,0.85
2.3,0.9999999999999868,0p85,0.85
2.301,0.9999999999999868,0p85,0.85
2.302,0.9999999999999868,0p85,0.85
2.303,0.9999999999999868,0p85,0.85
2.304,0.9999999999999868,0p85,0.85
2.305,0.9999999999999868,0p85,0.85
2.306,0.9999999999999868,0p85,0.85
2.307,0.9999999999999868,0p85,0.85
2.308,0.9999999999999868,0p85,0.85
2.309,0.9999999999999868,0p85,0.85
2.31,0.9999999999999868,0p85,0.85
2.311,0.9999999999999868,0p85,0.85
2.312,0.9999999999999868,0p85,0.85
2.313,0.9999999999999868,0p85,0.85
2.314,0.9999999999999868,0p85,0.85
2.315,0.9999999999999868,0p85,0.85
2.316,0.9999999999999868,0p85,0.85
2.317,0.9999999999999868,0p85,0.85
2.318,0.9999999999999868,0p85,0.85
2.319,0.9999999999999868,0p85,0.85
2.32,0.9999999999999868,0p85,0.85
2.321,0.9999999999999868,0p85,0.85
2.322,0.9999999999999868,0p85,0.85
2.323,0.9999999999999868,0p85,0.85
2.324,0.9999999999999868,0p85,0.85
2.325,0.9999999999999868,0p85,0.85
2.326,0.9999999999999868,0p85,0.85
2.327,0.9999999999999868,0p85,0.85
2.328,0.9999999999999868,0p85,0.85
2.329,0.9999999999999868,0p85,0.85
2.33,0.9999999999999868,0p85,0.85
2.331,0.9999999999999868,0p85,0.85
2.332,0.9999999999999868,0p85,0.85
2.333,0.9999999999999868,0p85,0.85
2.334,0.9999999999999868,0p85,0.85
2.335,0.9999999999999868,0p85,0.85
2.336,0.9999999999999868,0p85,0.85
2.337,0.9999999999999868,0p85,0.85
2.338,0.9999999999999868,0p85,0.85
2.339,0.9999999999999868,0p85,0.85
2.34,0.9999999999999868,0p85,0.85
2.341,0.9999999999999868,0p85,0.85
2.342,0.9999999999999868,0p85,0.85
2.343,0.9999999999999868,0p85,0.85
2.344,0.9999999999999868,0p85,0.85
2.345,0.9999999999999868,0p85,0.85
2.346,0.9999999999999868,0p85,0.85
2.347,0.9999999999999868,0p85,0.85
2.348,0.9999999999999868,0p85,0.85
2.349,0.9999999999999868,0p85,0.85
2.35,0.9999999999999868,0p85,0.85
2.351,0.9999999999999868,0p85,0.85
2.352,0.9999999999999868,0p85,0.85
2.353,0.9999999999999868,0p85,0.85
2.354,0.9999999999999868,0p85,0.85
2.355,0.9999999999999868,0p85,0.85
2.356,0.9999999999999868,0p85,0.85
2.357,0.9999999999999868,0p85,0.85
2.358,0.9999999999999868,0p85,0.85
2.359,0.9999999999999868,0p85,0.85
2.36,0.9999999999999868,0p85,0.85
2.361,0.9999999999999868,0p85,0.85
2.362,0.9999999999999868,0p85,0.85
2.363,0.9999999999999868,0p85,0.85
2.364,0.9999999999999868,0p85,0.85
2.365,0.9999999999999868,0p85,0.85
2.366,0.9999999999999868,0p85,0.85
2.367,0.9999999999999868,0p85,0.85
2.368,0.9999999999999868,0p85,0.85
2.369,0.9999999999999868,0p85,0.85
2.37,0.9999999999999868,0p85,0.85
2.371,0.9999999999999868,0p85,0.85
2.372,0.9999999999999868,0p85,0.85
2.373,0.9999999999999868,0p85,0.85
2.374,0.9999999999999868,0p85,0.85
2.375,0.9999999999999868,0p85,0.85
2.376,0.9999999999999868,0p85,0.85
2.377,0.9999999999999868,0p85,0.85
2.378,0.9999999999999868,0p85,0.85
2.379,0.9999999999999868,0p85,0.85
2.38,0.9999999999999868,0p85,0.85
2.381,0.9999999999999868,0p85,0.85
2.382,0.9999999999999868,0p85,0.85
2.383,0.9999999999999868,0p85,0.85
2.384,0.9999999999999868,0p85,0.85
2.385,0.9999999999999868,0p85,0.85
2.386,0.9999999999999868,0p85,0.85
2.387,0.9999999999999868,0p85,0.85
2.388,0.9999999999999868,0p85,0.85
2.389,0.9999999999999868,0p85,0.85
2.39,0.9999999999999868,0p85,0.85
2.391,0.9999999999999868,0p85,0.85
2.392,0.9999999999999868,0p85,0.85
2.393,0.9999999999999868,0p85,0.85
2.394,0.9999999999999868,0p85,0.85
2.395,0.9999999999999868,0p85,0.85
2.396,0.9999999999999868,0p85,0.85
2.397,0.9999999999999868,0p85,0.85
2.398,0.9999999999999868,0p85,0.85
2.399,0.9999999999999868,0p85,0.85
2.4,0.9999999999999868,0p85,0.85
2.401,0.9999999999999868,0p85,0.85
2.402,0.9999999999999868,0p85,0.85
2.403,0.9999999999999868,0p85,0.85
2.404,0.9999999999999868,0p85,0.85
2.405,0.9999999999999868,0p85,0.85
2.406,0.9999999999999868,0p85,0.85
2.407,0.9999999999999868,0p85,0.85
2.408,0.9999999999999868,0p85,0.85
2.409,0.9999999999999868,0p85,0.85
2.41,0.9999999999999868,0p85,0.85
2.411,0.9999999999999868,0p85,0.85
2.412,0.9999999999999868,0p85,0.85
2.413,0.9999999999999868,0p85,0.85
2.414,0.9999999999999868,0p85,0.85
2.415,0.9999999999999868,0p85,0.85
2.416,0.9999999999999868,0p85,0.85
2.417,0.9999999999999868,0p85,0.85
2.418,0.9999999999999868,0p85,0.85
2.419,0.9999999999999868,0p85,0.85
2.42,0.9999999999999868,0p85,0.85
2.421,0.9999999999999868,0p85,0.85
2.422,0.9999999999999868,0p85,0.85
2.423,0.9999999999999868,0p85,0.85
2.424,0.9999999999999868,0p85,0.85
2.425,0.9999999999999868,0p85,0.85
2.426,0.9999999999999868,0p85,0.85
2.427,0.9999999999999868,0p85,0.85
2.428,0.9999999999999868,0p85,0.85
2.429,0.9999999999999868,0p85,0.85
2.43,0.9999999999999868,0p85,0.85
2.431,0.9999999999999868,0p85,0.85
2.432,0.9999999999999868,0p85,0.85
2.433,0.9999999999999868,0p85,0.85
2.434,0.9999999999999868,0p85,0.85
2.435,0.9999999999999868,0p85,0.85
2.436,0.9999999999999868,0p85,0.85
2.437,0.9999999999999868,0p85,0.85
2.438,0.9999999999999868,0p85,0.85
2.439,0.9999999999999868,0p85,0.85
2.44,0.9999999999999868,0p85,0.85
2.441,0.9999999999999868,0p85,0.85
2.442,0.9999999999999868,0p85,0.85
2.443,0.9999999999999868,0p85,0.85
2.444,0.9999999999999868,0p85,0.85
2.445,0.9999999999999868,0p85,0.85
2.446,0.9999999999999868,0p85,0.85
2.447,0.9999999999999868,0p85,0.85
2.448,0.9999999999999868,0p85,0.85
2.449,0.9999999999999868,0p85,0.85
2.45,0.9999999999999868,0p85,0.85
2.451,0.9999999999999868,0p85,0.85
2.452,0.9999999999999868,0p85,0.85
2.453,0.9999999999999868,0p85,0.85
2.454,0.9999999999999868,0p85,0.85
2.455,0.9999999999999868,0p85,0.85
2.456,0.9999999999999868,0p85,0.85
2.457,0.9999999999999868,0p85,0.85
2.458,0.9999999999999868,0p85,0.85
2.459,0.9999999999999868,0p85,0.85
2.46,0.9999999999999868,0p85,0.85
2.461,0.9999999999999868,0p85,0.85
2.462,0.9999999999999868,0p85,0.85
2.463,0.9999999999999868,0p85,0.85
2.464,0.9999999999999868,0p85,0.85
2.465,0.9999999999999868,0p85,0.85
2.466,0.9999999999999868,0p85,0.85
2.467,0.9999999999999868,0p85,0.85
2.468,0.9999999999999868,0p85,0.85
2.469,0.9999999999999868,0p85,0.85
2.47,0.9999999999999868,0p85,0.85
2.471,0.9999999999999868,0p85,0.85
2.472,0.9999999999999868,0p85,0.85
2.473,0.9999999999999868,0p85,0.85
2.474,0.9999999999999868,0p85,0.85
2.475,0.9999999999999868,0p85,0.85
2.476,0.9999999999999868,0p85,0.85
2.477,0.9999999999999868,0p85,0.85
2.478,0.9999999999999868,0p85,0.85
2.479,0.9999999999999868,0p85,0.85
2.48,0.9999999999999868,0p85,0.85
2.481,0.9999999999999868,0p85,0.85
2.482,0.9999999999999868,0p85,0.85
2.483,0.9999999999999868,0p85,0.85
2.484,0.9999999999999868,0p85,0.85
2.485,0.9999999999999868,0p85,0.85
2.486,0.9999999999999868,0p85,0.85
2.487,0.9999999999999868,0p85,0.85
2.488,0.9999999999999868,0p85,0.85
2.489,0.9999999999999868,0p85,0.85
2.49,0.9999999999999868,0p85,0.85
2.491,0.9999999999999868,0p85,0.85
2.492,0.9999999999999868,0p85,0.85
2.493,0.9999999999999868,0p85,0.85
2.494,0.9999999999999868,0p85,0.85
2.495,0.9999999999999868,0p85,0.85
2.496,0.9999999999999868,0p85,0.85
2.497,0.9999999999999868,0p85,0.85
2.498,0.9999999999999868,0p85,0.85
2.499,0.9999999999999868,0p85,0.85
2.5,0.9999999999999868,0p85,0.85
2.501,0.9999999999999868,0p85,0.85
2.502,0.9999999999999868,0p85,0.85
2.503,0.9999999999999868,0p85,0.85
2.504,0.9999999999999868,0p85,0.85
2.505,0.9999999999999868,0p85,0.85
2.506,0.9999999999999868,0p85,0.85
2.507,0.9999999999999868,0p85,0.85
2.508,0.9999999999999868,0p85,0.85
2.509,0.9999999999999868,0p85,0.85
2.51,0.9999999999999868,0p85,0.85
2.511,0.9999999999999868,0p85,0.85
2.512,0.9999999999999868,0p85,0.85
2.513,0.9999999999999868,0p85,0.85
2.514,0.9999999999999868,0p85,0.85
2.515,0.9999999999999868,0p85,0.85
2.516,0.9999999999999868,0p85,0.85
2.517,0.9999999999999868,0p85,0.85
2.518,0.9999999999999868,0p85,0.85
2.519,0.9999999999999868,0p85,0.85
2.52,0.9999999999999868,0p85,0.85
2.521,0.9999999999999868,0p85,0.85
2.522,0.9999999999999868,0p85,0.85
2.523,0.9999999999999868,0p85,0.85
2.524,0.9999999999999868,0p85,0.85
2.525,0.9999999999999868,0p85,0.85
2.526,0.9999999999999868,0p85,0.85
2.527,0.9999999999999868,0p85,0.85
2.528,0.9999999999999868,0p85,0.85
2.529,0.9999999999999868,0p85,0.85
2.53,0.9999999999999868,0p85,0.85
2.531,0.9999999999999868,0p85,0.85
2.532,0.9999999999999868,0p85,0.85
2.533,0.9999999999999868,0p85,0.85
2.534,0.9999999999999868,0p85,0.85
2.535,0.9999999999999868,0p85,0.85
2.536,0.9999999999999868,0p85,0.85
2.537,0.9999999999999868,0p85,0.85
2.538,0.9999999999999868,0p85,0.85
2.539,0.9999999999999868,0p85,0.85
2.54,0.9999999999999868,0p85,0.85
2.541,0.9999999999999868,0p85,0.85
2.542,0.9999999999999868,0p85,0.85
2.543,0.9999999999999868,0p85,0.85
2.544,0.9999999999999868,0p85,0.85
2.545,0.9999999999999868,0p85,0.85
2.546,0.9999999999999868,0p85,0.85
2.547,0.9999999999999868,0p85,0.85
2.548,0.9999999999999868,0p85,0.85
2.549,0.9999999999999868,0p85,0.85
2.55,0.9999999999999868,0p85,0.85
2.551,0.9999999999999868,0p85,0.85
2.552,0.9999999999999868,0p85,0.85
2.553,0.9999999999999868,0p85,0.85
2.554,0.9999999999999868,0p85,0.85
2.555,0.9999999999999868,0p85,0.85
2.556,0.9999999999999868,0p85,0.85
2.557,0.9999999999999868,0p85,0.85
2.558,0.9999999999999868,0p85,0.85
2.559,0.9999999999999868,0p85,0.85
2.56,0.9999999999999868,0p85,0.85
2.561,0.9999999999999868,0p85,0.85
2.562,0.9999999999999868,0p85,0.85
2.563,0.9999999999999868,0p85,0.85
2.564,0.9999999999999868,0p85,0.85
2.565,0.9999999999999868,0p85,0.85
2.566,0.9999999999999868,0p85,0.85
2.567,0.9999999999999868,0p85,0.85
2.568,0.9999999999999868,0p85,0.85
2.569,0.9999999999999868,0p85,0.85
2.57,0.9999999999999868,0p85,0.85
2.571,0.9999999999999868,0p85,0.85
2.572,0.9999999999999868,0p85,0.85
2.573,0.9999999999999868,0p85,0.85
2.574,0.9999999999999868,0p85,0.85
2.575,0.9999999999999868,0p85,0.85
2.576,0.9999999999999868,0p85,0.85
2.577,0.9999999999999868,0p85,0.85
2.578,0.9999999999999868,0p85,0.85
2.579,0.9999999999999868,0p85,0.85
2.58,0.9999999999999868,0p85,0.85
2.581,0.9999999999999868,0p85,0.85
2.582,0.9999999999999868,0p85,0.85
2.583,0.9999999999999868,0p85,0.85
2.584,0.9999999999999868,0p85,0.85
2.585,0.9999999999999868,0p85,0.85
2.586,0.9999999999999868,0p85,0.85
2.587,0.9999999999999868,0p85,0.85
2.588,0.9999999999999868,0p85,0.85
2.589,0.9999999999999868,0p85,0.85
2.59,0.9999999999999868,0p85,0.85
2.591,0.9999999999999868,0p85,0.85
2.592,0.9999999999999868,0p85,0.85
2.593,0.9999999999999868,0p85,0.85
2.594,0.9999999999999868,0p85,0.85
2.595,0.9999999999999868,0p85,0.85
2.596,0.9999999999999868,0p85,0.85
2.597,0.9999999999999868,0p85,0.85
2.598,0.9999999999999868,0p85,0.85
2.599,0.9999999999999868,0p85,0.85
2.6,0.9999999999999868,0p85,0.85
2.601,0.9999999999999868,0p85,0.85
2.602,0.9999999999999868,0p85,0.85
2.603,0.9999999999999868,0p85,0.85
2.604,0.9999999999999868,0p85,0.85
2.605,0.9999999999999868,0p85,0.85
2.606,0.9999999999999868,0p85,0.85
2.607,0.9999999999999868,0p85,0.85
2.608,0.9999999999999868,0p85,0.85
2.609,0.9999999999999868,0p85,0.85
2.61,0.9999999999999868,0p85,0.85
2.611,0.9999999999999868,0p85,0.85
2.612,0.9999999999999868,0p85,0.85
2.613,0.9999999999999868,0p85,0.85
2.614,0.9999999999999868,0p85,0.85
2.615,0.9999999999999868,0p85,0.85
2.616,0.9999999999999868,0p85,0.85
2.617,0.9999999999999868,0p85,0.85
2.618,0.9999999999999868,0p85,0.85
2.619,0.9999999999999868,0p85,0.85
2.62,0.9999999999999868,0p85,0.85
2.621,0.9999999999999868,0p85,0.85
2.622,0.9999999999999868,0p85,0.85
2.623,0.9999999999999868,0p85,0.85
2.624,0.9999999999999868,0p85,0.85
2.625,0.9999999999999868,0p85,0.85
2.626,0.9999999999999868,0p85,0.85
2.627,0.9999999999999868,0p85,0.85
2.628,0.9999999999999868,0p85,0.85
2.629,0.9999999999999868,0p85,0.85
2.63,0.9999999999999868,0p85,0.85
2.631,0.9999999999999868,0p85,0.85
2.632,0.9999999999999868,0p85,0.85
2.633,0.9999999999999868,0p85,0.85
2.634,0.9999999999999868,0p85,0.85
2.635,0.9999999999999868,0p85,0.85
2.636,0.9999999999999868,0p85,0.85
2.637,0.9999999999999868,0p85,0.85
2.638,0.9999999999999868,0p85,0.85
2.639,0.9999999999999868,0p85,0.85
2.64,0.9999999999999868,0p85,0.85
2.641,0.9999999999999868,0p85,0.85
2.642,0.9999999999999868,0p85,0.85
2.643,0.9999999999999868,0p85,0.85
2.644,0.9999999999999868,0p85,0.85
2.645,0.9999999999999868,0p85,0.85
2.646,0.9999999999999868,0p85,0.85
2.647,0.9999999999999868,0p85,0.85
2.648,0.9999999999999868,0p85,0.85
2.649,0.9999999999999868,0p85,0.85
2.65,0.9999999999999868,0p85,0.85
2.651,0.9999999999999868,0p85,0.85
2.652,0.9999999999999868,0p85,0.85
2.653,0.9999999999999868,0p85,0.85
2.654,0.9999999999999868,0p85,0.85
2.655,0.9999999999999868,0p85,0.85
2.656,0.9999999999999868,0p85,0.85
2.657,0.9999999999999868,0p85,0.85
2.658,0.9999999999999868,0p85,0.85
2.659,0.9999999999999868,0p85,0.85
2.66,0.9999999999999868,0p85,0.85
2.661,0.9999999999999868,0p85,0.85
2.662,0.9999999999999868,0p85,0.85
2.663,0.9999999999999868,0p85,0.85
2.664,0.9999999999999868,0p85,0.85
2.665,0.9999999999999868,0p85,0.85
2.666,0.9999999999999868,0p85,0.85
2.667,0.9999999999999868,0p85,0.85
2.668,0.9999999999999868,0p85,0.85
2.669,0.9999999999999868,0p85,0.85
2.67,0.9999999999999868,0p85,0.85
2.671,0.9999999999999868,0p85,0.85
2.672,0.9999999999999868,0p85,0.85
2.673,0.9999999999999868,0p85,0.85
2.674,0.9999999999999868,0p85,0.85
2.675,0.9999999999999868,0p85,0.85
2.676,0.9999999999999868,0p85,0.85
2.677,0.9999999999999868,0p85,0.85
2.678,0.9999999999999868,0p85,0.85
2.679,0.9999999999999868,0p85,0.85
2.68,0.9999999999999868,0p85,0.85
2.681,0.9999999999999868,0p85,0.85
2.682,0.9999999999999868,0p85,0.85
2.683,0.9999999999999868,0p85,0.85
2.684,0.9999999999999868,0p85,0.85
2.685,0.9999999999999868,0p85,0.85
2.686,0.9999999999999868,0p85,0.85
2.687,0.9999999999999868,0p85,0.85
2.688,0.9999999999999868,0p85,0.85
2.689,0.9999999999999868,0p85,0.85
2.69,0.9999999999999868,0p85,0.85
2.691,0.9999999999999868,0p85,0.85
2.692,0.9999999999999868,0p85,0.85
2.693,0.9999999999999868,0p85,0.85
2.694,0.9999999999999868,0p85,0.85
2.695,0.9999999999999868,0p85,0.85
2.696,0.9999999999999868,0p85,0.85
2.697,0.9999999999999868,0p85,0.85
2.698,0.9999999999999868,0p85,0.85
2.699,0.9999999999999868,0p85,0.85
2.7,0.9999999999999868,0p85,0.85
2.701,0.9999999999999868,0p85,0.85
2.702,0.9999999999999868,0p85,0.85
2.703,0.9999999999999868,0p85,0.85
2.704,0.9999999999999868,0p85,0.85
2.705,0.9999999999999868,0p85,0.85
2.706,0.9999999999999868,0p85,0.85
2.707,0.9999999999999868,0p85,0.85
2.708,0.9999999999999868,0p85,0.85
2.709,0.9999999999999868,0p85,0.85
2.71,0.9999999999999868,0p85,0.85
2.711,0.9999999999999868,0p85,0.85
2.712,0.9999999999999868,0p85,0.85
2.713,0.9999999999999868,0p85,0.85
2.714,0.9999999999999868,0p85,0.85
2.715,0.9999999999999868,0p85,0.85
2.716,0.9999999999999868,0p85,0.85
2.717,0.9999999999999868,0p85,0.85
2.718,0.9999999999999868,0p85,0.85
2.719,0.9999999999999868,0p85,0.85
2.72,0.9999999999999868,0p85,0.85
2.721,0.9999999999999868,0p85,0.85
2.722,0.9999999999999868,0p85,0.85
2.723,0.9999999999999868,0p85,0.85
2.724,0.9999999999999868,0p85,0.85
2.725,0.9999999999999868,0p85,0.85
2.726,0.9999999999999868,0p85,0.85
2.727,0.9999999999999868,0p85,0.85
2.728,0.9999999999999868,0p85,0.85
2.729,0.9999999999999868,0p85,0.85
2.73,0.9999999999999868,0p85,0.85
2.731,0.9999999999999868,0p85,0.85
2.732,0.9999999999999868,0p85,0.85
2.733,0.9999999999999868,0p85,0.85
2.734,0.9999999999999868,0p85,0.85
2.735,0.9999999999999868,0p85,0.85
2.736,0.9999999999999868,0p85,0.85
2.737,0.9999999999999868,0p85,0.85
2.738,0.9999999999999868,0p85,0.85
2.739,0.9999999999999868,0p85,0.85
2.74,0.9999999999999868,0p85,0.85
2.741,0.9999999999999868,0p85,0.85
2.742,0.9999999999999868,0p85,0.85
2.743,0.9999999999999868,0p85,0.85
2.744,0.9999999999999868,0p85,0.85
2.745,0.9999999999999868,0p85,0.85
2.746,0.9999999999999868,0p85,0.85
2.747,0.9999999999999868,0p85,0.85
2.748,0.9999999999999868,0p85,0.85
2.749,0.9999999999999868,0p85,0.85
2.75,0.9999999999999868,0p85,0.85
2.751,0.9999999999999868,0p85,0.85
2.752,0.9999999999999868,0p85,0.85
2.753,0.9999999999999868,0p85,0.85
2.754,0.9999999999999868,0p85,0.85
2.755,0.9999999999999868,0p85,0.85
2.756,0.9999999999999868,0p85,0.85
2.757,0.9999999999999868,0p85,0.85
2.758,0.9999999999999868,0p85,0.85
2.759,0.9999999999999868,0p85,0.85
2.76,0.9999999999999868,0p85,0.85
2.761,0.9999999999999868,0p85,0.85
2.762,0.9999999999999868,0p85,0.85
2.763,0.9999999999999868,0p85,0.85
2.764,0.9999999999999868,0p85,0.85
2.765,0.9999999999999868,0p85,0.85
2.766,0.9999999999999868,0p85,0.85
2.767,0.9999999999999868,0p85,0.85
2.768,0.9999999999999868,0p85,0.85
2.769,0.9999999999999868,0p85,0.85
2.77,0.9999999999999868,0p85,0.85
2.771,0.9999999999999868,0p85,0.85
2.772,0.9999999999999868,0p85,0.85
2.773,0.9999999999999868,0p85,0.85
2.774,0.9999999999999868,0p85,0.85
2.775,0.9999999999999868,0p85,0.85
2.776,0.9999999999999868,0p85,0.85
2.777,0.9999999999999868,0p85,0.85
2.778,0.9999999999999868,0p85,0.85
2.779,0.9999999999999868,0p85,0.85
2.78,0.9999999999999868,0p85,0.85
2.781,0.9999999999999868,0p85,0.85
2.782,0.9999999999999868,0p85,0.85
2.783,0.9999999999999868,0p85,0.85
2.784,0.9999999999999868,0p85,0.85
2.785,0.9999999999999868,0p85,0.85
2.786,0.9999999999999868,0p85,0.85
2.787,0.9999999999999868,0p85,0.85
2.788,0.9999999999999868,0p85,0.85
2.789,0.9999999999999868,0p85,0.85
2.79,0.9999999999999868,0p85,0.85
2.791,0.9999999999999868,0p85,0.85
2.792,0.9999999999999868,0p85,0.85
2.793,0.9999999999999868,0p85,0.85
2.794,0.9999999999999868,0p85,0.85
2.795,0.9999999999999868,0p85,0.85
2.796,0.9999999999999868,0p85,0.85
2.797,0.9999999999999868,0p85,0.85
2.798,0.9999999999999868,0p85,0.85
2.799,0.9999999999999868,0p85,0.85
2.8,0.9999999999999868,0p85,0.85
2.801,0.9999999999999868,0p85,0.85
2.802,0.9999999999999868,0p85,0.85
2.803,0.9999999999999868,0p85,0.85
2.804,0.9999999999999868,0p85,0.85
2.805,0.9999999999999868,0p85,0.85
2.806,0.9999999999999868,0p85,0.85
2.807,0.9999999999999868,0p85,0.85
2.808,0.9999999999999868,0p85,0.85
2.809,0.9999999999999868,0p85,0.85
2.81,0.9999999999999868,0p85,0.85
2.811,0.9999999999999868,0p85,0.85
2.812,0.9999999999999868,0p85,0.85
2.813,0.9999999999999868,0p85,0.85
2.814,0.9999999999999868,0p85,0.85
2.815,0.9999999999999868,0p85,0.85
2.816,0.9999999999999868,0p85,0.85
2.817,0.9999999999999868,0p85,0.85
2.818,0.9999999999999868,0p85,0.85
2.819,0.9999999999999868,0p85,0.85
2.82,0.9999999999999868,0p85,0.85
2.821,0.9999999999999868,0p85,0.85
2.822,0.9999999999999868,0p85,0.85
2.823,0.9999999999999868,0p85,0.85
2.824,0.9999999999999868,0p85,0.85
2.825,0.9999999999999868,0p85,0.85
2.826,0.9999999999999868,0p85,0.85
2.827,0.9999999999999868,0p85,0.85
2.828,0.9999999999999868,0p85,0.85
2.829,0.9999999999999868,0p85,0.85
2.83,0.9999999999999868,0p85,0.85
2.831,0.9999999999999868,0p85,0.85
2.832,0.9999999999999868,0p85,0.85
2.833,0.9999999999999868,0p85,0.85
2.834,0.9999999999999868,0p85,0.85
2.835,0.9999999999999868,0p85,0.85
2.836,0.9999999999999868,0p85,0.85
2.837,0.9999999999999868,0p85,0.85
2.838,0.9999999999999868,0p85,0.85
2.839,0.9999999999999868,0p85,0.85
2.84,0.9999999999999868,0p85,0.85
2.841,0.9999999999999868,0p85,0.85
2.842,0.9999999999999868,0p85,0.85
2.843,0.9999999999999868,0p85,0.85
2.844,0.9999999999999868,0p85,0.85
2.845,0.9999999999999868,0p85,0.85
2.846,0.9999999999999868,0p85,0.85
2.847,0.9999999999999868,0p85,0.85
2.848,0.9999999999999868,0p85,0.85
2.849,0.9999999999999868,0p85,0.85
2.85,0.9999999999999868,0p85,0.85
2.851,0.9999999999999868,0p85,0.85
2.852,0.9999999999999868,0p85,0.85
2.853,0.9999999999999868,0p85,0.85
2.854,0.9999999999999868,0p85,0.85
2.855,0.9999999999999868,0p85,0.85
2.856,0.9999999999999868,0p85,0.85
2.857,0.9999999999999868,0p85,0.85
2.858,0.9999999999999868,0p85,0.85
2.859,0.9999999999999868,0p85,0.85
2.86,0.9999999999999868,0p85,0.85
2.861,0.9999999999999868,0p85,0.85
2.862,0.9999999999999868,0p85,0.85
2.863,0.9999999999999868,0p85,0.85
2.864,0.9999999999999868,0p85,0.85
2.865,0.9999999999999868,0p85,0.85
2.866,0.9999999999999868,0p85,0.85
2.867,0.9999999999999868,0p85,0.85
2.868,0.9999999999999868,0p85,0.85
2.869,0.9999999999999868,0p85,0.85
2.87,0.9999999999999868,0p85,0.85
2.871,0.9999999999999868,0p85,0.85
2.872,0.9999999999999868,0p85,0.85
2.873,0.9999999999999868,0p85,0.85
2.874,0.9999999999999868,0p85,0.85
2.875,0.9999999999999868,0p85,0.85
2.876,0.9999999999999868,0p85,0.85
2.877,0.9999999999999868,0p85,0.85
2.878,0.9999999999999868,0p85,0.85
2.879,0.9999999999999868,0p85,0.85
2.88,0.9999999999999868,0p85,0.85
2.881,0.9999999999999868,0p85,0.85
2.882,0.9999999999999868,0p85,0.85
2.883,0.9999999999999868,0p85,0.85
2.884,0.9999999999999868,0p85,0.85
2.885,0.9999999999999868,0p85,0.85
2.886,0.9999999999999868,0p85,0.85
2.887,0.9999999999999868,0p85,0.85
2.888,0.9999999999999868,0p85,0.85
2.889,0.9999999999999868,0p85,0.85
2.89,0.9999999999999868,0p85,0.85
2.891,0.9999999999999868,0p85,0.85
2.892,0.9999999999999868,0p85,0.85
2.893,0.9999999999999868,0p85,0.85
2.894,0.9999999999999868,0p85,0.85
2.895,0.9999999999999868,0p85,0.85
2.896,0.9999999999999868,0p85,0.85
2.897,0.9999999999999868,0p85,0.85
2.898,0.9999999999999868,0p85,0.85
2.899,0.9999999999999868,0p85,0.85
2.9,0.9999999999999868,0p85,0.85
2.901,0.9999999999999868,0p85,0.85
2.902,0.9999999999999868,0p85,0.85
2.903,0.9999999999999868,0p85,0.85
2.904,0.9999999999999868,0p85,0.85
2.905,0.9999999999999868,0p85,0.85
2.906,0.9999999999999868,0p85,0.85
2.907,0.9999999999999868,0p85,0.85
2.908,0.9999999999999868,0p85,0.85
2.909,0.9999999999999868,0p85,0.85
2.91,0.9999999999999868,0p85,0.85
2.911,0.9999999999999868,0p85,0.85
2.912,0.9999999999999868,0p85,0.85
2.913,0.9999999999999868,0p85,0.85
2.914,0.9999999999999868,0p85,0.85
2.915,0.9999999999999868,0p85,0.85
2.916,0.9999999999999868,0p85,0.85
2.917,0.9999999999999868,0p85,0.85
2.918,0.9999999999999868,0p85,0.85
2.919,0.9999999999999868,0p85,0.85
2.92,0.9999999999999868,0p85,0.85
2.921,0.9999999999999868,0p85,0.85
2.922,0.9999999999999868,0p85,0.85
2.923,0.9999999999999868,0p85,0.85
2.924,0.9999999999999868,0p85,0.85
2.925,0.9999999999999868,0p85,0.85
2.926,0.9999999999999868,0p85,0.85
2.927,0.9999999999999868,0p85,0.85
2.928,0.9999999999999868,0p85,0.85
2.929,0.9999999999999868,0p85,0.85
2.93,0.9999999999999868,0p85,0.85
2.931,0.9999999999999868,0p85,0.85
2.932,0.9999999999999868,0p85,0.85
2.933,0.9999999999999868,0p85,0.85
2.934,0.9999999999999868,0p85,0.85
2.935,0.9999999999999868,0p85,0.85
2.936,0.9999999999999868,0p85,0.85
2.937,0.9999999999999868,0p85,0.85
2.938,0.9999999999999868,0p85,0.85
2.939,0.9999999999999868,0p85,0.85
2.94,0.9999999999999868,0p85,0.85
2.941,0.9999999999999868,0p85,0.85
2.942,0.9999999999999868,0p85,0.85
2.943,0.9999999999999868,0p85,0.85
2.944,0.9999999999999868,0p85,0.85
2.945,0.9999999999999868,0p85,0.85
2.946,0.9999999999999868,0p85,0.85
2.947,0.9999999999999868,0p85,0.85
2.948,0.9999999999999868,0p85,0.85
2.949,0.9999999999999868,0p85,0.85
2.95,0.9999999999999868,0p85,0.85
2.951,0.9999999999999868,0p85,0.85
2.952,0.9999999999999868,0p85,0.85
2.953,0.9999999999999868,0p85,0.85
2.954,0.9999999999999868,0p85,0.85
2.955,0.9999999999999868,0p85,0.85
2.956,0.9999999999999868,0p85,0.85
2.957,0.9999999999999868,0p85,0.85
2.958,0.9999999999999868,0p85,0.85
2.959,0.9999999999999868,0p85,0.85
2.96,0.9999999999999868,0p85,0.85
2.961,0.9999999999999868,0p85,0.85
2.962,0.9999999999999868,0p85,0.85
2.963,0.9999999999999868,0p85,0.85
2.964,0.9999999999999868,0p85,0.85
2.965,0.9999999999999868,0p85,0.85
2.966,0.9999999999999868,0p85,0.85
2.967,0.9999999999999868,0p85,0.85
2.968,0.9999999999999868,0p85,0.85
2.969,0.9999999999999868,0p85,0.85
2.97,0.9999999999999868,0p85,0.85
2.971,0.9999999999999868,0p85,0.85
2.972,0.9999999999999868,0p85,0.85
2.973,0.9999999999999868,0p85,0.85
2.974,0.9999999999999868,0p85,0.85
2.975,0.9999999999999868,0p85,0.85
2.976,0.9999999999999868,0p85,0.85
2.977,0.9999999999999868,0p85,0.85
2.978,0.9999999999999868,0p85,0.85
2.979,0.9999999999999868,0p85,0.85
2.98,0.9999999999999868,0p85,0.85
2.981,0.9999999999999868,0p85,0.85
2.982,0.9999999999999868,0p85,0.85
2.983,0.9999999999999868,0p85,0.85
2.984,0.9999999999999868,0p85,0.85
2.985,0.9999999999999868,0p85,0.85
2.986,0.9999999999999868,0p85,0.85
2.987,0.9999999999999868,0p85,0.85
2.988,0.9999999999999868,0p85,0.85
2.989,0.9999999999999868,0p85,0.85
2.99,0.9999999999999868,0p85,0.85
2.991,0.9999999999999868,0p85,0.85
2.992,0.9999999999999868,0p85,0.85
2.993,0.9999999999999868,0p85,0.85
2.994,0.9999999999999868,0p85,0.85
2.995,0.9999999999999868,0p85,0.85
2.996,0.9999999999999868,0p85,0.85
2.997,0.9999999999999868,0p85,0.85
2.998,0.9999999999999868,0p85,0.85
2.999,0.9999999999999868,0p85,0.85
3.0,0.9999999999999868,0p85,0.85
3.0,0.9999999999999868,0p85,0.85
