time,BESS.terminal.V.im,case,parameter_value
0.0,6.198300000000002e-8,0p3,0.3
0.001,6.198299999999997e-8,0p3,0.3
0.002,6.198299999999982e-8,0p3,0.3
0.003,6.198299999999973e-8,0p3,0.3
0.004,6.198299999999969e-8,0p3,0.3
0.005,6.198299999999969e-8,0p3,0.3
0.006,6.198299999999969e-8,0p3,0.3
0.007,6.198299999999973e-8,0p3,0.3
0.008,6.198299999999973e-8,0p3,0.3
0.009,6.198299999999974e-8,0p3,0.3
0.01,6.198299999999977e-8,0p3,0.3
0.011,6.198299999999978e-8,0p3,0.3
0.012,6.198299999999978e-8,0p3,0.3
0.013,6.19829999999998e-8,0p3,0.3
0.014,6.19829999999998e-8,0p3,0.3
0.015,6.198299999999981e-8,0p3,0.3
0.016,6.198299999999981e-8,0p3,0.3
0.017,6.198299999999983e-8,0p3,0.3
0.018,6.198299999999983e-8,0p3,0.3
0.019,6.198299999999983e-8,0p3,0.3
0.02,6.198299999999983e-8,0p3,0.3
0.021,6.198299999999983e-8,0p3,0.3
0.022,6.198299999999983e-8,0p3,0.3
0.023,6.198299999999986e-8,0p3,0.3
0.024,6.198299999999986e-8,0p3,0.3
0.025,6.198299999999986e-8,0p3,0.3
0.026,6.198299999999986e-8,0p3,0.3
0.027,6.198299999999987e-8,0p3,0.3
0.028,6.198299999999987e-8,0p3,0.3
0.029,6.198299999999987e-8,0p3,0.3
0.03,6.198299999999987e-8,0p3,0.3
0.031,6.198299999999987e-8,0p3,0.3
0.032,6.198299999999987e-8,0p3,0.3
0.033,6.19829999999999e-8,0p3,0.3
0.034,6.19829999999999e-8,0p3,0.3
0.035,6.19829999999999e-8,0p3,0.3
0.036,6.19829999999999e-8,0p3,0.3
0.037,6.198299999999991e-8,0p3,0.3
0.038,6.198299999999991e-8,0p3,0.3
0.039,6.198299999999991e-8,0p3,0.3
0.04,6.198299999999993e-8,0p3,0.3
0.041,6.198299999999993e-8,0p3,0.3
0.042,6.198299999999993e-8,0p3,0.3
0.043,6.198299999999993e-8,0p3,0.3
0.044,6.198299999999994e-8,0p3,0.3
0.045,6.198299999999994e-8,0p3,0.3
0.046,6.198299999999994e-8,0p3,0.3
0.047,6.198299999999994e-8,0p3,0.3
0.048,6.198299999999994e-8,0p3,0.3
0.049,6.198299999999994e-8,0p3,0.3
0.05,6.198299999999994e-8,0p3,0.3
0.051,6.198299999999994e-8,0p3,0.3
0.052,6.198299999999995e-8,0p3,0.3
0.053,6.198299999999995e-8,0p3,0.3
0.054,6.198299999999995e-8,0p3,0.3
0.055,6.198299999999995e-8,0p3,0.3
0.056,6.198299999999995e-8,0p3,0.3
0.057,6.198299999999995e-8,0p3,0.3
0.058,6.198299999999995e-8,0p3,0.3
0.059,6.198299999999995e-8,0p3,0.3
0.06,6.198299999999995e-8,0p3,0.3
0.061,6.198299999999997e-8,0p3,0.3
0.062,6.198299999999997e-8,0p3,0.3
0.063,6.198299999999997e-8,0p3,0.3
0.064,6.198299999999997e-8,0p3,0.3
0.065,6.198299999999997e-8,0p3,0.3
0.066,6.198299999999997e-8,0p3,0.3
0.067,6.198299999999997e-8,0p3,0.3
0.068,6.198299999999997e-8,0p3,0.3
0.069,6.198299999999997e-8,0p3,0.3
0.07,6.198299999999998e-8,0p3,0.3
0.071,6.198299999999998e-8,0p3,0.3
0.072,6.198299999999998e-8,0p3,0.3
0.073,6.198299999999998e-8,0p3,0.3
0.074,6.198299999999998e-8,0p3,0.3
0.075,6.198299999999998e-8,0p3,0.3
0.076,6.198299999999998e-8,0p3,0.3
0.077,6.198299999999998e-8,0p3,0.3
0.078,6.198299999999998e-8,0p3,0.3
0.079,6.198299999999998e-8,0p3,0.3
0.08,6.198299999999998e-8,0p3,0.3
0.081,6.198299999999998e-8,0p3,0.3
0.082,6.198299999999998e-8,0p3,0.3
0.083,6.198299999999998e-8,0p3,0.3
0.084,6.198299999999998e-8,0p3,0.3
0.085,6.198299999999998e-8,0p3,0.3
0.086,6.198299999999998e-8,0p3,0.3
0.087,6.198299999999998e-8,0p3,0.3
0.088,6.198299999999998e-8,0p3,0.3
0.089,6.198299999999998e-8,0p3,0.3
0.09,6.198299999999998e-8,0p3,0.3
0.091,6.198300000000002e-8,0p3,0.3
0.092,6.198300000000002e-8,0p3,0.3
0.093,6.198300000000002e-8,0p3,0.3
0.094,6.198300000000002e-8,0p3,0.3
0.095,6.198300000000002e-8,0p3,0.3
0.096,6.198300000000002e-8,0p3,0.3
0.097,6.198300000000002e-8,0p3,0.3
0.098,6.198300000000002e-8,0p3,0.3
0.099,6.198300000000002e-8,0p3,0.3
0.1,6.198300000000002e-8,0p3,0.3
0.101,6.198300000000002e-8,0p3,0.3
0.102,6.198300000000002e-8,0p3,0.3
0.103,6.198300000000002e-8,0p3,0.3
0.104,6.198300000000002e-8,0p3,0.3
0.105,6.198300000000002e-8,0p3,0.3
0.106,6.198300000000002e-8,0p3,0.3
0.107,6.198300000000002e-8,0p3,0.3
0.108,6.198300000000002e-8,0p3,0.3
0.109,6.198300000000002e-8,0p3,0.3
0.11,6.198300000000002e-8,0p3,0.3
0.111,6.198300000000002e-8,0p3,0.3
0.112,6.198300000000002e-8,0p3,0.3
0.113,6.198300000000002e-8,0p3,0.3
0.114,6.198300000000002e-8,0p3,0.3
0.115,6.198300000000002e-8,0p3,0.3
0.116,6.198300000000002e-8,0p3,0.3
0.117,6.198300000000002e-8,0p3,0.3
0.118,6.198300000000002e-8,0p3,0.3
0.119,6.198300000000002e-8,0p3,0.3
0.12,6.198300000000002e-8,0p3,0.3
0.121,6.198300000000002e-8,0p3,0.3
0.122,6.198300000000002e-8,0p3,0.3
0.123,6.198300000000002e-8,0p3,0.3
0.124,6.198300000000002e-8,0p3,0.3
0.125,6.198300000000002e-8,0p3,0.3
0.126,6.198300000000002e-8,0p3,0.3
0.127,6.198300000000002e-8,0p3,0.3
0.128,6.198300000000002e-8,0p3,0.3
0.129,6.198300000000002e-8,0p3,0.3
0.13,6.198300000000002e-8,0p3,0.3
0.131,6.198300000000002e-8,0p3,0.3
0.132,6.198300000000002e-8,0p3,0.3
0.133,6.198300000000002e-8,0p3,0.3
0.134,6.198300000000002e-8,0p3,0.3
0.135,6.198300000000002e-8,0p3,0.3
0.136,6.198300000000002e-8,0p3,0.3
0.137,6.198300000000002e-8,0p3,0.3
0.138,6.198300000000002e-8,0p3,0.3
0.139,6.198300000000002e-8,0p3,0.3
0.14,6.198300000000002e-8,0p3,0.3
0.141,6.198300000000002e-8,0p3,0.3
0.142,6.198300000000002e-8,0p3,0.3
0.143,6.198300000000002e-8,0p3,0.3
0.144,6.198300000000002e-8,0p3,0.3
0.145,6.198300000000002e-8,0p3,0.3
0.146,6.198300000000002e-8,0p3,0.3
0.147,6.198300000000002e-8,0p3,0.3
0.148,6.198300000000002e-8,0p3,0.3
0.149,6.198300000000002e-8,0p3,0.3
0.15,6.198300000000002e-8,0p3,0.3
0.151,6.198300000000002e-8,0p3,0.3
0.152,6.198300000000002e-8,0p3,0.3
0.153,6.198300000000002e-8,0p3,0.3
0.154,6.198300000000002e-8,0p3,0.3
0.155,6.198300000000002e-8,0p3,0.3
0.156,6.198300000000002e-8,0p3,0.3
0.157,6.198300000000002e-8,0p3,0.3
0.158,6.198300000000002e-8,0p3,0.3
0.159,6.198300000000002e-8,0p3,0.3
0.16,6.198300000000002e-8,0p3,0.3
0.161,6.198300000000002e-8,0p3,0.3
0.162,6.198300000000002e-8,0p3,0.3
0.163,6.198300000000002e-8,0p3,0.3
0.164,6.198300000000002e-8,0p3,0.3
0.165,6.198300000000002e-8,0p3,0.3
0.166,6.198300000000002e-8,0p3,0.3
0.167,6.198300000000002e-8,0p3,0.3
0.168,6.198300000000002e-8,0p3,0.3
0.169,6.198300000000002e-8,0p3,0.3
0.17,6.198300000000002e-8,0p3,0.3
0.171,6.198300000000002e-8,0p3,0.3
0.172,6.198300000000002e-8,0p3,0.3
0.173,6.198300000000002e-8,0p3,0.3
0.174,6.198300000000002e-8,0p3,0.3
0.175,6.198300000000002e-8,0p3,0.3
0.176,6.198300000000002e-8,0p3,0.3
0.177,6.198300000000002e-8,0p3,0.3
0.178,6.198300000000002e-8,0p3,0.3
0.179,6.198300000000002e-8,0p3,0.3
0.18,6.198300000000002e-8,0p3,0.3
0.181,6.198300000000002e-8,0p3,0.3
0.182,6.198300000000002e-8,0p3,0.3
0.183,6.198300000000002e-8,0p3,0.3
0.184,6.198300000000002e-8,0p3,0.3
0.185,6.198300000000002e-8,0p3,0.3
0.186,6.198300000000002e-8,0p3,0.3
0.187,6.198300000000002e-8,0p3,0.3
0.188,6.198300000000002e-8,0p3,0.3
0.189,6.198300000000002e-8,0p3,0.3
0.19,6.198300000000002e-8,0p3,0.3
0.191,6.198300000000002e-8,0p3,0.3
0.192,6.198300000000002e-8,0p3,0.3
0.193,6.198300000000002e-8,0p3,0.3
0.194,6.198300000000002e-8,0p3,0.3
0.195,6.198300000000002e-8,0p3,0.3
0.196,6.198300000000002e-8,0p3,0.3
0.197,6.198300000000002e-8,0p3,0.3
0.198,6.198300000000002e-8,0p3,0.3
0.199,6.198300000000002e-8,0p3,0.3
0.2,6.198300000000002e-8,0p3,0.3
0.201,6.198300000000002e-8,0p3,0.3
0.202,6.198300000000002e-8,0p3,0.3
0.203,6.198300000000002e-8,0p3,0.3
0.204,6.198300000000002e-8,0p3,0.3
0.205,6.198300000000002e-8,0p3,0.3
0.206,6.198300000000002e-8,0p3,0.3
0.207,6.198300000000002e-8,0p3,0.3
0.208,6.198300000000002e-8,0p3,0.3
0.209,6.198300000000002e-8,0p3,0.3
0.21,6.198300000000002e-8,0p3,0.3
0.211,6.198300000000002e-8,0p3,0.3
0.212,6.198300000000002e-8,0p3,0.3
0.213,6.198300000000002e-8,0p3,0.3
0.214,6.198300000000002e-8,0p3,0.3
0.215,6.198300000000002e-8,0p3,0.3
0.216,6.198300000000002e-8,0p3,0.3
0.217,6.198300000000002e-8,0p3,0.3
0.218,6.198300000000002e-8,0p3,0.3
0.219,6.198300000000002e-8,0p3,0.3
0.22,6.198300000000002e-8,0p3,0.3
0.221,6.198300000000002e-8,0p3,0.3
0.222,6.198300000000002e-8,0p3,0.3
0.223,6.198300000000002e-8,0p3,0.3
0.224,6.198300000000002e-8,0p3,0.3
0.225,6.198300000000002e-8,0p3,0.3
0.226,6.198300000000002e-8,0p3,0.3
0.227,6.198300000000002e-8,0p3,0.3
0.228,6.198300000000002e-8,0p3,0.3
0.229,6.198300000000002e-8,0p3,0.3
0.23,6.198300000000002e-8,0p3,0.3
0.231,6.198300000000002e-8,0p3,0.3
0.232,6.198300000000002e-8,0p3,0.3
0.233,6.198300000000002e-8,0p3,0.3
0.234,6.198300000000002e-8,0p3,0.3
0.235,6.198300000000002e-8,0p3,0.3
0.236,6.198300000000002e-8,0p3,0.3
0.237,6.198300000000002e-8,0p3,0.3
0.238,6.198300000000002e-8,0p3,0.3
0.239,6.198300000000002e-8,0p3,0.3
0.24,6.198300000000002e-8,0p3,0.3
0.241,6.198300000000002e-8,0p3,0.3
0.242,6.198300000000002e-8,0p3,0.3
0.243,6.198300000000002e-8,0p3,0.3
0.244,6.198300000000002e-8,0p3,0.3
0.245,6.198300000000002e-8,0p3,0.3
0.246,6.198300000000002e-8,0p3,0.3
0.247,6.198300000000002e-8,0p3,0.3
0.248,6.198300000000002e-8,0p3,0.3
0.249,6.198300000000002e-8,0p3,0.3
0.25,6.198300000000002e-8,0p3,0.3
0.251,6.198300000000002e-8,0p3,0.3
0.252,6.198300000000002e-8,0p3,0.3
0.253,6.198300000000002e-8,0p3,0.3
0.254,6.198300000000002e-8,0p3,0.3
0.255,6.198300000000002e-8,0p3,0.3
0.256,6.198300000000002e-8,0p3,0.3
0.257,6.198300000000002e-8,0p3,0.3
0.258,6.198300000000002e-8,0p3,0.3
0.259,6.198300000000002e-8,0p3,0.3
0.26,6.198300000000002e-8,0p3,0.3
0.261,6.198300000000002e-8,0p3,0.3
0.262,6.198300000000002e-8,0p3,0.3
0.263,6.198300000000002e-8,0p3,0.3
0.264,6.198300000000002e-8,0p3,0.3
0.265,6.198300000000002e-8,0p3,0.3
0.266,6.198300000000002e-8,0p3,0.3
0.267,6.198300000000002e-8,0p3,0.3
0.268,6.198300000000002e-8,0p3,0.3
0.269,6.198300000000002e-8,0p3,0.3
0.27,6.198300000000002e-8,0p3,0.3
0.271,6.198300000000002e-8,0p3,0.3
0.272,6.198300000000002e-8,0p3,0.3
0.273,6.198300000000002e-8,0p3,0.3
0.274,6.198300000000002e-8,0p3,0.3
0.275,6.198300000000002e-8,0p3,0.3
0.276,6.198300000000002e-8,0p3,0.3
0.277,6.198300000000002e-8,0p3,0.3
0.278,6.198300000000002e-8,0p3,0.3
0.279,6.198300000000002e-8,0p3,0.3
0.28,6.198300000000002e-8,0p3,0.3
0.281,6.198300000000002e-8,0p3,0.3
0.282,6.198300000000002e-8,0p3,0.3
0.283,6.198300000000002e-8,0p3,0.3
0.284,6.198300000000002e-8,0p3,0.3
0.285,6.198300000000002e-8,0p3,0.3
0.286,6.198300000000002e-8,0p3,0.3
0.287,6.198300000000002e-8,0p3,0.3
0.288,6.198300000000002e-8,0p3,0.3
0.289,6.198300000000002e-8,0p3,0.3
0.29,6.198300000000002e-8,0p3,0.3
0.291,6.198300000000002e-8,0p3,0.3
0.292,6.198300000000002e-8,0p3,0.3
0.293,6.198300000000002e-8,0p3,0.3
0.294,6.198300000000002e-8,0p3,0.3
0.295,6.198300000000002e-8,0p3,0.3
0.296,6.198300000000002e-8,0p3,0.3
0.297,6.198300000000002e-8,0p3,0.3
0.298,6.198300000000002e-8,0p3,0.3
0.299,6.198300000000002e-8,0p3,0.3
0.3,6.198300000000002e-8,0p3,0.3
0.301,6.198300000000002e-8,0p3,0.3
0.302,6.198300000000002e-8,0p3,0.3
0.303,6.198300000000002e-8,0p3,0.3
0.304,6.198300000000002e-8,0p3,0.3
0.305,6.198300000000002e-8,0p3,0.3
0.306,6.198300000000002e-8,0p3,0.3
0.307,6.198300000000002e-8,0p3,0.3
0.308,6.198300000000002e-8,0p3,0.3
0.309,6.198300000000002e-8,0p3,0.3
0.31,6.198300000000002e-8,0p3,0.3
0.311,6.198300000000002e-8,0p3,0.3
0.312,6.198300000000002e-8,0p3,0.3
0.313,6.198300000000002e-8,0p3,0.3
0.314,6.198300000000002e-8,0p3,0.3
0.315,6.198300000000002e-8,0p3,0.3
0.316,6.198300000000002e-8,0p3,0.3
0.317,6.198300000000002e-8,0p3,0.3
0.318,6.198300000000002e-8,0p3,0.3
0.319,6.198300000000002e-8,0p3,0.3
0.32,6.198300000000002e-8,0p3,0.3
0.321,6.198300000000002e-8,0p3,0.3
0.322,6.198300000000002e-8,0p3,0.3
0.323,6.198300000000002e-8,0p3,0.3
0.324,6.198300000000002e-8,0p3,0.3
0.325,6.198300000000002e-8,0p3,0.3
0.326,6.198300000000002e-8,0p3,0.3
0.327,6.198300000000002e-8,0p3,0.3
0.328,6.198300000000002e-8,0p3,0.3
0.329,6.198300000000002e-8,0p3,0.3
0.33,6.198300000000002e-8,0p3,0.3
0.331,6.198300000000002e-8,0p3,0.3
0.332,6.198300000000002e-8,0p3,0.3
0.333,6.198300000000002e-8,0p3,0.3
0.334,6.198300000000002e-8,0p3,0.3
0.335,6.198300000000002e-8,0p3,0.3
0.336,6.198300000000002e-8,0p3,0.3
0.337,6.198300000000002e-8,0p3,0.3
0.338,6.198300000000002e-8,0p3,0.3
0.339,6.198300000000002e-8,0p3,0.3
0.34,6.198300000000002e-8,0p3,0.3
0.341,6.198300000000002e-8,0p3,0.3
0.342,6.198300000000002e-8,0p3,0.3
0.343,6.198299999999998e-8,0p3,0.3
0.344,6.198299999999998e-8,0p3,0.3
0.345,6.198299999999998e-8,0p3,0.3
0.346,6.198299999999998e-8,0p3,0.3
0.347,6.198299999999998e-8,0p3,0.3
0.348,6.198299999999998e-8,0p3,0.3
0.349,6.198299999999998e-8,0p3,0.3
0.35,6.198299999999998e-8,0p3,0.3
0.351,6.198299999999998e-8,0p3,0.3
0.352,6.198299999999998e-8,0p3,0.3
0.353,6.198299999999998e-8,0p3,0.3
0.354,6.198299999999998e-8,0p3,0.3
0.355,6.198299999999998e-8,0p3,0.3
0.356,6.198299999999998e-8,0p3,0.3
0.357,6.198299999999998e-8,0p3,0.3
0.358,6.198299999999998e-8,0p3,0.3
0.359,6.198299999999998e-8,0p3,0.3
0.36,6.198299999999998e-8,0p3,0.3
0.361,6.198299999999998e-8,0p3,0.3
0.362,6.198299999999998e-8,0p3,0.3
0.363,6.198299999999998e-8,0p3,0.3
0.364,6.198299999999998e-8,0p3,0.3
0.365,6.198299999999998e-8,0p3,0.3
0.366,6.198299999999998e-8,0p3,0.3
0.367,6.198299999999998e-8,0p3,0.3
0.368,6.198299999999998e-8,0p3,0.3
0.369,6.198299999999998e-8,0p3,0.3
0.37,6.198299999999998e-8,0p3,0.3
0.371,6.198299999999998e-8,0p3,0.3
0.372,6.198299999999998e-8,0p3,0.3
0.373,6.198299999999998e-8,0p3,0.3
0.374,6.198299999999998e-8,0p3,0.3
0.375,6.198299999999998e-8,0p3,0.3
0.376,6.198299999999998e-8,0p3,0.3
0.377,6.198299999999998e-8,0p3,0.3
0.378,6.198299999999998e-8,0p3,0.3
0.379,6.198299999999998e-8,0p3,0.3
0.38,6.198299999999998e-8,0p3,0.3
0.381,6.198299999999998e-8,0p3,0.3
0.382,6.198299999999998e-8,0p3,0.3
0.383,6.198299999999998e-8,0p3,0.3
0.384,6.198299999999998e-8,0p3,0.3
0.385,6.198299999999998e-8,0p3,0.3
0.386,6.198299999999998e-8,0p3,0.3
0.387,6.198299999999998e-8,0p3,0.3
0.388,6.198299999999998e-8,0p3,0.3
0.389,6.198299999999998e-8,0p3,0.3
0.39,6.198299999999998e-8,0p3,0.3
0.391,6.198299999999998e-8,0p3,0.3
0.392,6.198299999999998e-8,0p3,0.3
0.393,6.198299999999998e-8,0p3,0.3
0.394,6.198299999999998e-8,0p3,0.3
0.395,6.198299999999998e-8,0p3,0.3
0.396,6.198299999999998e-8,0p3,0.3
0.397,6.198299999999998e-8,0p3,0.3
0.398,6.198299999999998e-8,0p3,0.3
0.399,6.198299999999998e-8,0p3,0.3
0.4,6.198299999999998e-8,0p3,0.3
0.401,6.198299999999998e-8,0p3,0.3
0.402,6.198299999999998e-8,0p3,0.3
0.403,6.198299999999998e-8,0p3,0.3
0.404,6.198299999999998e-8,0p3,0.3
0.405,6.198299999999998e-8,0p3,0.3
0.406,6.198299999999998e-8,0p3,0.3
0.407,6.198299999999998e-8,0p3,0.3
0.408,6.198299999999998e-8,0p3,0.3
0.409,6.198299999999998e-8,0p3,0.3
0.41,6.198299999999998e-8,0p3,0.3
0.411,6.198299999999998e-8,0p3,0.3
0.412,6.198299999999998e-8,0p3,0.3
0.413,6.198299999999998e-8,0p3,0.3
0.414,6.198299999999998e-8,0p3,0.3
0.415,6.198299999999998e-8,0p3,0.3
0.416,6.198299999999998e-8,0p3,0.3
0.417,6.198299999999998e-8,0p3,0.3
0.418,6.198299999999998e-8,0p3,0.3
0.419,6.198299999999998e-8,0p3,0.3
0.42,6.198299999999998e-8,0p3,0.3
0.421,6.198299999999998e-8,0p3,0.3
0.422,6.198299999999998e-8,0p3,0.3
0.423,6.198299999999998e-8,0p3,0.3
0.424,6.198299999999998e-8,0p3,0.3
0.425,6.198299999999998e-8,0p3,0.3
0.426,6.198299999999998e-8,0p3,0.3
0.427,6.198299999999998e-8,0p3,0.3
0.428,6.198299999999998e-8,0p3,0.3
0.429,6.198299999999998e-8,0p3,0.3
0.43,6.198299999999998e-8,0p3,0.3
0.431,6.198299999999998e-8,0p3,0.3
0.432,6.198299999999998e-8,0p3,0.3
0.433,6.198299999999998e-8,0p3,0.3
0.434,6.198299999999998e-8,0p3,0.3
0.435,6.198299999999998e-8,0p3,0.3
0.436,6.198299999999998e-8,0p3,0.3
0.437,6.198299999999998e-8,0p3,0.3
0.438,6.198299999999998e-8,0p3,0.3
0.439,6.198299999999998e-8,0p3,0.3
0.44,6.198299999999998e-8,0p3,0.3
0.441,6.198299999999998e-8,0p3,0.3
0.442,6.198299999999998e-8,0p3,0.3
0.443,6.198299999999998e-8,0p3,0.3
0.444,6.198299999999998e-8,0p3,0.3
0.445,6.198299999999998e-8,0p3,0.3
0.446,6.198299999999998e-8,0p3,0.3
0.447,6.198299999999998e-8,0p3,0.3
0.448,6.198299999999998e-8,0p3,0.3
0.449,6.198299999999998e-8,0p3,0.3
0.45,6.198299999999998e-8,0p3,0.3
0.451,6.198299999999998e-8,0p3,0.3
0.452,6.198299999999998e-8,0p3,0.3
0.453,6.198299999999998e-8,0p3,0.3
0.454,6.198299999999998e-8,0p3,0.3
0.455,6.198299999999998e-8,0p3,0.3
0.456,6.198299999999998e-8,0p3,0.3
0.457,6.198299999999998e-8,0p3,0.3
0.458,6.198299999999998e-8,0p3,0.3
0.459,6.198299999999998e-8,0p3,0.3
0.46,6.198299999999998e-8,0p3,0.3
0.461,6.198299999999998e-8,0p3,0.3
0.462,6.198299999999998e-8,0p3,0.3
0.463,6.198299999999998e-8,0p3,0.3
0.464,6.198299999999998e-8,0p3,0.3
0.465,6.198299999999998e-8,0p3,0.3
0.466,6.198299999999998e-8,0p3,0.3
0.467,6.198299999999998e-8,0p3,0.3
0.468,6.198299999999998e-8,0p3,0.3
0.469,6.198299999999998e-8,0p3,0.3
0.47,6.198299999999998e-8,0p3,0.3
0.471,6.198299999999998e-8,0p3,0.3
0.472,6.198299999999998e-8,0p3,0.3
0.473,6.198299999999998e-8,0p3,0.3
0.474,6.198299999999998e-8,0p3,0.3
0.475,6.198299999999998e-8,0p3,0.3
0.476,6.198299999999998e-8,0p3,0.3
0.477,6.198299999999998e-8,0p3,0.3
0.478,6.198299999999998e-8,0p3,0.3
0.479,6.198299999999998e-8,0p3,0.3
0.48,6.198299999999998e-8,0p3,0.3
0.481,6.198299999999998e-8,0p3,0.3
0.482,6.198299999999998e-8,0p3,0.3
0.483,6.198299999999998e-8,0p3,0.3
0.484,6.198299999999998e-8,0p3,0.3
0.485,6.198299999999998e-8,0p3,0.3
0.486,6.198299999999998e-8,0p3,0.3
0.487,6.198299999999998e-8,0p3,0.3
0.488,6.198299999999998e-8,0p3,0.3
0.489,6.198299999999998e-8,0p3,0.3
0.49,6.198299999999998e-8,0p3,0.3
0.491,6.198299999999998e-8,0p3,0.3
0.492,6.198299999999998e-8,0p3,0.3
0.493,6.198299999999998e-8,0p3,0.3
0.494,6.198299999999998e-8,0p3,0.3
0.495,6.198299999999998e-8,0p3,0.3
0.496,6.198299999999998e-8,0p3,0.3
0.497,6.198299999999998e-8,0p3,0.3
0.498,6.198299999999998e-8,0p3,0.3
0.499,6.198299999999998e-8,0p3,0.3
0.5,6.198299999999998e-8,0p3,0.3
0.501,6.198299999999998e-8,0p3,0.3
0.502,6.198299999999998e-8,0p3,0.3
0.503,6.198299999999998e-8,0p3,0.3
0.504,6.198299999999998e-8,0p3,0.3
0.505,6.198299999999998e-8,0p3,0.3
0.506,6.198299999999998e-8,0p3,0.3
0.507,6.198299999999998e-8,0p3,0.3
0.508,6.198299999999998e-8,0p3,0.3
0.509,6.198299999999998e-8,0p3,0.3
0.51,6.198299999999998e-8,0p3,0.3
0.511,6.198299999999998e-8,0p3,0.3
0.512,6.198299999999998e-8,0p3,0.3
0.513,6.198299999999998e-8,0p3,0.3
0.514,6.198299999999998e-8,0p3,0.3
0.515,6.198299999999998e-8,0p3,0.3
0.516,6.198299999999998e-8,0p3,0.3
0.517,6.198299999999998e-8,0p3,0.3
0.518,6.198299999999998e-8,0p3,0.3
0.519,6.198299999999998e-8,0p3,0.3
0.52,6.198299999999998e-8,0p3,0.3
0.521,6.198299999999998e-8,0p3,0.3
0.522,6.198299999999998e-8,0p3,0.3
0.523,6.198299999999998e-8,0p3,0.3
0.524,6.198299999999998e-8,0p3,0.3
0.525,6.198299999999998e-8,0p3,0.3
0.526,6.198299999999998e-8,0p3,0.3
0.527,6.198299999999998e-8,0p3,0.3
0.528,6.198299999999998e-8,0p3,0.3
0.529,6.198299999999998e-8,0p3,0.3
0.53,6.198299999999998e-8,0p3,0.3
0.531,6.198299999999998e-8,0p3,0.3
0.532,6.198299999999998e-8,0p3,0.3
0.533,6.198299999999998e-8,0p3,0.3
0.534,6.198299999999998e-8,0p3,0.3
0.535,6.198299999999998e-8,0p3,0.3
0.536,6.198299999999998e-8,0p3,0.3
0.537,6.198299999999998e-8,0p3,0.3
0.538,6.198299999999998e-8,0p3,0.3
0.539,6.198299999999998e-8,0p3,0.3
0.54,6.198299999999998e-8,0p3,0.3
0.541,6.198299999999998e-8,0p3,0.3
0.542,6.198299999999998e-8,0p3,0.3
0.543,6.198299999999998e-8,0p3,0.3
0.544,6.198299999999998e-8,0p3,0.3
0.545,6.198299999999998e-8,0p3,0.3
0.546,6.198299999999998e-8,0p3,0.3
0.547,6.198299999999998e-8,0p3,0.3
0.548,6.198299999999998e-8,0p3,0.3
0.549,6.198299999999998e-8,0p3,0.3
0.55,6.198299999999998e-8,0p3,0.3
0.551,6.198299999999998e-8,0p3,0.3
0.552,6.198299999999998e-8,0p3,0.3
0.553,6.198299999999998e-8,0p3,0.3
0.554,6.198299999999998e-8,0p3,0.3
0.555,6.198299999999998e-8,0p3,0.3
0.556,6.198299999999998e-8,0p3,0.3
0.557,6.198299999999998e-8,0p3,0.3
0.558,6.198299999999998e-8,0p3,0.3
0.559,6.198299999999998e-8,0p3,0.3
0.56,6.198299999999998e-8,0p3,0.3
0.561,6.198299999999998e-8,0p3,0.3
0.562,6.198299999999998e-8,0p3,0.3
0.563,6.198299999999998e-8,0p3,0.3
0.564,6.198299999999998e-8,0p3,0.3
0.565,6.198299999999998e-8,0p3,0.3
0.566,6.198299999999998e-8,0p3,0.3
0.567,6.198299999999998e-8,0p3,0.3
0.568,6.198299999999998e-8,0p3,0.3
0.569,6.198299999999998e-8,0p3,0.3
0.57,6.198299999999998e-8,0p3,0.3
0.571,6.198299999999998e-8,0p3,0.3
0.572,6.198299999999998e-8,0p3,0.3
0.573,6.198299999999998e-8,0p3,0.3
0.574,6.198299999999998e-8,0p3,0.3
0.575,6.198299999999998e-8,0p3,0.3
0.576,6.198299999999998e-8,0p3,0.3
0.577,6.198299999999998e-8,0p3,0.3
0.578,6.198299999999998e-8,0p3,0.3
0.579,6.198299999999998e-8,0p3,0.3
0.58,6.198299999999998e-8,0p3,0.3
0.581,6.198299999999998e-8,0p3,0.3
0.582,6.198299999999998e-8,0p3,0.3
0.583,6.198299999999998e-8,0p3,0.3
0.584,6.198299999999998e-8,0p3,0.3
0.585,6.198299999999998e-8,0p3,0.3
0.586,6.198299999999998e-8,0p3,0.3
0.587,6.198299999999998e-8,0p3,0.3
0.588,6.198299999999998e-8,0p3,0.3
0.589,6.198299999999998e-8,0p3,0.3
0.59,6.198299999999998e-8,0p3,0.3
0.591,6.198299999999998e-8,0p3,0.3
0.592,6.198299999999998e-8,0p3,0.3
0.593,6.198299999999998e-8,0p3,0.3
0.594,6.198299999999998e-8,0p3,0.3
0.595,6.198299999999998e-8,0p3,0.3
0.596,6.198299999999998e-8,0p3,0.3
0.597,6.198299999999998e-8,0p3,0.3
0.598,6.198299999999998e-8,0p3,0.3
0.599,6.198299999999998e-8,0p3,0.3
0.6,6.198299999999998e-8,0p3,0.3
0.601,6.198299999999998e-8,0p3,0.3
0.602,6.198299999999998e-8,0p3,0.3
0.603,6.198299999999998e-8,0p3,0.3
0.604,6.198299999999998e-8,0p3,0.3
0.605,6.198299999999998e-8,0p3,0.3
0.606,6.198299999999998e-8,0p3,0.3
0.607,6.198299999999998e-8,0p3,0.3
0.608,6.198299999999998e-8,0p3,0.3
0.609,6.198299999999998e-8,0p3,0.3
0.61,6.198299999999998e-8,0p3,0.3
0.611,6.198299999999998e-8,0p3,0.3
0.612,6.198299999999998e-8,0p3,0.3
0.613,6.198299999999998e-8,0p3,0.3
0.614,6.198299999999998e-8,0p3,0.3
0.615,6.198299999999998e-8,0p3,0.3
0.616,6.198299999999998e-8,0p3,0.3
0.617,6.198299999999998e-8,0p3,0.3
0.618,6.198299999999998e-8,0p3,0.3
0.619,6.198299999999998e-8,0p3,0.3
0.62,6.198299999999998e-8,0p3,0.3
0.621,6.198299999999998e-8,0p3,0.3
0.622,6.198299999999998e-8,0p3,0.3
0.623,6.198299999999998e-8,0p3,0.3
0.624,6.198299999999998e-8,0p3,0.3
0.625,6.198299999999998e-8,0p3,0.3
0.626,6.198299999999998e-8,0p3,0.3
0.627,6.198299999999998e-8,0p3,0.3
0.628,6.198299999999998e-8,0p3,0.3
0.629,6.198299999999998e-8,0p3,0.3
0.63,6.198299999999998e-8,0p3,0.3
0.631,6.198299999999998e-8,0p3,0.3
0.632,6.198299999999998e-8,0p3,0.3
0.633,6.198299999999998e-8,0p3,0.3
0.634,6.198299999999998e-8,0p3,0.3
0.635,6.198299999999998e-8,0p3,0.3
0.636,6.198299999999998e-8,0p3,0.3
0.637,6.198299999999998e-8,0p3,0.3
0.638,6.198299999999998e-8,0p3,0.3
0.639,6.198299999999998e-8,0p3,0.3
0.64,6.198299999999998e-8,0p3,0.3
0.641,6.198299999999998e-8,0p3,0.3
0.642,6.198299999999998e-8,0p3,0.3
0.643,6.198299999999998e-8,0p3,0.3
0.644,6.198299999999998e-8,0p3,0.3
0.645,6.198299999999998e-8,0p3,0.3
0.646,6.198299999999998e-8,0p3,0.3
0.647,6.198299999999998e-8,0p3,0.3
0.648,6.198299999999998e-8,0p3,0.3
0.649,6.198299999999998e-8,0p3,0.3
0.65,6.198299999999998e-8,0p3,0.3
0.651,6.198299999999998e-8,0p3,0.3
0.652,6.198299999999998e-8,0p3,0.3
0.653,6.198299999999998e-8,0p3,0.3
0.654,6.198299999999998e-8,0p3,0.3
0.655,6.198299999999998e-8,0p3,0.3
0.656,6.198299999999998e-8,0p3,0.3
0.657,6.198299999999998e-8,0p3,0.3
0.658,6.198299999999998e-8,0p3,0.3
0.659,6.198299999999998e-8,0p3,0.3
0.66,6.198299999999998e-8,0p3,0.3
0.661,6.198299999999998e-8,0p3,0.3
0.662,6.198299999999998e-8,0p3,0.3
0.663,6.198299999999998e-8,0p3,0.3
0.664,6.198299999999998e-8,0p3,0.3
0.665,6.198299999999998e-8,0p3,0.3
0.666,6.198299999999998e-8,0p3,0.3
0.667,6.198299999999998e-8,0p3,0.3
0.668,6.198299999999998e-8,0p3,0.3
0.669,6.198299999999998e-8,0p3,0.3
0.67,6.198299999999998e-8,0p3,0.3
0.671,6.198299999999998e-8,0p3,0.3
0.672,6.198299999999998e-8,0p3,0.3
0.673,6.198299999999998e-8,0p3,0.3
0.674,6.198299999999998e-8,0p3,0.3
0.675,6.198299999999998e-8,0p3,0.3
0.676,6.198299999999998e-8,0p3,0.3
0.677,6.198299999999998e-8,0p3,0.3
0.678,6.198299999999998e-8,0p3,0.3
0.679,6.198299999999998e-8,0p3,0.3
0.68,6.198299999999998e-8,0p3,0.3
0.681,6.198299999999998e-8,0p3,0.3
0.682,6.198299999999998e-8,0p3,0.3
0.683,6.198299999999998e-8,0p3,0.3
0.684,6.198299999999998e-8,0p3,0.3
0.685,6.198299999999998e-8,0p3,0.3
0.686,6.198299999999998e-8,0p3,0.3
0.687,6.198299999999998e-8,0p3,0.3
0.688,6.198299999999998e-8,0p3,0.3
0.689,6.198299999999998e-8,0p3,0.3
0.69,6.198299999999998e-8,0p3,0.3
0.691,6.198299999999998e-8,0p3,0.3
0.692,6.198299999999998e-8,0p3,0.3
0.693,6.198299999999998e-8,0p3,0.3
0.694,6.198299999999998e-8,0p3,0.3
0.695,6.198299999999998e-8,0p3,0.3
0.696,6.198299999999998e-8,0p3,0.3
0.697,6.198299999999998e-8,0p3,0.3
0.698,6.198299999999998e-8,0p3,0.3
0.699,6.198299999999998e-8,0p3,0.3
0.7,6.198299999999998e-8,0p3,0.3
0.701,6.198299999999998e-8,0p3,0.3
0.702,6.198299999999998e-8,0p3,0.3
0.703,6.198299999999998e-8,0p3,0.3
0.704,6.198299999999998e-8,0p3,0.3
0.705,6.198299999999998e-8,0p3,0.3
0.706,6.198299999999998e-8,0p3,0.3
0.707,6.198299999999998e-8,0p3,0.3
0.708,6.198299999999998e-8,0p3,0.3
0.709,6.198299999999998e-8,0p3,0.3
0.71,6.198299999999998e-8,0p3,0.3
0.711,6.198299999999998e-8,0p3,0.3
0.712,6.198299999999998e-8,0p3,0.3
0.713,6.198299999999998e-8,0p3,0.3
0.714,6.198299999999998e-8,0p3,0.3
0.715,6.198299999999998e-8,0p3,0.3
0.716,6.198299999999998e-8,0p3,0.3
0.717,6.198299999999998e-8,0p3,0.3
0.718,6.198299999999998e-8,0p3,0.3
0.719,6.198299999999998e-8,0p3,0.3
0.72,6.198299999999998e-8,0p3,0.3
0.721,6.198299999999998e-8,0p3,0.3
0.722,6.198299999999998e-8,0p3,0.3
0.723,6.198299999999998e-8,0p3,0.3
0.724,6.198299999999998e-8,0p3,0.3
0.725,6.198299999999998e-8,0p3,0.3
0.726,6.198299999999998e-8,0p3,0.3
0.727,6.198299999999998e-8,0p3,0.3
0.728,6.198299999999998e-8,0p3,0.3
0.729,6.198299999999998e-8,0p3,0.3
0.73,6.198299999999998e-8,0p3,0.3
0.731,6.198299999999998e-8,0p3,0.3
0.732,6.198299999999998e-8,0p3,0.3
0.733,6.198299999999998e-8,0p3,0.3
0.734,6.198299999999998e-8,0p3,0.3
0.735,6.198299999999998e-8,0p3,0.3
0.736,6.198299999999998e-8,0p3,0.3
0.737,6.198299999999998e-8,0p3,0.3
0.738,6.198299999999998e-8,0p3,0.3
0.739,6.198299999999998e-8,0p3,0.3
0.74,6.198299999999998e-8,0p3,0.3
0.741,6.198299999999998e-8,0p3,0.3
0.742,6.198299999999998e-8,0p3,0.3
0.743,6.198299999999998e-8,0p3,0.3
0.744,6.198299999999998e-8,0p3,0.3
0.745,6.198299999999998e-8,0p3,0.3
0.746,6.198299999999998e-8,0p3,0.3
0.747,6.198299999999998e-8,0p3,0.3
0.748,6.198299999999998e-8,0p3,0.3
0.749,6.198299999999998e-8,0p3,0.3
0.75,6.198299999999998e-8,0p3,0.3
0.751,6.198299999999998e-8,0p3,0.3
0.752,6.198299999999998e-8,0p3,0.3
0.753,6.198299999999998e-8,0p3,0.3
0.754,6.198299999999998e-8,0p3,0.3
0.755,6.198299999999998e-8,0p3,0.3
0.756,6.198299999999998e-8,0p3,0.3
0.757,6.198299999999998e-8,0p3,0.3
0.758,6.198299999999998e-8,0p3,0.3
0.759,6.198299999999998e-8,0p3,0.3
0.76,6.198299999999998e-8,0p3,0.3
0.761,6.198299999999998e-8,0p3,0.3
0.762,6.198299999999998e-8,0p3,0.3
0.763,6.198299999999998e-8,0p3,0.3
0.764,6.198299999999998e-8,0p3,0.3
0.765,6.198299999999998e-8,0p3,0.3
0.766,6.198299999999998e-8,0p3,0.3
0.767,6.198299999999998e-8,0p3,0.3
0.768,6.198299999999998e-8,0p3,0.3
0.769,6.198299999999998e-8,0p3,0.3
0.77,6.198299999999998e-8,0p3,0.3
0.771,6.198299999999998e-8,0p3,0.3
0.772,6.198299999999998e-8,0p3,0.3
0.773,6.198299999999998e-8,0p3,0.3
0.774,6.198299999999998e-8,0p3,0.3
0.775,6.198299999999998e-8,0p3,0.3
0.776,6.198299999999998e-8,0p3,0.3
0.777,6.198299999999998e-8,0p3,0.3
0.778,6.198299999999998e-8,0p3,0.3
0.779,6.198299999999998e-8,0p3,0.3
0.78,6.198299999999998e-8,0p3,0.3
0.781,6.198299999999998e-8,0p3,0.3
0.782,6.198299999999998e-8,0p3,0.3
0.783,6.198299999999998e-8,0p3,0.3
0.784,6.198299999999998e-8,0p3,0.3
0.785,6.198299999999998e-8,0p3,0.3
0.786,6.198299999999998e-8,0p3,0.3
0.787,6.198299999999998e-8,0p3,0.3
0.788,6.198299999999998e-8,0p3,0.3
0.789,6.198299999999998e-8,0p3,0.3
0.79,6.198299999999998e-8,0p3,0.3
0.791,6.198299999999998e-8,0p3,0.3
0.792,6.198299999999998e-8,0p3,0.3
0.793,6.198299999999998e-8,0p3,0.3
0.794,6.198299999999998e-8,0p3,0.3
0.795,6.198299999999998e-8,0p3,0.3
0.796,6.198299999999998e-8,0p3,0.3
0.797,6.198299999999998e-8,0p3,0.3
0.798,6.198299999999998e-8,0p3,0.3
0.799,6.198299999999998e-8,0p3,0.3
0.8,6.198299999999998e-8,0p3,0.3
0.801,6.198299999999998e-8,0p3,0.3
0.802,6.198299999999998e-8,0p3,0.3
0.803,6.198299999999998e-8,0p3,0.3
0.804,6.198299999999998e-8,0p3,0.3
0.805,6.198299999999998e-8,0p3,0.3
0.806,6.198299999999998e-8,0p3,0.3
0.807,6.198299999999998e-8,0p3,0.3
0.808,6.198299999999998e-8,0p3,0.3
0.809,6.198299999999998e-8,0p3,0.3
0.81,6.198299999999998e-8,0p3,0.3
0.811,6.198299999999998e-8,0p3,0.3
0.812,6.198299999999998e-8,0p3,0.3
0.813,6.198299999999998e-8,0p3,0.3
0.814,6.198299999999998e-8,0p3,0.3
0.815,6.198299999999998e-8,0p3,0.3
0.816,6.198299999999998e-8,0p3,0.3
0.817,6.198299999999998e-8,0p3,0.3
0.818,6.198299999999998e-8,0p3,0.3
0.819,6.198299999999998e-8,0p3,0.3
0.82,6.198299999999998e-8,0p3,0.3
0.821,6.198299999999998e-8,0p3,0.3
0.822,6.198299999999998e-8,0p3,0.3
0.823,6.198299999999998e-8,0p3,0.3
0.824,6.198299999999998e-8,0p3,0.3
0.825,6.198299999999998e-8,0p3,0.3
0.826,6.198299999999998e-8,0p3,0.3
0.827,6.198299999999998e-8,0p3,0.3
0.828,6.198299999999998e-8,0p3,0.3
0.829,6.198299999999998e-8,0p3,0.3
0.83,6.198299999999998e-8,0p3,0.3
0.831,6.198299999999998e-8,0p3,0.3
0.832,6.198299999999998e-8,0p3,0.3
0.833,6.198299999999998e-8,0p3,0.3
0.834,6.198299999999998e-8,0p3,0.3
0.835,6.198299999999998e-8,0p3,0.3
0.836,6.198299999999998e-8,0p3,0.3
0.837,6.198299999999998e-8,0p3,0.3
0.838,6.198299999999998e-8,0p3,0.3
0.839,6.198299999999998e-8,0p3,0.3
0.84,6.198299999999998e-8,0p3,0.3
0.841,6.198299999999998e-8,0p3,0.3
0.842,6.198299999999998e-8,0p3,0.3
0.843,6.198299999999998e-8,0p3,0.3
0.844,6.198299999999998e-8,0p3,0.3
0.845,6.198299999999998e-8,0p3,0.3
0.846,6.198299999999998e-8,0p3,0.3
0.847,6.198299999999998e-8,0p3,0.3
0.848,6.198299999999998e-8,0p3,0.3
0.849,6.198299999999998e-8,0p3,0.3
0.85,6.198299999999998e-8,0p3,0.3
0.851,6.198299999999998e-8,0p3,0.3
0.852,6.198299999999998e-8,0p3,0.3
0.853,6.198299999999998e-8,0p3,0.3
0.854,6.198299999999998e-8,0p3,0.3
0.855,6.198299999999998e-8,0p3,0.3
0.856,6.198299999999998e-8,0p3,0.3
0.857,6.198299999999998e-8,0p3,0.3
0.858,6.198299999999998e-8,0p3,0.3
0.859,6.198299999999998e-8,0p3,0.3
0.86,6.198299999999998e-8,0p3,0.3
0.861,6.198299999999998e-8,0p3,0.3
0.862,6.198299999999998e-8,0p3,0.3
0.863,6.198299999999998e-8,0p3,0.3
0.864,6.198299999999998e-8,0p3,0.3
0.865,6.198299999999998e-8,0p3,0.3
0.866,6.198299999999998e-8,0p3,0.3
0.867,6.198299999999998e-8,0p3,0.3
0.868,6.198299999999998e-8,0p3,0.3
0.869,6.198299999999998e-8,0p3,0.3
0.87,6.198299999999998e-8,0p3,0.3
0.871,6.198299999999998e-8,0p3,0.3
0.872,6.198299999999998e-8,0p3,0.3
0.873,6.198299999999998e-8,0p3,0.3
0.874,6.198299999999998e-8,0p3,0.3
0.875,6.198299999999998e-8,0p3,0.3
0.876,6.198299999999998e-8,0p3,0.3
0.877,6.198299999999998e-8,0p3,0.3
0.878,6.198299999999998e-8,0p3,0.3
0.879,6.198299999999998e-8,0p3,0.3
0.88,6.198299999999998e-8,0p3,0.3
0.881,6.198299999999998e-8,0p3,0.3
0.882,6.198299999999998e-8,0p3,0.3
0.883,6.198299999999998e-8,0p3,0.3
0.884,6.198299999999998e-8,0p3,0.3
0.885,6.198299999999998e-8,0p3,0.3
0.886,6.198299999999998e-8,0p3,0.3
0.887,6.198299999999998e-8,0p3,0.3
0.888,6.198299999999998e-8,0p3,0.3
0.889,6.198299999999998e-8,0p3,0.3
0.89,6.198299999999998e-8,0p3,0.3
0.891,6.198299999999998e-8,0p3,0.3
0.892,6.198299999999998e-8,0p3,0.3
0.893,6.198299999999998e-8,0p3,0.3
0.894,6.198299999999998e-8,0p3,0.3
0.895,6.198299999999998e-8,0p3,0.3
0.896,6.198299999999998e-8,0p3,0.3
0.897,6.198299999999998e-8,0p3,0.3
0.898,6.198299999999998e-8,0p3,0.3
0.899,6.198299999999998e-8,0p3,0.3
0.9,6.198299999999998e-8,0p3,0.3
0.901,6.198299999999998e-8,0p3,0.3
0.902,6.198299999999998e-8,0p3,0.3
0.903,6.198299999999998e-8,0p3,0.3
0.904,6.198299999999998e-8,0p3,0.3
0.905,6.198299999999998e-8,0p3,0.3
0.906,6.198299999999998e-8,0p3,0.3
0.907,6.198299999999998e-8,0p3,0.3
0.908,6.198299999999998e-8,0p3,0.3
0.909,6.198299999999998e-8,0p3,0.3
0.91,6.198299999999998e-8,0p3,0.3
0.911,6.198299999999998e-8,0p3,0.3
0.912,6.198299999999998e-8,0p3,0.3
0.913,6.198299999999998e-8,0p3,0.3
0.914,6.198299999999998e-8,0p3,0.3
0.915,6.198299999999998e-8,0p3,0.3
0.916,6.198299999999998e-8,0p3,0.3
0.917,6.198299999999998e-8,0p3,0.3
0.918,6.198299999999998e-8,0p3,0.3
0.919,6.198299999999998e-8,0p3,0.3
0.92,6.198299999999998e-8,0p3,0.3
0.921,6.198299999999998e-8,0p3,0.3
0.922,6.198299999999998e-8,0p3,0.3
0.923,6.198299999999998e-8,0p3,0.3
0.924,6.198299999999998e-8,0p3,0.3
0.925,6.198299999999998e-8,0p3,0.3
0.926,6.198299999999998e-8,0p3,0.3
0.927,6.198299999999998e-8,0p3,0.3
0.928,6.198299999999998e-8,0p3,0.3
0.929,6.198299999999998e-8,0p3,0.3
0.93,6.198299999999998e-8,0p3,0.3
0.931,6.198299999999998e-8,0p3,0.3
0.932,6.198299999999998e-8,0p3,0.3
0.933,6.198299999999998e-8,0p3,0.3
0.934,6.198299999999998e-8,0p3,0.3
0.935,6.198299999999998e-8,0p3,0.3
0.936,6.198299999999998e-8,0p3,0.3
0.937,6.198299999999998e-8,0p3,0.3
0.938,6.198299999999998e-8,0p3,0.3
0.939,6.198299999999998e-8,0p3,0.3
0.94,6.198299999999998e-8,0p3,0.3
0.941,6.198299999999998e-8,0p3,0.3
0.942,6.198299999999998e-8,0p3,0.3
0.943,6.198299999999998e-8,0p3,0.3
0.944,6.198299999999998e-8,0p3,0.3
0.945,6.198299999999998e-8,0p3,0.3
0.946,6.198299999999998e-8,0p3,0.3
0.947,6.198299999999998e-8,0p3,0.3
0.948,6.198299999999998e-8,0p3,0.3
0.949,6.198299999999998e-8,0p3,0.3
0.95,6.198299999999998e-8,0p3,0.3
0.951,6.198299999999998e-8,0p3,0.3
0.952,6.198299999999998e-8,0p3,0.3
0.953,6.198299999999998e-8,0p3,0.3
0.954,6.198299999999998e-8,0p3,0.3
0.955,6.198299999999998e-8,0p3,0.3
0.956,6.198299999999998e-8,0p3,0.3
0.957,6.198299999999998e-8,0p3,0.3
0.958,6.198299999999998e-8,0p3,0.3
0.959,6.198299999999998e-8,0p3,0.3
0.96,6.198299999999998e-8,0p3,0.3
0.961,6.198299999999998e-8,0p3,0.3
0.962,6.198299999999998e-8,0p3,0.3
0.963,6.198299999999998e-8,0p3,0.3
0.964,6.198299999999998e-8,0p3,0.3
0.965,6.198299999999998e-8,0p3,0.3
0.966,6.198299999999998e-8,0p3,0.3
0.967,6.198299999999998e-8,0p3,0.3
0.968,6.198299999999998e-8,0p3,0.3
0.969,6.198299999999998e-8,0p3,0.3
0.97,6.198299999999998e-8,0p3,0.3
0.971,6.198299999999998e-8,0p3,0.3
0.972,6.198299999999998e-8,0p3,0.3
0.973,6.198299999999998e-8,0p3,0.3
0.974,6.198299999999998e-8,0p3,0.3
0.975,6.198299999999998e-8,0p3,0.3
0.976,6.198299999999998e-8,0p3,0.3
0.977,6.198299999999998e-8,0p3,0.3
0.978,6.198299999999998e-8,0p3,0.3
0.979,6.198299999999998e-8,0p3,0.3
0.98,6.198299999999998e-8,0p3,0.3
0.981,6.198299999999998e-8,0p3,0.3
0.982,6.198299999999998e-8,0p3,0.3
0.983,6.198299999999998e-8,0p3,0.3
0.984,6.198299999999998e-8,0p3,0.3
0.985,6.198299999999998e-8,0p3,0.3
0.986,6.198299999999998e-8,0p3,0.3
0.987,6.198299999999998e-8,0p3,0.3
0.988,6.198299999999998e-8,0p3,0.3
0.989,6.198299999999998e-8,0p3,0.3
0.99,6.198299999999998e-8,0p3,0.3
0.991,6.198299999999998e-8,0p3,0.3
0.992,6.198299999999998e-8,0p3,0.3
0.993,6.198299999999998e-8,0p3,0.3
0.994,6.198299999999998e-8,0p3,0.3
0.995,6.198299999999998e-8,0p3,0.3
0.996,6.198299999999998e-8,0p3,0.3
0.997,6.198299999999998e-8,0p3,0.3
0.998,6.198299999999998e-8,0p3,0.3
0.999,6.198299999999998e-8,0p3,0.3
1.0,6.198299999999998e-8,0p3,0.3
1.000000002000481,6.198299999999998e-8,0p3,0.3
1.000000002000481,6.198299999999998e-8,0p3,0.3
1.001,6.206240787510019e-8,0p3,0.3
1.002,6.229301981927939e-8,0p3,0.3
1.003,6.266193396538227e-8,0p3,0.3
1.004,6.315225475076992e-8,0p3,0.3
1.005,6.3749806329378e-8,0p3,0.3
1.006,6.444388168274092e-8,0p3,0.3
1.007,6.52255071737973e-8,0p3,0.3
1.008,6.608676885865822e-8,0p3,0.3
1.009,6.702021263695576e-8,0p3,0.3
1.01,6.801853958210172e-8,0p3,0.3
1.011,6.907459642034299e-8,0p3,0.3
1.012,7.018136674341116e-8,0p3,0.3
1.013,7.13315849193454e-8,0p3,0.3
1.014,7.250085458164315e-8,0p3,0.3
1.015,7.367159034690201e-8,0p3,0.3
1.016,7.484249597621096e-8,0p3,0.3
1.017,7.601384587628207e-8,0p3,0.3
1.018,7.718599405057084e-8,0p3,0.3
1.019,7.835923942131469e-8,0p3,0.3
1.02,7.953168567589764e-8,0p3,0.3
1.021,8.066409542645627e-8,0p3,0.3
1.022,8.173277280770197e-8,0p3,0.3
1.023,8.273923950143561e-8,0p3,0.3
1.024,8.368677370161654e-8,0p3,0.3
1.025,8.457899538591022e-8,0p3,0.3
1.026,8.541901534481525e-8,0p3,0.3
1.027,8.620988547423344e-8,0p3,0.3
1.028,8.695461199263618e-8,0p3,0.3
1.029,8.765596726281622e-8,0p3,0.3
1.03,8.831643110465314e-8,0p3,0.3
1.031,8.893842658426798e-8,0p3,0.3
1.032,8.952435593853148e-8,0p3,0.3
1.033,9.007623419533945e-8,0p3,0.3
1.034,9.059604837380412e-8,0p3,0.3
1.035,9.108577567848282e-8,0p3,0.3
1.036,9.154714783121161e-8,0p3,0.3
1.037,9.198178569941977e-8,0p3,0.3
1.038,9.239127999870565e-8,0p3,0.3
1.039,9.277714975678636e-8,0p3,0.3
1.04,9.314095703937261e-8,0p3,0.3
1.041,9.34839249546292e-8,0p3,0.3
1.042,9.380733012181702e-8,0p3,0.3
1.043,9.411192574251399e-8,0p3,0.3
1.044,9.439895151919023e-8,0p3,0.3
1.045,9.466953793890787e-8,0p3,0.3
1.046,9.492457170494384e-8,0p3,0.3
1.047,9.516479823318836e-8,0p3,0.3
1.048,9.539113555635069e-8,0p3,0.3
1.049,9.560462283474669e-8,0p3,0.3
1.05,9.580572787475985e-8,0p3,0.3
1.051,9.599519154934213e-8,0p3,0.3
1.052,9.617380274925277e-8,0p3,0.3
1.053,9.634220340751589e-8,0p3,0.3
1.054,9.650084231383641e-8,0p3,0.3
1.055,9.665032610270237e-8,0p3,0.3
1.056,9.679132712345181e-8,0p3,0.3
1.057,9.692418977747513e-8,0p3,0.3
1.058,9.704937406525995e-8,0p3,0.3
1.059,9.716738280124269e-8,0p3,0.3
1.06,9.727868406976131e-8,0p3,0.3
1.061,9.738354248301178e-8,0p3,0.3
1.062,9.748235790754052e-8,0p3,0.3
1.063,9.757556449962455e-8,0p3,0.3
1.064,9.76634163616143e-8,0p3,0.3
1.065,9.774619717027482e-8,0p3,0.3
1.066,9.782422663144397e-8,0p3,0.3
1.067,9.78978458313896e-8,0p3,0.3
1.068,9.796720790275586e-8,0p3,0.3
1.069,9.803257693666863e-8,0p3,0.3
1.07,9.80942328421304e-8,0p3,0.3
1.071,9.81523630822178e-8,0p3,0.3
1.072,9.820714118499227e-8,0p3,0.3
1.073,9.825877668576232e-8,0p3,0.3
1.074,9.830770227708631e-8,0p3,0.3
1.075,9.835383408380073e-8,0p3,0.3
1.076,9.839726501680602e-8,0p3,0.3
1.077,9.843834648038142e-8,0p3,0.3
1.078,9.847688684823941e-8,0p3,0.3
1.079,9.851333258936935e-8,0p3,0.3
1.08,9.854771701277205e-8,0p3,0.3
1.081,9.858002532301502e-8,0p3,0.3
1.082,9.861063545789822e-8,0p3,0.3
1.083,9.86393602992064e-8,0p3,0.3
1.084,9.866650630467422e-8,0p3,0.3
1.085,9.869209971487251e-8,0p3,0.3
1.086,9.871613669485031e-8,0p3,0.3
1.087,9.873891687134303e-8,0p3,0.3
1.088,9.876029225873887e-8,0p3,0.3
1.089,9.878049188705753e-8,0p3,0.3
1.09,9.879953791654897e-8,0p3,0.3
1.091,9.881742525359811e-8,0p3,0.3
1.092,9.883437960729737e-8,0p3,0.3
1.093,9.885028979812658e-8,0p3,0.3
1.094,9.886532527347759e-8,0p3,0.3
1.095,9.887950434545964e-8,0p3,0.3
1.096,9.889282173725444e-8,0p3,0.3
1.097,9.890544637936617e-8,0p3,0.3
1.098,9.891729529079554e-8,0p3,0.3
1.099,9.89284935000749e-8,0p3,0.3
1.1,9.893905595420153e-8,0p3,0.3
1.101,9.894897768080772e-8,0p3,0.3
1.102,9.895838495084298e-8,0p3,0.3
1.103,9.896721591376648e-8,0p3,0.3
1.104,9.897556277095803e-8,0p3,0.3
1.105,9.898343761804039e-8,0p3,0.3
1.106,9.89908359929827e-8,0p3,0.3
1.107,9.899785225309598e-8,0p3,0.3
1.108,9.900444031231993e-8,0p3,0.3
1.109,9.901066815650514e-8,0p3,0.3
1.11,9.901654550629842e-8,0p3,0.3
1.111,9.902206848107426e-8,0p3,0.3
1.112,9.902730758518083e-8,0p3,0.3
1.113,9.903222848217487e-8,0p3,0.3
1.114,9.903688130150383e-8,0p3,0.3
1.115,9.904127380956058e-8,0p3,0.3
1.116,9.904540270559766e-8,0p3,0.3
1.117,9.904932066929547e-8,0p3,0.3
1.118,9.905300211925365e-8,0p3,0.3
1.119,9.905650615646432e-8,0p3,0.3
1.12,9.905984265098758e-8,0p3,0.3
1.121,9.906299473948446e-8,0p3,0.3
1.122,9.906596242370849e-8,0p3,0.3
1.123,9.906874570524911e-8,0p3,0.3
1.124,9.90714004051834e-8,0p3,0.3
1.125,9.907391802560985e-8,0p3,0.3
1.126,9.90762790863253e-8,0p3,0.3
1.127,9.907848358821267e-8,0p3,0.3
1.128,9.908054954916025e-8,0p3,0.3
1.129,9.908255465229586e-8,0p3,0.3
1.13,9.908444173653239e-8,0p3,0.3
1.131,9.908621080225841e-8,0p3,0.3
1.132,9.90878618497986e-8,0p3,0.3
1.133,9.908944245707078e-8,0p3,0.3
1.134,9.909094824662567e-8,0p3,0.3
1.135,9.90923623544819e-8,0p3,0.3
1.136,9.909368478073551e-8,0p3,0.3
1.137,9.90949251211168e-8,0p3,0.3
1.138,9.909612712007183e-8,0p3,0.3
1.139,9.909725882189109e-8,0p3,0.3
1.14,9.909832022655518e-8,0p3,0.3
1.141,9.909931133402397e-8,0p3,0.3
1.142,9.910026163299459e-8,0p3,0.3
1.143,9.91011689959957e-8,0p3,0.3
1.144,9.91020225915118e-8,0p3,0.3
1.145,9.910282241946208e-8,0p3,0.3
1.146,9.910357394403701e-8,0p3,0.3
1.147,9.9104303539061e-8,0p3,0.3
1.148,9.9104992074111e-8,0p3,0.3
1.149,9.910563954909631e-8,0p3,0.3
1.15,9.910624596392048e-8,0p3,0.3
1.151,9.910682842715068e-8,0p3,0.3
1.152,9.910738605192015e-8,0p3,0.3
1.153,9.910791232924342e-8,0p3,0.3
1.154,9.910840725903198e-8,0p3,0.3
1.155,9.910887388666263e-8,0p3,0.3
1.156,9.910932779818228e-8,0p3,0.3
1.157,9.910975776603388e-8,0p3,0.3
1.158,9.911016379014186e-8,0p3,0.3
1.159,9.911054587042921e-8,0p3,0.3
1.16,9.911091380740543e-8,0p3,0.3
1.161,9.91112672965803e-8,0p3,0.3
1.162,9.911160247768682e-8,0p3,0.3
1.163,9.911191935066246e-8,0p3,0.3
1.164,9.911222045465498e-8,0p3,0.3
1.165,9.911251959173723e-8,0p3,0.3
1.166,9.911280688641649e-8,0p3,0.3
1.167,9.911308233865082e-8,0p3,0.3
1.168,9.911334594839826e-8,0p3,0.3
1.169,9.911359771561678e-8,0p3,0.3
1.17,9.911383764026442e-8,0p3,0.3
1.171,9.91140657222991e-8,0p3,0.3
1.172,9.911428196167872e-8,0p3,0.3
1.173,9.911448860686313e-8,0p3,0.3
1.174,9.911469694974597e-8,0p3,0.3
1.175,9.911489650722686e-8,0p3,0.3
1.176,9.911508727927474e-8,0p3,0.3
1.177,9.911526926585872e-8,0p3,0.3
1.178,9.911544246694794e-8,0p3,0.3
1.179,9.911560688251168e-8,0p3,0.3
1.18,9.911576251251928e-8,0p3,0.3
1.181,9.911590935694017e-8,0p3,0.3
1.182,9.91160497480745e-8,0p3,0.3
1.183,9.91161962108828e-8,0p3,0.3
1.184,9.911633722158427e-8,0p3,0.3
1.185,9.911647278016067e-8,0p3,0.3
1.186,9.911660288659387e-8,0p3,0.3
1.187,9.911672754086592e-8,0p3,0.3
1.188,9.911684674295881e-8,0p3,0.3
1.189,9.911696049285488e-8,0p3,0.3
1.19,9.911706879053648e-8,0p3,0.3
1.191,9.911717305661076e-8,0p3,0.3
1.192,9.911728146702169e-8,0p3,0.3
1.193,9.911738656490727e-8,0p3,0.3
1.194,9.911748835025774e-8,0p3,0.3
1.195,9.911758682306321e-8,0p3,0.3
1.196,9.911768198331405e-8,0p3,0.3
1.197,9.911777383100061e-8,0p3,0.3
1.198,9.911786236611342e-8,0p3,0.3
1.199,9.911794758864307e-8,0p3,0.3
1.2,9.911803031110243e-8,0p3,0.3
1.201,9.91181155575016e-8,0p3,0.3
1.202,9.911819878458607e-8,0p3,0.3
1.203,9.911827999235083e-8,0p3,0.3
1.204,9.911835918079104e-8,0p3,0.3
1.205,9.91184363499019e-8,0p3,0.3
1.206,9.911851149967858e-8,0p3,0.3
1.207,9.911858463011639e-8,0p3,0.3
1.208,9.911865574121073e-8,0p3,0.3
1.209,9.911872527923567e-8,0p3,0.3
1.21,9.911879621727692e-8,0p3,0.3
1.211,9.911886588898444e-8,0p3,0.3
1.212,9.911893429435602e-8,0p3,0.3
1.213,9.911900143338944e-8,0p3,0.3
1.214,9.911906730608258e-8,0p3,0.3
1.215,9.911913191243322e-8,0p3,0.3
1.216,9.911919525243928e-8,0p3,0.3
1.217,9.911925732609873e-8,0p3,0.3
1.218,9.911931837232669e-8,0p3,0.3
1.219,9.911938011154142e-8,0p3,0.3
1.22,9.911944101326178e-8,0p3,0.3
1.221,9.911950107748699e-8,0p3,0.3
1.222,9.91195603042162e-8,0p3,0.3
1.223,9.911961869344858e-8,0p3,0.3
1.224,9.91196762451834e-8,0p3,0.3
1.225,9.911973295941983e-8,0p3,0.3
1.226,9.911978883615711e-8,0p3,0.3
1.227,9.911984400173942e-8,0p3,0.3
1.228,9.911989944319864e-8,0p3,0.3
1.229,9.911995428937704e-8,0p3,0.3
1.23,9.912000854027447e-8,0p3,0.3
1.231,9.912006219589075e-8,0p3,0.3
1.232,9.912011525622577e-8,0p3,0.3
1.233,9.912016772127945e-8,0p3,0.3
1.234,9.912021959105161e-8,0p3,0.3
1.235,9.912027086554218e-8,0p3,0.3
1.236,9.912032163836941e-8,0p3,0.3
1.237,9.912037270636689e-8,0p3,0.3
1.238,9.912042337164143e-8,0p3,0.3
1.239,9.912047363419327e-8,0p3,0.3
1.24,9.912052349402266e-8,0p3,0.3
1.241,9.912057295112988e-8,0p3,0.3
1.242,9.91206220055152e-8,0p3,0.3
1.243,9.912067065717881e-8,0p3,0.3
1.244,9.9120718906121e-8,0p3,0.3
1.245,9.912076675234206e-8,0p3,0.3
1.246,9.912081419584216e-8,0p3,0.3
1.247,9.912086123662161e-8,0p3,0.3
1.248,9.912090787468064e-8,0p3,0.3
1.249,9.912095411001953e-8,0p3,0.3
1.25,9.912099994263848e-8,0p3,0.3
1.251,9.912104537253778e-8,0p3,0.3
1.252,9.912109039971765e-8,0p3,0.3
1.253,9.912113502417837e-8,0p3,0.3
1.254,9.912117929432022e-8,0p3,0.3
1.255,9.912122367524255e-8,0p3,0.3
1.256,9.912126771198405e-8,0p3,0.3
1.257,9.912131140454496e-8,0p3,0.3
1.258,9.912135475292558e-8,0p3,0.3
1.259,9.912139775712621e-8,0p3,0.3
1.26,9.912144041714716e-8,0p3,0.3
1.261,9.912148273298866e-8,0p3,0.3
1.262,9.912152470465106e-8,0p3,0.3
1.263,9.912156633213458e-8,0p3,0.3
1.264,9.912160761543956e-8,0p3,0.3
1.265,9.912164855456626e-8,0p3,0.3
1.266,9.912168914951498e-8,0p3,0.3
1.267,9.912172940028595e-8,0p3,0.3
1.268,9.91217693068795e-8,0p3,0.3
1.269,9.912180886929587e-8,0p3,0.3
1.27,9.912184808753536e-8,0p3,0.3
1.271,9.912188696159822e-8,0p3,0.3
1.272,9.912192550926849e-8,0p3,0.3
1.273,9.91219639429866e-8,0p3,0.3
1.274,9.91220020584073e-8,0p3,0.3
1.275,9.91220398555308e-8,0p3,0.3
1.276,9.912207733435748e-8,0p3,0.3
1.277,9.912211454738452e-8,0p3,0.3
1.278,9.912215147268619e-8,0p3,0.3
1.279,9.912218811931744e-8,0p3,0.3
1.28,9.912222424304251e-8,0p3,0.3
1.281,9.912226036675306e-8,0p3,0.3
1.282,9.912229569777251e-8,0p3,0.3
1.283,9.912233077514158e-8,0p3,0.3
1.284,9.912236585249702e-8,0p3,0.3
1.285,9.912240092983881e-8,0p3,0.3
1.286,9.912243555866639e-8,0p3,0.3
1.287,9.91224686463926e-8,0p3,0.3
1.288,9.912250173410674e-8,0p3,0.3
1.289,9.91225348218088e-8,0p3,0.3
1.29,9.91225679094988e-8,0p3,0.3
1.291,9.91226009971768e-8,0p3,0.3
1.292,9.912263408484269e-8,0p3,0.3
1.293,9.912266717249653e-8,0p3,0.3
1.294,9.91227002601383e-8,0p3,0.3
1.295,9.912273304389808e-8,0p3,0.3
1.296,9.912276424519018e-8,0p3,0.3
1.297,9.912279544647161e-8,0p3,0.3
1.298,9.912282664774234e-8,0p3,0.3
1.299,9.91228578490024e-8,0p3,0.3
1.3,9.912288905025175e-8,0p3,0.3
1.301,9.912292025149046e-8,0p3,0.3
1.302,9.912295145271844e-8,0p3,0.3
1.303,9.91229826539358e-8,0p3,0.3
1.304,9.912301368242927e-8,0p3,0.3
1.305,9.912304309862561e-8,0p3,0.3
1.306,9.912307251481248e-8,0p3,0.3
1.307,9.912310193098988e-8,0p3,0.3
1.308,9.912313134715781e-8,0p3,0.3
1.309,9.912316076331628e-8,0p3,0.3
1.31,9.912319017946527e-8,0p3,0.3
1.311,9.912321959560478e-8,0p3,0.3
1.312,9.912324901173483e-8,0p3,0.3
1.313,9.912327840676758e-8,0p3,0.3
1.314,9.91233070987156e-8,0p3,0.3
1.315,9.912333564766914e-8,0p3,0.3
1.316,9.91233640536284e-8,0p3,0.3
1.317,9.912339231659343e-8,0p3,0.3
1.318,9.912342043656444e-8,0p3,0.3
1.319,9.912344841354155e-8,0p3,0.3
1.32,9.912347624752489e-8,0p3,0.3
1.321,9.91235039385146e-8,0p3,0.3
1.322,9.912353148651076e-8,0p3,0.3
1.323,9.912355889151357e-8,0p3,0.3
1.324,9.912358615352311e-8,0p3,0.3
1.325,9.912361327253954e-8,0p3,0.3
1.326,9.912364024856298e-8,0p3,0.3
1.327,9.912366708159356e-8,0p3,0.3
1.328,9.912369377163139e-8,0p3,0.3
1.329,9.91237203186766e-8,0p3,0.3
1.33,9.912374672272933e-8,0p3,0.3
1.331,9.912377298378973e-8,0p3,0.3
1.332,9.912379896191173e-8,0p3,0.3
1.333,9.912382476664987e-8,0p3,0.3
1.334,9.912385041212405e-8,0p3,0.3
1.335,9.912387589833438e-8,0p3,0.3
1.336,9.912390122528095e-8,0p3,0.3
1.337,9.912392639296395e-8,0p3,0.3
1.338,9.912395140138344e-8,0p3,0.3
1.339,9.912397625053967e-8,0p3,0.3
1.34,9.912400094043266e-8,0p3,0.3
1.341,9.91240254710626e-8,0p3,0.3
1.342,9.912404984242959e-8,0p3,0.3
1.343,9.912407405453377e-8,0p3,0.3
1.344,9.912409810737529e-8,0p3,0.3
1.345,9.91241220009542e-8,0p3,0.3
1.346,9.912414573527073e-8,0p3,0.3
1.347,9.912416931032495e-8,0p3,0.3
1.348,9.912419272611697e-8,0p3,0.3
1.349,9.912421598264693e-8,0p3,0.3
1.35,9.912423919639326e-8,0p3,0.3
1.351,9.912426229878695e-8,0p3,0.3
1.352,9.912428525781794e-8,0p3,0.3
1.353,9.912430807348637e-8,0p3,0.3
1.354,9.912433074579229e-8,0p3,0.3
1.355,9.912435327473586e-8,0p3,0.3
1.356,9.912437566031714e-8,0p3,0.3
1.357,9.912439790253628e-8,0p3,0.3
1.358,9.912442000139339e-8,0p3,0.3
1.359,9.91244419568885e-8,0p3,0.3
1.36,9.912446376902176e-8,0p3,0.3
1.361,9.912448543779329e-8,0p3,0.3
1.362,9.912450696320318e-8,0p3,0.3
1.363,9.912452834525152e-8,0p3,0.3
1.364,9.912454958393841e-8,0p3,0.3
1.365,9.912457067926396e-8,0p3,0.3
1.366,9.912459163122826e-8,0p3,0.3
1.367,9.912461243983143e-8,0p3,0.3
1.368,9.912463310507356e-8,0p3,0.3
1.369,9.912465362695472e-8,0p3,0.3
1.37,9.912467400547503e-8,0p3,0.3
1.371,9.912469424063457e-8,0p3,0.3
1.372,9.912471433243345e-8,0p3,0.3
1.373,9.912473428087177e-8,0p3,0.3
1.374,9.912475408594961e-8,0p3,0.3
1.375,9.912477374766708e-8,0p3,0.3
1.376,9.912479326602422e-8,0p3,0.3
1.377,9.91248126410212e-8,0p3,0.3
1.378,9.912483187265808e-8,0p3,0.3
1.379,9.912485096093493e-8,0p3,0.3
1.38,9.912486990585183e-8,0p3,0.3
1.381,9.912488870740894e-8,0p3,0.3
1.382,9.912490736560625e-8,0p3,0.3
1.383,9.912492588044391e-8,0p3,0.3
1.384,9.912494425192202e-8,0p3,0.3
1.385,9.912496248004059e-8,0p3,0.3
1.386,9.912498076589135e-8,0p3,0.3
1.387,9.912499911170594e-8,0p3,0.3
1.388,9.912501733528337e-8,0p3,0.3
1.389,9.912503543662364e-8,0p3,0.3
1.39,9.912505341572687e-8,0p3,0.3
1.391,9.912507127259314e-8,0p3,0.3
1.392,9.912508900722248e-8,0p3,0.3
1.393,9.912510661961499e-8,0p3,0.3
1.394,9.912512410977077e-8,0p3,0.3
1.395,9.912514147768981e-8,0p3,0.3
1.396,9.912515872337224e-8,0p3,0.3
1.397,9.912517584681813e-8,0p3,0.3
1.398,9.912519284802747e-8,0p3,0.3
1.399,9.912520972700045e-8,0p3,0.3
1.4,9.912522648373704e-8,0p3,0.3
1.401,9.91252431182374e-8,0p3,0.3
1.402,9.912525963050148e-8,0p3,0.3
1.403,9.912527602052945e-8,0p3,0.3
1.404,9.912529228832129e-8,0p3,0.3
1.405,9.912530843387714e-8,0p3,0.3
1.406,9.912532445719702e-8,0p3,0.3
1.407,9.912534035828101e-8,0p3,0.3
1.408,9.912535613712916e-8,0p3,0.3
1.409,9.912537179374154e-8,0p3,0.3
1.41,9.912538732811821e-8,0p3,0.3
1.411,9.912540274025925e-8,0p3,0.3
1.412,9.912541803016471e-8,0p3,0.3
1.413,9.912543319783466e-8,0p3,0.3
1.414,9.912544824326914e-8,0p3,0.3
1.415,9.912546316646821e-8,0p3,0.3
1.416,9.912547796743195e-8,0p3,0.3
1.417,9.912549264616043e-8,0p3,0.3
1.418,9.912550720265366e-8,0p3,0.3
1.419,9.912552163691171e-8,0p3,0.3
1.42,9.91255359489347e-8,0p3,0.3
1.421,9.912555013872259e-8,0p3,0.3
1.422,9.912556432204941e-8,0p3,0.3
1.423,9.912557872725779e-8,0p3,0.3
1.424,9.912559303457799e-8,0p3,0.3
1.425,9.912560724401008e-8,0p3,0.3
1.426,9.912562135555412e-8,0p3,0.3
1.427,9.912563536921012e-8,0p3,0.3
1.428,9.912564928497815e-8,0p3,0.3
1.429,9.912566310285823e-8,0p3,0.3
1.43,9.912567682285047e-8,0p3,0.3
1.431,9.912569044495484e-8,0p3,0.3
1.432,9.912570396917142e-8,0p3,0.3
1.433,9.912571739550027e-8,0p3,0.3
1.434,9.912573072394134e-8,0p3,0.3
1.435,9.912574395449478e-8,0p3,0.3
1.436,9.912575708716062e-8,0p3,0.3
1.437,9.912577012193883e-8,0p3,0.3
1.438,9.912578305882949e-8,0p3,0.3
1.439,9.912579589783267e-8,0p3,0.3
1.44,9.912580863894837e-8,0p3,0.3
1.441,9.912582128217669e-8,0p3,0.3
1.442,9.912583382751763e-8,0p3,0.3
1.443,9.912584627497117e-8,0p3,0.3
1.444,9.912585862453744e-8,0p3,0.3
1.445,9.912587087621646e-8,0p3,0.3
1.446,9.912588303000826e-8,0p3,0.3
1.447,9.912589508591286e-8,0p3,0.3
1.448,9.912590704393031e-8,0p3,0.3
1.449,9.912591890406066e-8,0p3,0.3
1.45,9.912593066630394e-8,0p3,0.3
1.451,9.912594233066018e-8,0p3,0.3
1.452,9.912595389712943e-8,0p3,0.3
1.453,9.912596536571173e-8,0p3,0.3
1.454,9.912597673640713e-8,0p3,0.3
1.455,9.912598800921563e-8,0p3,0.3
1.456,9.912599918413727e-8,0p3,0.3
1.457,9.912601026117211e-8,0p3,0.3
1.458,9.912602124148513e-8,0p3,0.3
1.459,9.912603250893221e-8,0p3,0.3
1.46,9.912604369921979e-8,0p3,0.3
1.461,9.912605481234784e-8,0p3,0.3
1.462,9.912606584831644e-8,0p3,0.3
1.463,9.912607680712558e-8,0p3,0.3
1.464,9.912608768877533e-8,0p3,0.3
1.465,9.912609849326569e-8,0p3,0.3
1.466,9.912610922059666e-8,0p3,0.3
1.467,9.912611987076834e-8,0p3,0.3
1.468,9.91261304437807e-8,0p3,0.3
1.469,9.912614093963378e-8,0p3,0.3
1.47,9.912615135832762e-8,0p3,0.3
1.471,9.912616169986224e-8,0p3,0.3
1.472,9.912617196423762e-8,0p3,0.3
1.473,9.912618215145385e-8,0p3,0.3
1.474,9.912619226151095e-8,0p3,0.3
1.475,9.912620229440891e-8,0p3,0.3
1.476,9.912621225014777e-8,0p3,0.3
1.477,9.912622212872755e-8,0p3,0.3
1.478,9.912623193014828e-8,0p3,0.3
1.479,9.912624165441003e-8,0p3,0.3
1.48,9.912625130151271e-8,0p3,0.3
1.481,9.912626087145645e-8,0p3,0.3
1.482,9.912627036424128e-8,0p3,0.3
1.483,9.912627977986714e-8,0p3,0.3
1.484,9.91262891183341e-8,0p3,0.3
1.485,9.912629837964221e-8,0p3,0.3
1.486,9.912630756379143e-8,0p3,0.3
1.487,9.912631667078185e-8,0p3,0.3
1.488,9.912632570061343e-8,0p3,0.3
1.489,9.912633465328621e-8,0p3,0.3
1.49,9.912634352880026e-8,0p3,0.3
1.491,9.912635232715556e-8,0p3,0.3
1.492,9.912636104835214e-8,0p3,0.3
1.493,9.912636969239004e-8,0p3,0.3
1.494,9.912637825926923e-8,0p3,0.3
1.495,9.912638698045895e-8,0p3,0.3
1.496,9.912639571804068e-8,0p3,0.3
1.497,9.912640439523945e-8,0p3,0.3
1.498,9.912641301205528e-8,0p3,0.3
1.499,9.912642156848816e-8,0p3,0.3
1.5,9.912643006453815e-8,0p3,0.3
1.500000003000721,9.912643006456343e-8,0p3,0.3
1.500000003000721,9.912643006456343e-8,0p3,0.3
1.501,9.977215854274022e-8,0p3,0.3
1.502,1.000230614764969e-7,0p3,0.3
1.503,1.001207389907924e-7,0p3,0.3
1.504,1.000667950655324e-7,0p3,0.3
1.505,9.976040910204713e-8,0p3,0.3
1.506,9.925418967766618e-8,0p3,0.3
1.507,9.859806897930572e-8,0p3,0.3
1.508,9.782662174614908e-8,0p3,0.3
1.509,9.69680183696483e-8,0p3,0.3
1.51,9.604481019684255e-8,0p3,0.3
1.511,9.50753940022526e-8,0p3,0.3
1.512,9.407472278304491e-8,0p3,0.3
1.513,9.305497988916231e-8,0p3,0.3
1.514,9.202678447659074e-8,0p3,0.3
1.515,9.101302550052647e-8,0p3,0.3
1.516,9.002795939651525e-8,0p3,0.3
1.517,8.907520687500711e-8,0p3,0.3
1.518,8.815495179586515e-8,0p3,0.3
1.519,8.726575594365808e-8,0p3,0.3
1.52,8.640421987835149e-8,0p3,0.3
1.521,8.55614649226427e-8,0p3,0.3
1.522,8.47343308799575e-8,0p3,0.3
1.523,8.392290605962727e-8,0p3,0.3
1.524,8.31279899327234e-8,0p3,0.3
1.525,8.235050364019347e-8,0p3,0.3
1.526,8.159122244070091e-8,0p3,0.3
1.527,8.08507479789115e-8,0p3,0.3
1.528,8.012951564610416e-8,0p3,0.3
1.529,7.942781239133177e-8,0p3,0.3
1.53,7.874579689018525e-8,0p3,0.3
1.531,7.808349614405939e-8,0p3,0.3
1.532,7.744080801839424e-8,0p3,0.3
1.533,7.681768158813108e-8,0p3,0.3
1.534,7.621392438265517e-8,0p3,0.3
1.535,7.56293200388491e-8,0p3,0.3
1.536,7.506357913782263e-8,0p3,0.3
1.537,7.451638712263797e-8,0p3,0.3
1.538,7.398740912971905e-8,0p3,0.3
1.539,7.347626868655789e-8,0p3,0.3
1.54,7.298255956182682e-8,0p3,0.3
1.541,7.250584883355136e-8,0p3,0.3
1.542,7.204566464515328e-8,0p3,0.3
1.543,7.160152693759314e-8,0p3,0.3
1.544,7.117296296017445e-8,0p3,0.3
1.545,7.075947885089451e-8,0p3,0.3
1.546,7.036057671474126e-8,0p3,0.3
1.547,6.997575815978856e-8,0p3,0.3
1.548,6.960451356692439e-8,0p3,0.3
1.549,6.924634388213383e-8,0p3,0.3
1.55,6.890078029961891e-8,0p3,0.3
1.551,6.856734902571722e-8,0p3,0.3
1.552,6.824558672068943e-8,0p3,0.3
1.553,6.793504164379214e-8,0p3,0.3
1.554,6.76352645225938e-8,0p3,0.3
1.555,6.73458202937696e-8,0p3,0.3
1.556,6.706631031976992e-8,0p3,0.3
1.557,6.679633703022402e-8,0p3,0.3
1.558,6.653551709727308e-8,0p3,0.3
1.559,6.628348152512225e-8,0p3,0.3
1.56,6.603969986352152e-8,0p3,0.3
1.561,6.580401883670941e-8,0p3,0.3
1.562,6.557605884596348e-8,0p3,0.3
1.563,6.535557724678033e-8,0p3,0.3
1.564,6.514227686392629e-8,0p3,0.3
1.565,6.493575028405311e-8,0p3,0.3
1.566,6.473588233860926e-8,0p3,0.3
1.567,6.45423951040454e-8,0p3,0.3
1.568,6.43548969606143e-8,0p3,0.3
1.569,6.417332836987015e-8,0p3,0.3
1.57,6.399739919970953e-8,0p3,0.3
1.571,6.382682537825676e-8,0p3,0.3
1.572,6.366152296239721e-8,0p3,0.3
1.573,6.350122333876115e-8,0p3,0.3
1.574,6.334573218542047e-8,0p3,0.3
1.575,6.31949442802382e-8,0p3,0.3
1.576,6.304861831139561e-8,0p3,0.3
1.577,6.29066257872269e-8,0p3,0.3
1.578,6.27688507268903e-8,0p3,0.3
1.579,6.263507918439025e-8,0p3,0.3
1.58,6.250522976666375e-8,0p3,0.3
1.581,6.237918329833164e-8,0p3,0.3
1.582,6.225675200997007e-8,0p3,0.3
1.583,6.21378873394775e-8,0p3,0.3
1.584,6.202247208276596e-8,0p3,0.3
1.585,6.191034270909e-8,0p3,0.3
1.586,6.180147285912973e-8,0p3,0.3
1.587,6.169574319230922e-8,0p3,0.3
1.588,6.159303430364121e-8,0p3,0.3
1.589,6.149331206045748e-8,0p3,0.3
1.59,6.139646574341327e-8,0p3,0.3
1.591,6.13024132356164e-8,0p3,0.3
1.592,6.121111144588733e-8,0p3,0.3
1.593,6.112246033377986e-8,0p3,0.3
1.594,6.103640474100807e-8,0p3,0.3
1.595,6.095289661478232e-8,0p3,0.3
1.596,6.087184594608417e-8,0p3,0.3
1.597,6.079321683947458e-8,0p3,0.3
1.598,6.071695900486641e-8,0p3,0.3
1.599,6.064299158563245e-8,0p3,0.3
1.6,6.057129227885122e-8,0p3,0.3
1.601,6.050181033783067e-8,0p3,0.3
1.602,6.043447308373422e-8,0p3,0.3
1.603,6.036926766670579e-8,0p3,0.3
1.604,6.030614087002468e-8,0p3,0.3
1.605,6.024503655726466e-8,0p3,0.3
1.606,6.018593898879341e-8,0p3,0.3
1.607,6.012879624845002e-8,0p3,0.3
1.608,6.007356773064869e-8,0p3,0.3
1.609,6.002023272934964e-8,0p3,0.3
1.61,5.996874191181806e-8,0p3,0.3
1.611,5.991906636210473e-8,0p3,0.3
1.612,5.987117546683535e-8,0p3,0.3
1.613,5.982498371133276e-8,0p3,0.3
1.614,5.978051622341517e-8,0p3,0.3
1.615,5.973776254894784e-8,0p3,0.3
1.616,5.969662623790723e-8,0p3,0.3
1.617,5.965716001332562e-8,0p3,0.3
1.618,5.961931910790618e-8,0p3,0.3
1.619,5.958300458661492e-8,0p3,0.3
1.62,5.954827564820913e-8,0p3,0.3
1.621,5.951506693524396e-8,0p3,0.3
1.622,5.94833375978502e-8,0p3,0.3
1.623,5.945312380372594e-8,0p3,0.3
1.624,5.942432941581763e-8,0p3,0.3
1.625,5.939696140257678e-8,0p3,0.3
1.626,5.937103949549965e-8,0p3,0.3
1.627,5.934643832149075e-8,0p3,0.3
1.628,5.932321644335151e-8,0p3,0.3
1.629,5.930135333032067e-8,0p3,0.3
1.63,5.928075551067234e-8,0p3,0.3
1.631,5.926147314714579e-8,0p3,0.3
1.632,5.924346287103354e-8,0p3,0.3
1.633,5.922666743662299e-8,0p3,0.3
1.634,5.921112556024972e-8,0p3,0.3
1.635,5.919676976020668e-8,0p3,0.3
1.636,5.918358232147651e-8,0p3,0.3
1.637,5.917158845721265e-8,0p3,0.3
1.638,5.91606950258466e-8,0p3,0.3
1.639,5.915092711561462e-8,0p3,0.3
1.64,5.914228685089492e-8,0p3,0.3
1.641,5.91346767510708e-8,0p3,0.3
1.642,5.912814509433036e-8,0p3,0.3
1.643,5.912266505948476e-8,0p3,0.3
1.644,5.911816806228555e-8,0p3,0.3
1.645,5.911469402511615e-8,0p3,0.3
1.646,5.911219516713822e-8,0p3,0.3
1.647,5.911063564973381e-8,0p3,0.3
1.648,5.911004484344019e-8,0p3,0.3
1.649,5.911035234372511e-8,0p3,0.3
1.65,5.911155873329415e-8,0p3,0.3
1.651,5.911368074594662e-8,0p3,0.3
1.652,5.911662380639944e-8,0p3,0.3
1.653,5.912042838698812e-8,0p3,0.3
1.654,5.912508229928276e-8,0p3,0.3
1.655,5.913050834118004e-8,0p3,0.3
1.656,5.913674714503396e-8,0p3,0.3
1.657,5.914376624868986e-8,0p3,0.3
1.658,5.915151606039666e-8,0p3,0.3
1.659,5.916002882408972e-8,0p3,0.3
1.66,5.916925239009165e-8,0p3,0.3
1.661,5.917916833850061e-8,0p3,0.3
1.662,5.918979850755936e-8,0p3,0.3
1.663,5.920101718591493e-8,0p3,0.3
1.664,5.92128518419301e-8,0p3,0.3
1.665,5.92253189090107e-8,0p3,0.3
1.666,5.923841838712322e-8,0p3,0.3
1.667,5.925215027623243e-8,0p3,0.3
1.668,5.926646938063062e-8,0p3,0.3
1.669,5.928127303031389e-8,0p3,0.3
1.67,5.929665495668653e-8,0p3,0.3
1.671,5.931261515971393e-8,0p3,0.3
1.672,5.932915363936037e-8,0p3,0.3
1.673,5.934620738616515e-8,0p3,0.3
1.674,5.936362305540658e-8,0p3,0.3
1.675,5.938153190388421e-8,0p3,0.3
1.676,5.939993393156907e-8,0p3,0.3
1.677,5.941882913843175e-8,0p3,0.3
1.678,5.943816601458312e-8,0p3,0.3
1.679,5.945781486176555e-8,0p3,0.3
1.68,5.947788588281839e-8,0p3,0.3
1.681,5.949837907771811e-8,0p3,0.3
1.682,5.95192944464409e-8,0p3,0.3
1.683,5.954058211810555e-8,0p3,0.3
1.684,5.956211215161279e-8,0p3,0.3
1.685,5.958399416414496e-8,0p3,0.3
1.686,5.960622815568377e-8,0p3,0.3
1.687,5.962881412621094e-8,0p3,0.3
1.688,5.965170590665867e-8,0p3,0.3
1.689,5.96747789906931e-8,0p3,0.3
1.69,5.969813767307265e-8,0p3,0.3
1.691,5.972178195378359e-8,0p3,0.3
1.692,5.974571183281216e-8,0p3,0.3
1.693,5.97698848184365e-8,0p3,0.3
1.694,5.97941822845968e-8,0p3,0.3
1.695,5.981870291680704e-8,0p3,0.3
1.696,5.9843446715057e-8,0p3,0.3
1.697,5.986841367933656e-8,0p3,0.3
1.698,5.989356502120078e-8,0p3,0.3
1.699,5.991878861157737e-8,0p3,0.3
1.7,5.994417710252081e-8,0p3,0.3
1.701,5.996973049402362e-8,0p3,0.3
1.702,5.999544878607838e-8,0p3,0.3
1.703,6.002129681487864e-8,0p3,0.3
1.704,6.004716929532001e-8,0p3,0.3
1.705,6.007315264985021e-8,0p3,0.3
1.706,6.009924687846385e-8,0p3,0.3
1.707,6.012545198115561e-8,0p3,0.3
1.708,6.015173630305852e-8,0p3,0.3
1.709,6.017800164841068e-8,0p3,0.3
1.71,6.020432809878121e-8,0p3,0.3
1.711,6.023071565416626e-8,0p3,0.3
1.712,6.0257164314562e-8,0p3,0.3
1.713,6.028364579240632e-8,0p3,0.3
1.714,6.031006914530562e-8,0p3,0.3
1.715,6.033650806893408e-8,0p3,0.3
1.716,6.036296256328897e-8,0p3,0.3
1.717,6.038943262836757e-8,0p3,0.3
1.718,6.041589318444058e-8,0p3,0.3
1.719,6.044226064009161e-8,0p3,0.3
1.72,6.046860231265967e-8,0p3,0.3
1.721,6.049491820214277e-8,0p3,0.3
1.722,6.052120830853901e-8,0p3,0.3
1.723,6.054745058729613e-8,0p3,0.3
1.724,6.057356883576839e-8,0p3,0.3
1.725,6.059962404655537e-8,0p3,0.3
1.726,6.062561621965568e-8,0p3,0.3
1.727,6.065154535506798e-8,0p3,0.3
1.728,6.067739226117934e-8,0p3,0.3
1.729,6.070308810678135e-8,0p3,0.3
1.73,6.072868765458413e-8,0p3,0.3
1.731,6.075419090458676e-8,0p3,0.3
1.732,6.077959785678823e-8,0p3,0.3
1.733,6.080489198375966e-8,0p3,0.3
1.734,6.08300117573813e-8,0p3,0.3
1.735,6.085500584242698e-8,0p3,0.3
1.736,6.087987423889608e-8,0p3,0.3
1.737,6.090461694678791e-8,0p3,0.3
1.738,6.092921991031584e-8,0p3,0.3
1.739,6.095362878917005e-8,0p3,0.3
1.74,6.097788631526245e-8,0p3,0.3
1.741,6.100199248859264e-8,0p3,0.3
1.742,6.10259473091601e-8,0p3,0.3
1.743,6.10497389989463e-8,0p3,0.3
1.744,6.107332024741602e-8,0p3,0.3
1.745,6.10967280479005e-8,0p3,0.3
1.746,6.111996240039937e-8,0p3,0.3
1.747,6.114302330491239e-8,0p3,0.3
1.748,6.116590106817123e-8,0p3,0.3
1.749,6.118855521287552e-8,0p3,0.3
1.75,6.121101721341761e-8,0p3,0.3
1.751,6.123328706979725e-8,0p3,0.3
1.752,6.125536478201431e-8,0p3,0.3
1.753,6.1277242551319e-8,0p3,0.3
1.754,6.129888650288027e-8,0p3,0.3
1.755,6.132032283340857e-8,0p3,0.3
1.756,6.134155154290388e-8,0p3,0.3
1.757,6.136257263136599e-8,0p3,0.3
1.758,6.138337700392473e-8,0p3,0.3
1.759,6.14039235423712e-8,0p3,0.3
1.76,6.142424387457573e-8,0p3,0.3
1.761,6.144433800053834e-8,0p3,0.3
1.762,6.146420592025892e-8,0p3,0.3
1.763,6.148384763373745e-8,0p3,0.3
1.764,6.150326314097383e-8,0p3,0.3
1.765,6.152245244196801e-8,0p3,0.3
1.766,6.154141553671998e-8,0p3,0.3
1.767,6.156015242522964e-8,0p3,0.3
1.768,6.157865646874453e-8,0p3,0.3
1.769,6.15968992546991e-8,0p3,0.3
1.77,6.161490849854016e-8,0p3,0.3
1.771,6.163268420026766e-8,0p3,0.3
1.772,6.165022635988159e-8,0p3,0.3
1.773,6.16675349773819e-8,0p3,0.3
1.774,6.168461005276858e-8,0p3,0.3
1.775,6.170145158604161e-8,0p3,0.3
1.776,6.171805957720097e-8,0p3,0.3
1.777,6.173442887635431e-8,0p3,0.3
1.778,6.175053521449965e-8,0p3,0.3
1.779,6.176640132771884e-8,0p3,0.3
1.78,6.178202721601185e-8,0p3,0.3
1.781,6.179741287937872e-8,0p3,0.3
1.782,6.181255831781942e-8,0p3,0.3
1.783,6.1827463531334e-8,0p3,0.3
1.784,6.184212851992245e-8,0p3,0.3
1.785,6.185655328358475e-8,0p3,0.3
1.786,6.187073793869382e-8,0p3,0.3
1.787,6.188468308093487e-8,0p3,0.3
1.788,6.189838815870281e-8,0p3,0.3
1.789,6.191185317199764e-8,0p3,0.3
1.79,6.192507812081944e-8,0p3,0.3
1.791,6.193806300516813e-8,0p3,0.3
1.792,6.195080782504381e-8,0p3,0.3
1.793,6.196331258044646e-8,0p3,0.3
1.794,6.197557727137611e-8,0p3,0.3
1.795,6.198760553705427e-8,0p3,0.3
1.796,6.199941767751562e-8,0p3,0.3
1.797,6.201099510505273e-8,0p3,0.3
1.798,6.202233781966554e-8,0p3,0.3
1.799,6.203344582135415e-8,0p3,0.3
1.8,6.204431911011857e-8,0p3,0.3
1.801,6.205495768595882e-8,0p3,0.3
1.802,6.206536154887491e-8,0p3,0.3
1.803,6.207553069886688e-8,0p3,0.3
1.804,6.208547136215782e-8,0p3,0.3
1.805,6.209522152972154e-8,0p3,0.3
1.806,6.210474679129059e-8,0p3,0.3
1.807,6.211404714686496e-8,0p3,0.3
1.808,6.212312259644473e-8,0p3,0.3
1.809,6.213197314002991e-8,0p3,0.3
1.81,6.21405987776205e-8,0p3,0.3
1.811,6.214899950921655e-8,0p3,0.3
1.812,6.215717533481811e-8,0p3,0.3
1.813,6.216513416485742e-8,0p3,0.3
1.814,6.217292903247939e-8,0p3,0.3
1.815,6.218051240564673e-8,0p3,0.3
1.816,6.21878842843595e-8,0p3,0.3
1.817,6.21950446686177e-8,0p3,0.3
1.818,6.220199355842134e-8,0p3,0.3
1.819,6.220873095377047e-8,0p3,0.3
1.82,6.221525685466512e-8,0p3,0.3
1.821,6.22215712611053e-8,0p3,0.3
1.822,6.222768297396388e-8,0p3,0.3
1.823,6.223365716073403e-8,0p3,0.3
1.824,6.223943600558917e-8,0p3,0.3
1.825,6.224501950852937e-8,0p3,0.3
1.826,6.225040766955458e-8,0p3,0.3
1.827,6.22556004886649e-8,0p3,0.3
1.828,6.226059796586033e-8,0p3,0.3
1.829,6.226540010114083e-8,0p3,0.3
1.83,6.227000689450653e-8,0p3,0.3
1.831,6.227442739011736e-8,0p3,0.3
1.832,6.227873601413585e-8,0p3,0.3
1.833,6.228286738486517e-8,0p3,0.3
1.834,6.228682150230535e-8,0p3,0.3
1.835,6.229059836645643e-8,0p3,0.3
1.836,6.229419797731838e-8,0p3,0.3
1.837,6.229762033489128e-8,0p3,0.3
1.838,6.230086543917509e-8,0p3,0.3
1.839,6.230393329016991e-8,0p3,0.3
1.84,6.230683267144137e-8,0p3,0.3
1.841,6.230964451457087e-8,0p3,0.3
1.842,6.231229839973058e-8,0p3,0.3
1.843,6.231479432692052e-8,0p3,0.3
1.844,6.231713229614072e-8,0p3,0.3
1.845,6.231931230739115e-8,0p3,0.3
1.846,6.23213343606719e-8,0p3,0.3
1.847,6.232319845598295e-8,0p3,0.3
1.848,6.232490459332431e-8,0p3,0.3
1.849,6.232646092558106e-8,0p3,0.3
1.85,6.232795233049934e-8,0p3,0.3
1.851,6.2329305636491e-8,0p3,0.3
1.852,6.233052084355615e-8,0p3,0.3
1.853,6.233159795169473e-8,0p3,0.3
1.854,6.233253696090686e-8,0p3,0.3
1.855,6.233333787119244e-8,0p3,0.3
1.856,6.233400068255154e-8,0p3,0.3
1.857,6.23345253949842e-8,0p3,0.3
1.858,6.233491927967034e-8,0p3,0.3
1.859,6.233526883655155e-8,0p3,0.3
1.86,6.233550016371156e-8,0p3,0.3
1.861,6.233561326115036e-8,0p3,0.3
1.862,6.233560812886803e-8,0p3,0.3
1.863,6.233548476686458e-8,0p3,0.3
1.864,6.233524317513997e-8,0p3,0.3
1.865,6.233488335369431e-8,0p3,0.3
1.866,6.233440530252751e-8,0p3,0.3
1.867,6.233381526266301e-8,0p3,0.3
1.868,6.23331992936871e-8,0p3,0.3
1.869,6.233248450953979e-8,0p3,0.3
1.87,6.233167091022113e-8,0p3,0.3
1.871,6.233075849573117e-8,0p3,0.3
1.872,6.232974726606987e-8,0p3,0.3
1.873,6.232863722123722e-8,0p3,0.3
1.874,6.23274283612333e-8,0p3,0.3
1.875,6.232612068605813e-8,0p3,0.3
1.876,6.232471934374689e-8,0p3,0.3
1.877,6.232330816676836e-8,0p3,0.3
1.878,6.23218167552632e-8,0p3,0.3
1.879,6.232024510923142e-8,0p3,0.3
1.88,6.231859322867299e-8,0p3,0.3
1.881,6.231686111358799e-8,0p3,0.3
1.882,6.231504876397637e-8,0p3,0.3
1.883,6.231315617983818e-8,0p3,0.3
1.884,6.231118336117343e-8,0p3,0.3
1.885,6.230913436925868e-8,0p3,0.3
1.886,6.2307089303668e-8,0p3,0.3
1.887,6.230498145174433e-8,0p3,0.3
1.888,6.23028108134877e-8,0p3,0.3
1.889,6.230057738889812e-8,0p3,0.3
1.89,6.229828117797558e-8,0p3,0.3
1.891,6.22959221807201e-8,0p3,0.3
1.892,6.229350039713169e-8,0p3,0.3
1.893,6.229101582721039e-8,0p3,0.3
1.894,6.228847150513937e-8,0p3,0.3
1.895,6.228594257042029e-8,0p3,0.3
1.896,6.228336694122459e-8,0p3,0.3
1.897,6.228074461755229e-8,0p3,0.3
1.898,6.227807559940337e-8,0p3,0.3
1.899,6.227535988677785e-8,0p3,0.3
1.9,6.227259747967568e-8,0p3,0.3
1.901,6.226978837809698e-8,0p3,0.3
1.902,6.226693258204172e-8,0p3,0.3
1.903,6.226403219736988e-8,0p3,0.3
1.904,6.226115644625043e-8,0p3,0.3
1.905,6.225824858010849e-8,0p3,0.3
1.906,6.225530859894405e-8,0p3,0.3
1.907,6.225233650275723e-8,0p3,0.3
1.908,6.224933229154796e-8,0p3,0.3
1.909,6.224629596531627e-8,0p3,0.3
1.91,6.224322752406216e-8,0p3,0.3
1.911,6.224012696778565e-8,0p3,0.3
1.912,6.223699559909474e-8,0p3,0.3
1.913,6.223389602163709e-8,0p3,0.3
1.914,6.223077730064161e-8,0p3,0.3
1.915,6.222763943610823e-8,0p3,0.3
1.916,6.222448242803697e-8,0p3,0.3
1.917,6.222130627642781e-8,0p3,0.3
1.918,6.221811098128082e-8,0p3,0.3
1.919,6.2214896542596e-8,0p3,0.3
1.92,6.22116629603733e-8,0p3,0.3
1.921,6.220841087419649e-8,0p3,0.3
1.922,6.220519580612111e-8,0p3,0.3
1.923,6.220197291540048e-8,0p3,0.3
1.924,6.219874220203465e-8,0p3,0.3
1.925,6.219550366602359e-8,0p3,0.3
1.926,6.219225730736736e-8,0p3,0.3
1.927,6.218900312606592e-8,0p3,0.3
1.928,6.218574112211929e-8,0p3,0.3
1.929,6.218247129552746e-8,0p3,0.3
1.93,6.217919376880173e-8,0p3,0.3
1.931,6.217595673637647e-8,0p3,0.3
1.932,6.21727215543645e-8,0p3,0.3
1.933,6.216948822276583e-8,0p3,0.3
1.934,6.216625674158043e-8,0p3,0.3
1.935,6.216302711080836e-8,0p3,0.3
1.936,6.21597993304496e-8,0p3,0.3
1.937,6.215657340050414e-8,0p3,0.3
1.938,6.215334932097201e-8,0p3,0.3
1.939,6.215012709185324e-8,0p3,0.3
1.94,6.214694677584223e-8,0p3,0.3
1.941,6.214377662682631e-8,0p3,0.3
1.942,6.21406163941869e-8,0p3,0.3
1.943,6.213746607792398e-8,0p3,0.3
1.944,6.21343256780376e-8,0p3,0.3
1.945,6.213119519452776e-8,0p3,0.3
1.946,6.212807462739447e-8,0p3,0.3
1.947,6.212496397663769e-8,0p3,0.3
1.948,6.212186324225746e-8,0p3,0.3
1.949,6.211882069259589e-8,0p3,0.3
1.95,6.211579861682109e-8,0p3,0.3
1.951,6.211279628098432e-8,0p3,0.3
1.952,6.21098136850855e-8,0p3,0.3
1.953,6.210685082912469e-8,0p3,0.3
1.954,6.210390771310186e-8,0p3,0.3
1.955,6.210098433701706e-8,0p3,0.3
1.956,6.209808070087028e-8,0p3,0.3
1.957,6.20951968046615e-8,0p3,0.3
1.958,6.209233264839078e-8,0p3,0.3
1.959,6.208948823205801e-8,0p3,0.3
1.96,6.208666355566334e-8,0p3,0.3
1.961,6.208385861920667e-8,0p3,0.3
1.962,6.208107342268807e-8,0p3,0.3
1.963,6.20783079661075e-8,0p3,0.3
1.964,6.207556224946496e-8,0p3,0.3
1.965,6.207283627276051e-8,0p3,0.3
1.966,6.20701300359941e-8,0p3,0.3
1.967,6.206748060798229e-8,0p3,0.3
1.968,6.20648562842986e-8,0p3,0.3
1.969,6.206225575196973e-8,0p3,0.3
1.97,6.20596790109956e-8,0p3,0.3
1.971,6.205712606137629e-8,0p3,0.3
1.972,6.205459690311177e-8,0p3,0.3
1.973,6.205209153620202e-8,0p3,0.3
1.974,6.20496099606471e-8,0p3,0.3
1.975,6.204715217644698e-8,0p3,0.3
1.976,6.204471818360169e-8,0p3,0.3
1.977,6.204230798211117e-8,0p3,0.3
1.978,6.203992157197547e-8,0p3,0.3
1.979,6.203755895319459e-8,0p3,0.3
1.98,6.203522012576857e-8,0p3,0.3
1.981,6.203290508969733e-8,0p3,0.3
1.982,6.203061384498096e-8,0p3,0.3
1.983,6.202837258053458e-8,0p3,0.3
1.984,6.202616761391282e-8,0p3,0.3
1.985,6.202399057488214e-8,0p3,0.3
1.986,6.202184146344262e-8,0p3,0.3
1.987,6.201972027959419e-8,0p3,0.3
1.988,6.201762702333686e-8,0p3,0.3
1.989,6.201556169467066e-8,0p3,0.3
1.99,6.201352429359558e-8,0p3,0.3
1.991,6.201151482011163e-8,0p3,0.3
1.992,6.200953327421881e-8,0p3,0.3
1.993,6.200757965591712e-8,0p3,0.3
1.994,6.200565396520656e-8,0p3,0.3
1.995,6.200375620208716e-8,0p3,0.3
1.996,6.200188636655887e-8,0p3,0.3
1.997,6.200004445862174e-8,0p3,0.3
1.998,6.199823047827577e-8,0p3,0.3
1.999,6.199644862496941e-8,0p3,0.3
2.0,6.199469916322077e-8,0p3,0.3
2.001,6.199297857715572e-8,0p3,0.3
2.002,6.199128686677424e-8,0p3,0.3
2.003,6.198962403207629e-8,0p3,0.3
2.004,6.198799007306198e-8,0p3,0.3
2.005,6.19863849897312e-8,0p3,0.3
2.006,6.198480878208401e-8,0p3,0.3
2.007,6.198326145012043e-8,0p3,0.3
2.008,6.19817429938404e-8,0p3,0.3
2.009,6.1980253413244e-8,0p3,0.3
2.01,6.197879270833116e-8,0p3,0.3
2.011,6.197736087910193e-8,0p3,0.3
2.012,6.197595792555629e-8,0p3,0.3
2.013,6.197458384769425e-8,0p3,0.3
2.014,6.197323864551583e-8,0p3,0.3
2.015,6.19719194518792e-8,0p3,0.3
2.016,6.19706220666686e-8,0p3,0.3
2.017,6.19693524434508e-8,0p3,0.3
2.018,6.196811058222581e-8,0p3,0.3
2.019,6.196689648299363e-8,0p3,0.3
2.02,6.196571014575423e-8,0p3,0.3
2.021,6.196455157050767e-8,0p3,0.3
2.022,6.196342075725391e-8,0p3,0.3
2.023,6.196231770599298e-8,0p3,0.3
2.024,6.196124241672487e-8,0p3,0.3
2.025,6.196019488944959e-8,0p3,0.3
2.026,6.19591751241671e-8,0p3,0.3
2.027,6.195818312087744e-8,0p3,0.3
2.028,6.195721887958064e-8,0p3,0.3
2.029,6.195628240027665e-8,0p3,0.3
2.03,6.195537368296548e-8,0p3,0.3
2.031,6.195449068163397e-8,0p3,0.3
2.032,6.195361426818968e-8,0p3,0.3
2.033,6.195276294860719e-8,0p3,0.3
2.034,6.195193672288647e-8,0p3,0.3
2.035,6.195113559102753e-8,0p3,0.3
2.036,6.19503595530304e-8,0p3,0.3
2.037,6.194960860889504e-8,0p3,0.3
2.038,6.194888275862149e-8,0p3,0.3
2.039,6.194818200220973e-8,0p3,0.3
2.04,6.194750633965978e-8,0p3,0.3
2.041,6.19468557709716e-8,0p3,0.3
2.042,6.194623029614521e-8,0p3,0.3
2.043,6.194562991518065e-8,0p3,0.3
2.044,6.194505462807787e-8,0p3,0.3
2.045,6.194450443483691e-8,0p3,0.3
2.046,6.194397933545773e-8,0p3,0.3
2.047,6.194347932994038e-8,0p3,0.3
2.048,6.194297692895772e-8,0p3,0.3
2.049,6.194249230723454e-8,0p3,0.3
2.05,6.1942029110117e-8,0p3,0.3
2.051,6.194158733760502e-8,0p3,0.3
2.052,6.194116698969867e-8,0p3,0.3
2.053,6.194076806639788e-8,0p3,0.3
2.054,6.194039056770272e-8,0p3,0.3
2.055,6.194003449361315e-8,0p3,0.3
2.056,6.193969984412919e-8,0p3,0.3
2.057,6.193938661925083e-8,0p3,0.3
2.058,6.193909481897808e-8,0p3,0.3
2.059,6.193882444331094e-8,0p3,0.3
2.06,6.193857549224938e-8,0p3,0.3
2.061,6.193834796579346e-8,0p3,0.3
2.062,6.193814186394313e-8,0p3,0.3
2.063,6.193795718669842e-8,0p3,0.3
2.064,6.193777074514074e-8,0p3,0.3
2.065,6.193759027319928e-8,0p3,0.3
2.066,6.193742705616672e-8,0p3,0.3
2.067,6.193728109404304e-8,0p3,0.3
2.068,6.193715238682828e-8,0p3,0.3
2.069,6.193704093452239e-8,0p3,0.3
2.07,6.19369467371254e-8,0p3,0.3
2.071,6.193686979463731e-8,0p3,0.3
2.072,6.193681010705813e-8,0p3,0.3
2.073,6.193676767438784e-8,0p3,0.3
2.074,6.193674249662645e-8,0p3,0.3
2.075,6.193673457377399e-8,0p3,0.3
2.076,6.19367439058304e-8,0p3,0.3
2.077,6.193677049279573e-8,0p3,0.3
2.078,6.193681433466994e-8,0p3,0.3
2.079,6.193687543145308e-8,0p3,0.3
2.08,6.193693811810284e-8,0p3,0.3
2.081,6.19369951793087e-8,0p3,0.3
2.082,6.193706523641186e-8,0p3,0.3
2.083,6.193714828941233e-8,0p3,0.3
2.084,6.193724433831009e-8,0p3,0.3
2.085,6.193735338310514e-8,0p3,0.3
2.086,6.193747542379754e-8,0p3,0.3
2.087,6.19376104603872e-8,0p3,0.3
2.088,6.193775849287418e-8,0p3,0.3
2.089,6.193791952125847e-8,0p3,0.3
2.09,6.193809354554007e-8,0p3,0.3
2.091,6.193828056571895e-8,0p3,0.3
2.092,6.193848058179518e-8,0p3,0.3
2.093,6.19386935937687e-8,0p3,0.3
2.094,6.193891960163954e-8,0p3,0.3
2.095,6.193915860540768e-8,0p3,0.3
2.096,6.19394031717674e-8,0p3,0.3
2.097,6.193963252651814e-8,0p3,0.3
2.098,6.193987084212781e-8,0p3,0.3
2.099,6.194011811859646e-8,0p3,0.3
2.1,6.194037435592403e-8,0p3,0.3
2.101,6.194063955411057e-8,0p3,0.3
2.102,6.194091371315607e-8,0p3,0.3
2.103,6.19411968330605e-8,0p3,0.3
2.104,6.19414889138239e-8,0p3,0.3
2.105,6.194178995544626e-8,0p3,0.3
2.106,6.194209995792755e-8,0p3,0.3
2.107,6.194241892126782e-8,0p3,0.3
2.108,6.194274684546707e-8,0p3,0.3
2.109,6.194308373052522e-8,0p3,0.3
2.11,6.194342957644236e-8,0p3,0.3
2.111,6.194378438321846e-8,0p3,0.3
2.112,6.194414795828133e-8,0p3,0.3
2.113,6.194448972518514e-8,0p3,0.3
2.114,6.19448368591764e-8,0p3,0.3
2.115,6.194518936025509e-8,0p3,0.3
2.116,6.194554722842119e-8,0p3,0.3
2.117,6.194591046367476e-8,0p3,0.3
2.118,6.194627906601576e-8,0p3,0.3
2.119,6.19466530354442e-8,0p3,0.3
2.12,6.19470323719601e-8,0p3,0.3
2.121,6.194741707556342e-8,0p3,0.3
2.122,6.194780714625417e-8,0p3,0.3
2.123,6.194820258403235e-8,0p3,0.3
2.124,6.194860338889802e-8,0p3,0.3
2.125,6.194900956085111e-8,0p3,0.3
2.126,6.194942109989164e-8,0p3,0.3
2.127,6.194983800601963e-8,0p3,0.3
2.128,6.195026027923504e-8,0p3,0.3
2.129,6.195066764305332e-8,0p3,0.3
2.13,6.19510722522959e-8,0p3,0.3
2.131,6.195147920685963e-8,0p3,0.3
2.132,6.195188850674454e-8,0p3,0.3
2.133,6.195230015195067e-8,0p3,0.3
2.134,6.195271414247798e-8,0p3,0.3
2.135,6.195313047832647e-8,0p3,0.3
2.136,6.195354915949615e-8,0p3,0.3
2.137,6.1953970185987e-8,0p3,0.3
2.138,6.195439355779906e-8,0p3,0.3
2.139,6.19548192749323e-8,0p3,0.3
2.14,6.195524733738675e-8,0p3,0.3
2.141,6.195567774516238e-8,0p3,0.3
2.142,6.19561104982592e-8,0p3,0.3
2.143,6.19565455966772e-8,0p3,0.3
2.144,6.19569830404164e-8,0p3,0.3
2.145,6.195740607768496e-8,0p3,0.3
2.146,6.195781616394628e-8,0p3,0.3
2.147,6.195822510459277e-8,0p3,0.3
2.148,6.195863289962436e-8,0p3,0.3
2.149,6.195903954904108e-8,0p3,0.3
2.15,6.195944505284294e-8,0p3,0.3
2.151,6.195984941102994e-8,0p3,0.3
2.152,6.196025262360206e-8,0p3,0.3
2.153,6.196065469055933e-8,0p3,0.3
2.154,6.196105561190172e-8,0p3,0.3
2.155,6.196145538762924e-8,0p3,0.3
2.156,6.196185401774193e-8,0p3,0.3
2.157,6.196225150223975e-8,0p3,0.3
2.158,6.19626478411227e-8,0p3,0.3
2.159,6.196304303439075e-8,0p3,0.3
2.16,6.196343708204398e-8,0p3,0.3
2.161,6.196382998408234e-8,0p3,0.3
2.162,6.196422174050581e-8,0p3,0.3
2.163,6.196461235131444e-8,0p3,0.3
2.164,6.19650018165082e-8,0p3,0.3
2.165,6.19653901360871e-8,0p3,0.3
2.166,6.196577731005114e-8,0p3,0.3
2.167,6.196616333840033e-8,0p3,0.3
2.168,6.196654822113464e-8,0p3,0.3
2.169,6.196693195825411e-8,0p3,0.3
2.17,6.196731454975872e-8,0p3,0.3
2.171,6.196769599564845e-8,0p3,0.3
2.172,6.196807629592332e-8,0p3,0.3
2.173,6.196845545058334e-8,0p3,0.3
2.174,6.196883345962851e-8,0p3,0.3
2.175,6.196921032305883e-8,0p3,0.3
2.176,6.196958604087425e-8,0p3,0.3
2.177,6.196995767116571e-8,0p3,0.3
2.178,6.197030882110901e-8,0p3,0.3
2.179,6.197065750370746e-8,0p3,0.3
2.18,6.197100371896099e-8,0p3,0.3
2.181,6.197134746686965e-8,0p3,0.3
2.182,6.197168874743343e-8,0p3,0.3
2.183,6.197202756065232e-8,0p3,0.3
2.184,6.197236390652635e-8,0p3,0.3
2.185,6.197269778505547e-8,0p3,0.3
2.186,6.197302919623973e-8,0p3,0.3
2.187,6.19733581400791e-8,0p3,0.3
2.188,6.19736846165736e-8,0p3,0.3
2.189,6.197400862572321e-8,0p3,0.3
2.19,6.197433016752793e-8,0p3,0.3
2.191,6.197464924198777e-8,0p3,0.3
2.192,6.197496584910273e-8,0p3,0.3
2.193,6.197527998887283e-8,0p3,0.3
2.194,6.197559166129805e-8,0p3,0.3
2.195,6.197590086637835e-8,0p3,0.3
2.196,6.19762076041138e-8,0p3,0.3
2.197,6.197651187450437e-8,0p3,0.3
2.198,6.197681367755006e-8,0p3,0.3
2.199,6.197711301325086e-8,0p3,0.3
2.2,6.197740988160681e-8,0p3,0.3
2.201,6.197770428261785e-8,0p3,0.3
2.202,6.197799621628404e-8,0p3,0.3
2.203,6.197828568260533e-8,0p3,0.3
2.204,6.197857268158173e-8,0p3,0.3
2.205,6.197885721321327e-8,0p3,0.3
2.206,6.197913927749993e-8,0p3,0.3
2.207,6.197941887444174e-8,0p3,0.3
2.208,6.197969600403865e-8,0p3,0.3
2.209,6.19799706662907e-8,0p3,0.3
2.21,6.198023178059135e-8,0p3,0.3
2.211,6.198048490622168e-8,0p3,0.3
2.212,6.19807346114241e-8,0p3,0.3
2.213,6.198098089619863e-8,0p3,0.3
2.214,6.198122376054525e-8,0p3,0.3
2.215,6.198146320446396e-8,0p3,0.3
2.216,6.19816992279548e-8,0p3,0.3
2.217,6.198193183101773e-8,0p3,0.3
2.218,6.198216101365275e-8,0p3,0.3
2.219,6.198238677585986e-8,0p3,0.3
2.22,6.19826091176391e-8,0p3,0.3
2.221,6.198282803899043e-8,0p3,0.3
2.222,6.198304353991384e-8,0p3,0.3
2.223,6.198325562040935e-8,0p3,0.3
2.224,6.198346428047698e-8,0p3,0.3
2.225,6.198366952011671e-8,0p3,0.3
2.226,6.198387133932855e-8,0p3,0.3
2.227,6.198406973811247e-8,0p3,0.3
2.228,6.198426471646851e-8,0p3,0.3
2.229,6.198445627439665e-8,0p3,0.3
2.23,6.198464441189689e-8,0p3,0.3
2.231,6.198482912896922e-8,0p3,0.3
2.232,6.198501042561367e-8,0p3,0.3
2.233,6.198518830183021e-8,0p3,0.3
2.234,6.198536275761884e-8,0p3,0.3
2.235,6.198553379297959e-8,0p3,0.3
2.236,6.198570140791243e-8,0p3,0.3
2.237,6.19858656024174e-8,0p3,0.3
2.238,6.198602637649443e-8,0p3,0.3
2.239,6.198618373014359e-8,0p3,0.3
2.24,6.198633766336485e-8,0p3,0.3
2.241,6.198648817615822e-8,0p3,0.3
2.242,6.19866357572883e-8,0p3,0.3
2.243,6.19867813325914e-8,0p3,0.3
2.244,6.19869235995333e-8,0p3,0.3
2.245,6.198706255811402e-8,0p3,0.3
2.246,6.198719820833353e-8,0p3,0.3
2.247,6.198733055019183e-8,0p3,0.3
2.248,6.198745958368893e-8,0p3,0.3
2.249,6.198758530882483e-8,0p3,0.3
2.25,6.198770772559955e-8,0p3,0.3
2.251,6.198782683401309e-8,0p3,0.3
2.252,6.19879426340654e-8,0p3,0.3
2.253,6.198805512575653e-8,0p3,0.3
2.254,6.198816430908646e-8,0p3,0.3
2.255,6.198827018405522e-8,0p3,0.3
2.256,6.198837275066275e-8,0p3,0.3
2.257,6.19884720089091e-8,0p3,0.3
2.258,6.198856795879425e-8,0p3,0.3
2.259,6.198866060031821e-8,0p3,0.3
2.26,6.198874993348097e-8,0p3,0.3
2.261,6.198883595828254e-8,0p3,0.3
2.262,6.198891867472291e-8,0p3,0.3
2.263,6.198899808280206e-8,0p3,0.3
2.264,6.198907418252005e-8,0p3,0.3
2.265,6.198914697387686e-8,0p3,0.3
2.266,6.198921645687246e-8,0p3,0.3
2.267,6.198928263150686e-8,0p3,0.3
2.268,6.198934549778006e-8,0p3,0.3
2.269,6.198940505569206e-8,0p3,0.3
2.27,6.198946130524287e-8,0p3,0.3
2.271,6.19895142464325e-8,0p3,0.3
2.272,6.198956387926091e-8,0p3,0.3
2.273,6.198961020372814e-8,0p3,0.3
2.274,6.198965321983419e-8,0p3,0.3
2.275,6.198970336107026e-8,0p3,0.3
2.276,6.198975299487955e-8,0p3,0.3
2.277,6.198980007445805e-8,0p3,0.3
2.278,6.19898445998058e-8,0p3,0.3
2.279,6.19898865709228e-8,0p3,0.3
2.28,6.198992598780897e-8,0p3,0.3
2.281,6.19899628504644e-8,0p3,0.3
2.282,6.198999715888906e-8,0p3,0.3
2.283,6.199002891308295e-8,0p3,0.3
2.284,6.199005811304605e-8,0p3,0.3
2.285,6.199008475877838e-8,0p3,0.3
2.286,6.199010885027994e-8,0p3,0.3
2.287,6.199013038755076e-8,0p3,0.3
2.288,6.199014937059076e-8,0p3,0.3
2.289,6.199016579940001e-8,0p3,0.3
2.29,6.19901796739785e-8,0p3,0.3
2.291,6.19901909943262e-8,0p3,0.3
2.292,6.199019976044313e-8,0p3,0.3
2.293,6.19902059723293e-8,0p3,0.3
2.294,6.199020962998469e-8,0p3,0.3
2.295,6.199021073340932e-8,0p3,0.3
2.296,6.199020928260315e-8,0p3,0.3
2.297,6.199020527756622e-8,0p3,0.3
2.298,6.199019871829853e-8,0p3,0.3
2.299,6.199018960480008e-8,0p3,0.3
2.3,6.199017793707084e-8,0p3,0.3
2.301,6.199016371511086e-8,0p3,0.3
2.302,6.199014693892006e-8,0p3,0.3
2.303,6.199012760849852e-8,0p3,0.3
2.304,6.19901057238462e-8,0p3,0.3
2.305,6.19900812849631e-8,0p3,0.3
2.306,6.199005429184922e-8,0p3,0.3
2.307,6.199003114064869e-8,0p3,0.3
2.308,6.199001584407564e-8,0p3,0.3
2.309,6.198999897520013e-8,0p3,0.3
2.31,6.198998053402221e-8,0p3,0.3
2.311,6.198996052054186e-8,0p3,0.3
2.312,6.19899389347591e-8,0p3,0.3
2.313,6.198991577667386e-8,0p3,0.3
2.314,6.198989104628621e-8,0p3,0.3
2.315,6.198986474359613e-8,0p3,0.3
2.316,6.198983686860362e-8,0p3,0.3
2.317,6.198980742130867e-8,0p3,0.3
2.318,6.198977640171131e-8,0p3,0.3
2.319,6.19897438098115e-8,0p3,0.3
2.32,6.198970964560928e-8,0p3,0.3
2.321,6.198967390910463e-8,0p3,0.3
2.322,6.198963660029753e-8,0p3,0.3
2.323,6.198959771918801e-8,0p3,0.3
2.324,6.198955726577605e-8,0p3,0.3
2.325,6.198951524006171e-8,0p3,0.3
2.326,6.19894716420449e-8,0p3,0.3
2.327,6.198942647172567e-8,0p3,0.3
2.328,6.198937972910398e-8,0p3,0.3
2.329,6.19893314141799e-8,0p3,0.3
2.33,6.198928152695336e-8,0p3,0.3
2.331,6.19892300674244e-8,0p3,0.3
2.332,6.198917703559302e-8,0p3,0.3
2.333,6.198912243145921e-8,0p3,0.3
2.334,6.198906625502297e-8,0p3,0.3
2.335,6.198900850628431e-8,0p3,0.3
2.336,6.19889491852432e-8,0p3,0.3
2.337,6.198888829189967e-8,0p3,0.3
2.338,6.198882582625371e-8,0p3,0.3
2.339,6.198876178830531e-8,0p3,0.3
2.34,6.198871078589892e-8,0p3,0.3
2.341,6.198865968298008e-8,0p3,0.3
2.342,6.198860791727543e-8,0p3,0.3
2.343,6.198855548878498e-8,0p3,0.3
2.344,6.198850239750876e-8,0p3,0.3
2.345,6.198844864344673e-8,0p3,0.3
2.346,6.198839422659889e-8,0p3,0.3
2.347,6.198833914696528e-8,0p3,0.3
2.348,6.198828340454585e-8,0p3,0.3
2.349,6.198822699934065e-8,0p3,0.3
2.35,6.198816993134964e-8,0p3,0.3
2.351,6.198811220057283e-8,0p3,0.3
2.352,6.198805380701025e-8,0p3,0.3
2.353,6.198799475066183e-8,0p3,0.3
2.354,6.198793503152765e-8,0p3,0.3
2.355,6.198787464960769e-8,0p3,0.3
2.356,6.198781360490189e-8,0p3,0.3
2.357,6.198775189741035e-8,0p3,0.3
2.358,6.198768952713295e-8,0p3,0.3
2.359,6.19876264940698e-8,0p3,0.3
2.36,6.198756279822085e-8,0p3,0.3
2.361,6.198749843958607e-8,0p3,0.3
2.362,6.198743341816554e-8,0p3,0.3
2.363,6.198736773395918e-8,0p3,0.3
2.364,6.198730138696705e-8,0p3,0.3
2.365,6.198723437718912e-8,0p3,0.3
2.366,6.19871667046254e-8,0p3,0.3
2.367,6.198709836927588e-8,0p3,0.3
2.368,6.198702937114055e-8,0p3,0.3
2.369,6.198695971021945e-8,0p3,0.3
2.37,6.198688938651253e-8,0p3,0.3
2.371,6.198681840001985e-8,0p3,0.3
2.372,6.198675260409499e-8,0p3,0.3
2.373,6.198669191637762e-8,0p3,0.3
2.374,6.198663123997039e-8,0p3,0.3
2.375,6.198657057487328e-8,0p3,0.3
2.376,6.198650992108629e-8,0p3,0.3
2.377,6.198644927860944e-8,0p3,0.3
2.378,6.198638864744271e-8,0p3,0.3
2.379,6.198632802758608e-8,0p3,0.3
2.38,6.198626741903959e-8,0p3,0.3
2.381,6.198620682180323e-8,0p3,0.3
2.382,6.1986146235877e-8,0p3,0.3
2.383,6.198608566126089e-8,0p3,0.3
2.384,6.19860250979549e-8,0p3,0.3
2.385,6.198596454595904e-8,0p3,0.3
2.386,6.198590400527328e-8,0p3,0.3
2.387,6.198584347589768e-8,0p3,0.3
2.388,6.198578295783219e-8,0p3,0.3
2.389,6.198572245107682e-8,0p3,0.3
2.39,6.198566195563157e-8,0p3,0.3
2.391,6.198560147149645e-8,0p3,0.3
2.392,6.198554099867145e-8,0p3,0.3
2.393,6.198548053715657e-8,0p3,0.3
2.394,6.198542008695185e-8,0p3,0.3
2.395,6.198535964805722e-8,0p3,0.3
2.396,6.198529922047273e-8,0p3,0.3
2.397,6.198523880419837e-8,0p3,0.3
2.398,6.19851783992341e-8,0p3,0.3
2.399,6.198511800558e-8,0p3,0.3
2.4,6.198505762323598e-8,0p3,0.3
2.401,6.198499725220211e-8,0p3,0.3
2.402,6.198493689247837e-8,0p3,0.3
2.403,6.198487654406477e-8,0p3,0.3
2.404,6.198481687934343e-8,0p3,0.3
2.405,6.198476411556223e-8,0p3,0.3
2.406,6.198471181295961e-8,0p3,0.3
2.407,6.198465997153561e-8,0p3,0.3
2.408,6.198460859129021e-8,0p3,0.3
2.409,6.198455767222343e-8,0p3,0.3
2.41,6.198450721433525e-8,0p3,0.3
2.411,6.198445721762566e-8,0p3,0.3
2.412,6.19844076820947e-8,0p3,0.3
2.413,6.198435860774234e-8,0p3,0.3
2.414,6.198430999456858e-8,0p3,0.3
2.415,6.198426184257343e-8,0p3,0.3
2.416,6.198421415175689e-8,0p3,0.3
2.417,6.198416692211896e-8,0p3,0.3
2.418,6.198412015365963e-8,0p3,0.3
2.419,6.19840738463789e-8,0p3,0.3
2.42,6.198402800027677e-8,0p3,0.3
2.421,6.198398261535328e-8,0p3,0.3
2.422,6.198393769160837e-8,0p3,0.3
2.423,6.198389322904208e-8,0p3,0.3
2.424,6.19838492276544e-8,0p3,0.3
2.425,6.198380568744531e-8,0p3,0.3
2.426,6.198376260841484e-8,0p3,0.3
2.427,6.198371999056297e-8,0p3,0.3
2.428,6.19836778338897e-8,0p3,0.3
2.429,6.198363613839504e-8,0p3,0.3
2.43,6.1983594904079e-8,0p3,0.3
2.431,6.198355413094157e-8,0p3,0.3
2.432,6.198351381898268e-8,0p3,0.3
2.433,6.198347396820248e-8,0p3,0.3
2.434,6.198343457860088e-8,0p3,0.3
2.435,6.198339565017787e-8,0p3,0.3
2.436,6.198335718293343e-8,0p3,0.3
2.437,6.198331917686765e-8,0p3,0.3
2.438,6.198328163198043e-8,0p3,0.3
2.439,6.198324454827185e-8,0p3,0.3
2.44,6.198320792574186e-8,0p3,0.3
2.441,6.198317176439049e-8,0p3,0.3
2.442,6.198313606421773e-8,0p3,0.3
2.443,6.198310082522357e-8,0p3,0.3
2.444,6.198306604740802e-8,0p3,0.3
2.445,6.198303173077107e-8,0p3,0.3
2.446,6.198299787531273e-8,0p3,0.3
2.447,6.198296448103301e-8,0p3,0.3
2.448,6.198293154793187e-8,0p3,0.3
2.449,6.198289907600935e-8,0p3,0.3
2.45,6.198286706526545e-8,0p3,0.3
2.451,6.198283551570013e-8,0p3,0.3
2.452,6.198280442731344e-8,0p3,0.3
2.453,6.198277380010535e-8,0p3,0.3
2.454,6.198274363407587e-8,0p3,0.3
2.455,6.198271392922499e-8,0p3,0.3
2.456,6.198268468555272e-8,0p3,0.3
2.457,6.198265590305905e-8,0p3,0.3
2.458,6.198262758174399e-8,0p3,0.3
2.459,6.198259972160753e-8,0p3,0.3
2.46,6.19825723226497e-8,0p3,0.3
2.461,6.198254538487046e-8,0p3,0.3
2.462,6.198251890826983e-8,0p3,0.3
2.463,6.19824928928478e-8,0p3,0.3
2.464,6.19824673386044e-8,0p3,0.3
2.465,6.19824422455396e-8,0p3,0.3
2.466,6.19824176136534e-8,0p3,0.3
2.467,6.19823934429458e-8,0p3,0.3
2.468,6.198236973341681e-8,0p3,0.3
2.469,6.198234612136811e-8,0p3,0.3
2.47,6.198232166490591e-8,0p3,0.3
2.471,6.19822976192772e-8,0p3,0.3
2.472,6.198227398448195e-8,0p3,0.3
2.473,6.198225076052015e-8,0p3,0.3
2.474,6.198222794739184e-8,0p3,0.3
2.475,6.198220554509697e-8,0p3,0.3
2.476,6.198218355363559e-8,0p3,0.3
2.477,6.198216197300765e-8,0p3,0.3
2.478,6.198214080321322e-8,0p3,0.3
2.479,6.198212004425221e-8,0p3,0.3
2.48,6.19820996961247e-8,0p3,0.3
2.481,6.198207975883067e-8,0p3,0.3
2.482,6.198206023237008e-8,0p3,0.3
2.483,6.198204111674296e-8,0p3,0.3
2.484,6.198202241194932e-8,0p3,0.3
2.485,6.198200411798916e-8,0p3,0.3
2.486,6.198198623486243e-8,0p3,0.3
2.487,6.19819687625692e-8,0p3,0.3
2.488,6.198195170110943e-8,0p3,0.3
2.489,6.198193505048313e-8,0p3,0.3
2.49,6.19819188106903e-8,0p3,0.3
2.491,6.198190298173093e-8,0p3,0.3
2.492,6.198188756360504e-8,0p3,0.3
2.493,6.198187255631261e-8,0p3,0.3
2.494,6.198185795985364e-8,0p3,0.3
2.495,6.198184377422814e-8,0p3,0.3
2.496,6.198182999943611e-8,0p3,0.3
2.497,6.198181663547757e-8,0p3,0.3
2.498,6.198180368235246e-8,0p3,0.3
2.499,6.198179114006082e-8,0p3,0.3
2.5,6.19817790086027e-8,0p3,0.3
2.501,6.1981767287978e-8,0p3,0.3
2.502,6.198175597818678e-8,0p3,0.3
2.503,6.198174507922902e-8,0p3,0.3
2.504,6.198173459110474e-8,0p3,0.3
2.505,6.198172451381393e-8,0p3,0.3
2.506,6.198171484735658e-8,0p3,0.3
2.507,6.198170559173271e-8,0p3,0.3
2.508,6.198169674694228e-8,0p3,0.3
2.509,6.198168831298536e-8,0p3,0.3
2.51,6.19816802898619e-8,0p3,0.3
2.511,6.198167267757188e-8,0p3,0.3
2.512,6.198166547611535e-8,0p3,0.3
2.513,6.198165868549227e-8,0p3,0.3
2.514,6.198165230570267e-8,0p3,0.3
2.515,6.198164633674654e-8,0p3,0.3
2.516,6.198164077862388e-8,0p3,0.3
2.517,6.198163563133466e-8,0p3,0.3
2.518,6.198163089487895e-8,0p3,0.3
2.519,6.198162656925668e-8,0p3,0.3
2.52,6.198162265446789e-8,0p3,0.3
2.521,6.198161915051257e-8,0p3,0.3
2.522,6.198161605739073e-8,0p3,0.3
2.523,6.198161337510234e-8,0p3,0.3
2.524,6.19816111036474e-8,0p3,0.3
2.525,6.198160924302596e-8,0p3,0.3
2.526,6.198160779323797e-8,0p3,0.3
2.527,6.198160675428345e-8,0p3,0.3
2.528,6.198160612616241e-8,0p3,0.3
2.529,6.198160590887482e-8,0p3,0.3
2.53,6.198160610242071e-8,0p3,0.3
2.531,6.198160670680007e-8,0p3,0.3
2.532,6.19816077220129e-8,0p3,0.3
2.533,6.198160914805918e-8,0p3,0.3
2.534,6.198160924720421e-8,0p3,0.3
2.535,6.198160645628773e-8,0p3,0.3
2.536,6.198160392483542e-8,0p3,0.3
2.537,6.198160165284728e-8,0p3,0.3
2.538,6.198159964032331e-8,0p3,0.3
2.539,6.198159788726349e-8,0p3,0.3
2.54,6.198159639366785e-8,0p3,0.3
2.541,6.198159515953641e-8,0p3,0.3
2.542,6.198159418486908e-8,0p3,0.3
2.543,6.198159346966596e-8,0p3,0.3
2.544,6.1981593013927e-8,0p3,0.3
2.545,6.198159281765221e-8,0p3,0.3
2.546,6.198159288084157e-8,0p3,0.3
2.547,6.198159320349512e-8,0p3,0.3
2.548,6.198159378561284e-8,0p3,0.3
2.549,6.198159462719472e-8,0p3,0.3
2.55,6.198159572824076e-8,0p3,0.3
2.551,6.198159708875099e-8,0p3,0.3
2.552,6.198159870872539e-8,0p3,0.3
2.553,6.198160058816393e-8,0p3,0.3
2.554,6.198160272706666e-8,0p3,0.3
2.555,6.198160512543356e-8,0p3,0.3
2.556,6.19816077832646e-8,0p3,0.3
2.557,6.198161070055983e-8,0p3,0.3
2.558,6.198161387731924e-8,0p3,0.3
2.559,6.198161731354282e-8,0p3,0.3
2.56,6.198162100923055e-8,0p3,0.3
2.561,6.198162496438247e-8,0p3,0.3
2.562,6.198162917899853e-8,0p3,0.3
2.563,6.198163365307878e-8,0p3,0.3
2.564,6.198163838662319e-8,0p3,0.3
2.565,6.198164337963177e-8,0p3,0.3
2.566,6.198164863210453e-8,0p3,0.3
2.567,6.198165414404144e-8,0p3,0.3
2.568,6.198165991544254e-8,0p3,0.3
2.569,6.198166594630778e-8,0p3,0.3
2.57,6.198167223663722e-8,0p3,0.3
2.571,6.198167878643081e-8,0p3,0.3
2.572,6.198168559568857e-8,0p3,0.3
2.573,6.198169266441051e-8,0p3,0.3
2.574,6.19816999925966e-8,0p3,0.3
2.575,6.198170758024687e-8,0p3,0.3
2.576,6.198171542736132e-8,0p3,0.3
2.577,6.198172353393992e-8,0p3,0.3
2.578,6.198173189998269e-8,0p3,0.3
2.579,6.198174052548963e-8,0p3,0.3
2.58,6.198174941046077e-8,0p3,0.3
2.581,6.198175855489604e-8,0p3,0.3
2.582,6.19817679587955e-8,0p3,0.3
2.583,6.198177762215911e-8,0p3,0.3
2.584,6.198178754498689e-8,0p3,0.3
2.585,6.198179772727886e-8,0p3,0.3
2.586,6.198180816903499e-8,0p3,0.3
2.587,6.198181887025528e-8,0p3,0.3
2.588,6.198182983093974e-8,0p3,0.3
2.589,6.198184105108839e-8,0p3,0.3
2.59,6.198185253070117e-8,0p3,0.3
2.591,6.198186426977814e-8,0p3,0.3
2.592,6.198187626831929e-8,0p3,0.3
2.593,6.198188852632459e-8,0p3,0.3
2.594,6.198190104379407e-8,0p3,0.3
2.595,6.198191382072771e-8,0p3,0.3
2.596,6.198192685712552e-8,0p3,0.3
2.597,6.198194015298752e-8,0p3,0.3
2.598,6.198195370831367e-8,0p3,0.3
2.599,6.198196456927075e-8,0p3,0.3
2.6,6.19819723775237e-8,0p3,0.3
2.601,6.19819802577318e-8,0p3,0.3
2.602,6.1981988209895e-8,0p3,0.3
2.603,6.198199623401337e-8,0p3,0.3
2.604,6.198200433008684e-8,0p3,0.3
2.605,6.198201249811546e-8,0p3,0.3
2.606,6.198202073809923e-8,0p3,0.3
2.607,6.19820290500381e-8,0p3,0.3
2.608,6.198203743393211e-8,0p3,0.3
2.609,6.198204588978127e-8,0p3,0.3
2.61,6.198205441758554e-8,0p3,0.3
2.611,6.198206301734495e-8,0p3,0.3
2.612,6.198207168905951e-8,0p3,0.3
2.613,6.198208043272919e-8,0p3,0.3
2.614,6.198208924835401e-8,0p3,0.3
2.615,6.198209813593397e-8,0p3,0.3
2.616,6.198210709546904e-8,0p3,0.3
2.617,6.198211612695924e-8,0p3,0.3
2.618,6.19821252304046e-8,0p3,0.3
2.619,6.19821344058051e-8,0p3,0.3
2.62,6.198214365316069e-8,0p3,0.3
2.621,6.198215297247145e-8,0p3,0.3
2.622,6.198216236373732e-8,0p3,0.3
2.623,6.198217182695835e-8,0p3,0.3
2.624,6.19821813621345e-8,0p3,0.3
2.625,6.198219096926575e-8,0p3,0.3
2.626,6.198220064835217e-8,0p3,0.3
2.627,6.198221039939372e-8,0p3,0.3
2.628,6.19822202223904e-8,0p3,0.3
2.629,6.19822301173422e-8,0p3,0.3
2.63,6.198224008424916e-8,0p3,0.3
2.631,6.198225012311125e-8,0p3,0.3
2.632,6.198226023392846e-8,0p3,0.3
2.633,6.19822704167008e-8,0p3,0.3
2.634,6.198228067142828e-8,0p3,0.3
2.635,6.198229099811088e-8,0p3,0.3
2.636,6.198230139674863e-8,0p3,0.3
2.637,6.198231186734151e-8,0p3,0.3
2.638,6.198232240988954e-8,0p3,0.3
2.639,6.198233302439267e-8,0p3,0.3
2.64,6.198234371085094e-8,0p3,0.3
2.641,6.198235446926435e-8,0p3,0.3
2.642,6.198236529963291e-8,0p3,0.3
2.643,6.198237620195658e-8,0p3,0.3
2.644,6.198238717623536e-8,0p3,0.3
2.645,6.198239822246933e-8,0p3,0.3
2.646,6.198240934065841e-8,0p3,0.3
2.647,6.198242053080261e-8,0p3,0.3
2.648,6.198243179290196e-8,0p3,0.3
2.649,6.198244312695642e-8,0p3,0.3
2.65,6.198245453296605e-8,0p3,0.3
2.651,6.198246601093078e-8,0p3,0.3
2.652,6.198247756085065e-8,0p3,0.3
2.653,6.198248918272566e-8,0p3,0.3
2.654,6.198250087655581e-8,0p3,0.3
2.655,6.198251264234108e-8,0p3,0.3
2.656,6.198252448008149e-8,0p3,0.3
2.657,6.198253638977702e-8,0p3,0.3
2.658,6.19825483714277e-8,0p3,0.3
2.659,6.198256042503351e-8,0p3,0.3
2.66,6.198257255059445e-8,0p3,0.3
2.661,6.198258474811053e-8,0p3,0.3
2.662,6.198259701758173e-8,0p3,0.3
2.663,6.198260935900808e-8,0p3,0.3
2.664,6.198261925411315e-8,0p3,0.3
2.665,6.198262752443376e-8,0p3,0.3
2.666,6.198263574106486e-8,0p3,0.3
2.667,6.19826439040065e-8,0p3,0.3
2.668,6.198265201325867e-8,0p3,0.3
2.669,6.198266006882138e-8,0p3,0.3
2.67,6.19826680706946e-8,0p3,0.3
2.671,6.198267601887834e-8,0p3,0.3
2.672,6.19826839133726e-8,0p3,0.3
2.673,6.198269175417738e-8,0p3,0.3
2.674,6.19826995412927e-8,0p3,0.3
2.675,6.198270727471854e-8,0p3,0.3
2.676,6.198271495445491e-8,0p3,0.3
2.677,6.198272258050182e-8,0p3,0.3
2.678,6.198273015285922e-8,0p3,0.3
2.679,6.198273767152717e-8,0p3,0.3
2.68,6.198274513650564e-8,0p3,0.3
2.681,6.198275254779464e-8,0p3,0.3
2.682,6.198275990539415e-8,0p3,0.3
2.683,6.19827672093042e-8,0p3,0.3
2.684,6.198277445952476e-8,0p3,0.3
2.685,6.198278165605585e-8,0p3,0.3
2.686,6.198278879889747e-8,0p3,0.3
2.687,6.198279588804961e-8,0p3,0.3
2.688,6.198280292351227e-8,0p3,0.3
2.689,6.198280990528548e-8,0p3,0.3
2.69,6.19828168333692e-8,0p3,0.3
2.691,6.198282370776343e-8,0p3,0.3
2.692,6.198283052846818e-8,0p3,0.3
2.693,6.19828372954835e-8,0p3,0.3
2.694,6.198284400880931e-8,0p3,0.3
2.695,6.198285066844564e-8,0p3,0.3
2.696,6.198285727439252e-8,0p3,0.3
2.697,6.198286382664989e-8,0p3,0.3
2.698,6.198287032521782e-8,0p3,0.3
2.699,6.198287677009626e-8,0p3,0.3
2.7,6.198288316128523e-8,0p3,0.3
2.701,6.198288949878474e-8,0p3,0.3
2.702,6.198289578259474e-8,0p3,0.3
2.703,6.198290201271527e-8,0p3,0.3
2.704,6.198290818914634e-8,0p3,0.3
2.705,6.198291431188793e-8,0p3,0.3
2.706,6.198292038094005e-8,0p3,0.3
2.707,6.198292639630268e-8,0p3,0.3
2.708,6.198293235797587e-8,0p3,0.3
2.709,6.198293826595954e-8,0p3,0.3
2.71,6.198294412025376e-8,0p3,0.3
2.711,6.19829499208585e-8,0p3,0.3
2.712,6.198295566777378e-8,0p3,0.3
2.713,6.198296136099956e-8,0p3,0.3
2.714,6.198296700053587e-8,0p3,0.3
2.715,6.198297258638272e-8,0p3,0.3
2.716,6.198297811854008e-8,0p3,0.3
2.717,6.198298359700798e-8,0p3,0.3
2.718,6.198298902178638e-8,0p3,0.3
2.719,6.198299439287533e-8,0p3,0.3
2.72,6.19829997102748e-8,0p3,0.3
2.721,6.198300497398477e-8,0p3,0.3
2.722,6.19830101840053e-8,0p3,0.3
2.723,6.198301534033632e-8,0p3,0.3
2.724,6.19830204429779e-8,0p3,0.3
2.725,6.198302549193e-8,0p3,0.3
2.726,6.19830304871926e-8,0p3,0.3
2.727,6.198303542876574e-8,0p3,0.3
2.728,6.19830403166494e-8,0p3,0.3
2.729,6.19830451508436e-8,0p3,0.3
2.73,6.198304993134831e-8,0p3,0.3
2.731,6.198305465816356e-8,0p3,0.3
2.732,6.198305933128932e-8,0p3,0.3
2.733,6.198306395072559e-8,0p3,0.3
2.734,6.198306851647243e-8,0p3,0.3
2.735,6.198307302852974e-8,0p3,0.3
2.736,6.198307748689763e-8,0p3,0.3
2.737,6.198308189157602e-8,0p3,0.3
2.738,6.198308624256493e-8,0p3,0.3
2.739,6.198309053986437e-8,0p3,0.3
2.74,6.198309478347431e-8,0p3,0.3
2.741,6.198309897339482e-8,0p3,0.3
2.742,6.19831031096258e-8,0p3,0.3
2.743,6.198310719216738e-8,0p3,0.3
2.744,6.198311122101943e-8,0p3,0.3
2.745,6.198311519618202e-8,0p3,0.3
2.746,6.198311911765514e-8,0p3,0.3
2.747,6.198312298543877e-8,0p3,0.3
2.748,6.198312679953294e-8,0p3,0.3
2.749,6.19831305599376e-8,0p3,0.3
2.75,6.198313426665282e-8,0p3,0.3
2.751,6.198313791967858e-8,0p3,0.3
2.752,6.198314151901485e-8,0p3,0.3
2.753,6.198314506466161e-8,0p3,0.3
2.754,6.198314855661891e-8,0p3,0.3
2.755,6.198315199488677e-8,0p3,0.3
2.756,6.198315537946514e-8,0p3,0.3
2.757,6.198315871035403e-8,0p3,0.3
2.758,6.198316198755344e-8,0p3,0.3
2.759,6.198316521106337e-8,0p3,0.3
2.76,6.198316838088383e-8,0p3,0.3
2.761,6.198317149701482e-8,0p3,0.3
2.762,6.198317455945633e-8,0p3,0.3
2.763,6.198317756820838e-8,0p3,0.3
2.764,6.198318052327095e-8,0p3,0.3
2.765,6.198318342464402e-8,0p3,0.3
2.766,6.198318627232762e-8,0p3,0.3
2.767,6.198318906632176e-8,0p3,0.3
2.768,6.198319180662642e-8,0p3,0.3
2.769,6.198319449324163e-8,0p3,0.3
2.77,6.198319712616735e-8,0p3,0.3
2.771,6.198319970540357e-8,0p3,0.3
2.772,6.198320223095033e-8,0p3,0.3
2.773,6.198320470280766e-8,0p3,0.3
2.774,6.198320712097542e-8,0p3,0.3
2.775,6.198320948545376e-8,0p3,0.3
2.776,6.198321179624263e-8,0p3,0.3
2.777,6.1983214053342e-8,0p3,0.3
2.778,6.198321625675191e-8,0p3,0.3
2.779,6.198321840647237e-8,0p3,0.3
2.78,6.198322050250334e-8,0p3,0.3
2.781,6.198322254484482e-8,0p3,0.3
2.782,6.198322453349683e-8,0p3,0.3
2.783,6.198322646845937e-8,0p3,0.3
2.784,6.198322834973244e-8,0p3,0.3
2.785,6.1983230177316e-8,0p3,0.3
2.786,6.19832319512101e-8,0p3,0.3
2.787,6.198323367141477e-8,0p3,0.3
2.788,6.198323533792991e-8,0p3,0.3
2.789,6.19832369507556e-8,0p3,0.3
2.79,6.19832385098918e-8,0p3,0.3
2.791,6.198324001533854e-8,0p3,0.3
2.792,6.19832414670958e-8,0p3,0.3
2.793,6.198324286516358e-8,0p3,0.3
2.794,6.198324235505646e-8,0p3,0.3
2.795,6.198324157001967e-8,0p3,0.3
2.796,6.198324078498288e-8,0p3,0.3
2.797,6.198323999994611e-8,0p3,0.3
2.798,6.19832392149093e-8,0p3,0.3
2.799,6.198323842987251e-8,0p3,0.3
2.8,6.198323764483572e-8,0p3,0.3
2.801,6.198323685979893e-8,0p3,0.3
2.802,6.198323607476215e-8,0p3,0.3
2.803,6.198323528972536e-8,0p3,0.3
2.804,6.198323450468855e-8,0p3,0.3
2.805,6.198323371965176e-8,0p3,0.3
2.806,6.198323293461499e-8,0p3,0.3
2.807,6.198323214957818e-8,0p3,0.3
2.808,6.198323136454139e-8,0p3,0.3
2.809,6.198323057950459e-8,0p3,0.3
2.81,6.19832297944678e-8,0p3,0.3
2.811,6.1983229009431e-8,0p3,0.3
2.812,6.198322822439423e-8,0p3,0.3
2.813,6.198322743935743e-8,0p3,0.3
2.814,6.198322665432064e-8,0p3,0.3
2.815,6.198322586928384e-8,0p3,0.3
2.816,6.198322508424708e-8,0p3,0.3
2.817,6.198322429921027e-8,0p3,0.3
2.818,6.198322351417348e-8,0p3,0.3
2.819,6.198322272913671e-8,0p3,0.3
2.82,6.198322194409992e-8,0p3,0.3
2.821,6.198322115906311e-8,0p3,0.3
2.822,6.198322037402632e-8,0p3,0.3
2.823,6.198321958898953e-8,0p3,0.3
2.824,6.198321880395275e-8,0p3,0.3
2.825,6.198321801891596e-8,0p3,0.3
2.826,6.198321723387915e-8,0p3,0.3
2.827,6.198321644884236e-8,0p3,0.3
2.828,6.198321566380559e-8,0p3,0.3
2.829,6.198321487876879e-8,0p3,0.3
2.83,6.198321409373198e-8,0p3,0.3
2.831,6.19832133086952e-8,0p3,0.3
2.832,6.198321252365841e-8,0p3,0.3
2.833,6.198321173862164e-8,0p3,0.3
2.834,6.198321095358485e-8,0p3,0.3
2.835,6.198321016854804e-8,0p3,0.3
2.836,6.198320938351125e-8,0p3,0.3
2.837,6.198320859847447e-8,0p3,0.3
2.838,6.198320781343768e-8,0p3,0.3
2.839,6.198320702840089e-8,0p3,0.3
2.84,6.19832062433641e-8,0p3,0.3
2.841,6.19832054583273e-8,0p3,0.3
2.842,6.198320467329052e-8,0p3,0.3
2.843,6.198320388825373e-8,0p3,0.3
2.844,6.198320310321692e-8,0p3,0.3
2.845,6.198320231818013e-8,0p3,0.3
2.846,6.198320153314336e-8,0p3,0.3
2.847,6.198320074810657e-8,0p3,0.3
2.848,6.198319996306976e-8,0p3,0.3
2.849,6.198319917803297e-8,0p3,0.3
2.85,6.198319839299618e-8,0p3,0.3
2.851,6.19831976079594e-8,0p3,0.3
2.852,6.198319682292261e-8,0p3,0.3
2.853,6.198319603788581e-8,0p3,0.3
2.854,6.198319525284901e-8,0p3,0.3
2.855,6.198319446781224e-8,0p3,0.3
2.856,6.198319368277545e-8,0p3,0.3
2.857,6.198319289773866e-8,0p3,0.3
2.858,6.198319211270185e-8,0p3,0.3
2.859,6.198319132766506e-8,0p3,0.3
2.86,6.198319054262828e-8,0p3,0.3
2.861,6.198318975759149e-8,0p3,0.3
2.862,6.198318897255471e-8,0p3,0.3
2.863,6.198318818751791e-8,0p3,0.3
2.864,6.198318740248113e-8,0p3,0.3
2.865,6.198318661744433e-8,0p3,0.3
2.866,6.198318583240754e-8,0p3,0.3
2.867,6.198318504737073e-8,0p3,0.3
2.868,6.198318426233395e-8,0p3,0.3
2.869,6.198318347729717e-8,0p3,0.3
2.87,6.198318269226037e-8,0p3,0.3
2.871,6.198318190722357e-8,0p3,0.3
2.872,6.19831811221868e-8,0p3,0.3
2.873,6.198318033715e-8,0p3,0.3
2.874,6.198317955211321e-8,0p3,0.3
2.875,6.198317876707643e-8,0p3,0.3
2.876,6.198317798203964e-8,0p3,0.3
2.877,6.198317719700286e-8,0p3,0.3
2.878,6.198317641196605e-8,0p3,0.3
2.879,6.198317562692926e-8,0p3,0.3
2.88,6.198317484189248e-8,0p3,0.3
2.881,6.198317405685569e-8,0p3,0.3
2.882,6.198317327181891e-8,0p3,0.3
2.883,6.198317248678213e-8,0p3,0.3
2.884,6.198317170174532e-8,0p3,0.3
2.885,6.198317091670853e-8,0p3,0.3
2.886,6.198317013167175e-8,0p3,0.3
2.887,6.198316934663496e-8,0p3,0.3
2.888,6.198316856159815e-8,0p3,0.3
2.889,6.198316777656137e-8,0p3,0.3
2.89,6.198316699152457e-8,0p3,0.3
2.891,6.198316620648777e-8,0p3,0.3
2.892,6.198316542145099e-8,0p3,0.3
2.893,6.198316463641421e-8,0p3,0.3
2.894,6.198316385137741e-8,0p3,0.3
2.895,6.198316306634062e-8,0p3,0.3
2.896,6.198316228130384e-8,0p3,0.3
2.897,6.198316149626703e-8,0p3,0.3
2.898,6.198316071123024e-8,0p3,0.3
2.899,6.198315992619346e-8,0p3,0.3
2.9,6.198315914115667e-8,0p3,0.3
2.901,6.198315835611986e-8,0p3,0.3
2.902,6.198315757108308e-8,0p3,0.3
2.903,6.198315678604629e-8,0p3,0.3
2.904,6.198315600100952e-8,0p3,0.3
2.905,6.198315521597273e-8,0p3,0.3
2.906,6.198315443093594e-8,0p3,0.3
2.907,6.198315364589913e-8,0p3,0.3
2.908,6.198315286086234e-8,0p3,0.3
2.909,6.198315207582556e-8,0p3,0.3
2.91,6.198315129078876e-8,0p3,0.3
2.911,6.198315050575197e-8,0p3,0.3
2.912,6.198314972071518e-8,0p3,0.3
2.913,6.198314893567839e-8,0p3,0.3
2.914,6.198314815064158e-8,0p3,0.3
2.915,6.198314736560481e-8,0p3,0.3
2.916,6.198314658056802e-8,0p3,0.3
2.917,6.198314579553123e-8,0p3,0.3
2.918,6.198314501049445e-8,0p3,0.3
2.919,6.198314422545766e-8,0p3,0.3
2.92,6.198314344042085e-8,0p3,0.3
2.921,6.198314265538407e-8,0p3,0.3
2.922,6.198314187034727e-8,0p3,0.3
2.923,6.19831411313428e-8,0p3,0.3
2.924,6.198314069391628e-8,0p3,0.3
2.925,6.19831402564898e-8,0p3,0.3
2.926,6.198313981906329e-8,0p3,0.3
2.927,6.198313938163679e-8,0p3,0.3
2.928,6.19831389442103e-8,0p3,0.3
2.929,6.198313850678383e-8,0p3,0.3
2.93,6.198313806935733e-8,0p3,0.3
2.931,6.198313763193082e-8,0p3,0.3
2.932,6.198313719450434e-8,0p3,0.3
2.933,6.198313675707785e-8,0p3,0.3
2.934,6.198313631965133e-8,0p3,0.3
2.935,6.198313588222486e-8,0p3,0.3
2.936,6.198313544479834e-8,0p3,0.3
2.937,6.198313500737184e-8,0p3,0.3
2.938,6.198313456994534e-8,0p3,0.3
2.939,6.198313413251886e-8,0p3,0.3
2.94,6.198313369509234e-8,0p3,0.3
2.941,6.198313325766585e-8,0p3,0.3
2.942,6.198313282023937e-8,0p3,0.3
2.943,6.198313238281286e-8,0p3,0.3
2.944,6.198313194538637e-8,0p3,0.3
2.945,6.198313150795988e-8,0p3,0.3
2.946,6.198313107053338e-8,0p3,0.3
2.947,6.198313063310689e-8,0p3,0.3
2.948,6.198313019568039e-8,0p3,0.3
2.949,6.198312975825389e-8,0p3,0.3
2.95,6.198312932082739e-8,0p3,0.3
2.951,6.198312888340088e-8,0p3,0.3
2.952,6.19831284459744e-8,0p3,0.3
2.953,6.19831280085479e-8,0p3,0.3
2.954,6.198312757112139e-8,0p3,0.3
2.955,6.198312713369492e-8,0p3,0.3
2.956,6.19831266962684e-8,0p3,0.3
2.957,6.198312625884191e-8,0p3,0.3
2.958,6.198312582141541e-8,0p3,0.3
2.959,6.198312538398892e-8,0p3,0.3
2.96,6.198312494656244e-8,0p3,0.3
2.961,6.198312450913593e-8,0p3,0.3
2.962,6.198312407170943e-8,0p3,0.3
2.963,6.198312363428293e-8,0p3,0.3
2.964,6.198312319685643e-8,0p3,0.3
2.965,6.198312275942994e-8,0p3,0.3
2.966,6.198312232200344e-8,0p3,0.3
2.967,6.198312188457695e-8,0p3,0.3
2.968,6.198312144715045e-8,0p3,0.3
2.969,6.198312100972395e-8,0p3,0.3
2.97,6.198312057229746e-8,0p3,0.3
2.971,6.198312013487096e-8,0p3,0.3
2.972,6.198311969744446e-8,0p3,0.3
2.973,6.198311926001798e-8,0p3,0.3
2.974,6.198311882259148e-8,0p3,0.3
2.975,6.198311838516498e-8,0p3,0.3
2.976,6.198311794773846e-8,0p3,0.3
2.977,6.198311751031199e-8,0p3,0.3
2.978,6.198311707288546e-8,0p3,0.3
2.979,6.198311663545898e-8,0p3,0.3
2.98,6.19831161980325e-8,0p3,0.3
2.981,6.198311576060598e-8,0p3,0.3
2.982,6.198311532317949e-8,0p3,0.3
2.983,6.1983114885753e-8,0p3,0.3
2.984,6.198311444832652e-8,0p3,0.3
2.985,6.19831140109e-8,0p3,0.3
2.986,6.198311357347353e-8,0p3,0.3
2.987,6.198311313604701e-8,0p3,0.3
2.988,6.198311269862051e-8,0p3,0.3
2.989,6.198311226119403e-8,0p3,0.3
2.99,6.198311182376755e-8,0p3,0.3
2.991,6.198311138634104e-8,0p3,0.3
2.992,6.198311094891454e-8,0p3,0.3
2.993,6.198311051148804e-8,0p3,0.3
2.994,6.198311007406154e-8,0p3,0.3
2.995,6.198310963663504e-8,0p3,0.3
2.996,6.198310919920855e-8,0p3,0.3
2.997,6.198310876178205e-8,0p3,0.3
2.998,6.198310832435556e-8,0p3,0.3
2.999,6.198310788692907e-8,0p3,0.3
3.0,6.198310744950256e-8,0p3,0.3
3.0,6.198310744950256e-8,0p3,0.3
