time,BESS.terminal.V.im,case,parameter_value
0.0,6.198300000000002e-8,0p0,0.0
0.001,6.198299999999997e-8,0p0,0.0
0.002,6.198299999999982e-8,0p0,0.0
0.003,6.198299999999974e-8,0p0,0.0
0.004,6.198299999999969e-8,0p0,0.0
0.005,6.198299999999969e-8,0p0,0.0
0.006,6.19829999999997e-8,0p0,0.0
0.007,6.198299999999973e-8,0p0,0.0
0.008,6.198299999999973e-8,0p0,0.0
0.009,6.198299999999974e-8,0p0,0.0
0.01,6.198299999999977e-8,0p0,0.0
0.011,6.198299999999978e-8,0p0,0.0
0.012,6.198299999999978e-8,0p0,0.0
0.013,6.19829999999998e-8,0p0,0.0
0.014,6.19829999999998e-8,0p0,0.0
0.015,6.198299999999982e-8,0p0,0.0
0.016,6.198299999999982e-8,0p0,0.0
0.017,6.198299999999982e-8,0p0,0.0
0.018,6.198299999999982e-8,0p0,0.0
0.019,6.198299999999982e-8,0p0,0.0
0.02,6.198299999999985e-8,0p0,0.0
0.021,6.198299999999985e-8,0p0,0.0
0.022,6.198299999999985e-8,0p0,0.0
0.023,6.198299999999985e-8,0p0,0.0
0.024,6.198299999999985e-8,0p0,0.0
0.025,6.198299999999985e-8,0p0,0.0
0.026,6.198299999999985e-8,0p0,0.0
0.027,6.198299999999987e-8,0p0,0.0
0.028,6.198299999999987e-8,0p0,0.0
0.029,6.198299999999987e-8,0p0,0.0
0.03,6.198299999999989e-8,0p0,0.0
0.031,6.198299999999989e-8,0p0,0.0
0.032,6.198299999999989e-8,0p0,0.0
0.033,6.19829999999999e-8,0p0,0.0
0.034,6.19829999999999e-8,0p0,0.0
0.035,6.19829999999999e-8,0p0,0.0
0.036,6.19829999999999e-8,0p0,0.0
0.037,6.198299999999991e-8,0p0,0.0
0.038,6.198299999999991e-8,0p0,0.0
0.039,6.198299999999991e-8,0p0,0.0
0.04,6.198299999999993e-8,0p0,0.0
0.041,6.198299999999993e-8,0p0,0.0
0.042,6.198299999999993e-8,0p0,0.0
0.043,6.198299999999993e-8,0p0,0.0
0.044,6.198299999999993e-8,0p0,0.0
0.045,6.198299999999994e-8,0p0,0.0
0.046,6.198299999999994e-8,0p0,0.0
0.047,6.198299999999994e-8,0p0,0.0
0.048,6.198299999999994e-8,0p0,0.0
0.049,6.198299999999994e-8,0p0,0.0
0.05,6.198299999999994e-8,0p0,0.0
0.051,6.198299999999994e-8,0p0,0.0
0.052,6.198299999999994e-8,0p0,0.0
0.053,6.198299999999994e-8,0p0,0.0
0.054,6.198299999999995e-8,0p0,0.0
0.055,6.198299999999995e-8,0p0,0.0
0.056,6.198299999999995e-8,0p0,0.0
0.057,6.198299999999995e-8,0p0,0.0
0.058,6.198299999999995e-8,0p0,0.0
0.059,6.198299999999995e-8,0p0,0.0
0.06,6.198299999999995e-8,0p0,0.0
0.061,6.198299999999995e-8,0p0,0.0
0.062,6.198299999999997e-8,0p0,0.0
0.063,6.198299999999997e-8,0p0,0.0
0.064,6.198299999999997e-8,0p0,0.0
0.065,6.198299999999997e-8,0p0,0.0
0.066,6.198299999999997e-8,0p0,0.0
0.067,6.198299999999997e-8,0p0,0.0
0.068,6.198299999999997e-8,0p0,0.0
0.069,6.198299999999997e-8,0p0,0.0
0.07,6.198299999999998e-8,0p0,0.0
0.071,6.198299999999998e-8,0p0,0.0
0.072,6.198299999999998e-8,0p0,0.0
0.073,6.198299999999998e-8,0p0,0.0
0.074,6.198299999999998e-8,0p0,0.0
0.075,6.198299999999998e-8,0p0,0.0
0.076,6.198299999999998e-8,0p0,0.0
0.077,6.198299999999998e-8,0p0,0.0
0.078,6.198299999999999e-8,0p0,0.0
0.079,6.198299999999999e-8,0p0,0.0
0.08,6.198299999999999e-8,0p0,0.0
0.081,6.198299999999999e-8,0p0,0.0
0.082,6.198299999999999e-8,0p0,0.0
0.083,6.198299999999999e-8,0p0,0.0
0.084,6.198299999999999e-8,0p0,0.0
0.085,6.198299999999999e-8,0p0,0.0
0.086,6.198299999999999e-8,0p0,0.0
0.087,6.198299999999999e-8,0p0,0.0
0.088,6.198299999999999e-8,0p0,0.0
0.089,6.198299999999999e-8,0p0,0.0
0.09,6.198299999999999e-8,0p0,0.0
0.091,6.198299999999999e-8,0p0,0.0
0.092,6.198299999999999e-8,0p0,0.0
0.093,6.198299999999999e-8,0p0,0.0
0.094,6.198299999999999e-8,0p0,0.0
0.095,6.198299999999999e-8,0p0,0.0
0.096,6.198299999999999e-8,0p0,0.0
0.097,6.198299999999999e-8,0p0,0.0
0.098,6.198299999999999e-8,0p0,0.0
0.099,6.198299999999999e-8,0p0,0.0
0.1,6.198299999999999e-8,0p0,0.0
0.101,6.198299999999999e-8,0p0,0.0
0.102,6.198299999999999e-8,0p0,0.0
0.103,6.198299999999999e-8,0p0,0.0
0.104,6.198299999999999e-8,0p0,0.0
0.105,6.198299999999999e-8,0p0,0.0
0.106,6.198299999999999e-8,0p0,0.0
0.107,6.198299999999999e-8,0p0,0.0
0.108,6.198299999999999e-8,0p0,0.0
0.109,6.198299999999999e-8,0p0,0.0
0.11,6.198299999999999e-8,0p0,0.0
0.111,6.198299999999999e-8,0p0,0.0
0.112,6.198299999999999e-8,0p0,0.0
0.113,6.198299999999999e-8,0p0,0.0
0.114,6.198299999999999e-8,0p0,0.0
0.115,6.198299999999999e-8,0p0,0.0
0.116,6.198299999999999e-8,0p0,0.0
0.117,6.198299999999999e-8,0p0,0.0
0.118,6.198299999999999e-8,0p0,0.0
0.119,6.198299999999999e-8,0p0,0.0
0.12,6.198299999999999e-8,0p0,0.0
0.121,6.198299999999999e-8,0p0,0.0
0.122,6.198299999999999e-8,0p0,0.0
0.123,6.198299999999999e-8,0p0,0.0
0.124,6.198299999999999e-8,0p0,0.0
0.125,6.198299999999999e-8,0p0,0.0
0.126,6.198299999999999e-8,0p0,0.0
0.127,6.198299999999999e-8,0p0,0.0
0.128,6.198299999999999e-8,0p0,0.0
0.129,6.198299999999999e-8,0p0,0.0
0.13,6.198299999999999e-8,0p0,0.0
0.131,6.198300000000002e-8,0p0,0.0
0.132,6.198300000000002e-8,0p0,0.0
0.133,6.198300000000002e-8,0p0,0.0
0.134,6.198300000000002e-8,0p0,0.0
0.135,6.198300000000002e-8,0p0,0.0
0.136,6.198300000000002e-8,0p0,0.0
0.137,6.198300000000002e-8,0p0,0.0
0.138,6.198300000000002e-8,0p0,0.0
0.139,6.198300000000002e-8,0p0,0.0
0.14,6.198300000000002e-8,0p0,0.0
0.141,6.198300000000002e-8,0p0,0.0
0.142,6.198300000000002e-8,0p0,0.0
0.143,6.198300000000002e-8,0p0,0.0
0.144,6.198300000000002e-8,0p0,0.0
0.145,6.198300000000002e-8,0p0,0.0
0.146,6.198300000000002e-8,0p0,0.0
0.147,6.198300000000002e-8,0p0,0.0
0.148,6.198300000000002e-8,0p0,0.0
0.149,6.198300000000002e-8,0p0,0.0
0.15,6.198300000000002e-8,0p0,0.0
0.151,6.198300000000002e-8,0p0,0.0
0.152,6.198300000000002e-8,0p0,0.0
0.153,6.198300000000002e-8,0p0,0.0
0.154,6.198300000000002e-8,0p0,0.0
0.155,6.198300000000002e-8,0p0,0.0
0.156,6.198300000000002e-8,0p0,0.0
0.157,6.198300000000002e-8,0p0,0.0
0.158,6.198300000000002e-8,0p0,0.0
0.159,6.198300000000002e-8,0p0,0.0
0.16,6.198300000000002e-8,0p0,0.0
0.161,6.198300000000002e-8,0p0,0.0
0.162,6.198300000000002e-8,0p0,0.0
0.163,6.198300000000002e-8,0p0,0.0
0.164,6.198300000000002e-8,0p0,0.0
0.165,6.198300000000002e-8,0p0,0.0
0.166,6.198300000000002e-8,0p0,0.0
0.167,6.198300000000002e-8,0p0,0.0
0.168,6.198300000000002e-8,0p0,0.0
0.169,6.198300000000002e-8,0p0,0.0
0.17,6.198300000000002e-8,0p0,0.0
0.171,6.198300000000002e-8,0p0,0.0
0.172,6.198300000000002e-8,0p0,0.0
0.173,6.198300000000002e-8,0p0,0.0
0.174,6.198300000000002e-8,0p0,0.0
0.175,6.198300000000002e-8,0p0,0.0
0.176,6.198300000000002e-8,0p0,0.0
0.177,6.198300000000002e-8,0p0,0.0
0.178,6.198300000000002e-8,0p0,0.0
0.179,6.198300000000002e-8,0p0,0.0
0.18,6.198300000000002e-8,0p0,0.0
0.181,6.198300000000002e-8,0p0,0.0
0.182,6.198300000000002e-8,0p0,0.0
0.183,6.198300000000002e-8,0p0,0.0
0.184,6.198300000000002e-8,0p0,0.0
0.185,6.198300000000002e-8,0p0,0.0
0.186,6.198300000000002e-8,0p0,0.0
0.187,6.198300000000002e-8,0p0,0.0
0.188,6.198300000000002e-8,0p0,0.0
0.189,6.198300000000002e-8,0p0,0.0
0.19,6.198300000000002e-8,0p0,0.0
0.191,6.198300000000002e-8,0p0,0.0
0.192,6.198300000000002e-8,0p0,0.0
0.193,6.198300000000002e-8,0p0,0.0
0.194,6.198300000000002e-8,0p0,0.0
0.195,6.198300000000002e-8,0p0,0.0
0.196,6.198300000000002e-8,0p0,0.0
0.197,6.198300000000002e-8,0p0,0.0
0.198,6.198300000000002e-8,0p0,0.0
0.199,6.198300000000002e-8,0p0,0.0
0.2,6.198300000000002e-8,0p0,0.0
0.201,6.198300000000002e-8,0p0,0.0
0.202,6.198300000000002e-8,0p0,0.0
0.203,6.198300000000002e-8,0p0,0.0
0.204,6.198300000000002e-8,0p0,0.0
0.205,6.198300000000002e-8,0p0,0.0
0.206,6.198300000000002e-8,0p0,0.0
0.207,6.198300000000002e-8,0p0,0.0
0.208,6.198300000000002e-8,0p0,0.0
0.209,6.198300000000002e-8,0p0,0.0
0.21,6.198300000000002e-8,0p0,0.0
0.211,6.198300000000002e-8,0p0,0.0
0.212,6.198300000000002e-8,0p0,0.0
0.213,6.198300000000002e-8,0p0,0.0
0.214,6.198300000000002e-8,0p0,0.0
0.215,6.198300000000002e-8,0p0,0.0
0.216,6.198300000000002e-8,0p0,0.0
0.217,6.198300000000002e-8,0p0,0.0
0.218,6.198300000000002e-8,0p0,0.0
0.219,6.198300000000002e-8,0p0,0.0
0.22,6.198300000000002e-8,0p0,0.0
0.221,6.198300000000002e-8,0p0,0.0
0.222,6.198300000000002e-8,0p0,0.0
0.223,6.198300000000002e-8,0p0,0.0
0.224,6.198300000000002e-8,0p0,0.0
0.225,6.198300000000002e-8,0p0,0.0
0.226,6.198300000000002e-8,0p0,0.0
0.227,6.198300000000002e-8,0p0,0.0
0.228,6.198300000000002e-8,0p0,0.0
0.229,6.198300000000002e-8,0p0,0.0
0.23,6.198300000000002e-8,0p0,0.0
0.231,6.198300000000002e-8,0p0,0.0
0.232,6.198300000000002e-8,0p0,0.0
0.233,6.198300000000002e-8,0p0,0.0
0.234,6.198300000000002e-8,0p0,0.0
0.235,6.198300000000002e-8,0p0,0.0
0.236,6.198300000000002e-8,0p0,0.0
0.237,6.198300000000002e-8,0p0,0.0
0.238,6.198300000000002e-8,0p0,0.0
0.239,6.198300000000002e-8,0p0,0.0
0.24,6.198300000000002e-8,0p0,0.0
0.241,6.198300000000002e-8,0p0,0.0
0.242,6.198300000000002e-8,0p0,0.0
0.243,6.198300000000002e-8,0p0,0.0
0.244,6.198300000000002e-8,0p0,0.0
0.245,6.198300000000002e-8,0p0,0.0
0.246,6.198300000000002e-8,0p0,0.0
0.247,6.198300000000002e-8,0p0,0.0
0.248,6.198300000000002e-8,0p0,0.0
0.249,6.198300000000002e-8,0p0,0.0
0.25,6.198300000000002e-8,0p0,0.0
0.251,6.198300000000002e-8,0p0,0.0
0.252,6.198300000000002e-8,0p0,0.0
0.253,6.198300000000002e-8,0p0,0.0
0.254,6.198300000000002e-8,0p0,0.0
0.255,6.198300000000002e-8,0p0,0.0
0.256,6.198300000000002e-8,0p0,0.0
0.257,6.198300000000002e-8,0p0,0.0
0.258,6.198300000000002e-8,0p0,0.0
0.259,6.198300000000002e-8,0p0,0.0
0.26,6.198300000000002e-8,0p0,0.0
0.261,6.198300000000002e-8,0p0,0.0
0.262,6.198300000000002e-8,0p0,0.0
0.263,6.198300000000002e-8,0p0,0.0
0.264,6.198300000000002e-8,0p0,0.0
0.265,6.198300000000002e-8,0p0,0.0
0.266,6.198300000000002e-8,0p0,0.0
0.267,6.198300000000002e-8,0p0,0.0
0.268,6.198300000000002e-8,0p0,0.0
0.269,6.198300000000002e-8,0p0,0.0
0.27,6.198300000000002e-8,0p0,0.0
0.271,6.198300000000002e-8,0p0,0.0
0.272,6.198300000000002e-8,0p0,0.0
0.273,6.198300000000002e-8,0p0,0.0
0.274,6.198300000000002e-8,0p0,0.0
0.275,6.198300000000002e-8,0p0,0.0
0.276,6.198300000000002e-8,0p0,0.0
0.277,6.198300000000002e-8,0p0,0.0
0.278,6.198300000000002e-8,0p0,0.0
0.279,6.198300000000002e-8,0p0,0.0
0.28,6.198300000000002e-8,0p0,0.0
0.281,6.198300000000002e-8,0p0,0.0
0.282,6.198300000000002e-8,0p0,0.0
0.283,6.198300000000002e-8,0p0,0.0
0.284,6.198300000000002e-8,0p0,0.0
0.285,6.198300000000002e-8,0p0,0.0
0.286,6.198300000000002e-8,0p0,0.0
0.287,6.198300000000002e-8,0p0,0.0
0.288,6.198300000000002e-8,0p0,0.0
0.289,6.198300000000002e-8,0p0,0.0
0.29,6.198300000000002e-8,0p0,0.0
0.291,6.198300000000002e-8,0p0,0.0
0.292,6.198300000000002e-8,0p0,0.0
0.293,6.198300000000002e-8,0p0,0.0
0.294,6.198300000000002e-8,0p0,0.0
0.295,6.198300000000002e-8,0p0,0.0
0.296,6.198300000000002e-8,0p0,0.0
0.297,6.198300000000002e-8,0p0,0.0
0.298,6.198300000000002e-8,0p0,0.0
0.299,6.198300000000002e-8,0p0,0.0
0.3,6.198300000000002e-8,0p0,0.0
0.301,6.198300000000002e-8,0p0,0.0
0.302,6.198300000000002e-8,0p0,0.0
0.303,6.198300000000002e-8,0p0,0.0
0.304,6.198300000000002e-8,0p0,0.0
0.305,6.198300000000002e-8,0p0,0.0
0.306,6.198300000000002e-8,0p0,0.0
0.307,6.198300000000002e-8,0p0,0.0
0.308,6.198300000000002e-8,0p0,0.0
0.309,6.198300000000002e-8,0p0,0.0
0.31,6.198300000000002e-8,0p0,0.0
0.311,6.198300000000002e-8,0p0,0.0
0.312,6.198300000000002e-8,0p0,0.0
0.313,6.198300000000002e-8,0p0,0.0
0.314,6.198300000000002e-8,0p0,0.0
0.315,6.198300000000002e-8,0p0,0.0
0.316,6.198300000000002e-8,0p0,0.0
0.317,6.198300000000002e-8,0p0,0.0
0.318,6.198300000000002e-8,0p0,0.0
0.319,6.198300000000002e-8,0p0,0.0
0.32,6.198300000000002e-8,0p0,0.0
0.321,6.198300000000002e-8,0p0,0.0
0.322,6.198300000000002e-8,0p0,0.0
0.323,6.198300000000002e-8,0p0,0.0
0.324,6.198300000000002e-8,0p0,0.0
0.325,6.198300000000002e-8,0p0,0.0
0.326,6.198300000000002e-8,0p0,0.0
0.327,6.198300000000002e-8,0p0,0.0
0.328,6.198300000000002e-8,0p0,0.0
0.329,6.198300000000002e-8,0p0,0.0
0.33,6.198300000000002e-8,0p0,0.0
0.331,6.198300000000002e-8,0p0,0.0
0.332,6.198300000000002e-8,0p0,0.0
0.333,6.198300000000002e-8,0p0,0.0
0.334,6.198300000000002e-8,0p0,0.0
0.335,6.198300000000002e-8,0p0,0.0
0.336,6.198300000000002e-8,0p0,0.0
0.337,6.198300000000002e-8,0p0,0.0
0.338,6.198300000000002e-8,0p0,0.0
0.339,6.198300000000002e-8,0p0,0.0
0.34,6.198300000000002e-8,0p0,0.0
0.341,6.198300000000002e-8,0p0,0.0
0.342,6.198300000000002e-8,0p0,0.0
0.343,6.198300000000002e-8,0p0,0.0
0.344,6.198300000000002e-8,0p0,0.0
0.345,6.198300000000002e-8,0p0,0.0
0.346,6.198300000000002e-8,0p0,0.0
0.347,6.198300000000002e-8,0p0,0.0
0.348,6.198300000000002e-8,0p0,0.0
0.349,6.198300000000002e-8,0p0,0.0
0.35,6.198300000000002e-8,0p0,0.0
0.351,6.198300000000002e-8,0p0,0.0
0.352,6.198300000000002e-8,0p0,0.0
0.353,6.198300000000002e-8,0p0,0.0
0.354,6.198300000000002e-8,0p0,0.0
0.355,6.198300000000002e-8,0p0,0.0
0.356,6.198300000000002e-8,0p0,0.0
0.357,6.198300000000002e-8,0p0,0.0
0.358,6.198300000000002e-8,0p0,0.0
0.359,6.198300000000002e-8,0p0,0.0
0.36,6.198300000000002e-8,0p0,0.0
0.361,6.198300000000002e-8,0p0,0.0
0.362,6.198300000000002e-8,0p0,0.0
0.363,6.198300000000002e-8,0p0,0.0
0.364,6.198300000000002e-8,0p0,0.0
0.365,6.198300000000002e-8,0p0,0.0
0.366,6.198300000000002e-8,0p0,0.0
0.367,6.198300000000002e-8,0p0,0.0
0.368,6.198300000000002e-8,0p0,0.0
0.369,6.198300000000002e-8,0p0,0.0
0.37,6.198300000000002e-8,0p0,0.0
0.371,6.198300000000002e-8,0p0,0.0
0.372,6.198300000000002e-8,0p0,0.0
0.373,6.198300000000002e-8,0p0,0.0
0.374,6.198300000000002e-8,0p0,0.0
0.375,6.198300000000002e-8,0p0,0.0
0.376,6.198300000000002e-8,0p0,0.0
0.377,6.198300000000002e-8,0p0,0.0
0.378,6.198300000000002e-8,0p0,0.0
0.379,6.198300000000002e-8,0p0,0.0
0.38,6.198300000000002e-8,0p0,0.0
0.381,6.198300000000002e-8,0p0,0.0
0.382,6.198300000000002e-8,0p0,0.0
0.383,6.198300000000002e-8,0p0,0.0
0.384,6.198300000000002e-8,0p0,0.0
0.385,6.198300000000002e-8,0p0,0.0
0.386,6.198300000000002e-8,0p0,0.0
0.387,6.198300000000002e-8,0p0,0.0
0.388,6.198300000000002e-8,0p0,0.0
0.389,6.198300000000002e-8,0p0,0.0
0.39,6.198300000000002e-8,0p0,0.0
0.391,6.198300000000002e-8,0p0,0.0
0.392,6.198300000000002e-8,0p0,0.0
0.393,6.198300000000002e-8,0p0,0.0
0.394,6.198300000000002e-8,0p0,0.0
0.395,6.198300000000002e-8,0p0,0.0
0.396,6.198300000000002e-8,0p0,0.0
0.397,6.198300000000002e-8,0p0,0.0
0.398,6.198300000000002e-8,0p0,0.0
0.399,6.198300000000002e-8,0p0,0.0
0.4,6.198300000000002e-8,0p0,0.0
0.401,6.198300000000002e-8,0p0,0.0
0.402,6.198300000000002e-8,0p0,0.0
0.403,6.198300000000002e-8,0p0,0.0
0.404,6.198300000000002e-8,0p0,0.0
0.405,6.198300000000002e-8,0p0,0.0
0.406,6.198300000000002e-8,0p0,0.0
0.407,6.198300000000002e-8,0p0,0.0
0.408,6.198300000000002e-8,0p0,0.0
0.409,6.198300000000002e-8,0p0,0.0
0.41,6.198300000000002e-8,0p0,0.0
0.411,6.198300000000002e-8,0p0,0.0
0.412,6.198300000000002e-8,0p0,0.0
0.413,6.198300000000002e-8,0p0,0.0
0.414,6.198300000000002e-8,0p0,0.0
0.415,6.198300000000002e-8,0p0,0.0
0.416,6.198300000000002e-8,0p0,0.0
0.417,6.198300000000002e-8,0p0,0.0
0.418,6.198300000000002e-8,0p0,0.0
0.419,6.198300000000002e-8,0p0,0.0
0.42,6.198300000000002e-8,0p0,0.0
0.421,6.198300000000002e-8,0p0,0.0
0.422,6.198300000000002e-8,0p0,0.0
0.423,6.198300000000002e-8,0p0,0.0
0.424,6.198300000000002e-8,0p0,0.0
0.425,6.198300000000002e-8,0p0,0.0
0.426,6.198300000000002e-8,0p0,0.0
0.427,6.198300000000002e-8,0p0,0.0
0.428,6.198300000000002e-8,0p0,0.0
0.429,6.198300000000002e-8,0p0,0.0
0.43,6.198300000000002e-8,0p0,0.0
0.431,6.198300000000002e-8,0p0,0.0
0.432,6.198300000000002e-8,0p0,0.0
0.433,6.198300000000002e-8,0p0,0.0
0.434,6.198300000000002e-8,0p0,0.0
0.435,6.198300000000002e-8,0p0,0.0
0.436,6.198300000000002e-8,0p0,0.0
0.437,6.198300000000002e-8,0p0,0.0
0.438,6.198300000000002e-8,0p0,0.0
0.439,6.198300000000002e-8,0p0,0.0
0.44,6.198300000000002e-8,0p0,0.0
0.441,6.198300000000002e-8,0p0,0.0
0.442,6.198300000000002e-8,0p0,0.0
0.443,6.198300000000002e-8,0p0,0.0
0.444,6.198300000000002e-8,0p0,0.0
0.445,6.198300000000002e-8,0p0,0.0
0.446,6.198300000000002e-8,0p0,0.0
0.447,6.198300000000002e-8,0p0,0.0
0.448,6.198300000000002e-8,0p0,0.0
0.449,6.198300000000002e-8,0p0,0.0
0.45,6.198300000000002e-8,0p0,0.0
0.451,6.198300000000002e-8,0p0,0.0
0.452,6.198300000000002e-8,0p0,0.0
0.453,6.198300000000002e-8,0p0,0.0
0.454,6.198300000000002e-8,0p0,0.0
0.455,6.198300000000002e-8,0p0,0.0
0.456,6.198300000000002e-8,0p0,0.0
0.457,6.198300000000002e-8,0p0,0.0
0.458,6.198300000000002e-8,0p0,0.0
0.459,6.198300000000002e-8,0p0,0.0
0.46,6.198300000000002e-8,0p0,0.0
0.461,6.198300000000002e-8,0p0,0.0
0.462,6.198300000000002e-8,0p0,0.0
0.463,6.198300000000002e-8,0p0,0.0
0.464,6.198300000000002e-8,0p0,0.0
0.465,6.198300000000002e-8,0p0,0.0
0.466,6.198300000000002e-8,0p0,0.0
0.467,6.198300000000002e-8,0p0,0.0
0.468,6.198300000000002e-8,0p0,0.0
0.469,6.198300000000002e-8,0p0,0.0
0.47,6.198300000000002e-8,0p0,0.0
0.471,6.198300000000002e-8,0p0,0.0
0.472,6.198300000000002e-8,0p0,0.0
0.473,6.198300000000002e-8,0p0,0.0
0.474,6.198300000000002e-8,0p0,0.0
0.475,6.198300000000002e-8,0p0,0.0
0.476,6.198300000000002e-8,0p0,0.0
0.477,6.198300000000002e-8,0p0,0.0
0.478,6.198300000000002e-8,0p0,0.0
0.479,6.198300000000002e-8,0p0,0.0
0.48,6.198300000000002e-8,0p0,0.0
0.481,6.198300000000002e-8,0p0,0.0
0.482,6.198300000000002e-8,0p0,0.0
0.483,6.198300000000002e-8,0p0,0.0
0.484,6.198300000000002e-8,0p0,0.0
0.485,6.198300000000002e-8,0p0,0.0
0.486,6.198300000000002e-8,0p0,0.0
0.487,6.198300000000002e-8,0p0,0.0
0.488,6.198300000000002e-8,0p0,0.0
0.489,6.198299999999999e-8,0p0,0.0
0.49,6.198299999999999e-8,0p0,0.0
0.491,6.198299999999999e-8,0p0,0.0
0.492,6.198299999999999e-8,0p0,0.0
0.493,6.198299999999999e-8,0p0,0.0
0.494,6.198299999999999e-8,0p0,0.0
0.495,6.198299999999999e-8,0p0,0.0
0.496,6.198299999999999e-8,0p0,0.0
0.497,6.198299999999999e-8,0p0,0.0
0.498,6.198299999999999e-8,0p0,0.0
0.499,6.198299999999999e-8,0p0,0.0
0.5,6.198299999999999e-8,0p0,0.0
0.501,6.198299999999999e-8,0p0,0.0
0.502,6.198299999999999e-8,0p0,0.0
0.503,6.198299999999999e-8,0p0,0.0
0.504,6.198299999999999e-8,0p0,0.0
0.505,6.198299999999999e-8,0p0,0.0
0.506,6.198299999999999e-8,0p0,0.0
0.507,6.198299999999999e-8,0p0,0.0
0.508,6.198299999999999e-8,0p0,0.0
0.509,6.198299999999999e-8,0p0,0.0
0.51,6.198299999999999e-8,0p0,0.0
0.511,6.198299999999999e-8,0p0,0.0
0.512,6.198299999999999e-8,0p0,0.0
0.513,6.198299999999999e-8,0p0,0.0
0.514,6.198299999999999e-8,0p0,0.0
0.515,6.198299999999999e-8,0p0,0.0
0.516,6.198299999999999e-8,0p0,0.0
0.517,6.198299999999999e-8,0p0,0.0
0.518,6.198299999999999e-8,0p0,0.0
0.519,6.198299999999999e-8,0p0,0.0
0.52,6.198299999999999e-8,0p0,0.0
0.521,6.198299999999999e-8,0p0,0.0
0.522,6.198299999999999e-8,0p0,0.0
0.523,6.198299999999999e-8,0p0,0.0
0.524,6.198299999999999e-8,0p0,0.0
0.525,6.198299999999999e-8,0p0,0.0
0.526,6.198299999999999e-8,0p0,0.0
0.527,6.198299999999999e-8,0p0,0.0
0.528,6.198299999999999e-8,0p0,0.0
0.529,6.198299999999999e-8,0p0,0.0
0.53,6.198299999999999e-8,0p0,0.0
0.531,6.198299999999999e-8,0p0,0.0
0.532,6.198299999999999e-8,0p0,0.0
0.533,6.198299999999999e-8,0p0,0.0
0.534,6.198299999999999e-8,0p0,0.0
0.535,6.198299999999999e-8,0p0,0.0
0.536,6.198299999999999e-8,0p0,0.0
0.537,6.198299999999999e-8,0p0,0.0
0.538,6.198299999999999e-8,0p0,0.0
0.539,6.198299999999999e-8,0p0,0.0
0.54,6.198299999999999e-8,0p0,0.0
0.541,6.198299999999999e-8,0p0,0.0
0.542,6.198299999999999e-8,0p0,0.0
0.543,6.198299999999999e-8,0p0,0.0
0.544,6.198299999999999e-8,0p0,0.0
0.545,6.198299999999999e-8,0p0,0.0
0.546,6.198299999999999e-8,0p0,0.0
0.547,6.198299999999999e-8,0p0,0.0
0.548,6.198299999999999e-8,0p0,0.0
0.549,6.198299999999999e-8,0p0,0.0
0.55,6.198299999999999e-8,0p0,0.0
0.551,6.198299999999999e-8,0p0,0.0
0.552,6.198299999999999e-8,0p0,0.0
0.553,6.198299999999999e-8,0p0,0.0
0.554,6.198299999999999e-8,0p0,0.0
0.555,6.198299999999999e-8,0p0,0.0
0.556,6.198299999999999e-8,0p0,0.0
0.557,6.198299999999999e-8,0p0,0.0
0.558,6.198299999999999e-8,0p0,0.0
0.559,6.198299999999999e-8,0p0,0.0
0.56,6.198299999999999e-8,0p0,0.0
0.561,6.198299999999999e-8,0p0,0.0
0.562,6.198299999999999e-8,0p0,0.0
0.563,6.198299999999999e-8,0p0,0.0
0.564,6.198299999999999e-8,0p0,0.0
0.565,6.198299999999999e-8,0p0,0.0
0.566,6.198299999999999e-8,0p0,0.0
0.567,6.198299999999999e-8,0p0,0.0
0.568,6.198299999999999e-8,0p0,0.0
0.569,6.198299999999999e-8,0p0,0.0
0.57,6.198299999999999e-8,0p0,0.0
0.571,6.198299999999999e-8,0p0,0.0
0.572,6.198299999999999e-8,0p0,0.0
0.573,6.198299999999999e-8,0p0,0.0
0.574,6.198299999999999e-8,0p0,0.0
0.575,6.198299999999999e-8,0p0,0.0
0.576,6.198299999999999e-8,0p0,0.0
0.577,6.198299999999999e-8,0p0,0.0
0.578,6.198299999999999e-8,0p0,0.0
0.579,6.198299999999999e-8,0p0,0.0
0.58,6.198299999999999e-8,0p0,0.0
0.581,6.198299999999999e-8,0p0,0.0
0.582,6.198299999999999e-8,0p0,0.0
0.583,6.198299999999999e-8,0p0,0.0
0.584,6.198299999999999e-8,0p0,0.0
0.585,6.198299999999999e-8,0p0,0.0
0.586,6.198299999999999e-8,0p0,0.0
0.587,6.198299999999999e-8,0p0,0.0
0.588,6.198299999999999e-8,0p0,0.0
0.589,6.198299999999999e-8,0p0,0.0
0.59,6.198299999999999e-8,0p0,0.0
0.591,6.198299999999999e-8,0p0,0.0
0.592,6.198299999999999e-8,0p0,0.0
0.593,6.198299999999999e-8,0p0,0.0
0.594,6.198299999999999e-8,0p0,0.0
0.595,6.198299999999999e-8,0p0,0.0
0.596,6.198299999999999e-8,0p0,0.0
0.597,6.198299999999999e-8,0p0,0.0
0.598,6.198299999999999e-8,0p0,0.0
0.599,6.198299999999999e-8,0p0,0.0
0.6,6.198299999999999e-8,0p0,0.0
0.601,6.198299999999999e-8,0p0,0.0
0.602,6.198299999999999e-8,0p0,0.0
0.603,6.198299999999999e-8,0p0,0.0
0.604,6.198299999999999e-8,0p0,0.0
0.605,6.198299999999999e-8,0p0,0.0
0.606,6.198299999999999e-8,0p0,0.0
0.607,6.198299999999999e-8,0p0,0.0
0.608,6.198299999999999e-8,0p0,0.0
0.609,6.198299999999999e-8,0p0,0.0
0.61,6.198299999999999e-8,0p0,0.0
0.611,6.198299999999999e-8,0p0,0.0
0.612,6.198299999999999e-8,0p0,0.0
0.613,6.198299999999999e-8,0p0,0.0
0.614,6.198299999999999e-8,0p0,0.0
0.615,6.198299999999999e-8,0p0,0.0
0.616,6.198299999999999e-8,0p0,0.0
0.617,6.198299999999999e-8,0p0,0.0
0.618,6.198299999999999e-8,0p0,0.0
0.619,6.198299999999999e-8,0p0,0.0
0.62,6.198299999999999e-8,0p0,0.0
0.621,6.198299999999999e-8,0p0,0.0
0.622,6.198299999999999e-8,0p0,0.0
0.623,6.198299999999999e-8,0p0,0.0
0.624,6.198299999999999e-8,0p0,0.0
0.625,6.198299999999999e-8,0p0,0.0
0.626,6.198299999999999e-8,0p0,0.0
0.627,6.198299999999999e-8,0p0,0.0
0.628,6.198299999999999e-8,0p0,0.0
0.629,6.198299999999999e-8,0p0,0.0
0.63,6.198299999999999e-8,0p0,0.0
0.631,6.198299999999999e-8,0p0,0.0
0.632,6.198299999999999e-8,0p0,0.0
0.633,6.198299999999999e-8,0p0,0.0
0.634,6.198299999999999e-8,0p0,0.0
0.635,6.198299999999999e-8,0p0,0.0
0.636,6.198299999999999e-8,0p0,0.0
0.637,6.198299999999999e-8,0p0,0.0
0.638,6.198299999999999e-8,0p0,0.0
0.639,6.198299999999999e-8,0p0,0.0
0.64,6.198299999999999e-8,0p0,0.0
0.641,6.198299999999999e-8,0p0,0.0
0.642,6.198299999999999e-8,0p0,0.0
0.643,6.198299999999999e-8,0p0,0.0
0.644,6.198299999999999e-8,0p0,0.0
0.645,6.198299999999999e-8,0p0,0.0
0.646,6.198299999999999e-8,0p0,0.0
0.647,6.198299999999999e-8,0p0,0.0
0.648,6.198299999999999e-8,0p0,0.0
0.649,6.198299999999999e-8,0p0,0.0
0.65,6.198299999999999e-8,0p0,0.0
0.651,6.198299999999999e-8,0p0,0.0
0.652,6.198299999999999e-8,0p0,0.0
0.653,6.198299999999999e-8,0p0,0.0
0.654,6.198299999999999e-8,0p0,0.0
0.655,6.198299999999999e-8,0p0,0.0
0.656,6.198299999999999e-8,0p0,0.0
0.657,6.198299999999999e-8,0p0,0.0
0.658,6.198299999999999e-8,0p0,0.0
0.659,6.198299999999999e-8,0p0,0.0
0.66,6.198299999999999e-8,0p0,0.0
0.661,6.198299999999999e-8,0p0,0.0
0.662,6.198299999999999e-8,0p0,0.0
0.663,6.198299999999999e-8,0p0,0.0
0.664,6.198299999999999e-8,0p0,0.0
0.665,6.198299999999999e-8,0p0,0.0
0.666,6.198299999999999e-8,0p0,0.0
0.667,6.198299999999999e-8,0p0,0.0
0.668,6.198299999999999e-8,0p0,0.0
0.669,6.198299999999999e-8,0p0,0.0
0.67,6.198299999999999e-8,0p0,0.0
0.671,6.198299999999999e-8,0p0,0.0
0.672,6.198299999999999e-8,0p0,0.0
0.673,6.198299999999999e-8,0p0,0.0
0.674,6.198299999999999e-8,0p0,0.0
0.675,6.198299999999999e-8,0p0,0.0
0.676,6.198299999999999e-8,0p0,0.0
0.677,6.198299999999999e-8,0p0,0.0
0.678,6.198299999999999e-8,0p0,0.0
0.679,6.198299999999999e-8,0p0,0.0
0.68,6.198299999999999e-8,0p0,0.0
0.681,6.198299999999999e-8,0p0,0.0
0.682,6.198299999999999e-8,0p0,0.0
0.683,6.198299999999999e-8,0p0,0.0
0.684,6.198299999999999e-8,0p0,0.0
0.685,6.198299999999999e-8,0p0,0.0
0.686,6.198299999999999e-8,0p0,0.0
0.687,6.198299999999999e-8,0p0,0.0
0.688,6.198299999999999e-8,0p0,0.0
0.689,6.198299999999999e-8,0p0,0.0
0.69,6.198299999999999e-8,0p0,0.0
0.691,6.198299999999999e-8,0p0,0.0
0.692,6.198299999999999e-8,0p0,0.0
0.693,6.198299999999999e-8,0p0,0.0
0.694,6.198299999999999e-8,0p0,0.0
0.695,6.198299999999999e-8,0p0,0.0
0.696,6.198299999999999e-8,0p0,0.0
0.697,6.198299999999999e-8,0p0,0.0
0.698,6.198299999999999e-8,0p0,0.0
0.699,6.198299999999999e-8,0p0,0.0
0.7,6.198299999999999e-8,0p0,0.0
0.701,6.198299999999999e-8,0p0,0.0
0.702,6.198299999999999e-8,0p0,0.0
0.703,6.198299999999999e-8,0p0,0.0
0.704,6.198299999999999e-8,0p0,0.0
0.705,6.198299999999999e-8,0p0,0.0
0.706,6.198299999999999e-8,0p0,0.0
0.707,6.198299999999999e-8,0p0,0.0
0.708,6.198299999999999e-8,0p0,0.0
0.709,6.198299999999999e-8,0p0,0.0
0.71,6.198299999999999e-8,0p0,0.0
0.711,6.198299999999999e-8,0p0,0.0
0.712,6.198299999999999e-8,0p0,0.0
0.713,6.198299999999999e-8,0p0,0.0
0.714,6.198299999999999e-8,0p0,0.0
0.715,6.198299999999999e-8,0p0,0.0
0.716,6.198299999999999e-8,0p0,0.0
0.717,6.198299999999999e-8,0p0,0.0
0.718,6.198299999999999e-8,0p0,0.0
0.719,6.198299999999999e-8,0p0,0.0
0.72,6.198299999999999e-8,0p0,0.0
0.721,6.198299999999999e-8,0p0,0.0
0.722,6.198299999999999e-8,0p0,0.0
0.723,6.198299999999999e-8,0p0,0.0
0.724,6.198299999999999e-8,0p0,0.0
0.725,6.198299999999999e-8,0p0,0.0
0.726,6.198299999999999e-8,0p0,0.0
0.727,6.198299999999999e-8,0p0,0.0
0.728,6.198299999999999e-8,0p0,0.0
0.729,6.198299999999999e-8,0p0,0.0
0.73,6.198299999999999e-8,0p0,0.0
0.731,6.198299999999999e-8,0p0,0.0
0.732,6.198299999999999e-8,0p0,0.0
0.733,6.198299999999999e-8,0p0,0.0
0.734,6.198299999999999e-8,0p0,0.0
0.735,6.198299999999999e-8,0p0,0.0
0.736,6.198299999999999e-8,0p0,0.0
0.737,6.198299999999999e-8,0p0,0.0
0.738,6.198299999999999e-8,0p0,0.0
0.739,6.198299999999999e-8,0p0,0.0
0.74,6.198299999999999e-8,0p0,0.0
0.741,6.198299999999999e-8,0p0,0.0
0.742,6.198299999999999e-8,0p0,0.0
0.743,6.198299999999999e-8,0p0,0.0
0.744,6.198299999999999e-8,0p0,0.0
0.745,6.198299999999999e-8,0p0,0.0
0.746,6.198299999999999e-8,0p0,0.0
0.747,6.198299999999999e-8,0p0,0.0
0.748,6.198299999999999e-8,0p0,0.0
0.749,6.198299999999999e-8,0p0,0.0
0.75,6.198299999999999e-8,0p0,0.0
0.751,6.198299999999999e-8,0p0,0.0
0.752,6.198299999999999e-8,0p0,0.0
0.753,6.198299999999999e-8,0p0,0.0
0.754,6.198299999999999e-8,0p0,0.0
0.755,6.198299999999999e-8,0p0,0.0
0.756,6.198299999999999e-8,0p0,0.0
0.757,6.198299999999999e-8,0p0,0.0
0.758,6.198299999999999e-8,0p0,0.0
0.759,6.198299999999999e-8,0p0,0.0
0.76,6.198299999999999e-8,0p0,0.0
0.761,6.198299999999999e-8,0p0,0.0
0.762,6.198299999999999e-8,0p0,0.0
0.763,6.198299999999999e-8,0p0,0.0
0.764,6.198299999999999e-8,0p0,0.0
0.765,6.198299999999999e-8,0p0,0.0
0.766,6.198299999999999e-8,0p0,0.0
0.767,6.198299999999999e-8,0p0,0.0
0.768,6.198299999999999e-8,0p0,0.0
0.769,6.198299999999999e-8,0p0,0.0
0.77,6.198299999999999e-8,0p0,0.0
0.771,6.198299999999999e-8,0p0,0.0
0.772,6.198299999999999e-8,0p0,0.0
0.773,6.198299999999999e-8,0p0,0.0
0.774,6.198299999999999e-8,0p0,0.0
0.775,6.198299999999999e-8,0p0,0.0
0.776,6.198299999999999e-8,0p0,0.0
0.777,6.198299999999999e-8,0p0,0.0
0.778,6.198299999999999e-8,0p0,0.0
0.779,6.198299999999999e-8,0p0,0.0
0.78,6.198299999999999e-8,0p0,0.0
0.781,6.198299999999999e-8,0p0,0.0
0.782,6.198299999999999e-8,0p0,0.0
0.783,6.198299999999999e-8,0p0,0.0
0.784,6.198299999999999e-8,0p0,0.0
0.785,6.198299999999999e-8,0p0,0.0
0.786,6.198299999999999e-8,0p0,0.0
0.787,6.198299999999999e-8,0p0,0.0
0.788,6.198299999999999e-8,0p0,0.0
0.789,6.198299999999999e-8,0p0,0.0
0.79,6.198299999999999e-8,0p0,0.0
0.791,6.198299999999999e-8,0p0,0.0
0.792,6.198299999999999e-8,0p0,0.0
0.793,6.198299999999999e-8,0p0,0.0
0.794,6.198299999999999e-8,0p0,0.0
0.795,6.198299999999999e-8,0p0,0.0
0.796,6.198299999999999e-8,0p0,0.0
0.797,6.198299999999999e-8,0p0,0.0
0.798,6.198299999999999e-8,0p0,0.0
0.799,6.198299999999999e-8,0p0,0.0
0.8,6.198299999999999e-8,0p0,0.0
0.801,6.198299999999999e-8,0p0,0.0
0.802,6.198299999999999e-8,0p0,0.0
0.803,6.198299999999999e-8,0p0,0.0
0.804,6.198299999999999e-8,0p0,0.0
0.805,6.198299999999999e-8,0p0,0.0
0.806,6.198299999999999e-8,0p0,0.0
0.807,6.198299999999999e-8,0p0,0.0
0.808,6.198299999999999e-8,0p0,0.0
0.809,6.198299999999999e-8,0p0,0.0
0.81,6.198299999999999e-8,0p0,0.0
0.811,6.198299999999999e-8,0p0,0.0
0.812,6.198299999999999e-8,0p0,0.0
0.813,6.198299999999999e-8,0p0,0.0
0.814,6.198299999999999e-8,0p0,0.0
0.815,6.198299999999999e-8,0p0,0.0
0.816,6.198299999999999e-8,0p0,0.0
0.817,6.198299999999999e-8,0p0,0.0
0.818,6.198299999999999e-8,0p0,0.0
0.819,6.198299999999999e-8,0p0,0.0
0.82,6.198299999999999e-8,0p0,0.0
0.821,6.198299999999999e-8,0p0,0.0
0.822,6.198299999999999e-8,0p0,0.0
0.823,6.198299999999999e-8,0p0,0.0
0.824,6.198299999999999e-8,0p0,0.0
0.825,6.198299999999999e-8,0p0,0.0
0.826,6.198299999999999e-8,0p0,0.0
0.827,6.198299999999999e-8,0p0,0.0
0.828,6.198299999999999e-8,0p0,0.0
0.829,6.198299999999999e-8,0p0,0.0
0.83,6.198299999999999e-8,0p0,0.0
0.831,6.198299999999999e-8,0p0,0.0
0.832,6.198299999999999e-8,0p0,0.0
0.833,6.198299999999999e-8,0p0,0.0
0.834,6.198299999999999e-8,0p0,0.0
0.835,6.198299999999999e-8,0p0,0.0
0.836,6.198299999999999e-8,0p0,0.0
0.837,6.198299999999999e-8,0p0,0.0
0.838,6.198299999999999e-8,0p0,0.0
0.839,6.198299999999999e-8,0p0,0.0
0.84,6.198299999999999e-8,0p0,0.0
0.841,6.198299999999999e-8,0p0,0.0
0.842,6.198299999999999e-8,0p0,0.0
0.843,6.198299999999999e-8,0p0,0.0
0.844,6.198299999999999e-8,0p0,0.0
0.845,6.198299999999999e-8,0p0,0.0
0.846,6.198299999999999e-8,0p0,0.0
0.847,6.198299999999999e-8,0p0,0.0
0.848,6.198299999999999e-8,0p0,0.0
0.849,6.198299999999999e-8,0p0,0.0
0.85,6.198299999999999e-8,0p0,0.0
0.851,6.198299999999999e-8,0p0,0.0
0.852,6.198299999999999e-8,0p0,0.0
0.853,6.198299999999999e-8,0p0,0.0
0.854,6.198299999999999e-8,0p0,0.0
0.855,6.198299999999999e-8,0p0,0.0
0.856,6.198299999999999e-8,0p0,0.0
0.857,6.198299999999999e-8,0p0,0.0
0.858,6.198299999999999e-8,0p0,0.0
0.859,6.198299999999999e-8,0p0,0.0
0.86,6.198299999999999e-8,0p0,0.0
0.861,6.198299999999999e-8,0p0,0.0
0.862,6.198299999999999e-8,0p0,0.0
0.863,6.198299999999999e-8,0p0,0.0
0.864,6.198299999999999e-8,0p0,0.0
0.865,6.198299999999999e-8,0p0,0.0
0.866,6.198299999999999e-8,0p0,0.0
0.867,6.198299999999999e-8,0p0,0.0
0.868,6.198299999999999e-8,0p0,0.0
0.869,6.198299999999999e-8,0p0,0.0
0.87,6.198299999999999e-8,0p0,0.0
0.871,6.198299999999999e-8,0p0,0.0
0.872,6.198299999999999e-8,0p0,0.0
0.873,6.198299999999999e-8,0p0,0.0
0.874,6.198299999999999e-8,0p0,0.0
0.875,6.198299999999999e-8,0p0,0.0
0.876,6.198299999999999e-8,0p0,0.0
0.877,6.198299999999999e-8,0p0,0.0
0.878,6.198299999999999e-8,0p0,0.0
0.879,6.198299999999999e-8,0p0,0.0
0.88,6.198299999999999e-8,0p0,0.0
0.881,6.198299999999999e-8,0p0,0.0
0.882,6.198299999999999e-8,0p0,0.0
0.883,6.198299999999999e-8,0p0,0.0
0.884,6.198299999999999e-8,0p0,0.0
0.885,6.198299999999999e-8,0p0,0.0
0.886,6.198299999999999e-8,0p0,0.0
0.887,6.198299999999999e-8,0p0,0.0
0.888,6.198299999999999e-8,0p0,0.0
0.889,6.198299999999999e-8,0p0,0.0
0.89,6.198299999999999e-8,0p0,0.0
0.891,6.198299999999999e-8,0p0,0.0
0.892,6.198299999999999e-8,0p0,0.0
0.893,6.198299999999999e-8,0p0,0.0
0.894,6.198299999999999e-8,0p0,0.0
0.895,6.198299999999999e-8,0p0,0.0
0.896,6.198299999999999e-8,0p0,0.0
0.897,6.198299999999999e-8,0p0,0.0
0.898,6.198299999999999e-8,0p0,0.0
0.899,6.198299999999999e-8,0p0,0.0
0.9,6.198299999999999e-8,0p0,0.0
0.901,6.198299999999999e-8,0p0,0.0
0.902,6.198299999999999e-8,0p0,0.0
0.903,6.198299999999999e-8,0p0,0.0
0.904,6.198299999999999e-8,0p0,0.0
0.905,6.198299999999999e-8,0p0,0.0
0.906,6.198299999999999e-8,0p0,0.0
0.907,6.198299999999999e-8,0p0,0.0
0.908,6.198299999999999e-8,0p0,0.0
0.909,6.198299999999999e-8,0p0,0.0
0.91,6.198299999999999e-8,0p0,0.0
0.911,6.198299999999999e-8,0p0,0.0
0.912,6.198299999999999e-8,0p0,0.0
0.913,6.198299999999999e-8,0p0,0.0
0.914,6.198299999999999e-8,0p0,0.0
0.915,6.198299999999999e-8,0p0,0.0
0.916,6.198299999999999e-8,0p0,0.0
0.917,6.198299999999999e-8,0p0,0.0
0.918,6.198299999999999e-8,0p0,0.0
0.919,6.198299999999999e-8,0p0,0.0
0.92,6.198299999999999e-8,0p0,0.0
0.921,6.198299999999999e-8,0p0,0.0
0.922,6.198299999999999e-8,0p0,0.0
0.923,6.198299999999999e-8,0p0,0.0
0.924,6.198299999999999e-8,0p0,0.0
0.925,6.198299999999999e-8,0p0,0.0
0.926,6.198299999999999e-8,0p0,0.0
0.927,6.198299999999999e-8,0p0,0.0
0.928,6.198299999999999e-8,0p0,0.0
0.929,6.198299999999999e-8,0p0,0.0
0.93,6.198299999999999e-8,0p0,0.0
0.931,6.198299999999999e-8,0p0,0.0
0.932,6.198299999999999e-8,0p0,0.0
0.933,6.198299999999999e-8,0p0,0.0
0.934,6.198299999999999e-8,0p0,0.0
0.935,6.198299999999999e-8,0p0,0.0
0.936,6.198299999999999e-8,0p0,0.0
0.937,6.198299999999999e-8,0p0,0.0
0.938,6.198299999999999e-8,0p0,0.0
0.939,6.198299999999999e-8,0p0,0.0
0.94,6.198299999999999e-8,0p0,0.0
0.941,6.198299999999999e-8,0p0,0.0
0.942,6.198299999999999e-8,0p0,0.0
0.943,6.198299999999999e-8,0p0,0.0
0.944,6.198299999999999e-8,0p0,0.0
0.945,6.198299999999999e-8,0p0,0.0
0.946,6.198299999999999e-8,0p0,0.0
0.947,6.198299999999999e-8,0p0,0.0
0.948,6.198299999999999e-8,0p0,0.0
0.949,6.198299999999999e-8,0p0,0.0
0.95,6.198299999999999e-8,0p0,0.0
0.951,6.198299999999999e-8,0p0,0.0
0.952,6.198299999999999e-8,0p0,0.0
0.953,6.198299999999999e-8,0p0,0.0
0.954,6.198299999999999e-8,0p0,0.0
0.955,6.198299999999999e-8,0p0,0.0
0.956,6.198299999999999e-8,0p0,0.0
0.957,6.198299999999999e-8,0p0,0.0
0.958,6.198299999999999e-8,0p0,0.0
0.959,6.198299999999999e-8,0p0,0.0
0.96,6.198299999999999e-8,0p0,0.0
0.961,6.198299999999999e-8,0p0,0.0
0.962,6.198299999999999e-8,0p0,0.0
0.963,6.198299999999999e-8,0p0,0.0
0.964,6.198299999999999e-8,0p0,0.0
0.965,6.198299999999999e-8,0p0,0.0
0.966,6.198299999999999e-8,0p0,0.0
0.967,6.198299999999999e-8,0p0,0.0
0.968,6.198299999999999e-8,0p0,0.0
0.969,6.198299999999999e-8,0p0,0.0
0.97,6.198299999999999e-8,0p0,0.0
0.971,6.198299999999999e-8,0p0,0.0
0.972,6.198299999999999e-8,0p0,0.0
0.973,6.198299999999999e-8,0p0,0.0
0.974,6.198299999999999e-8,0p0,0.0
0.975,6.198299999999999e-8,0p0,0.0
0.976,6.198299999999999e-8,0p0,0.0
0.977,6.198299999999999e-8,0p0,0.0
0.978,6.198299999999999e-8,0p0,0.0
0.979,6.198299999999999e-8,0p0,0.0
0.98,6.198299999999999e-8,0p0,0.0
0.981,6.198299999999999e-8,0p0,0.0
0.982,6.198299999999999e-8,0p0,0.0
0.983,6.198299999999999e-8,0p0,0.0
0.984,6.198299999999999e-8,0p0,0.0
0.985,6.198299999999999e-8,0p0,0.0
0.986,6.198299999999999e-8,0p0,0.0
0.987,6.198299999999999e-8,0p0,0.0
0.988,6.198299999999999e-8,0p0,0.0
0.989,6.198299999999999e-8,0p0,0.0
0.99,6.198299999999999e-8,0p0,0.0
0.991,6.198299999999999e-8,0p0,0.0
0.992,6.198299999999999e-8,0p0,0.0
0.993,6.198299999999999e-8,0p0,0.0
0.994,6.198299999999999e-8,0p0,0.0
0.995,6.198299999999999e-8,0p0,0.0
0.996,6.198299999999999e-8,0p0,0.0
0.997,6.198299999999999e-8,0p0,0.0
0.998,6.198299999999999e-8,0p0,0.0
0.999,6.198299999999999e-8,0p0,0.0
1.0,6.198299999999999e-8,0p0,0.0
1.000000002000481,6.198299999999999e-8,0p0,0.0
1.000000002000481,6.198299999999999e-8,0p0,0.0
1.001,6.206314443842708e-8,0p0,0.0
1.002,6.229599301382536e-8,0p0,0.0
1.003,6.267013793086255e-8,0p0,0.0
1.004,6.317419775066406e-8,0p0,0.0
1.005,6.379676817980912e-8,0p0,0.0
1.006,6.452659380142483e-8,0p0,0.0
1.007,6.535252966156382e-8,0p0,0.0
1.008,6.626376198793195e-8,0p0,0.0
1.009,6.72499931617326e-8,0p0,0.0
1.01,6.830115582181829e-8,0p0,0.0
1.011,6.940762013325037e-8,0p0,0.0
1.012,7.056024493372115e-8,0p0,0.0
1.013,7.175040111265609e-8,0p0,0.0
1.014,7.296975350634845e-8,0p0,0.0
1.015,7.42067198673208e-8,0p0,0.0
1.016,7.544618393304238e-8,0p0,0.0
1.017,7.668588585192886e-8,0p0,0.0
1.018,7.79256061029163e-8,0p0,0.0
1.019,7.916532323955585e-8,0p0,0.0
1.02,8.040312961577452e-8,0p0,0.0
1.021,8.160169383463833e-8,0p0,0.0
1.022,8.273490153721615e-8,0p0,0.0
1.023,8.380376400264467e-8,0p0,0.0
1.024,8.481190830338666e-8,0p0,0.0
1.025,8.576254230413303e-8,0p0,0.0
1.026,8.665898386952644e-8,0p0,0.0
1.027,8.750415265221399e-8,0p0,0.0
1.028,8.83009452806754e-8,0p0,0.0
1.029,8.905223773564675e-8,0p0,0.0
1.03,8.976060623659836e-8,0p0,0.0
1.031,9.042843798765962e-8,0p0,0.0
1.032,9.105803543763096e-8,0p0,0.0
1.033,9.16516872734743e-8,0p0,0.0
1.034,9.221141427825789e-8,0p0,0.0
1.035,9.273910963291741e-8,0p0,0.0
1.036,9.323659292020507e-8,0p0,0.0
1.037,9.370568056191193e-8,0p0,0.0
1.038,9.414795618998122e-8,0p0,0.0
1.039,9.456492097811081e-8,0p0,0.0
1.04,9.495801278043738e-8,0p0,0.0
1.041,9.532873189679629e-8,0p0,0.0
1.042,9.567875052461801e-8,0p0,0.0
1.043,9.600876990516185e-8,0p0,0.0
1.044,9.631967013242968e-8,0p0,0.0
1.045,9.661311693182352e-8,0p0,0.0
1.046,9.688972317513187e-8,0p0,0.0
1.047,9.715036711096382e-8,0p0,0.0
1.048,9.739618341793045e-8,0p0,0.0
1.049,9.76279820256062e-8,0p0,0.0
1.05,9.78463755172138e-8,0p0,0.0
1.051,9.805223952171208e-8,0p0,0.0
1.052,9.824648161352373e-8,0p0,0.0
1.053,9.842946873020853e-8,0p0,0.0
1.054,9.860191443059566e-8,0p0,0.0
1.055,9.876463091541077e-8,0p0,0.0
1.056,9.891795521000618e-8,0p0,0.0
1.057,9.906243227872774e-8,0p0,0.0
1.058,9.91987094414103e-8,0p0,0.0
1.059,9.932718326123677e-8,0p0,0.0
1.06,9.944823118782485e-8,0p0,0.0
1.061,9.95623579556249e-8,0p0,0.0
1.062,9.967001253244219e-8,0p0,0.0
1.063,9.977143365703737e-8,0p0,0.0
1.064,9.986701594574198e-8,0p0,0.0
1.065,9.995721649862401e-8,0p0,0.0
1.066,1.000421956986594e-7,0p0,0.0
1.067,1.001222747124629e-7,0p0,0.0
1.068,1.001978207154196e-7,0p0,0.0
1.069,1.00269025714905e-7,0p0,0.0
1.07,1.003361179190173e-7,0p0,0.0
1.071,1.003993863561011e-7,0p0,0.0
1.072,1.004590517418736e-7,0p0,0.0
1.073,1.005152648909215e-7,0p0,0.0
1.074,1.00568247778628e-7,0p0,0.0
1.075,1.006182453632711e-7,0p0,0.0
1.076,1.006654319109575e-7,0p0,0.0
1.077,1.007100833234495e-7,0p0,0.0
1.078,1.007521083543416e-7,0p0,0.0
1.079,1.007917966858161e-7,0p0,0.0
1.08,1.008292038189727e-7,0p0,0.0
1.081,1.008642695349004e-7,0p0,0.0
1.082,1.008975855478699e-7,0p0,0.0
1.083,1.009288777219125e-7,0p0,0.0
1.084,1.009583569313336e-7,0p0,0.0
1.085,1.009862264367973e-7,0p0,0.0
1.086,1.010123445542812e-7,0p0,0.0
1.087,1.010371061638457e-7,0p0,0.0
1.088,1.010603881611114e-7,0p0,0.0
1.089,1.010822677166382e-7,0p0,0.0
1.09,1.01102990996266e-7,0p0,0.0
1.091,1.011224217222765e-7,0p0,0.0
1.092,1.011407881221238e-7,0p0,0.0
1.093,1.011580997154215e-7,0p0,0.0
1.094,1.01174337280475e-7,0p0,0.0
1.095,1.011897390854369e-7,0p0,0.0
1.096,1.012041896201385e-7,0p0,0.0
1.097,1.01217812330421e-7,0p0,0.0
1.098,1.012306811949609e-7,0p0,0.0
1.099,1.012427342309382e-7,0p0,0.0
1.1,1.012541774979683e-7,0p0,0.0
1.101,1.012649224032642e-7,0p0,0.0
1.102,1.012750283042344e-7,0p0,0.0
1.103,1.012845931543931e-7,0p0,0.0
1.104,1.012935580553655e-7,0p0,0.0
1.105,1.01302042630611e-7,0p0,0.0
1.106,1.013100310880161e-7,0p0,0.0
1.107,1.013175295461766e-7,0p0,0.0
1.108,1.013246378093803e-7,0p0,0.0
1.109,1.013313049089253e-7,0p0,0.0
1.11,1.013375971319815e-7,0p0,0.0
1.111,1.013435355431868e-7,0p0,0.0
1.112,1.013491004128246e-7,0p0,0.0
1.113,1.013543824332762e-7,0p0,0.0
1.114,1.013593400554921e-7,0p0,0.0
1.115,1.013640074150523e-7,0p0,0.0
1.116,1.013684213593877e-7,0p0,0.0
1.117,1.013725571292577e-7,0p0,0.0
1.118,1.013764765937365e-7,0p0,0.0
1.119,1.013801626048018e-7,0p0,0.0
1.12,1.013836345451051e-7,0p0,0.0
1.121,1.013869575384239e-7,0p0,0.0
1.122,1.013900962003602e-7,0p0,0.0
1.123,1.013930505309141e-7,0p0,0.0
1.124,1.013958205300853e-7,0p0,0.0
1.125,1.013984170000548e-7,0p0,0.0
1.126,1.01400910979636e-7,0p0,0.0
1.127,1.014032493396838e-7,0p0,0.0
1.128,1.01405432080198e-7,0p0,0.0
1.129,1.014074592011786e-7,0p0,0.0
1.13,1.014093803997611e-7,0p0,0.0
1.131,1.014112274238409e-7,0p0,0.0
1.132,1.014129583866046e-7,0p0,0.0
1.133,1.014145732880522e-7,0p0,0.0
1.134,1.014160721281838e-7,0p0,0.0
1.135,1.014175163958021e-7,0p0,0.0
1.136,1.01418881300029e-7,0p0,0.0
1.137,1.014201569539185e-7,0p0,0.0
1.138,1.014213433574708e-7,0p0,0.0
1.139,1.014224500453947e-7,0p0,0.0
1.14,1.014235228979607e-7,0p0,0.0
1.141,1.014245280839064e-7,0p0,0.0
1.142,1.014254656032316e-7,0p0,0.0
1.143,1.014263354559365e-7,0p0,0.0
1.144,1.014271603353281e-7,0p0,0.0
1.145,1.014279503395569e-7,0p0,0.0
1.146,1.014286892091192e-7,0p0,0.0
1.147,1.014293769440151e-7,0p0,0.0
1.148,1.014300135442445e-7,0p0,0.0
1.149,1.014306295243624e-7,0p0,0.0
1.15,1.014312104723993e-7,0p0,0.0
1.151,1.014317528740137e-7,0p0,0.0
1.152,1.014322567292055e-7,0p0,0.0
1.153,1.014327272354411e-7,0p0,0.0
1.154,1.014331830555915e-7,0p0,0.0
1.155,1.014336098557087e-7,0p0,0.0
1.156,1.014340076357927e-7,0p0,0.0
1.157,1.014343763958435e-7,0p0,0.0
1.158,1.014347268513386e-7,0p0,0.0
1.159,1.014350619904402e-7,0p0,0.0
1.16,1.014353752973986e-7,0p0,0.0
1.161,1.014356667722141e-7,0p0,0.0
1.162,1.014359364148864e-7,0p0,0.0
1.163,1.014361980660028e-7,0p0,0.0
1.164,1.014364443164729e-7,0p0,0.0
1.165,1.014366741489575e-7,0p0,0.0
1.166,1.014368875634568e-7,0p0,0.0
1.167,1.014370885421625e-7,0p0,0.0
1.168,1.014372880272454e-7,0p0,0.0
1.169,1.014374772104201e-7,0p0,0.0
1.17,1.014376560916865e-7,0p0,0.0
1.171,1.014378246710448e-7,0p0,0.0
1.172,1.014379829484949e-7,0p0,0.0
1.173,1.014381309240367e-7,0p0,0.0
1.174,1.014382685976703e-7,0p0,0.0
1.175,1.014383959693957e-7,0p0,0.0
1.176,1.014385130392129e-7,0p0,0.0
1.177,1.014386337501401e-7,0p0,0.0
1.178,1.014387475329166e-7,0p0,0.0
1.179,1.014388538471152e-7,0p0,0.0
1.18,1.014389526927356e-7,0p0,0.0
1.181,1.01439044069778e-7,0p0,0.0
1.182,1.014391279782424e-7,0p0,0.0
1.183,1.014392044181287e-7,0p0,0.0
1.184,1.014392733894369e-7,0p0,0.0
1.185,1.014393348921672e-7,0p0,0.0
1.186,1.014393988806433e-7,0p0,0.0
1.187,1.014394632241884e-7,0p0,0.0
1.188,1.014395231612398e-7,0p0,0.0
1.189,1.014395786917974e-7,0p0,0.0
1.19,1.014396298158613e-7,0p0,0.0
1.191,1.014396765334315e-7,0p0,0.0
1.192,1.01439718844508e-7,0p0,0.0
1.193,1.014397567490907e-7,0p0,0.0
1.194,1.014397902471797e-7,0p0,0.0
1.195,1.014398225630768e-7,0p0,0.0
1.196,1.014398578401668e-7,0p0,0.0
1.197,1.014398906366249e-7,0p0,0.0
1.198,1.014399209524509e-7,0p0,0.0
1.199,1.01439948787645e-7,0p0,0.0
1.2,1.014399741422072e-7,0p0,0.0
1.201,1.014399970161373e-7,0p0,0.0
1.202,1.014400174094355e-7,0p0,0.0
1.203,1.014400353221018e-7,0p0,0.0
1.204,1.0144005097087e-7,0p0,0.0
1.205,1.014400698094848e-7,0p0,0.0
1.206,1.014400873009538e-7,0p0,0.0
1.207,1.014401034452768e-7,0p0,0.0
1.208,1.01440118242454e-7,0p0,0.0
1.209,1.014401316924853e-7,0p0,0.0
1.21,1.014401437953706e-7,0p0,0.0
1.211,1.014401545511101e-7,0p0,0.0
1.212,1.014401639597037e-7,0p0,0.0
1.213,1.014401720211514e-7,0p0,0.0
1.214,1.014401810855846e-7,0p0,0.0
1.215,1.014401902029649e-7,0p0,0.0
1.216,1.014401986101337e-7,0p0,0.0
1.217,1.01440206307091e-7,0p0,0.0
1.218,1.014402132938367e-7,0p0,0.0
1.219,1.014402195703708e-7,0p0,0.0
1.22,1.014402251366935e-7,0p0,0.0
1.221,1.014402299928047e-7,0p0,0.0
1.222,1.014402341387043e-7,0p0,0.0
1.223,1.014402382955637e-7,0p0,0.0
1.224,1.014402429489689e-7,0p0,0.0
1.225,1.014402472375483e-7,0p0,0.0
1.226,1.014402511613018e-7,0p0,0.0
1.227,1.014402547202294e-7,0p0,0.0
1.228,1.014402579143312e-7,0p0,0.0
1.229,1.014402607436072e-7,0p0,0.0
1.23,1.014402632080574e-7,0p0,0.0
1.231,1.014402653076816e-7,0p0,0.0
1.232,1.014402671479345e-7,0p0,0.0
1.233,1.014402694773444e-7,0p0,0.0
1.234,1.014402716237785e-7,0p0,0.0
1.235,1.014402735872364e-7,0p0,0.0
1.236,1.014402753677183e-7,0p0,0.0
1.237,1.014402769652241e-7,0p0,0.0
1.238,1.014402783797539e-7,0p0,0.0
1.239,1.014402796113077e-7,0p0,0.0
1.24,1.014402806598854e-7,0p0,0.0
1.241,1.01440281525487e-7,0p0,0.0
1.242,1.014402825939416e-7,0p0,0.0
1.243,1.014402836505863e-7,0p0,0.0
1.244,1.014402846175537e-7,0p0,0.0
1.245,1.014402854948438e-7,0p0,0.0
1.246,1.014402862824567e-7,0p0,0.0
1.247,1.014402869803921e-7,0p0,0.0
1.248,1.014402875886503e-7,0p0,0.0
1.249,1.014402881072312e-7,0p0,0.0
1.25,1.014402885361348e-7,0p0,0.0
1.251,1.014402889540171e-7,0p0,0.0
1.252,1.014402893811626e-7,0p0,0.0
1.253,1.014402897499858e-7,0p0,0.0
1.254,1.014402900604868e-7,0p0,0.0
1.255,1.014402903126655e-7,0p0,0.0
1.256,1.014402905734652e-7,0p0,0.0
1.257,1.01440290813318e-7,0p0,0.0
1.258,1.014402910294459e-7,0p0,0.0
1.259,1.01440291240328e-7,0p0,0.0
1.26,1.014402914386182e-7,0p0,0.0
1.261,1.01440291627522e-7,0p0,0.0
1.262,1.014402918071384e-7,0p0,0.0
1.263,1.014402919779955e-7,0p0,0.0
1.264,1.01440292139348e-7,0p0,0.0
1.265,1.014402922927469e-7,0p0,0.0
1.266,1.014402924384725e-7,0p0,0.0
1.267,1.014402925747063e-7,0p0,0.0
1.268,1.014402926995881e-7,0p0,0.0
1.269,1.014402928225234e-7,0p0,0.0
1.27,1.014402929331037e-7,0p0,0.0
1.271,1.014402930351808e-7,0p0,0.0
1.272,1.014402931372579e-7,0p0,0.0
1.273,1.01440293239335e-7,0p0,0.0
1.274,1.014402933394202e-7,0p0,0.0
1.275,1.014402934140994e-7,0p0,0.0
1.276,1.014402934887785e-7,0p0,0.0
1.277,1.014402935634577e-7,0p0,0.0
1.278,1.014402936381368e-7,0p0,0.0
1.279,1.01440293712816e-7,0p0,0.0
1.28,1.014402937874952e-7,0p0,0.0
1.281,1.014402938621743e-7,0p0,0.0
1.282,1.014402939368535e-7,0p0,0.0
1.283,1.014402940109299e-7,0p0,0.0
1.284,1.014402940675843e-7,0p0,0.0
1.285,1.014402941242388e-7,0p0,0.0
1.286,1.014402941808932e-7,0p0,0.0
1.287,1.014402942375476e-7,0p0,0.0
1.288,1.01440294294202e-7,0p0,0.0
1.289,1.014402943508565e-7,0p0,0.0
1.29,1.014402944075109e-7,0p0,0.0
1.291,1.014402944641654e-7,0p0,0.0
1.292,1.014402945208198e-7,0p0,0.0
1.293,1.014402945598083e-7,0p0,0.0
1.294,1.014402945986934e-7,0p0,0.0
1.295,1.014402946375784e-7,0p0,0.0
1.296,1.014402946764635e-7,0p0,0.0
1.297,1.014402947153486e-7,0p0,0.0
1.298,1.014402947542336e-7,0p0,0.0
1.299,1.014402947931187e-7,0p0,0.0
1.3,1.014402948320037e-7,0p0,0.0
1.301,1.014402948708888e-7,0p0,0.0
1.302,1.014402949097739e-7,0p0,0.0
1.303,1.014402949486589e-7,0p0,0.0
1.304,1.01440294987544e-7,0p0,0.0
1.305,1.014402950264291e-7,0p0,0.0
1.306,1.014402950653142e-7,0p0,0.0
1.307,1.014402951041992e-7,0p0,0.0
1.308,1.014402951430843e-7,0p0,0.0
1.309,1.014402951819694e-7,0p0,0.0
1.31,1.014402952208544e-7,0p0,0.0
1.311,1.014402952516545e-7,0p0,0.0
1.312,1.014402952817099e-7,0p0,0.0
1.313,1.014402953117652e-7,0p0,0.0
1.314,1.014402953418206e-7,0p0,0.0
1.315,1.014402953718759e-7,0p0,0.0
1.316,1.014402954019313e-7,0p0,0.0
1.317,1.014402954319866e-7,0p0,0.0
1.318,1.014402954620419e-7,0p0,0.0
1.319,1.014402954920973e-7,0p0,0.0
1.32,1.014402955221527e-7,0p0,0.0
1.321,1.01440295552208e-7,0p0,0.0
1.322,1.014402955822634e-7,0p0,0.0
1.323,1.014402956123187e-7,0p0,0.0
1.324,1.01440295642374e-7,0p0,0.0
1.325,1.014402956724294e-7,0p0,0.0
1.326,1.014402957024848e-7,0p0,0.0
1.327,1.014402957325401e-7,0p0,0.0
1.328,1.014402957625955e-7,0p0,0.0
1.329,1.014402957889354e-7,0p0,0.0
1.33,1.014402958145525e-7,0p0,0.0
1.331,1.014402958401696e-7,0p0,0.0
1.332,1.014402958657868e-7,0p0,0.0
1.333,1.014402958914039e-7,0p0,0.0
1.334,1.01440295917021e-7,0p0,0.0
1.335,1.014402959426381e-7,0p0,0.0
1.336,1.014402959682552e-7,0p0,0.0
1.337,1.014402959938724e-7,0p0,0.0
1.338,1.014402960194895e-7,0p0,0.0
1.339,1.014402960451066e-7,0p0,0.0
1.34,1.014402960707237e-7,0p0,0.0
1.341,1.014402960963409e-7,0p0,0.0
1.342,1.01440296121958e-7,0p0,0.0
1.343,1.014402961475751e-7,0p0,0.0
1.344,1.014402961731922e-7,0p0,0.0
1.345,1.014402961988093e-7,0p0,0.0
1.346,1.014402962244265e-7,0p0,0.0
1.347,1.014402962494418e-7,0p0,0.0
1.348,1.014402962741916e-7,0p0,0.0
1.349,1.014402962988572e-7,0p0,0.0
1.35,1.014402963234385e-7,0p0,0.0
1.351,1.014402963479356e-7,0p0,0.0
1.352,1.014402963723486e-7,0p0,0.0
1.353,1.014402963966773e-7,0p0,0.0
1.354,1.014402964209217e-7,0p0,0.0
1.355,1.01440296445082e-7,0p0,0.0
1.356,1.01440296469158e-7,0p0,0.0
1.357,1.014402964931498e-7,0p0,0.0
1.358,1.014402965170573e-7,0p0,0.0
1.359,1.014402965408807e-7,0p0,0.0
1.36,1.014402965646198e-7,0p0,0.0
1.361,1.014402965882747e-7,0p0,0.0
1.362,1.014402966118454e-7,0p0,0.0
1.363,1.014402966353319e-7,0p0,0.0
1.364,1.014402966587341e-7,0p0,0.0
1.365,1.014402966820521e-7,0p0,0.0
1.366,1.014402967052859e-7,0p0,0.0
1.367,1.014402967284354e-7,0p0,0.0
1.368,1.014402967515008e-7,0p0,0.0
1.369,1.014402967744819e-7,0p0,0.0
1.37,1.014402967973788e-7,0p0,0.0
1.371,1.014402968201915e-7,0p0,0.0
1.372,1.014402968429199e-7,0p0,0.0
1.373,1.014402968655641e-7,0p0,0.0
1.374,1.014402968881241e-7,0p0,0.0
1.375,1.014402969105999e-7,0p0,0.0
1.376,1.014402969329915e-7,0p0,0.0
1.377,1.014402969552988e-7,0p0,0.0
1.378,1.014402969775219e-7,0p0,0.0
1.379,1.014402969996608e-7,0p0,0.0
1.38,1.014402970217154e-7,0p0,0.0
1.381,1.014402970436859e-7,0p0,0.0
1.382,1.014402970655721e-7,0p0,0.0
1.383,1.014402970876834e-7,0p0,0.0
1.384,1.014402971099376e-7,0p0,0.0
1.385,1.014402971321356e-7,0p0,0.0
1.386,1.014402971542773e-7,0p0,0.0
1.387,1.014402971763628e-7,0p0,0.0
1.388,1.014402971983921e-7,0p0,0.0
1.389,1.014402972203651e-7,0p0,0.0
1.39,1.014402972422818e-7,0p0,0.0
1.391,1.014402972641423e-7,0p0,0.0
1.392,1.014402972859465e-7,0p0,0.0
1.393,1.014402973076945e-7,0p0,0.0
1.394,1.014402973293862e-7,0p0,0.0
1.395,1.014402973510217e-7,0p0,0.0
1.396,1.014402973726009e-7,0p0,0.0
1.397,1.014402973941239e-7,0p0,0.0
1.398,1.014402974155906e-7,0p0,0.0
1.399,1.014402974370011e-7,0p0,0.0
1.4,1.014402974583553e-7,0p0,0.0
1.401,1.014402974796532e-7,0p0,0.0
1.402,1.01440297500895e-7,0p0,0.0
1.403,1.014402975220804e-7,0p0,0.0
1.404,1.014402975432096e-7,0p0,0.0
1.405,1.014402975642826e-7,0p0,0.0
1.406,1.014402975852993e-7,0p0,0.0
1.407,1.014402976062597e-7,0p0,0.0
1.408,1.014402976271639e-7,0p0,0.0
1.409,1.014402976480119e-7,0p0,0.0
1.41,1.014402976688035e-7,0p0,0.0
1.411,1.01440297689539e-7,0p0,0.0
1.412,1.014402977102181e-7,0p0,0.0
1.413,1.014402977308411e-7,0p0,0.0
1.414,1.014402977514078e-7,0p0,0.0
1.415,1.014402977719182e-7,0p0,0.0
1.416,1.014402977923724e-7,0p0,0.0
1.417,1.014402978127703e-7,0p0,0.0
1.418,1.01440297833112e-7,0p0,0.0
1.419,1.014402978537809e-7,0p0,0.0
1.42,1.014402978749069e-7,0p0,0.0
1.421,1.014402978960238e-7,0p0,0.0
1.422,1.014402979171315e-7,0p0,0.0
1.423,1.014402979382302e-7,0p0,0.0
1.424,1.014402979593198e-7,0p0,0.0
1.425,1.014402979804002e-7,0p0,0.0
1.426,1.014402980014715e-7,0p0,0.0
1.427,1.014402980225338e-7,0p0,0.0
1.428,1.014402980435869e-7,0p0,0.0
1.429,1.014402980646309e-7,0p0,0.0
1.43,1.014402980856658e-7,0p0,0.0
1.431,1.014402981066916e-7,0p0,0.0
1.432,1.014402981277083e-7,0p0,0.0
1.433,1.014402981487158e-7,0p0,0.0
1.434,1.014402981697143e-7,0p0,0.0
1.435,1.014402981907037e-7,0p0,0.0
1.436,1.014402982116839e-7,0p0,0.0
1.437,1.014402982326551e-7,0p0,0.0
1.438,1.014402982536171e-7,0p0,0.0
1.439,1.0144029827457e-7,0p0,0.0
1.44,1.014402982955138e-7,0p0,0.0
1.441,1.014402983164485e-7,0p0,0.0
1.442,1.014402983373741e-7,0p0,0.0
1.443,1.014402983582906e-7,0p0,0.0
1.444,1.01440298379198e-7,0p0,0.0
1.445,1.014402984000963e-7,0p0,0.0
1.446,1.014402984209855e-7,0p0,0.0
1.447,1.014402984418655e-7,0p0,0.0
1.448,1.014402984627365e-7,0p0,0.0
1.449,1.014402984835983e-7,0p0,0.0
1.45,1.01440298504451e-7,0p0,0.0
1.451,1.014402985252946e-7,0p0,0.0
1.452,1.014402985461291e-7,0p0,0.0
1.453,1.014402985669546e-7,0p0,0.0
1.454,1.014402985877709e-7,0p0,0.0
1.455,1.01440298608578e-7,0p0,0.0
1.456,1.014402986293761e-7,0p0,0.0
1.457,1.014402986501651e-7,0p0,0.0
1.458,1.01440298670945e-7,0p0,0.0
1.459,1.014402986917157e-7,0p0,0.0
1.46,1.014402987124774e-7,0p0,0.0
1.461,1.014402987332299e-7,0p0,0.0
1.462,1.014402987539733e-7,0p0,0.0
1.463,1.014402987747076e-7,0p0,0.0
1.464,1.014402987954328e-7,0p0,0.0
1.465,1.01440298816149e-7,0p0,0.0
1.466,1.01440298836856e-7,0p0,0.0
1.467,1.014402988575538e-7,0p0,0.0
1.468,1.014402988782426e-7,0p0,0.0
1.469,1.014402988989223e-7,0p0,0.0
1.47,1.014402989195929e-7,0p0,0.0
1.471,1.014402989402543e-7,0p0,0.0
1.472,1.014402989609066e-7,0p0,0.0
1.473,1.014402989815499e-7,0p0,0.0
1.474,1.01440299002184e-7,0p0,0.0
1.475,1.01440299022809e-7,0p0,0.0
1.476,1.01440299043425e-7,0p0,0.0
1.477,1.014402990640317e-7,0p0,0.0
1.478,1.014402990846294e-7,0p0,0.0
1.479,1.01440299105218e-7,0p0,0.0
1.48,1.014402991257975e-7,0p0,0.0
1.481,1.014402991463678e-7,0p0,0.0
1.482,1.014402991669291e-7,0p0,0.0
1.483,1.014402991874813e-7,0p0,0.0
1.484,1.014402992080243e-7,0p0,0.0
1.485,1.014402992285582e-7,0p0,0.0
1.486,1.01440299249083e-7,0p0,0.0
1.487,1.014402992695988e-7,0p0,0.0
1.488,1.014402992901054e-7,0p0,0.0
1.489,1.014402993106029e-7,0p0,0.0
1.49,1.014402993310913e-7,0p0,0.0
1.491,1.014402993515743e-7,0p0,0.0
1.492,1.014402993720781e-7,0p0,0.0
1.493,1.01440299392582e-7,0p0,0.0
1.494,1.014402994130858e-7,0p0,0.0
1.495,1.014402994335896e-7,0p0,0.0
1.496,1.014402994540934e-7,0p0,0.0
1.497,1.014402994745973e-7,0p0,0.0
1.498,1.014402994951011e-7,0p0,0.0
1.499,1.014402995156049e-7,0p0,0.0
1.5,1.014402995361088e-7,0p0,0.0
1.500000003000721,1.014402995361089e-7,0p0,0.0
1.500000003000721,1.014402995361089e-7,0p0,0.0
1.501,1.014402947705288e-7,0p0,0.0
1.502,1.014402928058665e-7,0p0,0.0
1.503,1.014346395197208e-7,0p0,0.0
1.504,1.013260838755713e-7,0p0,0.0
1.505,1.010010403417285e-7,0p0,0.0
1.506,1.004929434606601e-7,0p0,0.0
1.507,9.984309526604977e-8,0p0,0.0
1.508,9.908498777043045e-8,0p0,0.0
1.509,9.824740795362772e-8,0p0,0.0
1.51,9.734938360991047e-8,0p0,0.0
1.511,9.640878220577451e-8,0p0,0.0
1.512,9.543914028584551e-8,0p0,0.0
1.513,9.445255133926603e-8,0p0,0.0
1.514,9.345797434437231e-8,0p0,0.0
1.515,9.246324020740642e-8,0p0,0.0
1.516,9.147420527385339e-8,0p0,0.0
1.517,9.049671305504523e-8,0p0,0.0
1.518,8.953460490441422e-8,0p0,0.0
1.519,8.859099054502846e-8,0p0,0.0
1.52,8.766829456279304e-8,0p0,0.0
1.521,8.676836189705583e-8,0p0,0.0
1.522,8.589255264552426e-8,0p0,0.0
1.523,8.504181813198224e-8,0p0,0.0
1.524,8.421679099608026e-8,0p0,0.0
1.525,8.341777403652066e-8,0p0,0.0
1.526,8.26449021222644e-8,0p0,0.0
1.527,8.189809354562889e-8,0p0,0.0
1.528,8.11770909442114e-8,0p0,0.0
1.529,8.048150823925542e-8,0p0,0.0
1.53,7.981085332262624e-8,0p0,0.0
1.531,7.916455473527876e-8,0p0,0.0
1.532,7.85419814463701e-8,0p0,0.0
1.533,7.79424485708528e-8,0p0,0.0
1.534,7.736523461106849e-8,0p0,0.0
1.535,7.680959263264078e-8,0p0,0.0
1.536,7.627475663358926e-8,0p0,0.0
1.537,7.575995433119842e-8,0p0,0.0
1.538,7.526442116536518e-8,0p0,0.0
1.539,7.478734981178837e-8,0p0,0.0
1.54,7.432781729550146e-8,0p0,0.0
1.541,7.388527671349111e-8,0p0,0.0
1.542,7.345896593869144e-8,0p0,0.0
1.543,7.304821339129838e-8,0p0,0.0
1.544,7.265233234659476e-8,0p0,0.0
1.545,7.227065550053852e-8,0p0,0.0
1.546,7.190253551125508e-8,0p0,0.0
1.547,7.154734742649145e-8,0p0,0.0
1.548,7.1204489599809e-8,0p0,0.0
1.549,7.087338418303645e-8,0p0,0.0
1.55,7.055347730232732e-8,0p0,0.0
1.551,7.024423902118653e-8,0p0,0.0
1.552,6.994516313964021e-8,0p0,0.0
1.553,6.965576686317497e-8,0p0,0.0
1.554,6.937559036643533e-8,0p0,0.0
1.555,6.910419627193138e-8,0p0,0.0
1.556,6.884116906077199e-8,0p0,0.0
1.557,6.85861144299706e-8,0p0,0.0
1.558,6.83386586088316e-8,0p0,0.0
1.559,6.809844764518803e-8,0p0,0.0
1.56,6.786514667074961e-8,0p0,0.0
1.561,6.763843915350266e-8,0p0,0.0
1.562,6.741802614394337e-8,0p0,0.0
1.563,6.720362552091371e-8,0p0,0.0
1.564,6.699497124191496e-8,0p0,0.0
1.565,6.67918126019953e-8,0p0,0.0
1.566,6.659391350462079e-8,0p0,0.0
1.567,6.640105174734241e-8,0p0,0.0
1.568,6.621301832454612e-8,0p0,0.0
1.569,6.602961674911815e-8,0p0,0.0
1.57,6.585066239445884e-8,0p0,0.0
1.571,6.567590366116702e-8,0p0,0.0
1.572,6.55052457134012e-8,0p0,0.0
1.573,6.533851245221121e-8,0p0,0.0
1.574,6.517568740421068e-8,0p0,0.0
1.575,6.501644725190895e-8,0p0,0.0
1.576,6.48608310566138e-8,0p0,0.0
1.577,6.470861731956777e-8,0p0,0.0
1.578,6.455976528993804e-8,0p0,0.0
1.579,6.441414031406337e-8,0p0,0.0
1.58,6.427163249106992e-8,0p0,0.0
1.581,6.413220523117611e-8,0p0,0.0
1.582,6.399567455088746e-8,0p0,0.0
1.583,6.386206668380183e-8,0p0,0.0
1.584,6.37312225483042e-8,0p0,0.0
1.585,6.36031290984126e-8,0p0,0.0
1.586,6.347768763055005e-8,0p0,0.0
1.587,6.335484068512431e-8,0p0,0.0
1.588,6.323455124583764e-8,0p0,0.0
1.589,6.311671511176323e-8,0p0,0.0
1.59,6.300134014875345e-8,0p0,0.0
1.591,6.288832292250384e-8,0p0,0.0
1.592,6.277766119146057e-8,0p0,0.0
1.593,6.26692838280733e-8,0p0,0.0
1.594,6.256316094655515e-8,0p0,0.0
1.595,6.245925984525766e-8,0p0,0.0
1.596,6.235752054089155e-8,0p0,0.0
1.597,6.225794201307235e-8,0p0,0.0
1.598,6.216045447079228e-8,0p0,0.0
1.599,6.206506000322177e-8,0p0,0.0
1.6,6.197170561575825e-8,0p0,0.0
1.601,6.188037532291949e-8,0p0,0.0
1.602,6.179104087054726e-8,0p0,0.0
1.603,6.170366555664801e-8,0p0,0.0
1.604,6.161824447463015e-8,0p0,0.0
1.605,6.153472670889502e-8,0p0,0.0
1.606,6.145311608429883e-8,0p0,0.0
1.607,6.137337013145747e-8,0p0,0.0
1.608,6.129547989617125e-8,0p0,0.0
1.609,6.121941986594273e-8,0p0,0.0
1.61,6.114516548148585e-8,0p0,0.0
1.611,6.10727098449839e-8,0p0,0.0
1.612,6.100201175438977e-8,0p0,0.0
1.613,6.093307600416307e-8,0p0,0.0
1.614,6.086586516742599e-8,0p0,0.0
1.615,6.080037415332372e-8,0p0,0.0
1.616,6.073657817550989e-8,0p0,0.0
1.617,6.067445926781112e-8,0p0,0.0
1.618,6.061400793597097e-8,0p0,0.0
1.619,6.055519043426372e-8,0p0,0.0
1.62,6.04980093883706e-8,0p0,0.0
1.621,6.044242985739494e-8,0p0,0.0
1.622,6.038844931052585e-8,0p0,0.0
1.623,6.033604203477517e-8,0p0,0.0
1.624,6.0285194115625e-8,0p0,0.0
1.625,6.023589307795351e-8,0p0,0.0
1.626,6.018808424035628e-8,0p0,0.0
1.627,6.014177419836183e-8,0p0,0.0
1.628,6.009696698585263e-8,0p0,0.0
1.629,6.005363670143208e-8,0p0,0.0
1.63,6.001174233343645e-8,0p0,0.0
1.631,5.997131565665232e-8,0p0,0.0
1.632,5.99323371315701e-8,0p0,0.0
1.633,5.989471497236959e-8,0p0,0.0
1.634,5.98585033577715e-8,0p0,0.0
1.635,5.982370008009364e-8,0p0,0.0
1.636,5.979020327744246e-8,0p0,0.0
1.637,5.975806676898251e-8,0p0,0.0
1.638,5.972729055471381e-8,0p0,0.0
1.639,5.969778447170912e-8,0p0,0.0
1.64,5.966957442051964e-8,0p0,0.0
1.641,5.964267213650864e-8,0p0,0.0
1.642,5.961700859881778e-8,0p0,0.0
1.643,5.959257558859713e-8,0p0,0.0
1.644,5.956939744632631e-8,0p0,0.0
1.645,5.954742497492725e-8,0p0,0.0
1.646,5.952661862326284e-8,0p0,0.0
1.647,5.95070138759179e-8,0p0,0.0
1.648,5.948858008027056e-8,0p0,0.0
1.649,5.947124940087789e-8,0p0,0.0
1.65,5.945506684758452e-8,0p0,0.0
1.651,5.944001884337963e-8,0p0,0.0
1.652,5.942601250827404e-8,0p0,0.0
1.653,5.94131007077837e-8,0p0,0.0
1.654,5.940128344190857e-8,0p0,0.0
1.655,5.939045196870743e-8,0p0,0.0
1.656,5.938065951193363e-8,0p0,0.0
1.657,5.937190799345438e-8,0p0,0.0
1.658,5.936411208581316e-8,0p0,0.0
1.659,5.935728788240439e-8,0p0,0.0
1.66,5.935145113086731e-8,0p0,0.0
1.661,5.934653833117722e-8,0p0,0.0
1.662,5.934253190869995e-8,0p0,0.0
1.663,5.933945968191236e-8,0p0,0.0
1.664,5.933727826908008e-8,0p0,0.0
1.665,5.933594007776551e-8,0p0,0.0
1.666,5.933548317926298e-8,0p0,0.0
1.667,5.933588249596573e-8,0p0,0.0
1.668,5.933706421311197e-8,0p0,0.0
1.669,5.933907479648925e-8,0p0,0.0
1.67,5.93419055757467e-8,0p0,0.0
1.671,5.934546040475428e-8,0p0,0.0
1.672,5.934979227025351e-8,0p0,0.0
1.673,5.935490117224439e-8,0p0,0.0
1.674,5.936068991515616e-8,0p0,0.0
1.675,5.93671987950074e-8,0p0,0.0
1.676,5.937443359468612e-8,0p0,0.0
1.677,5.938226645777867e-8,0p0,0.0
1.678,5.939070723110411e-8,0p0,0.0
1.679,5.939978733786887e-8,0p0,0.0
1.68,5.940950677807291e-8,0p0,0.0
1.681,5.941986555171625e-8,0p0,0.0
1.682,5.94308636587989e-8,0p0,0.0
1.683,5.944242286461613e-8,0p0,0.0
1.684,5.945446459693132e-8,0p0,0.0
1.685,5.946708801203108e-8,0p0,0.0
1.686,5.948029310991542e-8,0p0,0.0
1.687,5.949407989058434e-8,0p0,0.0
1.688,5.950844835403783e-8,0p0,0.0
1.689,5.952319897612712e-8,0p0,0.0
1.69,5.953836380195909e-8,0p0,0.0
1.691,5.955401956791092e-8,0p0,0.0
1.692,5.957016627398255e-8,0p0,0.0
1.693,5.958680392017405e-8,0p0,0.0
1.694,5.960393250648539e-8,0p0,0.0
1.695,5.962130584899077e-8,0p0,0.0
1.696,5.963908830422108e-8,0p0,0.0
1.697,5.965728593558016e-8,0p0,0.0
1.698,5.9675898743068e-8,0p0,0.0
1.699,5.969492672668456e-8,0p0,0.0
1.7,5.971431254091144e-8,0p0,0.0
1.701,5.973390057083005e-8,0p0,0.0
1.702,5.975382898951062e-8,0p0,0.0
1.703,5.977409779695315e-8,0p0,0.0
1.704,5.979470699315766e-8,0p0,0.0
1.705,5.981565657812412e-8,0p0,0.0
1.706,5.983682714392179e-8,0p0,0.0
1.707,5.985818277902168e-8,0p0,0.0
1.708,5.987980834677543e-8,0p0,0.0
1.709,5.990170384718299e-8,0p0,0.0
1.71,5.992386928024437e-8,0p0,0.0
1.711,5.994630464595962e-8,0p0,0.0
1.712,5.996883182924987e-8,0p0,0.0
1.713,5.999153144019787e-8,0p0,0.0
1.714,6.001443511238413e-8,0p0,0.0
1.715,6.003754284580868e-8,0p0,0.0
1.716,6.00608546404715e-8,0p0,0.0
1.717,6.008435066559859e-8,0p0,0.0
1.718,6.010785904158109e-8,0p0,0.0
1.719,6.013151050112277e-8,0p0,0.0
1.72,6.015530504422358e-8,0p0,0.0
1.721,6.01792426708836e-8,0p0,0.0
1.722,6.020332338110276e-8,0p0,0.0
1.723,6.022747935755003e-8,0p0,0.0
1.724,6.025163614899973e-8,0p0,0.0
1.725,6.027588006230263e-8,0p0,0.0
1.726,6.030021109745869e-8,0p0,0.0
1.727,6.032462925446792e-8,0p0,0.0
1.728,6.034913453333035e-8,0p0,0.0
1.729,6.037361597288e-8,0p0,0.0
1.73,6.039808987983812e-8,0p0,0.0
1.731,6.042260000165574e-8,0p0,0.0
1.732,6.044714633833278e-8,0p0,0.0
1.733,6.047172888986926e-8,0p0,0.0
1.734,6.049634765626518e-8,0p0,0.0
1.735,6.052085450822287e-8,0p0,0.0
1.736,6.054534732492806e-8,0p0,0.0
1.737,6.056983047768668e-8,0p0,0.0
1.738,6.059430396649865e-8,0p0,0.0
1.739,6.0618767791364e-8,0p0,0.0
1.74,6.064319125625297e-8,0p0,0.0
1.741,6.066748804561531e-8,0p0,0.0
1.742,6.069173424268342e-8,0p0,0.0
1.743,6.07159298474573e-8,0p0,0.0
1.744,6.074007485993693e-8,0p0,0.0
1.745,6.076416928012235e-8,0p0,0.0
1.746,6.078815259070479e-8,0p0,0.0
1.747,6.081200526421678e-8,0p0,0.0
1.748,6.083577124718405e-8,0p0,0.0
1.749,6.085945053960662e-8,0p0,0.0
1.75,6.088304314148448e-8,0p0,0.0
1.751,6.090654905281762e-8,0p0,0.0
1.752,6.092988392681987e-8,0p0,0.0
1.753,6.095308514032684e-8,0p0,0.0
1.754,6.097616823892245e-8,0p0,0.0
1.755,6.099913322260673e-8,0p0,0.0
1.756,6.10219800913796e-8,0p0,0.0
1.757,6.104470051613124e-8,0p0,0.0
1.758,6.106721785271075e-8,0p0,0.0
1.759,6.108959013766745e-8,0p0,0.0
1.76,6.111181737100134e-8,0p0,0.0
1.761,6.113389955271242e-8,0p0,0.0
1.762,6.115583668280069e-8,0p0,0.0
1.763,6.117760169813243e-8,0p0,0.0
1.764,6.119916377921664e-8,0p0,0.0
1.765,6.122055814865714e-8,0p0,0.0
1.766,6.124178480645394e-8,0p0,0.0
1.767,6.126284375260702e-8,0p0,0.0
1.768,6.12837349871164e-8,0p0,0.0
1.769,6.130441829207178e-8,0p0,0.0
1.77,6.132489902022399e-8,0p0,0.0
1.771,6.13451934225554e-8,0p0,0.0
1.772,6.136530149906608e-8,0p0,0.0
1.773,6.138522324975597e-8,0p0,0.0
1.774,6.14049586746251e-8,0p0,0.0
1.775,6.142446024710056e-8,0p0,0.0
1.776,6.144375904216642e-8,0p0,0.0
1.777,6.146285669682789e-8,0p0,0.0
1.778,6.148175321108495e-8,0p0,0.0
1.779,6.150044858493762e-8,0p0,0.0
1.78,6.151893455295488e-8,0p0,0.0
1.781,6.153718702504555e-8,0p0,0.0
1.782,6.155522708420871e-8,0p0,0.0
1.783,6.157305473044433e-8,0p0,0.0
1.784,6.159066996375242e-8,0p0,0.0
1.785,6.160807278413302e-8,0p0,0.0
1.786,6.162524993370755e-8,0p0,0.0
1.787,6.164219683786633e-8,0p0,0.0
1.788,6.165892333359223e-8,0p0,0.0
1.789,6.167542942088531e-8,0p0,0.0
1.79,6.16917150997455e-8,0p0,0.0
1.791,6.170778037017284e-8,0p0,0.0
1.792,6.172361194373652e-8,0p0,0.0
1.793,6.17392155818898e-8,0p0,0.0
1.794,6.175459382400107e-8,0p0,0.0
1.795,6.176974667007034e-8,0p0,0.0
1.796,6.178467412009761e-8,0p0,0.0
1.797,6.179937579921248e-8,0p0,0.0
1.798,6.181384803600988e-8,0p0,0.0
1.799,6.182809359837434e-8,0p0,0.0
1.8,6.18421124863059e-8,0p0,0.0
1.801,6.185590469980456e-8,0p0,0.0
1.802,6.186947023887027e-8,0p0,0.0
1.803,6.188280910350309e-8,0p0,0.0
1.804,6.189592129370302e-8,0p0,0.0
1.805,6.190880680946999e-8,0p0,0.0
1.806,6.192146565080408e-8,0p0,0.0
1.807,6.193389781770525e-8,0p0,0.0
1.808,6.194610331017348e-8,0p0,0.0
1.809,6.195809712696113e-8,0p0,0.0
1.81,6.196987471995124e-8,0p0,0.0
1.811,6.198142933444063e-8,0p0,0.0
1.812,6.199276097042931e-8,0p0,0.0
1.813,6.20038696279173e-8,0p0,0.0
1.814,6.201475530690456e-8,0p0,0.0
1.815,6.20254180073911e-8,0p0,0.0
1.816,6.203585772937695e-8,0p0,0.0
1.817,6.204607447286209e-8,0p0,0.0
1.818,6.205606823784651e-8,0p0,0.0
1.819,6.20658592861779e-8,0p0,0.0
1.82,6.207546675944796e-8,0p0,0.0
1.821,6.208486115359422e-8,0p0,0.0
1.822,6.209404246861671e-8,0p0,0.0
1.823,6.210301070451541e-8,0p0,0.0
1.824,6.211176586129034e-8,0p0,0.0
1.825,6.212030793894148e-8,0p0,0.0
1.826,6.212863693746884e-8,0p0,0.0
1.827,6.213675285687242e-8,0p0,0.0
1.828,6.214465569715222e-8,0p0,0.0
1.829,6.215235193769478e-8,0p0,0.0
1.83,6.215990283585014e-8,0p0,0.0
1.831,6.216725358435212e-8,0p0,0.0
1.832,6.21744041832007e-8,0p0,0.0
1.833,6.218135463239589e-8,0p0,0.0
1.834,6.218810493193766e-8,0p0,0.0
1.835,6.219465508182606e-8,0p0,0.0
1.836,6.220100508206102e-8,0p0,0.0
1.837,6.220715493264259e-8,0p0,0.0
1.838,6.221310463357078e-8,0p0,0.0
1.839,6.221885418484555e-8,0p0,0.0
1.84,6.22244787295284e-8,0p0,0.0
1.841,6.222993595486524e-8,0p0,0.0
1.842,6.223520976289346e-8,0p0,0.0
1.843,6.224030015361305e-8,0p0,0.0
1.844,6.224520712702403e-8,0p0,0.0
1.845,6.224993068312638e-8,0p0,0.0
1.846,6.225447082192012e-8,0p0,0.0
1.847,6.225882754340522e-8,0p0,0.0
1.848,6.226300084758171e-8,0p0,0.0
1.849,6.226699073444958e-8,0p0,0.0
1.85,6.227085119600143e-8,0p0,0.0
1.851,6.227459217547699e-8,0p0,0.0
1.852,6.2278168863444e-8,0p0,0.0
1.853,6.228158125990242e-8,0p0,0.0
1.854,6.228482936485225e-8,0p0,0.0
1.855,6.228791317829347e-8,0p0,0.0
1.856,6.229083270022611e-8,0p0,0.0
1.857,6.229358793065017e-8,0p0,0.0
1.858,6.229617886956568e-8,0p0,0.0
1.859,6.229860551697255e-8,0p0,0.0
1.86,6.230089336952956e-8,0p0,0.0
1.861,6.230311255378905e-8,0p0,0.0
1.862,6.230518804946714e-8,0p0,0.0
1.863,6.230711985656387e-8,0p0,0.0
1.864,6.23089079750792e-8,0p0,0.0
1.865,6.231055240501317e-8,0p0,0.0
1.866,6.231205314636572e-8,0p0,0.0
1.867,6.23134101991369e-8,0p0,0.0
1.868,6.231462356332668e-8,0p0,0.0
1.869,6.231569323893512e-8,0p0,0.0
1.87,6.231661922596214e-8,0p0,0.0
1.871,6.231751446063325e-8,0p0,0.0
1.872,6.231829284076943e-8,0p0,0.0
1.873,6.231894873640526e-8,0p0,0.0
1.874,6.231948214754066e-8,0p0,0.0
1.875,6.231989307417568e-8,0p0,0.0
1.876,6.23201815163103e-8,0p0,0.0
1.877,6.23203474739445e-8,0p0,0.0
1.878,6.232039094707833e-8,0p0,0.0
1.879,6.232031193571172e-8,0p0,0.0
1.88,6.232011043984475e-8,0p0,0.0
1.881,6.231986269507232e-8,0p0,0.0
1.882,6.231954905877148e-8,0p0,0.0
1.883,6.231913400659685e-8,0p0,0.0
1.884,6.231861753854837e-8,0p0,0.0
1.885,6.231799965462609e-8,0p0,0.0
1.886,6.231728035482997e-8,0p0,0.0
1.887,6.231645963916005e-8,0p0,0.0
1.888,6.231553750761629e-8,0p0,0.0
1.889,6.231451396019873e-8,0p0,0.0
1.89,6.231338899690733e-8,0p0,0.0
1.891,6.231220313338061e-8,0p0,0.0
1.892,6.231099765768748e-8,0p0,0.0
1.893,6.2309711093507e-8,0p0,0.0
1.894,6.23083434408392e-8,0p0,0.0
1.895,6.230689469968406e-8,0p0,0.0
1.896,6.230536487004159e-8,0p0,0.0
1.897,6.230375395191179e-8,0p0,0.0
1.898,6.230206194529467e-8,0p0,0.0
1.899,6.230028885019022e-8,0p0,0.0
1.9,6.229843466659842e-8,0p0,0.0
1.901,6.229650799961581e-8,0p0,0.0
1.902,6.229460114546491e-8,0p0,0.0
1.903,6.22926323126802e-8,0p0,0.0
1.904,6.22906015012617e-8,0p0,0.0
1.905,6.228850871120939e-8,0p0,0.0
1.906,6.228635394252324e-8,0p0,0.0
1.907,6.228413719520328e-8,0p0,0.0
1.908,6.228185846924953e-8,0p0,0.0
1.909,6.227951776466197e-8,0p0,0.0
1.91,6.227711508144058e-8,0p0,0.0
1.911,6.227465041958539e-8,0p0,0.0
1.912,6.227220152456386e-8,0p0,0.0
1.913,6.226972590343292e-8,0p0,0.0
1.914,6.226720584105598e-8,0p0,0.0
1.915,6.226464133743301e-8,0p0,0.0
1.916,6.226203239256404e-8,0p0,0.0
1.917,6.225937900644898e-8,0p0,0.0
1.918,6.225668117908792e-8,0p0,0.0
1.919,6.225393891048082e-8,0p0,0.0
1.92,6.225115220062767e-8,0p0,0.0
1.921,6.224832104952852e-8,0p0,0.0
1.922,6.224548897241919e-8,0p0,0.0
1.923,6.224266571800357e-8,0p0,0.0
1.924,6.223981374304461e-8,0p0,0.0
1.925,6.223693304754226e-8,0p0,0.0
1.926,6.223402363149658e-8,0p0,0.0
1.927,6.223108549490755e-8,0p0,0.0
1.928,6.222811863777516e-8,0p0,0.0
1.929,6.222512306009941e-8,0p0,0.0
1.93,6.222209876188033e-8,0p0,0.0
1.931,6.22190457431179e-8,0p0,0.0
1.932,6.22159803119294e-8,0p0,0.0
1.933,6.2212950599477e-8,0p0,0.0
1.934,6.220990592463073e-8,0p0,0.0
1.935,6.22068462873906e-8,0p0,0.0
1.936,6.220377168775658e-8,0p0,0.0
1.937,6.220068212572867e-8,0p0,0.0
1.938,6.219757760130689e-8,0p0,0.0
1.939,6.219445811449121e-8,0p0,0.0
1.94,6.21913236652817e-8,0p0,0.0
1.941,6.218817425367825e-8,0p0,0.0
1.942,6.218500987968095e-8,0p0,0.0
1.943,6.218189235143791e-8,0p0,0.0
1.944,6.217877529109151e-8,0p0,0.0
1.945,6.2175655003224e-8,0p0,0.0
1.946,6.21725314878354e-8,0p0,0.0
1.947,6.216940474492567e-8,0p0,0.0
1.948,6.216627477449482e-8,0p0,0.0
1.949,6.216314157654287e-8,0p0,0.0
1.95,6.216000515106978e-8,0p0,0.0
1.951,6.21568654980756e-8,0p0,0.0
1.952,6.215372261756031e-8,0p0,0.0
1.953,6.215061114253259e-8,0p0,0.0
1.954,6.214752300918623e-8,0p0,0.0
1.955,6.214444137089335e-8,0p0,0.0
1.956,6.214136622765399e-8,0p0,0.0
1.957,6.213829757946816e-8,0p0,0.0
1.958,6.213523542633581e-8,0p0,0.0
1.959,6.213217976825697e-8,0p0,0.0
1.96,6.212913060523164e-8,0p0,0.0
1.961,6.212608793725986e-8,0p0,0.0
1.962,6.212305176434153e-8,0p0,0.0
1.963,6.212003717628164e-8,0p0,0.0
1.964,6.211706073232815e-8,0p0,0.0
1.965,6.21140985631826e-8,0p0,0.0
1.966,6.211115066884502e-8,0p0,0.0
1.967,6.210821704931535e-8,0p0,0.0
1.968,6.210529770459364e-8,0p0,0.0
1.969,6.210239263467986e-8,0p0,0.0
1.97,6.209950183957401e-8,0p0,0.0
1.971,6.20966253192761e-8,0p0,0.0
1.972,6.209376307378614e-8,0p0,0.0
1.973,6.209091748137373e-8,0p0,0.0
1.974,6.208811783662909e-8,0p0,0.0
1.975,6.20853384190071e-8,0p0,0.0
1.976,6.208257922850778e-8,0p0,0.0
1.977,6.20798402651311e-8,0p0,0.0
1.978,6.207712152887714e-8,0p0,0.0
1.979,6.207442301974585e-8,0p0,0.0
1.98,6.207174473773719e-8,0p0,0.0
1.981,6.206908668285121e-8,0p0,0.0
1.982,6.206644885508789e-8,0p0,0.0
1.983,6.206383125444723e-8,0p0,0.0
1.984,6.206125258358669e-8,0p0,0.0
1.985,6.205870293703531e-8,0p0,0.0
1.986,6.205617779204853e-8,0p0,0.0
1.987,6.20536771486264e-8,0p0,0.0
1.988,6.205120100676883e-8,0p0,0.0
1.989,6.204874936647586e-8,0p0,0.0
1.99,6.204632222774748e-8,0p0,0.0
1.991,6.204391959058374e-8,0p0,0.0
1.992,6.204154145498458e-8,0p0,0.0
1.993,6.203918782095e-8,0p0,0.0
1.994,6.20368680805101e-8,0p0,0.0
1.995,6.203458472663683e-8,0p0,0.0
1.996,6.203232933600618e-8,0p0,0.0
1.997,6.203010190861812e-8,0p0,0.0
1.998,6.202790244447266e-8,0p0,0.0
1.999,6.202573094356982e-8,0p0,0.0
2.0,6.202358740590958e-8,0p0,0.0
2.001,6.202147183149194e-8,0p0,0.0
2.002,6.201938422031693e-8,0p0,0.0
2.003,6.201732457238453e-8,0p0,0.0
2.004,6.201529288769473e-8,0p0,0.0
2.005,6.20132891662475e-8,0p0,0.0
2.006,6.201131340804291e-8,0p0,0.0
2.007,6.200936561308094e-8,0p0,0.0
2.008,6.200744578136156e-8,0p0,0.0
2.009,6.20055539128848e-8,0p0,0.0
2.01,6.200369000765063e-8,0p0,0.0
2.011,6.200185406565908e-8,0p0,0.0
2.012,6.200004608691014e-8,0p0,0.0
2.013,6.19982660714038e-8,0p0,0.0
2.014,6.199651401914005e-8,0p0,0.0
2.015,6.199479065234224e-8,0p0,0.0
2.016,6.199309537399111e-8,0p0,0.0
2.017,6.199142813121461e-8,0p0,0.0
2.018,6.198978892401273e-8,0p0,0.0
2.019,6.198817775238548e-8,0p0,0.0
2.02,6.198659461633286e-8,0p0,0.0
2.021,6.198503951585488e-8,0p0,0.0
2.022,6.198351245095152e-8,0p0,0.0
2.023,6.19820134216228e-8,0p0,0.0
2.024,6.198054242786871e-8,0p0,0.0
2.025,6.197909946968925e-8,0p0,0.0
2.026,6.197768454708443e-8,0p0,0.0
2.027,6.197629766005423e-8,0p0,0.0
2.028,6.197493880859864e-8,0p0,0.0
2.029,6.19736079927177e-8,0p0,0.0
2.03,6.19723052124114e-8,0p0,0.0
2.031,6.197103046767971e-8,0p0,0.0
2.032,6.196978375852266e-8,0p0,0.0
2.033,6.196855899255815e-8,0p0,0.0
2.034,6.196735246088867e-8,0p0,0.0
2.035,6.196617240204215e-8,0p0,0.0
2.036,6.196501881601856e-8,0p0,0.0
2.037,6.196389170281794e-8,0p0,0.0
2.038,6.196279106244024e-8,0p0,0.0
2.039,6.19617168948855e-8,0p0,0.0
2.04,6.19606692001537e-8,0p0,0.0
2.041,6.195964797824485e-8,0p0,0.0
2.042,6.195865322915893e-8,0p0,0.0
2.043,6.195768495289597e-8,0p0,0.0
2.044,6.195674314945594e-8,0p0,0.0
2.045,6.195582781883886e-8,0p0,0.0
2.046,6.195493896104472e-8,0p0,0.0
2.047,6.195407657607354e-8,0p0,0.0
2.048,6.19532406639253e-8,0p0,0.0
2.049,6.19524312246e-8,0p0,0.0
2.05,6.195164825809765e-8,0p0,0.0
2.051,6.195089176441822e-8,0p0,0.0
2.052,6.195013536178951e-8,0p0,0.0
2.053,6.19493994639151e-8,0p0,0.0
2.054,6.194868700232423e-8,0p0,0.0
2.055,6.194799797701691e-8,0p0,0.0
2.056,6.194733238799317e-8,0p0,0.0
2.057,6.194669023525292e-8,0p0,0.0
2.058,6.194607151879627e-8,0p0,0.0
2.059,6.194547623862314e-8,0p0,0.0
2.06,6.194490439473358e-8,0p0,0.0
2.061,6.194435598712757e-8,0p0,0.0
2.062,6.194383101580509e-8,0p0,0.0
2.063,6.194332948076616e-8,0p0,0.0
2.064,6.19428513820108e-8,0p0,0.0
2.065,6.194239671953896e-8,0p0,0.0
2.066,6.194196549335069e-8,0p0,0.0
2.067,6.194155770344597e-8,0p0,0.0
2.068,6.19411733498248e-8,0p0,0.0
2.069,6.194081243248717e-8,0p0,0.0
2.07,6.194046002601036e-8,0p0,0.0
2.071,6.194010365467304e-8,0p0,0.0
2.072,6.193976654405913e-8,0p0,0.0
2.073,6.193944869416863e-8,0p0,0.0
2.074,6.193915010500154e-8,0p0,0.0
2.075,6.193887077655785e-8,0p0,0.0
2.076,6.193861070883756e-8,0p0,0.0
2.077,6.193836990184069e-8,0p0,0.0
2.078,6.193814835556722e-8,0p0,0.0
2.079,6.193794607001716e-8,0p0,0.0
2.08,6.19377630451905e-8,0p0,0.0
2.081,6.193759928108726e-8,0p0,0.0
2.082,6.193745477770742e-8,0p0,0.0
2.083,6.193732953505098e-8,0p0,0.0
2.084,6.193722355311796e-8,0p0,0.0
2.085,6.193713683190835e-8,0p0,0.0
2.086,6.193706937142213e-8,0p0,0.0
2.087,6.193702117165933e-8,0p0,0.0
2.088,6.193699223261994e-8,0p0,0.0
2.089,6.193694409325654e-8,0p0,0.0
2.09,6.193690474640083e-8,0p0,0.0
2.091,6.193688005297467e-8,0p0,0.0
2.092,6.193687001297808e-8,0p0,0.0
2.093,6.193687462641101e-8,0p0,0.0
2.094,6.193689389327352e-8,0p0,0.0
2.095,6.193692781356558e-8,0p0,0.0
2.096,6.19369763872872e-8,0p0,0.0
2.097,6.193703961443836e-8,0p0,0.0
2.098,6.19371174950191e-8,0p0,0.0
2.099,6.193721002902937e-8,0p0,0.0
2.1,6.193731721646919e-8,0p0,0.0
2.101,6.193743905733858e-8,0p0,0.0
2.102,6.193757555163751e-8,0p0,0.0
2.103,6.193772669936601e-8,0p0,0.0
2.104,6.193789250052408e-8,0p0,0.0
2.105,6.193807295511166e-8,0p0,0.0
2.106,6.193826806312881e-8,0p0,0.0
2.107,6.193846303154206e-8,0p0,0.0
2.108,6.193864148203425e-8,0p0,0.0
2.109,6.193883003645679e-8,0p0,0.0
2.11,6.193902869480966e-8,0p0,0.0
2.111,6.193923745709287e-8,0p0,0.0
2.112,6.19394563233064e-8,0p0,0.0
2.113,6.193968529345027e-8,0p0,0.0
2.114,6.193992436752447e-8,0p0,0.0
2.115,6.194017354552899e-8,0p0,0.0
2.116,6.194043282746387e-8,0p0,0.0
2.117,6.194070221332906e-8,0p0,0.0
2.118,6.19409817031246e-8,0p0,0.0
2.119,6.194127129685045e-8,0p0,0.0
2.12,6.194157099450667e-8,0p0,0.0
2.121,6.194188079609321e-8,0p0,0.0
2.122,6.194220070161007e-8,0p0,0.0
2.123,6.194253071105728e-8,0p0,0.0
2.124,6.19428708244348e-8,0p0,0.0
2.125,6.194322104174267e-8,0p0,0.0
2.126,6.19435483621679e-8,0p0,0.0
2.127,6.194387516507063e-8,0p0,0.0
2.128,6.194420795130557e-8,0p0,0.0
2.129,6.194454672087272e-8,0p0,0.0
2.13,6.194489147377205e-8,0p0,0.0
2.131,6.194524221000362e-8,0p0,0.0
2.132,6.194559892956735e-8,0p0,0.0
2.133,6.19459616324633e-8,0p0,0.0
2.134,6.194633031869146e-8,0p0,0.0
2.135,6.194670498825182e-8,0p0,0.0
2.136,6.194708564114437e-8,0p0,0.0
2.137,6.194747227736911e-8,0p0,0.0
2.138,6.194786489692608e-8,0p0,0.0
2.139,6.194826349981525e-8,0p0,0.0
2.14,6.194866808603662e-8,0p0,0.0
2.141,6.194907865559019e-8,0p0,0.0
2.142,6.194949520847596e-8,0p0,0.0
2.143,6.194991774469392e-8,0p0,0.0
2.144,6.195033612457896e-8,0p0,0.0
2.145,6.195073577785752e-8,0p0,0.0
2.146,6.195113795359867e-8,0p0,0.0
2.147,6.195154265180239e-8,0p0,0.0
2.148,6.19519498724687e-8,0p0,0.0
2.149,6.195235961559758e-8,0p0,0.0
2.15,6.195277188118905e-8,0p0,0.0
2.151,6.195318666924309e-8,0p0,0.0
2.152,6.19536039797597e-8,0p0,0.0
2.153,6.195402381273892e-8,0p0,0.0
2.154,6.19544461681807e-8,0p0,0.0
2.155,6.195487104608505e-8,0p0,0.0
2.156,6.195529844645199e-8,0p0,0.0
2.157,6.195572836928152e-8,0p0,0.0
2.158,6.195616081457361e-8,0p0,0.0
2.159,6.195659578232829e-8,0p0,0.0
2.16,6.195703327254555e-8,0p0,0.0
2.161,6.195747328522537e-8,0p0,0.0
2.162,6.19579158203678e-8,0p0,0.0
2.163,6.19583402367165e-8,0p0,0.0
2.164,6.195875942014541e-8,0p0,0.0
2.165,6.195917843513324e-8,0p0,0.0
2.166,6.195959728168001e-8,0p0,0.0
2.167,6.196001595978571e-8,0p0,0.0
2.168,6.196043446945035e-8,0p0,0.0
2.169,6.196085281067391e-8,0p0,0.0
2.17,6.196127098345641e-8,0p0,0.0
2.171,6.196168898779785e-8,0p0,0.0
2.172,6.19621068236982e-8,0p0,0.0
2.173,6.196252449115751e-8,0p0,0.0
2.174,6.196294199017573e-8,0p0,0.0
2.175,6.196335932075289e-8,0p0,0.0
2.176,6.196377648288899e-8,0p0,0.0
2.177,6.196419347658401e-8,0p0,0.0
2.178,6.196461030183797e-8,0p0,0.0
2.179,6.196502695865086e-8,0p0,0.0
2.18,6.196544344702269e-8,0p0,0.0
2.181,6.196585478856958e-8,0p0,0.0
2.182,6.196625179086369e-8,0p0,0.0
2.183,6.196664671667442e-8,0p0,0.0
2.184,6.196703956600179e-8,0p0,0.0
2.185,6.196743033884579e-8,0p0,0.0
2.186,6.196781903520643e-8,0p0,0.0
2.187,6.196820565508369e-8,0p0,0.0
2.188,6.19685901984776e-8,0p0,0.0
2.189,6.196897266538814e-8,0p0,0.0
2.19,6.196935305581532e-8,0p0,0.0
2.191,6.196973136975914e-8,0p0,0.0
2.192,6.197010760721957e-8,0p0,0.0
2.193,6.197048176819666e-8,0p0,0.0
2.194,6.197085385269038e-8,0p0,0.0
2.195,6.19712238607007e-8,0p0,0.0
2.196,6.197159179222768e-8,0p0,0.0
2.197,6.197195764727131e-8,0p0,0.0
2.198,6.197232142583157e-8,0p0,0.0
2.199,6.197268312790844e-8,0p0,0.0
2.2,6.197303212417611e-8,0p0,0.0
2.201,6.19733744272609e-8,0p0,0.0
2.202,6.197371320451851e-8,0p0,0.0
2.203,6.197404845594899e-8,0p0,0.0
2.204,6.197438018155231e-8,0p0,0.0
2.205,6.197470838132846e-8,0p0,0.0
2.206,6.197503305527746e-8,0p0,0.0
2.207,6.197535420339932e-8,0p0,0.0
2.208,6.197567182569401e-8,0p0,0.0
2.209,6.197598592216155e-8,0p0,0.0
2.21,6.197629649280192e-8,0p0,0.0
2.211,6.197660353761515e-8,0p0,0.0
2.212,6.197690705660121e-8,0p0,0.0
2.213,6.197720704976012e-8,0p0,0.0
2.214,6.197750351709188e-8,0p0,0.0
2.215,6.197779645859648e-8,0p0,0.0
2.216,6.197808587427392e-8,0p0,0.0
2.217,6.197837176412421e-8,0p0,0.0
2.218,6.197865412814733e-8,0p0,0.0
2.219,6.197893296634332e-8,0p0,0.0
2.22,6.197920827871213e-8,0p0,0.0
2.221,6.19794800652538e-8,0p0,0.0
2.222,6.197974832596831e-8,0p0,0.0
2.223,6.198001306085565e-8,0p0,0.0
2.224,6.198027426991584e-8,0p0,0.0
2.225,6.198053195314887e-8,0p0,0.0
2.226,6.198078611055475e-8,0p0,0.0
2.227,6.198103674213348e-8,0p0,0.0
2.228,6.198128384788506e-8,0p0,0.0
2.229,6.198152742780947e-8,0p0,0.0
2.23,6.198176748190672e-8,0p0,0.0
2.231,6.198200401017683e-8,0p0,0.0
2.232,6.198223701261978e-8,0p0,0.0
2.233,6.198246648923556e-8,0p0,0.0
2.234,6.198269244002421e-8,0p0,0.0
2.235,6.198291486498568e-8,0p0,0.0
2.236,6.198313376411998e-8,0p0,0.0
2.237,6.198334967120474e-8,0p0,0.0
2.238,6.198356228616884e-8,0p0,0.0
2.239,6.19837714141774e-8,0p0,0.0
2.24,6.198397705523036e-8,0p0,0.0
2.241,6.198417920932779e-8,0p0,0.0
2.242,6.198437787646963e-8,0p0,0.0
2.243,6.198457305665594e-8,0p0,0.0
2.244,6.198476474988665e-8,0p0,0.0
2.245,6.198495295616182e-8,0p0,0.0
2.246,6.198513767548141e-8,0p0,0.0
2.247,6.198531890784546e-8,0p0,0.0
2.248,6.198549665325392e-8,0p0,0.0
2.249,6.198567091170683e-8,0p0,0.0
2.25,6.198584168320418e-8,0p0,0.0
2.251,6.198600896774595e-8,0p0,0.0
2.252,6.198617276533217e-8,0p0,0.0
2.253,6.198633307596283e-8,0p0,0.0
2.254,6.198648989963793e-8,0p0,0.0
2.255,6.198664323635746e-8,0p0,0.0
2.256,6.19867930861214e-8,0p0,0.0
2.257,6.198693944892982e-8,0p0,0.0
2.258,6.198708232478265e-8,0p0,0.0
2.259,6.198722171367992e-8,0p0,0.0
2.26,6.198735761562164e-8,0p0,0.0
2.261,6.198749003060779e-8,0p0,0.0
2.262,6.198761895863836e-8,0p0,0.0
2.263,6.198774439971339e-8,0p0,0.0
2.264,6.198786635383284e-8,0p0,0.0
2.265,6.198798482099675e-8,0p0,0.0
2.266,6.198809980120506e-8,0p0,0.0
2.267,6.198821129445785e-8,0p0,0.0
2.268,6.198831930075503e-8,0p0,0.0
2.269,6.198842382009668e-8,0p0,0.0
2.27,6.198852485248275e-8,0p0,0.0
2.271,6.198862239791328e-8,0p0,0.0
2.272,6.198871645638821e-8,0p0,0.0
2.273,6.198880702790762e-8,0p0,0.0
2.274,6.198890134250148e-8,0p0,0.0
2.275,6.198899582982596e-8,0p0,0.0
2.276,6.19890873826773e-8,0p0,0.0
2.277,6.198917600105545e-8,0p0,0.0
2.278,6.198926168496047e-8,0p0,0.0
2.279,6.198934443439231e-8,0p0,0.0
2.28,6.1989424249351e-8,0p0,0.0
2.281,6.198950112983654e-8,0p0,0.0
2.282,6.198957507584891e-8,0p0,0.0
2.283,6.198964608738813e-8,0p0,0.0
2.284,6.198971416445421e-8,0p0,0.0
2.285,6.198977930704708e-8,0p0,0.0
2.286,6.198984151516683e-8,0p0,0.0
2.287,6.198990078881339e-8,0p0,0.0
2.288,6.198995712798683e-8,0p0,0.0
2.289,6.199001053268708e-8,0p0,0.0
2.29,6.19900610029142e-8,0p0,0.0
2.291,6.199010853866814e-8,0p0,0.0
2.292,6.199015313994894e-8,0p0,0.0
2.293,6.199019480675656e-8,0p0,0.0
2.294,6.199023353909102e-8,0p0,0.0
2.295,6.199026933695232e-8,0p0,0.0
2.296,6.19903022003405e-8,0p0,0.0
2.297,6.199033212925547e-8,0p0,0.0
2.298,6.199035912369731e-8,0p0,0.0
2.299,6.199038318366597e-8,0p0,0.0
2.3,6.19904043091615e-8,0p0,0.0
2.301,6.199042250018386e-8,0p0,0.0
2.302,6.199043775673307e-8,0p0,0.0
2.303,6.199045007880912e-8,0p0,0.0
2.304,6.1990459466412e-8,0p0,0.0
2.305,6.199046591954171e-8,0p0,0.0
2.306,6.199046943819828e-8,0p0,0.0
2.307,6.199047002238168e-8,0p0,0.0
2.308,6.199046767209193e-8,0p0,0.0
2.309,6.199046238732901e-8,0p0,0.0
2.31,6.199045416809294e-8,0p0,0.0
2.311,6.199045559013309e-8,0p0,0.0
2.312,6.199046139011404e-8,0p0,0.0
2.313,6.199046526635559e-8,0p0,0.0
2.314,6.199046721885772e-8,0p0,0.0
2.315,6.199046724762045e-8,0p0,0.0
2.316,6.199046535264373e-8,0p0,0.0
2.317,6.199046153392761e-8,0p0,0.0
2.318,6.199045579147208e-8,0p0,0.0
2.319,6.199044812527716e-8,0p0,0.0
2.32,6.19904385353428e-8,0p0,0.0
2.321,6.199042702166901e-8,0p0,0.0
2.322,6.199041358425584e-8,0p0,0.0
2.323,6.199039822310327e-8,0p0,0.0
2.324,6.199038093821126e-8,0p0,0.0
2.325,6.199036172957981e-8,0p0,0.0
2.326,6.199034059720897e-8,0p0,0.0
2.327,6.199031754109874e-8,0p0,0.0
2.328,6.199029256124907e-8,0p0,0.0
2.329,6.199026565766e-8,0p0,0.0
2.33,6.19902368303315e-8,0p0,0.0
2.331,6.199020607926362e-8,0p0,0.0
2.332,6.19901734044563e-8,0p0,0.0
2.333,6.199013880590958e-8,0p0,0.0
2.334,6.199010228362341e-8,0p0,0.0
2.335,6.199006383759788e-8,0p0,0.0
2.336,6.19900234678329e-8,0p0,0.0
2.337,6.198998117432852e-8,0p0,0.0
2.338,6.19899369570847e-8,0p0,0.0
2.339,6.19898908161015e-8,0p0,0.0
2.34,6.198984275137888e-8,0p0,0.0
2.341,6.198979276291685e-8,0p0,0.0
2.342,6.19897408507154e-8,0p0,0.0
2.343,6.198968701477452e-8,0p0,0.0
2.344,6.198963125509424e-8,0p0,0.0
2.345,6.198957357167457e-8,0p0,0.0
2.346,6.198951396451545e-8,0p0,0.0
2.347,6.198945243361692e-8,0p0,0.0
2.348,6.198940130102823e-8,0p0,0.0
2.349,6.198935643669548e-8,0p0,0.0
2.35,6.198931069294631e-8,0p0,0.0
2.351,6.198926406978074e-8,0p0,0.0
2.352,6.198921656719877e-8,0p0,0.0
2.353,6.198916818520038e-8,0p0,0.0
2.354,6.19891189237856e-8,0p0,0.0
2.355,6.198906878295438e-8,0p0,0.0
2.356,6.198901776270678e-8,0p0,0.0
2.357,6.198896586304275e-8,0p0,0.0
2.358,6.198891308396232e-8,0p0,0.0
2.359,6.19888594254655e-8,0p0,0.0
2.36,6.198880488755225e-8,0p0,0.0
2.361,6.198874947022261e-8,0p0,0.0
2.362,6.198869317347653e-8,0p0,0.0
2.363,6.198863599731409e-8,0p0,0.0
2.364,6.198857794173522e-8,0p0,0.0
2.365,6.198851900673994e-8,0p0,0.0
2.366,6.198845919232824e-8,0p0,0.0
2.367,6.198839849850014e-8,0p0,0.0
2.368,6.198833692525563e-8,0p0,0.0
2.369,6.198827447259473e-8,0p0,0.0
2.37,6.19882111405174e-8,0p0,0.0
2.371,6.198814692902368e-8,0p0,0.0
2.372,6.198808183811355e-8,0p0,0.0
2.373,6.198801586778699e-8,0p0,0.0
2.374,6.198794901804404e-8,0p0,0.0
2.375,6.198788128888467e-8,0p0,0.0
2.376,6.19878126803089e-8,0p0,0.0
2.377,6.198774319231672e-8,0p0,0.0
2.378,6.198767282490814e-8,0p0,0.0
2.379,6.198760157808316e-8,0p0,0.0
2.38,6.198752945184177e-8,0p0,0.0
2.381,6.198745644618395e-8,0p0,0.0
2.382,6.198738256110972e-8,0p0,0.0
2.383,6.19873077966191e-8,0p0,0.0
2.384,6.198723215271208e-8,0p0,0.0
2.385,6.198716462511071e-8,0p0,0.0
2.386,6.198710303335756e-8,0p0,0.0
2.387,6.198704136846682e-8,0p0,0.0
2.388,6.198697963043852e-8,0p0,0.0
2.389,6.198691781927265e-8,0p0,0.0
2.39,6.198685593496918e-8,0p0,0.0
2.391,6.198679397752811e-8,0p0,0.0
2.392,6.198673194694948e-8,0p0,0.0
2.393,6.198666984323325e-8,0p0,0.0
2.394,6.198660766637946e-8,0p0,0.0
2.395,6.198654541638807e-8,0p0,0.0
2.396,6.19864830932591e-8,0p0,0.0
2.397,6.198642069699253e-8,0p0,0.0
2.398,6.19863582275884e-8,0p0,0.0
2.399,6.198629568504668e-8,0p0,0.0
2.4,6.19862330693674e-8,0p0,0.0
2.401,6.19861703805505e-8,0p0,0.0
2.402,6.198610761859604e-8,0p0,0.0
2.403,6.198604478350396e-8,0p0,0.0
2.404,6.198598187527434e-8,0p0,0.0
2.405,6.198591889390713e-8,0p0,0.0
2.406,6.198585583940233e-8,0p0,0.0
2.407,6.198579271175996e-8,0p0,0.0
2.408,6.198572951097999e-8,0p0,0.0
2.409,6.198566623706244e-8,0p0,0.0
2.41,6.19856028900073e-8,0p0,0.0
2.411,6.198553946981457e-8,0p0,0.0
2.412,6.19854759764843e-8,0p0,0.0
2.413,6.19854124100164e-8,0p0,0.0
2.414,6.198534877041094e-8,0p0,0.0
2.415,6.198528505766789e-8,0p0,0.0
2.416,6.198522127178727e-8,0p0,0.0
2.417,6.198515741276905e-8,0p0,0.0
2.418,6.198509348061326e-8,0p0,0.0
2.419,6.198502947531988e-8,0p0,0.0
2.42,6.198496539688892e-8,0p0,0.0
2.421,6.198490124532038e-8,0p0,0.0
2.422,6.198484195374524e-8,0p0,0.0
2.423,6.198478683907331e-8,0p0,0.0
2.424,6.198473212036117e-8,0p0,0.0
2.425,6.198467779760881e-8,0p0,0.0
2.426,6.198462387081626e-8,0p0,0.0
2.427,6.198457033998344e-8,0p0,0.0
2.428,6.198451720511045e-8,0p0,0.0
2.429,6.198446446619722e-8,0p0,0.0
2.43,6.198441212324378e-8,0p0,0.0
2.431,6.19843601762501e-8,0p0,0.0
2.432,6.198430862521622e-8,0p0,0.0
2.433,6.198425747014213e-8,0p0,0.0
2.434,6.19842067110278e-8,0p0,0.0
2.435,6.198415634787327e-8,0p0,0.0
2.436,6.198410638067852e-8,0p0,0.0
2.437,6.198405680944352e-8,0p0,0.0
2.438,6.198400763416833e-8,0p0,0.0
2.439,6.198395885485292e-8,0p0,0.0
2.44,6.198391047149728e-8,0p0,0.0
2.441,6.198386248410144e-8,0p0,0.0
2.442,6.198381489266536e-8,0p0,0.0
2.443,6.198376769718906e-8,0p0,0.0
2.444,6.198372089767255e-8,0p0,0.0
2.445,6.198367449411581e-8,0p0,0.0
2.446,6.198362848651887e-8,0p0,0.0
2.447,6.198358287488171e-8,0p0,0.0
2.448,6.198353765920433e-8,0p0,0.0
2.449,6.198349283948672e-8,0p0,0.0
2.45,6.19834484157289e-8,0p0,0.0
2.451,6.198340438793086e-8,0p0,0.0
2.452,6.19833607560926e-8,0p0,0.0
2.453,6.198331752021412e-8,0p0,0.0
2.454,6.198327468029543e-8,0p0,0.0
2.455,6.19832322363365e-8,0p0,0.0
2.456,6.198319018833736e-8,0p0,0.0
2.457,6.198314853629802e-8,0p0,0.0
2.458,6.198310728021845e-8,0p0,0.0
2.459,6.198306740958361e-8,0p0,0.0
2.46,6.198302890332779e-8,0p0,0.0
2.461,6.19829908932177e-8,0p0,0.0
2.462,6.198295337925341e-8,0p0,0.0
2.463,6.198291636143488e-8,0p0,0.0
2.464,6.198287983976213e-8,0p0,0.0
2.465,6.198284381423514e-8,0p0,0.0
2.466,6.198280828485392e-8,0p0,0.0
2.467,6.198277325161849e-8,0p0,0.0
2.468,6.198273871452883e-8,0p0,0.0
2.469,6.198270467358492e-8,0p0,0.0
2.47,6.198267112878678e-8,0p0,0.0
2.471,6.198263808013443e-8,0p0,0.0
2.472,6.198260552762785e-8,0p0,0.0
2.473,6.198257347126704e-8,0p0,0.0
2.474,6.1982541911052e-8,0p0,0.0
2.475,6.198251084698272e-8,0p0,0.0
2.476,6.198248027905921e-8,0p0,0.0
2.477,6.198245020728149e-8,0p0,0.0
2.478,6.198242063164954e-8,0p0,0.0
2.479,6.198239155216336e-8,0p0,0.0
2.48,6.198236296882294e-8,0p0,0.0
2.481,6.19823348816283e-8,0p0,0.0
2.482,6.198230729057942e-8,0p0,0.0
2.483,6.198228019567633e-8,0p0,0.0
2.484,6.1982253596919e-8,0p0,0.0
2.485,6.198222749430745e-8,0p0,0.0
2.486,6.198220188784165e-8,0p0,0.0
2.487,6.198217677752165e-8,0p0,0.0
2.488,6.198215216334739e-8,0p0,0.0
2.489,6.198212804531892e-8,0p0,0.0
2.49,6.198210442343623e-8,0p0,0.0
2.491,6.198208129769929e-8,0p0,0.0
2.492,6.198205866810815e-8,0p0,0.0
2.493,6.198203653466275e-8,0p0,0.0
2.494,6.198201489736313e-8,0p0,0.0
2.495,6.198199375620929e-8,0p0,0.0
2.496,6.198197311120123e-8,0p0,0.0
2.497,6.198195296233892e-8,0p0,0.0
2.498,6.19819333096224e-8,0p0,0.0
2.499,6.198191415305164e-8,0p0,0.0
2.5,6.198189549262665e-8,0p0,0.0
2.501,6.198187732834743e-8,0p0,0.0
2.502,6.198185966021399e-8,0p0,0.0
2.503,6.198184248822632e-8,0p0,0.0
2.504,6.198182581238442e-8,0p0,0.0
2.505,6.19818096326883e-8,0p0,0.0
2.506,6.198179394913793e-8,0p0,0.0
2.507,6.198177876173335e-8,0p0,0.0
2.508,6.198176407047453e-8,0p0,0.0
2.509,6.198174987536148e-8,0p0,0.0
2.51,6.19817361763942e-8,0p0,0.0
2.511,6.198172297357271e-8,0p0,0.0
2.512,6.198171026689697e-8,0p0,0.0
2.513,6.198169805636702e-8,0p0,0.0
2.514,6.198168634198283e-8,0p0,0.0
2.515,6.198167512374441e-8,0p0,0.0
2.516,6.198166440165176e-8,0p0,0.0
2.517,6.19816541757049e-8,0p0,0.0
2.518,6.198164444590379e-8,0p0,0.0
2.519,6.198163521224846e-8,0p0,0.0
2.52,6.198162647473891e-8,0p0,0.0
2.521,6.198161823337511e-8,0p0,0.0
2.522,6.19816104881571e-8,0p0,0.0
2.523,6.198160323908485e-8,0p0,0.0
2.524,6.198159648615837e-8,0p0,0.0
2.525,6.198159022937767e-8,0p0,0.0
2.526,6.198158446874276e-8,0p0,0.0
2.527,6.198157920425358e-8,0p0,0.0
2.528,6.19815744359102e-8,0p0,0.0
2.529,6.198157016371259e-8,0p0,0.0
2.53,6.198156638766074e-8,0p0,0.0
2.531,6.198156310775467e-8,0p0,0.0
2.532,6.198156032399435e-8,0p0,0.0
2.533,6.198155497041342e-8,0p0,0.0
2.534,6.198154636527432e-8,0p0,0.0
2.535,6.198153807693772e-8,0p0,0.0
2.536,6.198153010540365e-8,0p0,0.0
2.537,6.198152245067212e-8,0p0,0.0
2.538,6.198151511274312e-8,0p0,0.0
2.539,6.198150809161667e-8,0p0,0.0
2.54,6.198150138729275e-8,0p0,0.0
2.541,6.198149499977135e-8,0p0,0.0
2.542,6.198148892905249e-8,0p0,0.0
2.543,6.198148317513615e-8,0p0,0.0
2.544,6.198147773802238e-8,0p0,0.0
2.545,6.198147261771111e-8,0p0,0.0
2.546,6.198146781420238e-8,0p0,0.0
2.547,6.198146332749619e-8,0p0,0.0
2.548,6.198145915759252e-8,0p0,0.0
2.549,6.198145530449139e-8,0p0,0.0
2.55,6.198145176819279e-8,0p0,0.0
2.551,6.198144854869673e-8,0p0,0.0
2.552,6.198144564600321e-8,0p0,0.0
2.553,6.19814430601122e-8,0p0,0.0
2.554,6.198144079102374e-8,0p0,0.0
2.555,6.198143883873783e-8,0p0,0.0
2.556,6.198143720325442e-8,0p0,0.0
2.557,6.198143588457356e-8,0p0,0.0
2.558,6.198143488269523e-8,0p0,0.0
2.559,6.198143419761945e-8,0p0,0.0
2.56,6.198143382934618e-8,0p0,0.0
2.561,6.198143377787546e-8,0p0,0.0
2.562,6.198143404320726e-8,0p0,0.0
2.563,6.19814346253416e-8,0p0,0.0
2.564,6.198143552427847e-8,0p0,0.0
2.565,6.198143674001788e-8,0p0,0.0
2.566,6.198143827255982e-8,0p0,0.0
2.567,6.198144012190428e-8,0p0,0.0
2.568,6.198144228805128e-8,0p0,0.0
2.569,6.198144477100082e-8,0p0,0.0
2.57,6.198144757075289e-8,0p0,0.0
2.571,6.198145068730749e-8,0p0,0.0
2.572,6.198145412066463e-8,0p0,0.0
2.573,6.198145787082431e-8,0p0,0.0
2.574,6.198146193778649e-8,0p0,0.0
2.575,6.198146632155126e-8,0p0,0.0
2.576,6.198147102211852e-8,0p0,0.0
2.577,6.198147603948833e-8,0p0,0.0
2.578,6.198148137366066e-8,0p0,0.0
2.579,6.198148702463554e-8,0p0,0.0
2.58,6.198149299241293e-8,0p0,0.0
2.581,6.198149927699286e-8,0p0,0.0
2.582,6.198150587837535e-8,0p0,0.0
2.583,6.198151279656035e-8,0p0,0.0
2.584,6.198152003154787e-8,0p0,0.0
2.585,6.198152758333796e-8,0p0,0.0
2.586,6.198153545193055e-8,0p0,0.0
2.587,6.198154363732568e-8,0p0,0.0
2.588,6.198155213952335e-8,0p0,0.0
2.589,6.198156095852356e-8,0p0,0.0
2.59,6.19815700943263e-8,0p0,0.0
2.591,6.198157954693157e-8,0p0,0.0
2.592,6.198158931633938e-8,0p0,0.0
2.593,6.19815994025497e-8,0p0,0.0
2.594,6.198160980556257e-8,0p0,0.0
2.595,6.198162052537797e-8,0p0,0.0
2.596,6.198163156199591e-8,0p0,0.0
2.597,6.198164291541638e-8,0p0,0.0
2.598,6.19816545856394e-8,0p0,0.0
2.599,6.198166657266492e-8,0p0,0.0
2.6,6.198167887649299e-8,0p0,0.0
2.601,6.198169149712359e-8,0p0,0.0
2.602,6.198170443455673e-8,0p0,0.0
2.603,6.198171768879241e-8,0p0,0.0
2.604,6.198173125983061e-8,0p0,0.0
2.605,6.198174514767133e-8,0p0,0.0
2.606,6.198175935231461e-8,0p0,0.0
2.607,6.198177073230729e-8,0p0,0.0
2.608,6.198177739956302e-8,0p0,0.0
2.609,6.198178416817117e-8,0p0,0.0
2.61,6.198179103813172e-8,0p0,0.0
2.611,6.198179800944467e-8,0p0,0.0
2.612,6.198180508211001e-8,0p0,0.0
2.613,6.198181225612777e-8,0p0,0.0
2.614,6.198181953149793e-8,0p0,0.0
2.615,6.198182690822049e-8,0p0,0.0
2.616,6.198183438629542e-8,0p0,0.0
2.617,6.19818419657228e-8,0p0,0.0
2.618,6.198184964650256e-8,0p0,0.0
2.619,6.198185742863473e-8,0p0,0.0
2.62,6.19818653121193e-8,0p0,0.0
2.621,6.198187329695626e-8,0p0,0.0
2.622,6.198188138314564e-8,0p0,0.0
2.623,6.19818895706874e-8,0p0,0.0
2.624,6.198189785958157e-8,0p0,0.0
2.625,6.198190624982814e-8,0p0,0.0
2.626,6.198191474142713e-8,0p0,0.0
2.627,6.19819233343785e-8,0p0,0.0
2.628,6.19819320286823e-8,0p0,0.0
2.629,6.198194082433847e-8,0p0,0.0
2.63,6.198194972134707e-8,0p0,0.0
2.631,6.198195871970805e-8,0p0,0.0
2.632,6.198196781942144e-8,0p0,0.0
2.633,6.198197702048723e-8,0p0,0.0
2.634,6.198198632290543e-8,0p0,0.0
2.635,6.198199572667604e-8,0p0,0.0
2.636,6.198200523179903e-8,0p0,0.0
2.637,6.198201483827443e-8,0p0,0.0
2.638,6.198202454610223e-8,0p0,0.0
2.639,6.198203435528243e-8,0p0,0.0
2.64,6.198204426581505e-8,0p0,0.0
2.641,6.198205427770006e-8,0p0,0.0
2.642,6.198206439093747e-8,0p0,0.0
2.643,6.198207460552729e-8,0p0,0.0
2.644,6.19820849214695e-8,0p0,0.0
2.645,6.198209533876412e-8,0p0,0.0
2.646,6.198210585741113e-8,0p0,0.0
2.647,6.198211647741056e-8,0p0,0.0
2.648,6.198212719876239e-8,0p0,0.0
2.649,6.19821380214666e-8,0p0,0.0
2.65,6.198214894552325e-8,0p0,0.0
2.651,6.198215997093227e-8,0p0,0.0
2.652,6.19821710976937e-8,0p0,0.0
2.653,6.198218232580753e-8,0p0,0.0
2.654,6.198219365527377e-8,0p0,0.0
2.655,6.198220508609241e-8,0p0,0.0
2.656,6.198221661826345e-8,0p0,0.0
2.657,6.19822282517869e-8,0p0,0.0
2.658,6.198223998666274e-8,0p0,0.0
2.659,6.198225182289099e-8,0p0,0.0
2.66,6.198226376047163e-8,0p0,0.0
2.661,6.198227579940468e-8,0p0,0.0
2.662,6.198228793969013e-8,0p0,0.0
2.663,6.198230018132799e-8,0p0,0.0
2.664,6.198231252431825e-8,0p0,0.0
2.665,6.19823249686609e-8,0p0,0.0
2.666,6.198233751435596e-8,0p0,0.0
2.667,6.198235016140343e-8,0p0,0.0
2.668,6.19823629098033e-8,0p0,0.0
2.669,6.198237575955556e-8,0p0,0.0
2.67,6.198238871066023e-8,0p0,0.0
2.671,6.198240176311732e-8,0p0,0.0
2.672,6.198241491692678e-8,0p0,0.0
2.673,6.198242817208866e-8,0p0,0.0
2.674,6.198244152860293e-8,0p0,0.0
2.675,6.198245498646962e-8,0p0,0.0
2.676,6.19824685456887e-8,0p0,0.0
2.677,6.198248220626019e-8,0p0,0.0
2.678,6.198249596818407e-8,0p0,0.0
2.679,6.198250983146035e-8,0p0,0.0
2.68,6.198252379608906e-8,0p0,0.0
2.681,6.198253619801198e-8,0p0,0.0
2.682,6.198254514627818e-8,0p0,0.0
2.683,6.198255405803804e-8,0p0,0.0
2.684,6.198256293329159e-8,0p0,0.0
2.685,6.19825717720388e-8,0p0,0.0
2.686,6.19825805742797e-8,0p0,0.0
2.687,6.198258934001426e-8,0p0,0.0
2.688,6.19825980692425e-8,0p0,0.0
2.689,6.198260676196442e-8,0p0,0.0
2.69,6.198261541818002e-8,0p0,0.0
2.691,6.198262403788929e-8,0p0,0.0
2.692,6.198263262109222e-8,0p0,0.0
2.693,6.198264116778885e-8,0p0,0.0
2.694,6.198264967797914e-8,0p0,0.0
2.695,6.198265815166311e-8,0p0,0.0
2.696,6.198266658884075e-8,0p0,0.0
2.697,6.198267498951208e-8,0p0,0.0
2.698,6.198268335367707e-8,0p0,0.0
2.699,6.198269168133575e-8,0p0,0.0
2.7,6.19826999724881e-8,0p0,0.0
2.701,6.198270822713411e-8,0p0,0.0
2.702,6.198271644527382e-8,0p0,0.0
2.703,6.198272462690719e-8,0p0,0.0
2.704,6.198273277203423e-8,0p0,0.0
2.705,6.198274088065497e-8,0p0,0.0
2.706,6.198274895276936e-8,0p0,0.0
2.707,6.198275698837742e-8,0p0,0.0
2.708,6.19827649874792e-8,0p0,0.0
2.709,6.198277295007461e-8,0p0,0.0
2.71,6.198278087616372e-8,0p0,0.0
2.711,6.19827887657465e-8,0p0,0.0
2.712,6.198279661882294e-8,0p0,0.0
2.713,6.198280443539308e-8,0p0,0.0
2.714,6.198281221545687e-8,0p0,0.0
2.715,6.198281995901435e-8,0p0,0.0
2.716,6.198282766606551e-8,0p0,0.0
2.717,6.198283533661034e-8,0p0,0.0
2.718,6.198284297064885e-8,0p0,0.0
2.719,6.198285056818102e-8,0p0,0.0
2.72,6.198285812920688e-8,0p0,0.0
2.721,6.198286565372642e-8,0p0,0.0
2.722,6.198287314173962e-8,0p0,0.0
2.723,6.19828805932465e-8,0p0,0.0
2.724,6.198288800824705e-8,0p0,0.0
2.725,6.198289538674129e-8,0p0,0.0
2.726,6.19829027287292e-8,0p0,0.0
2.727,6.198291003421078e-8,0p0,0.0
2.728,6.198291730318603e-8,0p0,0.0
2.729,6.198292453565496e-8,0p0,0.0
2.73,6.198293173161758e-8,0p0,0.0
2.731,6.198293889107386e-8,0p0,0.0
2.732,6.198294601402383e-8,0p0,0.0
2.733,6.198295310046746e-8,0p0,0.0
2.734,6.198296015040478e-8,0p0,0.0
2.735,6.198296716383577e-8,0p0,0.0
2.736,6.198297414076042e-8,0p0,0.0
2.737,6.198298108117875e-8,0p0,0.0
2.738,6.198298798509077e-8,0p0,0.0
2.739,6.198299485249647e-8,0p0,0.0
2.74,6.198300168339581e-8,0p0,0.0
2.741,6.198300847778886e-8,0p0,0.0
2.742,6.198301523567557e-8,0p0,0.0
2.743,6.198302195705598e-8,0p0,0.0
2.744,6.198302864193002e-8,0p0,0.0
2.745,6.198303529029778e-8,0p0,0.0
2.746,6.198304190215918e-8,0p0,0.0
2.747,6.198304847751429e-8,0p0,0.0
2.748,6.198305501636306e-8,0p0,0.0
2.749,6.198306151870548e-8,0p0,0.0
2.75,6.198306798454158e-8,0p0,0.0
2.751,6.19830744138714e-8,0p0,0.0
2.752,6.198308080669487e-8,0p0,0.0
2.753,6.198308716301201e-8,0p0,0.0
2.754,6.198309348282284e-8,0p0,0.0
2.755,6.198309958866547e-8,0p0,0.0
2.756,6.198310513432754e-8,0p0,0.0
2.757,6.19831106249303e-8,0p0,0.0
2.758,6.198311606047368e-8,0p0,0.0
2.759,6.198312144095775e-8,0p0,0.0
2.76,6.198312676638248e-8,0p0,0.0
2.761,6.198313203674786e-8,0p0,0.0
2.762,6.198313725205388e-8,0p0,0.0
2.763,6.19831424123006e-8,0p0,0.0
2.764,6.198314751748796e-8,0p0,0.0
2.765,6.198315256761598e-8,0p0,0.0
2.766,6.19831575626847e-8,0p0,0.0
2.767,6.198316250269404e-8,0p0,0.0
2.768,6.198316738764405e-8,0p0,0.0
2.769,6.198317221753472e-8,0p0,0.0
2.77,6.198317699236605e-8,0p0,0.0
2.771,6.198318171213805e-8,0p0,0.0
2.772,6.198318637685071e-8,0p0,0.0
2.773,6.198319098650404e-8,0p0,0.0
2.774,6.198319554109801e-8,0p0,0.0
2.775,6.198320004063265e-8,0p0,0.0
2.776,6.198320448510794e-8,0p0,0.0
2.777,6.198320887452391e-8,0p0,0.0
2.778,6.198321320888053e-8,0p0,0.0
2.779,6.198321748817782e-8,0p0,0.0
2.78,6.198322171241578e-8,0p0,0.0
2.781,6.198322588159438e-8,0p0,0.0
2.782,6.198322999571365e-8,0p0,0.0
2.783,6.198323405477359e-8,0p0,0.0
2.784,6.198323805877418e-8,0p0,0.0
2.785,6.198324200771542e-8,0p0,0.0
2.786,6.198324590159735e-8,0p0,0.0
2.787,6.198324974041991e-8,0p0,0.0
2.788,6.198325352418315e-8,0p0,0.0
2.789,6.198325725288706e-8,0p0,0.0
2.79,6.198326092653162e-8,0p0,0.0
2.791,6.198326454511685e-8,0p0,0.0
2.792,6.198326810864272e-8,0p0,0.0
2.793,6.198327161710927e-8,0p0,0.0
2.794,6.198327507051648e-8,0p0,0.0
2.795,6.198327846886435e-8,0p0,0.0
2.796,6.198328181215287e-8,0p0,0.0
2.797,6.198328510038205e-8,0p0,0.0
2.798,6.19832883335519e-8,0p0,0.0
2.799,6.198329151166242e-8,0p0,0.0
2.8,6.198329463471359e-8,0p0,0.0
2.801,6.198329770270544e-8,0p0,0.0
2.802,6.198330071563791e-8,0p0,0.0
2.803,6.198330367351108e-8,0p0,0.0
2.804,6.19833065763249e-8,0p0,0.0
2.805,6.198330942407937e-8,0p0,0.0
2.806,6.198331221677454e-8,0p0,0.0
2.807,6.198331495441033e-8,0p0,0.0
2.808,6.19833176369868e-8,0p0,0.0
2.809,6.198332026450392e-8,0p0,0.0
2.81,6.198332283696171e-8,0p0,0.0
2.811,6.198332535436015e-8,0p0,0.0
2.812,6.198332781669927e-8,0p0,0.0
2.813,6.198333022397902e-8,0p0,0.0
2.814,6.198333257619946e-8,0p0,0.0
2.815,6.198333487336056e-8,0p0,0.0
2.816,6.198333711546231e-8,0p0,0.0
2.817,6.198333930250473e-8,0p0,0.0
2.818,6.19833414344878e-8,0p0,0.0
2.819,6.198334351141154e-8,0p0,0.0
2.82,6.198334553327593e-8,0p0,0.0
2.821,6.1983347500081e-8,0p0,0.0
2.822,6.198334941182672e-8,0p0,0.0
2.823,6.198335126851309e-8,0p0,0.0
2.824,6.198335307014015e-8,0p0,0.0
2.825,6.198335481670788e-8,0p0,0.0
2.826,6.198335650821624e-8,0p0,0.0
2.827,6.198335814466524e-8,0p0,0.0
2.828,6.198335972605494e-8,0p0,0.0
2.829,6.19833612523853e-8,0p0,0.0
2.83,6.19833627236563e-8,0p0,0.0
2.831,6.198336413986799e-8,0p0,0.0
2.832,6.198336550102031e-8,0p0,0.0
2.833,6.19833668071133e-8,0p0,0.0
2.834,6.198336805814696e-8,0p0,0.0
2.835,6.198336925412129e-8,0p0,0.0
2.836,6.198337039503627e-8,0p0,0.0
2.837,6.198337148089191e-8,0p0,0.0
2.838,6.19833725116882e-8,0p0,0.0
2.839,6.198337348742516e-8,0p0,0.0
2.84,6.198337440810279e-8,0p0,0.0
2.841,6.19833752737211e-8,0p0,0.0
2.842,6.198337608428005e-8,0p0,0.0
2.843,6.198337683977964e-8,0p0,0.0
2.844,6.198337754021992e-8,0p0,0.0
2.845,6.198337818560085e-8,0p0,0.0
2.846,6.198337877592244e-8,0p0,0.0
2.847,6.198337931118469e-8,0p0,0.0
2.848,6.198337979138761e-8,0p0,0.0
2.849,6.198338021653118e-8,0p0,0.0
2.85,6.198338058661542e-8,0p0,0.0
2.851,6.198338090164034e-8,0p0,0.0
2.852,6.198338116160589e-8,0p0,0.0
2.853,6.198338136651211e-8,0p0,0.0
2.854,6.1983381516359e-8,0p0,0.0
2.855,6.198338161114653e-8,0p0,0.0
2.856,6.198338165087474e-8,0p0,0.0
2.857,6.198338163554362e-8,0p0,0.0
2.858,6.198338156515313e-8,0p0,0.0
2.859,6.198338143970334e-8,0p0,0.0
2.86,6.198338125919419e-8,0p0,0.0
2.861,6.198338102362569e-8,0p0,0.0
2.862,6.198338073299788e-8,0p0,0.0
2.863,6.198338038731071e-8,0p0,0.0
2.864,6.198337998656417e-8,0p0,0.0
2.865,6.198337953075837e-8,0p0,0.0
2.866,6.198337901989317e-8,0p0,0.0
2.867,6.198337845396863e-8,0p0,0.0
2.868,6.19833778329848e-8,0p0,0.0
2.869,6.19833771569416e-8,0p0,0.0
2.87,6.198337642583906e-8,0p0,0.0
2.871,6.198337563967718e-8,0p0,0.0
2.872,6.198337479845597e-8,0p0,0.0
2.873,6.198337390217541e-8,0p0,0.0
2.874,6.198337295083554e-8,0p0,0.0
2.875,6.19833719444363e-8,0p0,0.0
2.876,6.198337088297774e-8,0p0,0.0
2.877,6.198336976645983e-8,0p0,0.0
2.878,6.198336859488257e-8,0p0,0.0
2.879,6.198336736824601e-8,0p0,0.0
2.88,6.198336608655008e-8,0p0,0.0
2.881,6.19833647497948e-8,0p0,0.0
2.882,6.198336335798021e-8,0p0,0.0
2.883,6.198336191110627e-8,0p0,0.0
2.884,6.198336040917299e-8,0p0,0.0
2.885,6.19833588521804e-8,0p0,0.0
2.886,6.198335724012843e-8,0p0,0.0
2.887,6.198335557301712e-8,0p0,0.0
2.888,6.19833538508465e-8,0p0,0.0
2.889,6.198335207361653e-8,0p0,0.0
2.89,6.198335024132722e-8,0p0,0.0
2.891,6.198334835397857e-8,0p0,0.0
2.892,6.198334641157057e-8,0p0,0.0
2.893,6.198334441410327e-8,0p0,0.0
2.894,6.198334236157661e-8,0p0,0.0
2.895,6.19833402539906e-8,0p0,0.0
2.896,6.198333809134525e-8,0p0,0.0
2.897,6.198333587364057e-8,0p0,0.0
2.898,6.198333360087653e-8,0p0,0.0
2.899,6.19833312730532e-8,0p0,0.0
2.9,6.198332889017049e-8,0p0,0.0
2.901,6.198332645222844e-8,0p0,0.0
2.902,6.198332395922708e-8,0p0,0.0
2.903,6.198332153400347e-8,0p0,0.0
2.904,6.198331995945324e-8,0p0,0.0
2.905,6.1983318384903e-8,0p0,0.0
2.906,6.198331681035278e-8,0p0,0.0
2.907,6.198331523580256e-8,0p0,0.0
2.908,6.198331366125234e-8,0p0,0.0
2.909,6.19833120867021e-8,0p0,0.0
2.91,6.198331051215187e-8,0p0,0.0
2.911,6.198330893760165e-8,0p0,0.0
2.912,6.198330736305143e-8,0p0,0.0
2.913,6.19833057885012e-8,0p0,0.0
2.914,6.198330421395098e-8,0p0,0.0
2.915,6.198330263940076e-8,0p0,0.0
2.916,6.198330106485054e-8,0p0,0.0
2.917,6.198329949030032e-8,0p0,0.0
2.918,6.198329791575008e-8,0p0,0.0
2.919,6.198329634119985e-8,0p0,0.0
2.92,6.198329476664964e-8,0p0,0.0
2.921,6.198329319209941e-8,0p0,0.0
2.922,6.198329161754917e-8,0p0,0.0
2.923,6.198329004299897e-8,0p0,0.0
2.924,6.198328846844873e-8,0p0,0.0
2.925,6.198328689389851e-8,0p0,0.0
2.926,6.198328531934828e-8,0p0,0.0
2.927,6.198328374479806e-8,0p0,0.0
2.928,6.198328217024784e-8,0p0,0.0
2.929,6.19832805956976e-8,0p0,0.0
2.93,6.198327902114737e-8,0p0,0.0
2.931,6.198327744659715e-8,0p0,0.0
2.932,6.198327587204693e-8,0p0,0.0
2.933,6.19832742974967e-8,0p0,0.0
2.934,6.198327272294647e-8,0p0,0.0
2.935,6.198327114839625e-8,0p0,0.0
2.936,6.198326957384603e-8,0p0,0.0
2.937,6.19832679992958e-8,0p0,0.0
2.938,6.198326642474558e-8,0p0,0.0
2.939,6.198326485019536e-8,0p0,0.0
2.94,6.198326327564512e-8,0p0,0.0
2.941,6.198326170109491e-8,0p0,0.0
2.942,6.198326012654468e-8,0p0,0.0
2.943,6.198325855199445e-8,0p0,0.0
2.944,6.198325697744424e-8,0p0,0.0
2.945,6.1983255402894e-8,0p0,0.0
2.946,6.198325382834379e-8,0p0,0.0
2.947,6.198325225379355e-8,0p0,0.0
2.948,6.198325067924332e-8,0p0,0.0
2.949,6.19832491046931e-8,0p0,0.0
2.95,6.198324753014288e-8,0p0,0.0
2.951,6.198324595559264e-8,0p0,0.0
2.952,6.198324438104242e-8,0p0,0.0
2.953,6.19832428064922e-8,0p0,0.0
2.954,6.198324123194198e-8,0p0,0.0
2.955,6.198323965739176e-8,0p0,0.0
2.956,6.198323808284153e-8,0p0,0.0
2.957,6.19832365082913e-8,0p0,0.0
2.958,6.198323493374107e-8,0p0,0.0
2.959,6.198323335919084e-8,0p0,0.0
2.96,6.198323178464062e-8,0p0,0.0
2.961,6.19832302100904e-8,0p0,0.0
2.962,6.198322863554018e-8,0p0,0.0
2.963,6.198322706098994e-8,0p0,0.0
2.964,6.198322548643971e-8,0p0,0.0
2.965,6.198322391188949e-8,0p0,0.0
2.966,6.198322233733928e-8,0p0,0.0
2.967,6.198322076278905e-8,0p0,0.0
2.968,6.198321918823881e-8,0p0,0.0
2.969,6.198321761368859e-8,0p0,0.0
2.97,6.198321603913837e-8,0p0,0.0
2.971,6.198321446458815e-8,0p0,0.0
2.972,6.198321289003792e-8,0p0,0.0
2.973,6.19832113154877e-8,0p0,0.0
2.974,6.198320974093748e-8,0p0,0.0
2.975,6.198320816638725e-8,0p0,0.0
2.976,6.198320659183701e-8,0p0,0.0
2.977,6.19832050172868e-8,0p0,0.0
2.978,6.198320344273657e-8,0p0,0.0
2.979,6.198320186818635e-8,0p0,0.0
2.98,6.19832002936361e-8,0p0,0.0
2.981,6.198319871908589e-8,0p0,0.0
2.982,6.198319714453566e-8,0p0,0.0
2.983,6.198319556998544e-8,0p0,0.0
2.984,6.19831939954352e-8,0p0,0.0
2.985,6.198319242088498e-8,0p0,0.0
2.986,6.198319084633476e-8,0p0,0.0
2.987,6.198318927178454e-8,0p0,0.0
2.988,6.198318769723432e-8,0p0,0.0
2.989,6.198318612268409e-8,0p0,0.0
2.99,6.198318454813387e-8,0p0,0.0
2.991,6.198318297358365e-8,0p0,0.0
2.992,6.198318139903342e-8,0p0,0.0
2.993,6.198317982448318e-8,0p0,0.0
2.994,6.198317824993297e-8,0p0,0.0
2.995,6.198317667538274e-8,0p0,0.0
2.996,6.198317510083252e-8,0p0,0.0
2.997,6.198317352628228e-8,0p0,0.0
2.998,6.198317195173206e-8,0p0,0.0
2.999,6.198317037718184e-8,0p0,0.0
3.0,6.19831688026316e-8,0p0,0.0
3.0,6.19831688026316e-8,0p0,0.0
