time,BESS.terminal.V.im,case,parameter_value
0.0,6.198300000000003e-08,0p1,0.1
0.001,6.198299999999998e-08,0p1,0.1
0.002,6.198299999999982e-08,0p1,0.1
0.003,6.198299999999974e-08,0p1,0.1
0.004,6.198299999999969e-08,0p1,0.1
0.005,6.198299999999969e-08,0p1,0.1
0.006,6.198299999999973e-08,0p1,0.1
0.007,6.198299999999974e-08,0p1,0.1
0.008,6.198299999999974e-08,0p1,0.1
0.0089999999999999,6.198299999999977e-08,0p1,0.1
0.01,6.198299999999978e-08,0p1,0.1
0.011,6.198299999999978e-08,0p1,0.1
0.012,6.19829999999998e-08,0p1,0.1
0.013,6.19829999999998e-08,0p1,0.1
0.014,6.198299999999982e-08,0p1,0.1
0.015,6.198299999999982e-08,0p1,0.1
0.016,6.198299999999982e-08,0p1,0.1
0.017,6.198299999999982e-08,0p1,0.1
0.018,6.198299999999982e-08,0p1,0.1
0.019,6.198299999999982e-08,0p1,0.1
0.02,6.198299999999986e-08,0p1,0.1
0.021,6.198299999999986e-08,0p1,0.1
0.022,6.198299999999986e-08,0p1,0.1
0.023,6.198299999999986e-08,0p1,0.1
0.024,6.198299999999986e-08,0p1,0.1
0.025,6.198299999999986e-08,0p1,0.1
0.026,6.198299999999986e-08,0p1,0.1
0.027,6.198299999999986e-08,0p1,0.1
0.028,6.198299999999986e-08,0p1,0.1
0.029,6.198299999999986e-08,0p1,0.1
0.03,6.198299999999987e-08,0p1,0.1
0.031,6.198299999999987e-08,0p1,0.1
0.032,6.198299999999987e-08,0p1,0.1
0.033,6.198299999999987e-08,0p1,0.1
0.034,6.198299999999987e-08,0p1,0.1
0.035,6.198299999999987e-08,0p1,0.1
0.036,6.198299999999987e-08,0p1,0.1
0.037,6.198299999999987e-08,0p1,0.1
0.038,6.198299999999987e-08,0p1,0.1
0.039,6.19829999999999e-08,0p1,0.1
0.04,6.19829999999999e-08,0p1,0.1
0.041,6.19829999999999e-08,0p1,0.1
0.042,6.19829999999999e-08,0p1,0.1
0.043,6.198299999999994e-08,0p1,0.1
0.044,6.198299999999991e-08,0p1,0.1
0.045,6.198299999999991e-08,0p1,0.1
0.046,6.198299999999991e-08,0p1,0.1
0.047,6.198299999999991e-08,0p1,0.1
0.048,6.198299999999991e-08,0p1,0.1
0.049,6.198299999999991e-08,0p1,0.1
0.05,6.198299999999991e-08,0p1,0.1
0.051,6.198299999999991e-08,0p1,0.1
0.052,6.198299999999991e-08,0p1,0.1
0.053,6.198299999999991e-08,0p1,0.1
0.054,6.198299999999991e-08,0p1,0.1
0.055,6.198299999999991e-08,0p1,0.1
0.056,6.198299999999991e-08,0p1,0.1
0.057,6.198299999999991e-08,0p1,0.1
0.058,6.198299999999991e-08,0p1,0.1
0.059,6.198299999999991e-08,0p1,0.1
0.06,6.198299999999991e-08,0p1,0.1
0.061,6.198299999999994e-08,0p1,0.1
0.062,6.198299999999994e-08,0p1,0.1
0.063,6.198299999999994e-08,0p1,0.1
0.064,6.198299999999994e-08,0p1,0.1
0.065,6.198299999999994e-08,0p1,0.1
0.066,6.198299999999994e-08,0p1,0.1
0.067,6.198299999999994e-08,0p1,0.1
0.068,6.198299999999994e-08,0p1,0.1
0.069,6.198299999999995e-08,0p1,0.1
0.07,6.198299999999995e-08,0p1,0.1
0.0709999999999999,6.198299999999995e-08,0p1,0.1
0.0719999999999999,6.198299999999995e-08,0p1,0.1
0.073,6.198299999999995e-08,0p1,0.1
0.074,6.198299999999995e-08,0p1,0.1
0.075,6.198299999999995e-08,0p1,0.1
0.076,6.198299999999995e-08,0p1,0.1
0.077,6.198299999999995e-08,0p1,0.1
0.078,6.198299999999998e-08,0p1,0.1
0.079,6.198299999999998e-08,0p1,0.1
0.08,6.198299999999998e-08,0p1,0.1
0.081,6.198299999999998e-08,0p1,0.1
0.082,6.198299999999998e-08,0p1,0.1
0.083,6.198299999999998e-08,0p1,0.1
0.084,6.198299999999998e-08,0p1,0.1
0.085,6.198299999999998e-08,0p1,0.1
0.0859999999999999,6.198299999999998e-08,0p1,0.1
0.0869999999999999,6.198299999999998e-08,0p1,0.1
0.0879999999999999,6.198299999999998e-08,0p1,0.1
0.089,6.198299999999998e-08,0p1,0.1
0.09,6.198299999999998e-08,0p1,0.1
0.091,6.198299999999998e-08,0p1,0.1
0.092,6.198299999999998e-08,0p1,0.1
0.093,6.198299999999998e-08,0p1,0.1
0.094,6.198299999999998e-08,0p1,0.1
0.095,6.198299999999998e-08,0p1,0.1
0.096,6.198299999999998e-08,0p1,0.1
0.097,6.198299999999998e-08,0p1,0.1
0.098,6.198299999999998e-08,0p1,0.1
0.099,6.198299999999998e-08,0p1,0.1
0.1,6.198299999999998e-08,0p1,0.1
0.101,6.198299999999998e-08,0p1,0.1
0.102,6.198299999999998e-08,0p1,0.1
0.103,6.198299999999998e-08,0p1,0.1
0.104,6.198299999999998e-08,0p1,0.1
0.105,6.198299999999998e-08,0p1,0.1
0.106,6.198299999999999e-08,0p1,0.1
0.107,6.198299999999998e-08,0p1,0.1
0.108,6.198299999999998e-08,0p1,0.1
0.109,6.198299999999998e-08,0p1,0.1
0.11,6.198299999999998e-08,0p1,0.1
0.111,6.198299999999998e-08,0p1,0.1
0.112,6.198299999999998e-08,0p1,0.1
0.113,6.198299999999998e-08,0p1,0.1
0.114,6.198299999999998e-08,0p1,0.1
0.115,6.198299999999998e-08,0p1,0.1
0.116,6.198299999999998e-08,0p1,0.1
0.117,6.198299999999998e-08,0p1,0.1
0.118,6.198299999999998e-08,0p1,0.1
0.119,6.198299999999998e-08,0p1,0.1
0.12,6.198299999999998e-08,0p1,0.1
0.121,6.198299999999998e-08,0p1,0.1
0.122,6.198299999999998e-08,0p1,0.1
0.123,6.198299999999998e-08,0p1,0.1
0.124,6.198299999999998e-08,0p1,0.1
0.125,6.198299999999998e-08,0p1,0.1
0.126,6.198299999999998e-08,0p1,0.1
0.127,6.198299999999998e-08,0p1,0.1
0.128,6.198299999999998e-08,0p1,0.1
0.129,6.198299999999998e-08,0p1,0.1
0.13,6.198299999999998e-08,0p1,0.1
0.131,6.198299999999998e-08,0p1,0.1
0.132,6.198299999999998e-08,0p1,0.1
0.133,6.198299999999998e-08,0p1,0.1
0.134,6.198299999999998e-08,0p1,0.1
0.135,6.198299999999998e-08,0p1,0.1
0.136,6.198299999999998e-08,0p1,0.1
0.137,6.198299999999998e-08,0p1,0.1
0.138,6.198299999999998e-08,0p1,0.1
0.139,6.198299999999998e-08,0p1,0.1
0.14,6.198299999999998e-08,0p1,0.1
0.141,6.198299999999998e-08,0p1,0.1
0.142,6.198299999999998e-08,0p1,0.1
0.143,6.198299999999998e-08,0p1,0.1
0.144,6.198299999999998e-08,0p1,0.1
0.145,6.198300000000002e-08,0p1,0.1
0.146,6.198300000000002e-08,0p1,0.1
0.147,6.198300000000002e-08,0p1,0.1
0.148,6.198300000000002e-08,0p1,0.1
0.149,6.198300000000002e-08,0p1,0.1
0.15,6.198300000000002e-08,0p1,0.1
0.151,6.198300000000002e-08,0p1,0.1
0.152,6.198300000000002e-08,0p1,0.1
0.153,6.198300000000002e-08,0p1,0.1
0.154,6.198300000000002e-08,0p1,0.1
0.155,6.198300000000002e-08,0p1,0.1
0.156,6.198300000000002e-08,0p1,0.1
0.157,6.198300000000002e-08,0p1,0.1
0.158,6.198300000000002e-08,0p1,0.1
0.159,6.198300000000002e-08,0p1,0.1
0.16,6.198300000000002e-08,0p1,0.1
0.161,6.198300000000002e-08,0p1,0.1
0.162,6.198300000000002e-08,0p1,0.1
0.163,6.198300000000002e-08,0p1,0.1
0.164,6.198300000000002e-08,0p1,0.1
0.165,6.198300000000002e-08,0p1,0.1
0.166,6.198300000000002e-08,0p1,0.1
0.167,6.198300000000002e-08,0p1,0.1
0.168,6.198300000000002e-08,0p1,0.1
0.169,6.198300000000002e-08,0p1,0.1
0.17,6.198300000000002e-08,0p1,0.1
0.171,6.198300000000002e-08,0p1,0.1
0.172,6.198300000000002e-08,0p1,0.1
0.173,6.198300000000002e-08,0p1,0.1
0.174,6.198300000000002e-08,0p1,0.1
0.175,6.198300000000002e-08,0p1,0.1
0.176,6.198300000000002e-08,0p1,0.1
0.177,6.198300000000002e-08,0p1,0.1
0.178,6.198300000000002e-08,0p1,0.1
0.179,6.198300000000002e-08,0p1,0.1
0.18,6.198300000000002e-08,0p1,0.1
0.181,6.198300000000002e-08,0p1,0.1
0.182,6.198300000000002e-08,0p1,0.1
0.183,6.198300000000002e-08,0p1,0.1
0.184,6.198300000000002e-08,0p1,0.1
0.185,6.198300000000002e-08,0p1,0.1
0.186,6.198300000000002e-08,0p1,0.1
0.187,6.198300000000002e-08,0p1,0.1
0.188,6.198300000000002e-08,0p1,0.1
0.189,6.198300000000002e-08,0p1,0.1
0.19,6.198300000000002e-08,0p1,0.1
0.191,6.198300000000002e-08,0p1,0.1
0.192,6.198300000000002e-08,0p1,0.1
0.193,6.198300000000002e-08,0p1,0.1
0.194,6.198300000000002e-08,0p1,0.1
0.195,6.198300000000002e-08,0p1,0.1
0.196,6.198300000000002e-08,0p1,0.1
0.197,6.198300000000002e-08,0p1,0.1
0.198,6.198300000000002e-08,0p1,0.1
0.199,6.198300000000002e-08,0p1,0.1
0.2,6.198300000000002e-08,0p1,0.1
0.201,6.198300000000002e-08,0p1,0.1
0.202,6.198300000000002e-08,0p1,0.1
0.203,6.198300000000002e-08,0p1,0.1
0.204,6.198300000000002e-08,0p1,0.1
0.205,6.198300000000002e-08,0p1,0.1
0.206,6.198300000000002e-08,0p1,0.1
0.207,6.198300000000002e-08,0p1,0.1
0.208,6.198300000000002e-08,0p1,0.1
0.209,6.198300000000002e-08,0p1,0.1
0.21,6.198300000000002e-08,0p1,0.1
0.211,6.198300000000002e-08,0p1,0.1
0.212,6.198300000000002e-08,0p1,0.1
0.213,6.198300000000002e-08,0p1,0.1
0.214,6.198300000000002e-08,0p1,0.1
0.215,6.198300000000002e-08,0p1,0.1
0.216,6.198300000000002e-08,0p1,0.1
0.217,6.198300000000002e-08,0p1,0.1
0.218,6.198300000000002e-08,0p1,0.1
0.219,6.198300000000002e-08,0p1,0.1
0.22,6.198300000000002e-08,0p1,0.1
0.221,6.198300000000002e-08,0p1,0.1
0.222,6.198300000000002e-08,0p1,0.1
0.223,6.198300000000002e-08,0p1,0.1
0.224,6.198300000000002e-08,0p1,0.1
0.225,6.198300000000002e-08,0p1,0.1
0.226,6.198300000000002e-08,0p1,0.1
0.227,6.198300000000002e-08,0p1,0.1
0.228,6.198300000000002e-08,0p1,0.1
0.229,6.198300000000002e-08,0p1,0.1
0.23,6.198300000000002e-08,0p1,0.1
0.231,6.198300000000002e-08,0p1,0.1
0.232,6.198300000000002e-08,0p1,0.1
0.233,6.198300000000002e-08,0p1,0.1
0.234,6.198300000000002e-08,0p1,0.1
0.235,6.198300000000002e-08,0p1,0.1
0.236,6.198300000000002e-08,0p1,0.1
0.237,6.198300000000002e-08,0p1,0.1
0.238,6.198300000000002e-08,0p1,0.1
0.239,6.198300000000002e-08,0p1,0.1
0.24,6.198300000000002e-08,0p1,0.1
0.241,6.198300000000002e-08,0p1,0.1
0.242,6.198300000000002e-08,0p1,0.1
0.243,6.198300000000002e-08,0p1,0.1
0.244,6.198300000000002e-08,0p1,0.1
0.245,6.198300000000002e-08,0p1,0.1
0.246,6.198300000000002e-08,0p1,0.1
0.247,6.198300000000002e-08,0p1,0.1
0.248,6.198300000000002e-08,0p1,0.1
0.249,6.198300000000002e-08,0p1,0.1
0.25,6.198299999999998e-08,0p1,0.1
0.251,6.198299999999998e-08,0p1,0.1
0.252,6.198299999999998e-08,0p1,0.1
0.253,6.198299999999998e-08,0p1,0.1
0.254,6.198299999999998e-08,0p1,0.1
0.255,6.198299999999998e-08,0p1,0.1
0.256,6.198299999999998e-08,0p1,0.1
0.257,6.198299999999998e-08,0p1,0.1
0.258,6.198299999999998e-08,0p1,0.1
0.259,6.198299999999998e-08,0p1,0.1
0.26,6.198299999999998e-08,0p1,0.1
0.261,6.198299999999998e-08,0p1,0.1
0.262,6.198299999999998e-08,0p1,0.1
0.263,6.198299999999998e-08,0p1,0.1
0.264,6.198299999999998e-08,0p1,0.1
0.265,6.198299999999998e-08,0p1,0.1
0.266,6.198299999999998e-08,0p1,0.1
0.267,6.198299999999998e-08,0p1,0.1
0.268,6.198299999999998e-08,0p1,0.1
0.269,6.198299999999998e-08,0p1,0.1
0.27,6.198299999999998e-08,0p1,0.1
0.271,6.198299999999998e-08,0p1,0.1
0.272,6.198299999999998e-08,0p1,0.1
0.273,6.198299999999998e-08,0p1,0.1
0.274,6.198299999999998e-08,0p1,0.1
0.275,6.198299999999998e-08,0p1,0.1
0.276,6.198299999999998e-08,0p1,0.1
0.277,6.198299999999998e-08,0p1,0.1
0.278,6.198299999999998e-08,0p1,0.1
0.279,6.198299999999998e-08,0p1,0.1
0.28,6.198299999999998e-08,0p1,0.1
0.281,6.198299999999998e-08,0p1,0.1
0.282,6.198299999999998e-08,0p1,0.1
0.283,6.198299999999998e-08,0p1,0.1
0.284,6.198299999999998e-08,0p1,0.1
0.285,6.198299999999998e-08,0p1,0.1
0.286,6.198299999999998e-08,0p1,0.1
0.287,6.198299999999998e-08,0p1,0.1
0.288,6.198299999999998e-08,0p1,0.1
0.289,6.198299999999998e-08,0p1,0.1
0.29,6.198299999999998e-08,0p1,0.1
0.291,6.198299999999998e-08,0p1,0.1
0.292,6.198299999999998e-08,0p1,0.1
0.293,6.198299999999998e-08,0p1,0.1
0.294,6.198299999999998e-08,0p1,0.1
0.295,6.198299999999998e-08,0p1,0.1
0.296,6.198299999999998e-08,0p1,0.1
0.297,6.198299999999998e-08,0p1,0.1
0.298,6.198299999999998e-08,0p1,0.1
0.299,6.198299999999998e-08,0p1,0.1
0.3,6.198299999999998e-08,0p1,0.1
0.301,6.198299999999998e-08,0p1,0.1
0.302,6.198299999999998e-08,0p1,0.1
0.303,6.198299999999998e-08,0p1,0.1
0.304,6.198299999999998e-08,0p1,0.1
0.305,6.198299999999998e-08,0p1,0.1
0.306,6.198299999999998e-08,0p1,0.1
0.307,6.198299999999998e-08,0p1,0.1
0.308,6.198299999999998e-08,0p1,0.1
0.309,6.198299999999998e-08,0p1,0.1
0.31,6.198299999999998e-08,0p1,0.1
0.311,6.198299999999998e-08,0p1,0.1
0.312,6.198299999999998e-08,0p1,0.1
0.313,6.198299999999998e-08,0p1,0.1
0.314,6.198299999999998e-08,0p1,0.1
0.315,6.198299999999998e-08,0p1,0.1
0.316,6.198299999999998e-08,0p1,0.1
0.317,6.198299999999998e-08,0p1,0.1
0.318,6.198299999999998e-08,0p1,0.1
0.319,6.198299999999998e-08,0p1,0.1
0.32,6.198299999999998e-08,0p1,0.1
0.321,6.198299999999998e-08,0p1,0.1
0.322,6.198299999999998e-08,0p1,0.1
0.323,6.198299999999998e-08,0p1,0.1
0.324,6.198299999999998e-08,0p1,0.1
0.325,6.198299999999998e-08,0p1,0.1
0.326,6.198299999999998e-08,0p1,0.1
0.327,6.198299999999998e-08,0p1,0.1
0.328,6.198299999999998e-08,0p1,0.1
0.329,6.198299999999998e-08,0p1,0.1
0.33,6.198299999999998e-08,0p1,0.1
0.331,6.198299999999998e-08,0p1,0.1
0.332,6.198299999999998e-08,0p1,0.1
0.333,6.198299999999998e-08,0p1,0.1
0.334,6.198299999999998e-08,0p1,0.1
0.335,6.198299999999998e-08,0p1,0.1
0.336,6.198299999999998e-08,0p1,0.1
0.337,6.198299999999998e-08,0p1,0.1
0.338,6.198299999999998e-08,0p1,0.1
0.339,6.198299999999998e-08,0p1,0.1
0.34,6.198299999999998e-08,0p1,0.1
0.341,6.198299999999998e-08,0p1,0.1
0.342,6.198299999999998e-08,0p1,0.1
0.343,6.198299999999998e-08,0p1,0.1
0.344,6.198299999999998e-08,0p1,0.1
0.345,6.198299999999998e-08,0p1,0.1
0.346,6.198299999999998e-08,0p1,0.1
0.347,6.198299999999998e-08,0p1,0.1
0.348,6.198299999999998e-08,0p1,0.1
0.349,6.198299999999998e-08,0p1,0.1
0.35,6.198299999999998e-08,0p1,0.1
0.351,6.198299999999998e-08,0p1,0.1
0.352,6.198299999999998e-08,0p1,0.1
0.353,6.198299999999998e-08,0p1,0.1
0.354,6.198299999999998e-08,0p1,0.1
0.355,6.198299999999998e-08,0p1,0.1
0.356,6.198299999999998e-08,0p1,0.1
0.357,6.198299999999998e-08,0p1,0.1
0.358,6.198299999999998e-08,0p1,0.1
0.359,6.198299999999998e-08,0p1,0.1
0.36,6.198299999999998e-08,0p1,0.1
0.361,6.198299999999998e-08,0p1,0.1
0.362,6.198299999999998e-08,0p1,0.1
0.363,6.198299999999998e-08,0p1,0.1
0.364,6.198299999999998e-08,0p1,0.1
0.365,6.198299999999998e-08,0p1,0.1
0.366,6.198299999999998e-08,0p1,0.1
0.367,6.198299999999998e-08,0p1,0.1
0.368,6.198299999999998e-08,0p1,0.1
0.369,6.198299999999998e-08,0p1,0.1
0.37,6.198299999999998e-08,0p1,0.1
0.371,6.198299999999998e-08,0p1,0.1
0.372,6.198299999999998e-08,0p1,0.1
0.373,6.198299999999998e-08,0p1,0.1
0.374,6.198299999999998e-08,0p1,0.1
0.375,6.198299999999998e-08,0p1,0.1
0.376,6.198299999999998e-08,0p1,0.1
0.377,6.198299999999998e-08,0p1,0.1
0.378,6.198299999999998e-08,0p1,0.1
0.379,6.198299999999998e-08,0p1,0.1
0.38,6.198299999999998e-08,0p1,0.1
0.381,6.198299999999998e-08,0p1,0.1
0.382,6.198299999999998e-08,0p1,0.1
0.383,6.198299999999998e-08,0p1,0.1
0.384,6.198299999999998e-08,0p1,0.1
0.385,6.198299999999998e-08,0p1,0.1
0.386,6.198299999999998e-08,0p1,0.1
0.387,6.198299999999998e-08,0p1,0.1
0.388,6.198299999999998e-08,0p1,0.1
0.389,6.198299999999998e-08,0p1,0.1
0.39,6.198299999999998e-08,0p1,0.1
0.391,6.198299999999998e-08,0p1,0.1
0.392,6.198299999999998e-08,0p1,0.1
0.393,6.198299999999998e-08,0p1,0.1
0.394,6.198299999999998e-08,0p1,0.1
0.395,6.198299999999998e-08,0p1,0.1
0.396,6.198299999999998e-08,0p1,0.1
0.397,6.198299999999998e-08,0p1,0.1
0.398,6.198299999999998e-08,0p1,0.1
0.399,6.198299999999998e-08,0p1,0.1
0.4,6.198299999999998e-08,0p1,0.1
0.401,6.198299999999998e-08,0p1,0.1
0.402,6.198299999999998e-08,0p1,0.1
0.403,6.198299999999998e-08,0p1,0.1
0.404,6.198299999999998e-08,0p1,0.1
0.405,6.198299999999998e-08,0p1,0.1
0.406,6.198299999999998e-08,0p1,0.1
0.407,6.198299999999998e-08,0p1,0.1
0.408,6.198299999999998e-08,0p1,0.1
0.409,6.198299999999998e-08,0p1,0.1
0.41,6.198299999999998e-08,0p1,0.1
0.411,6.198299999999998e-08,0p1,0.1
0.412,6.198299999999998e-08,0p1,0.1
0.413,6.198299999999998e-08,0p1,0.1
0.414,6.198299999999998e-08,0p1,0.1
0.415,6.198299999999998e-08,0p1,0.1
0.416,6.198299999999998e-08,0p1,0.1
0.417,6.198299999999998e-08,0p1,0.1
0.418,6.198299999999998e-08,0p1,0.1
0.419,6.198299999999998e-08,0p1,0.1
0.42,6.198299999999998e-08,0p1,0.1
0.421,6.198299999999998e-08,0p1,0.1
0.422,6.198299999999998e-08,0p1,0.1
0.423,6.198299999999998e-08,0p1,0.1
0.424,6.198299999999998e-08,0p1,0.1
0.425,6.198299999999998e-08,0p1,0.1
0.426,6.198299999999998e-08,0p1,0.1
0.427,6.198299999999998e-08,0p1,0.1
0.428,6.198299999999998e-08,0p1,0.1
0.429,6.198299999999998e-08,0p1,0.1
0.43,6.198299999999998e-08,0p1,0.1
0.431,6.198299999999998e-08,0p1,0.1
0.432,6.198299999999998e-08,0p1,0.1
0.433,6.198299999999998e-08,0p1,0.1
0.434,6.198299999999998e-08,0p1,0.1
0.435,6.198299999999998e-08,0p1,0.1
0.436,6.198299999999998e-08,0p1,0.1
0.437,6.198299999999998e-08,0p1,0.1
0.438,6.198299999999998e-08,0p1,0.1
0.439,6.198299999999998e-08,0p1,0.1
0.44,6.198299999999998e-08,0p1,0.1
0.441,6.198299999999998e-08,0p1,0.1
0.442,6.198299999999998e-08,0p1,0.1
0.443,6.198299999999998e-08,0p1,0.1
0.444,6.198299999999998e-08,0p1,0.1
0.445,6.198299999999998e-08,0p1,0.1
0.446,6.198299999999998e-08,0p1,0.1
0.447,6.198299999999998e-08,0p1,0.1
0.448,6.198299999999998e-08,0p1,0.1
0.449,6.198299999999998e-08,0p1,0.1
0.45,6.198299999999998e-08,0p1,0.1
0.451,6.198299999999998e-08,0p1,0.1
0.452,6.198299999999998e-08,0p1,0.1
0.453,6.198299999999998e-08,0p1,0.1
0.454,6.198299999999998e-08,0p1,0.1
0.455,6.198299999999998e-08,0p1,0.1
0.456,6.198299999999998e-08,0p1,0.1
0.457,6.198299999999998e-08,0p1,0.1
0.458,6.198299999999998e-08,0p1,0.1
0.459,6.198299999999998e-08,0p1,0.1
0.46,6.198299999999998e-08,0p1,0.1
0.461,6.198299999999998e-08,0p1,0.1
0.462,6.198299999999998e-08,0p1,0.1
0.463,6.198299999999998e-08,0p1,0.1
0.464,6.198299999999998e-08,0p1,0.1
0.465,6.198299999999998e-08,0p1,0.1
0.466,6.198299999999998e-08,0p1,0.1
0.467,6.198299999999998e-08,0p1,0.1
0.468,6.198299999999998e-08,0p1,0.1
0.469,6.198299999999998e-08,0p1,0.1
0.47,6.198299999999998e-08,0p1,0.1
0.471,6.198299999999998e-08,0p1,0.1
0.472,6.198299999999998e-08,0p1,0.1
0.473,6.198299999999998e-08,0p1,0.1
0.474,6.198299999999998e-08,0p1,0.1
0.475,6.198299999999998e-08,0p1,0.1
0.476,6.198299999999998e-08,0p1,0.1
0.477,6.198299999999998e-08,0p1,0.1
0.478,6.198299999999998e-08,0p1,0.1
0.479,6.198299999999998e-08,0p1,0.1
0.48,6.198299999999998e-08,0p1,0.1
0.481,6.198299999999998e-08,0p1,0.1
0.482,6.198299999999998e-08,0p1,0.1
0.483,6.198299999999998e-08,0p1,0.1
0.484,6.198299999999998e-08,0p1,0.1
0.485,6.198299999999998e-08,0p1,0.1
0.486,6.198299999999998e-08,0p1,0.1
0.487,6.198299999999998e-08,0p1,0.1
0.488,6.198299999999998e-08,0p1,0.1
0.489,6.198299999999998e-08,0p1,0.1
0.49,6.198299999999998e-08,0p1,0.1
0.491,6.198299999999998e-08,0p1,0.1
0.492,6.198299999999998e-08,0p1,0.1
0.493,6.198299999999998e-08,0p1,0.1
0.494,6.198299999999998e-08,0p1,0.1
0.495,6.198299999999998e-08,0p1,0.1
0.496,6.198299999999998e-08,0p1,0.1
0.497,6.198299999999998e-08,0p1,0.1
0.498,6.198299999999998e-08,0p1,0.1
0.499,6.198299999999998e-08,0p1,0.1
0.5,6.198299999999998e-08,0p1,0.1
0.501,6.198299999999998e-08,0p1,0.1
0.502,6.198299999999998e-08,0p1,0.1
0.503,6.198299999999998e-08,0p1,0.1
0.504,6.198299999999998e-08,0p1,0.1
0.505,6.198299999999998e-08,0p1,0.1
0.506,6.198299999999998e-08,0p1,0.1
0.507,6.198299999999998e-08,0p1,0.1
0.508,6.198299999999998e-08,0p1,0.1
0.509,6.198299999999998e-08,0p1,0.1
0.51,6.198299999999998e-08,0p1,0.1
0.511,6.198299999999998e-08,0p1,0.1
0.512,6.198299999999998e-08,0p1,0.1
0.513,6.198299999999998e-08,0p1,0.1
0.514,6.198299999999998e-08,0p1,0.1
0.515,6.198299999999998e-08,0p1,0.1
0.516,6.198299999999998e-08,0p1,0.1
0.517,6.198299999999998e-08,0p1,0.1
0.518,6.198299999999998e-08,0p1,0.1
0.519,6.198299999999998e-08,0p1,0.1
0.52,6.198299999999998e-08,0p1,0.1
0.521,6.198299999999998e-08,0p1,0.1
0.522,6.198299999999998e-08,0p1,0.1
0.523,6.198299999999998e-08,0p1,0.1
0.524,6.198299999999998e-08,0p1,0.1
0.525,6.198299999999998e-08,0p1,0.1
0.526,6.198299999999998e-08,0p1,0.1
0.527,6.198299999999998e-08,0p1,0.1
0.528,6.198299999999998e-08,0p1,0.1
0.529,6.198299999999998e-08,0p1,0.1
0.53,6.198299999999998e-08,0p1,0.1
0.531,6.198299999999998e-08,0p1,0.1
0.532,6.198299999999998e-08,0p1,0.1
0.533,6.198299999999998e-08,0p1,0.1
0.534,6.198299999999998e-08,0p1,0.1
0.535,6.198299999999998e-08,0p1,0.1
0.536,6.198299999999998e-08,0p1,0.1
0.537,6.198299999999998e-08,0p1,0.1
0.538,6.198299999999998e-08,0p1,0.1
0.539,6.198299999999998e-08,0p1,0.1
0.54,6.198299999999998e-08,0p1,0.1
0.541,6.198299999999998e-08,0p1,0.1
0.542,6.198299999999998e-08,0p1,0.1
0.543,6.198299999999998e-08,0p1,0.1
0.544,6.198299999999998e-08,0p1,0.1
0.545,6.198299999999998e-08,0p1,0.1
0.546,6.198299999999998e-08,0p1,0.1
0.547,6.198299999999998e-08,0p1,0.1
0.548,6.198299999999998e-08,0p1,0.1
0.549,6.198299999999998e-08,0p1,0.1
0.55,6.198299999999998e-08,0p1,0.1
0.551,6.198299999999998e-08,0p1,0.1
0.552,6.198299999999998e-08,0p1,0.1
0.553,6.198299999999998e-08,0p1,0.1
0.554,6.198299999999998e-08,0p1,0.1
0.555,6.198299999999998e-08,0p1,0.1
0.556,6.198299999999998e-08,0p1,0.1
0.557,6.198299999999998e-08,0p1,0.1
0.558,6.198299999999998e-08,0p1,0.1
0.559,6.198299999999998e-08,0p1,0.1
0.56,6.198299999999998e-08,0p1,0.1
0.561,6.198299999999998e-08,0p1,0.1
0.562,6.198299999999998e-08,0p1,0.1
0.563,6.198299999999998e-08,0p1,0.1
0.564,6.198299999999998e-08,0p1,0.1
0.565,6.198299999999998e-08,0p1,0.1
0.566,6.198299999999998e-08,0p1,0.1
0.567,6.198299999999998e-08,0p1,0.1
0.568,6.198299999999998e-08,0p1,0.1
0.569,6.198299999999998e-08,0p1,0.1
0.57,6.198299999999998e-08,0p1,0.1
0.571,6.198299999999998e-08,0p1,0.1
0.572,6.198299999999998e-08,0p1,0.1
0.573,6.198299999999998e-08,0p1,0.1
0.574,6.198299999999998e-08,0p1,0.1
0.575,6.198299999999998e-08,0p1,0.1
0.576,6.198299999999998e-08,0p1,0.1
0.577,6.198299999999998e-08,0p1,0.1
0.578,6.198299999999998e-08,0p1,0.1
0.579,6.198299999999998e-08,0p1,0.1
0.58,6.198299999999998e-08,0p1,0.1
0.581,6.198299999999998e-08,0p1,0.1
0.582,6.198299999999998e-08,0p1,0.1
0.583,6.198299999999998e-08,0p1,0.1
0.584,6.198299999999998e-08,0p1,0.1
0.585,6.198299999999998e-08,0p1,0.1
0.586,6.198299999999998e-08,0p1,0.1
0.587,6.198299999999998e-08,0p1,0.1
0.588,6.198299999999998e-08,0p1,0.1
0.589,6.198299999999998e-08,0p1,0.1
0.59,6.198299999999998e-08,0p1,0.1
0.591,6.198299999999998e-08,0p1,0.1
0.592,6.198299999999998e-08,0p1,0.1
0.593,6.198299999999998e-08,0p1,0.1
0.594,6.198299999999998e-08,0p1,0.1
0.595,6.198299999999998e-08,0p1,0.1
0.596,6.198299999999998e-08,0p1,0.1
0.597,6.198299999999998e-08,0p1,0.1
0.598,6.198299999999998e-08,0p1,0.1
0.599,6.198299999999998e-08,0p1,0.1
0.6,6.198299999999998e-08,0p1,0.1
0.601,6.198299999999998e-08,0p1,0.1
0.602,6.198299999999998e-08,0p1,0.1
0.603,6.198299999999998e-08,0p1,0.1
0.604,6.198299999999998e-08,0p1,0.1
0.605,6.198299999999998e-08,0p1,0.1
0.606,6.198299999999998e-08,0p1,0.1
0.607,6.198299999999998e-08,0p1,0.1
0.608,6.198299999999998e-08,0p1,0.1
0.609,6.198299999999998e-08,0p1,0.1
0.61,6.198299999999998e-08,0p1,0.1
0.611,6.198299999999998e-08,0p1,0.1
0.612,6.198299999999998e-08,0p1,0.1
0.613,6.198299999999998e-08,0p1,0.1
0.614,6.198299999999998e-08,0p1,0.1
0.615,6.198299999999998e-08,0p1,0.1
0.616,6.198299999999998e-08,0p1,0.1
0.617,6.198299999999998e-08,0p1,0.1
0.618,6.198299999999998e-08,0p1,0.1
0.619,6.198299999999998e-08,0p1,0.1
0.62,6.198299999999998e-08,0p1,0.1
0.621,6.198299999999998e-08,0p1,0.1
0.622,6.198299999999998e-08,0p1,0.1
0.623,6.198299999999998e-08,0p1,0.1
0.624,6.198299999999998e-08,0p1,0.1
0.625,6.198299999999998e-08,0p1,0.1
0.626,6.198299999999998e-08,0p1,0.1
0.627,6.198299999999998e-08,0p1,0.1
0.628,6.198299999999998e-08,0p1,0.1
0.629,6.198299999999998e-08,0p1,0.1
0.63,6.198299999999998e-08,0p1,0.1
0.631,6.198299999999998e-08,0p1,0.1
0.632,6.198299999999998e-08,0p1,0.1
0.633,6.198299999999998e-08,0p1,0.1
0.634,6.198299999999998e-08,0p1,0.1
0.635,6.198299999999998e-08,0p1,0.1
0.636,6.198299999999998e-08,0p1,0.1
0.637,6.198299999999998e-08,0p1,0.1
0.638,6.198299999999998e-08,0p1,0.1
0.639,6.198299999999998e-08,0p1,0.1
0.64,6.198299999999998e-08,0p1,0.1
0.641,6.198299999999998e-08,0p1,0.1
0.642,6.198299999999998e-08,0p1,0.1
0.643,6.198299999999998e-08,0p1,0.1
0.644,6.198299999999998e-08,0p1,0.1
0.645,6.198299999999998e-08,0p1,0.1
0.646,6.198299999999998e-08,0p1,0.1
0.647,6.198299999999998e-08,0p1,0.1
0.648,6.198299999999998e-08,0p1,0.1
0.649,6.198299999999998e-08,0p1,0.1
0.65,6.198299999999998e-08,0p1,0.1
0.651,6.198299999999998e-08,0p1,0.1
0.652,6.198299999999998e-08,0p1,0.1
0.653,6.198299999999998e-08,0p1,0.1
0.654,6.198299999999998e-08,0p1,0.1
0.655,6.198299999999998e-08,0p1,0.1
0.656,6.198299999999998e-08,0p1,0.1
0.657,6.198299999999998e-08,0p1,0.1
0.658,6.198299999999998e-08,0p1,0.1
0.659,6.198299999999998e-08,0p1,0.1
0.66,6.198299999999998e-08,0p1,0.1
0.661,6.198299999999998e-08,0p1,0.1
0.662,6.198299999999998e-08,0p1,0.1
0.663,6.198299999999998e-08,0p1,0.1
0.664,6.198299999999998e-08,0p1,0.1
0.665,6.198299999999998e-08,0p1,0.1
0.666,6.198299999999998e-08,0p1,0.1
0.667,6.198299999999998e-08,0p1,0.1
0.668,6.198299999999998e-08,0p1,0.1
0.669,6.198299999999998e-08,0p1,0.1
0.67,6.198299999999998e-08,0p1,0.1
0.671,6.198299999999998e-08,0p1,0.1
0.672,6.198299999999998e-08,0p1,0.1
0.673,6.198299999999998e-08,0p1,0.1
0.674,6.198299999999998e-08,0p1,0.1
0.675,6.198299999999998e-08,0p1,0.1
0.676,6.198299999999998e-08,0p1,0.1
0.677,6.198299999999998e-08,0p1,0.1
0.678,6.198299999999998e-08,0p1,0.1
0.679,6.198299999999998e-08,0p1,0.1
0.68,6.198299999999998e-08,0p1,0.1
0.681,6.198299999999998e-08,0p1,0.1
0.682,6.198299999999998e-08,0p1,0.1
0.683,6.198299999999998e-08,0p1,0.1
0.684,6.198299999999998e-08,0p1,0.1
0.685,6.198299999999998e-08,0p1,0.1
0.686,6.198299999999998e-08,0p1,0.1
0.687,6.198299999999998e-08,0p1,0.1
0.688,6.198299999999998e-08,0p1,0.1
0.689,6.198299999999998e-08,0p1,0.1
0.69,6.198299999999998e-08,0p1,0.1
0.691,6.198299999999998e-08,0p1,0.1
0.692,6.198299999999998e-08,0p1,0.1
0.693,6.198299999999998e-08,0p1,0.1
0.694,6.198299999999998e-08,0p1,0.1
0.695,6.198299999999998e-08,0p1,0.1
0.696,6.198299999999998e-08,0p1,0.1
0.697,6.198299999999998e-08,0p1,0.1
0.698,6.198299999999998e-08,0p1,0.1
0.699,6.198299999999998e-08,0p1,0.1
0.7,6.198299999999998e-08,0p1,0.1
0.701,6.198299999999998e-08,0p1,0.1
0.702,6.198299999999998e-08,0p1,0.1
0.703,6.198299999999998e-08,0p1,0.1
0.704,6.198299999999998e-08,0p1,0.1
0.705,6.198299999999998e-08,0p1,0.1
0.706,6.198299999999998e-08,0p1,0.1
0.707,6.198299999999998e-08,0p1,0.1
0.708,6.198299999999998e-08,0p1,0.1
0.709,6.198299999999998e-08,0p1,0.1
0.71,6.198299999999998e-08,0p1,0.1
0.711,6.198299999999998e-08,0p1,0.1
0.712,6.198299999999998e-08,0p1,0.1
0.713,6.198299999999998e-08,0p1,0.1
0.714,6.198299999999998e-08,0p1,0.1
0.715,6.198299999999998e-08,0p1,0.1
0.716,6.198299999999998e-08,0p1,0.1
0.717,6.198299999999998e-08,0p1,0.1
0.718,6.198299999999998e-08,0p1,0.1
0.719,6.198299999999998e-08,0p1,0.1
0.72,6.198299999999998e-08,0p1,0.1
0.721,6.198299999999998e-08,0p1,0.1
0.722,6.198299999999998e-08,0p1,0.1
0.723,6.198299999999998e-08,0p1,0.1
0.724,6.198299999999998e-08,0p1,0.1
0.725,6.198299999999998e-08,0p1,0.1
0.726,6.198299999999998e-08,0p1,0.1
0.727,6.198299999999998e-08,0p1,0.1
0.728,6.198299999999998e-08,0p1,0.1
0.729,6.198299999999998e-08,0p1,0.1
0.73,6.198299999999998e-08,0p1,0.1
0.731,6.198299999999998e-08,0p1,0.1
0.732,6.198299999999998e-08,0p1,0.1
0.733,6.198299999999998e-08,0p1,0.1
0.734,6.198299999999998e-08,0p1,0.1
0.735,6.198299999999998e-08,0p1,0.1
0.736,6.198299999999998e-08,0p1,0.1
0.737,6.198299999999998e-08,0p1,0.1
0.738,6.198299999999998e-08,0p1,0.1
0.739,6.198299999999998e-08,0p1,0.1
0.74,6.198299999999998e-08,0p1,0.1
0.741,6.198299999999998e-08,0p1,0.1
0.742,6.198299999999998e-08,0p1,0.1
0.743,6.198299999999998e-08,0p1,0.1
0.744,6.198299999999998e-08,0p1,0.1
0.745,6.198299999999998e-08,0p1,0.1
0.746,6.198299999999998e-08,0p1,0.1
0.747,6.198299999999998e-08,0p1,0.1
0.748,6.198299999999998e-08,0p1,0.1
0.749,6.198299999999998e-08,0p1,0.1
0.75,6.198299999999998e-08,0p1,0.1
0.751,6.198299999999998e-08,0p1,0.1
0.752,6.198299999999998e-08,0p1,0.1
0.753,6.198299999999998e-08,0p1,0.1
0.754,6.198299999999998e-08,0p1,0.1
0.755,6.198299999999998e-08,0p1,0.1
0.756,6.198299999999998e-08,0p1,0.1
0.757,6.198299999999998e-08,0p1,0.1
0.758,6.198299999999998e-08,0p1,0.1
0.759,6.198299999999998e-08,0p1,0.1
0.76,6.198299999999998e-08,0p1,0.1
0.761,6.198299999999998e-08,0p1,0.1
0.762,6.198299999999998e-08,0p1,0.1
0.763,6.198299999999998e-08,0p1,0.1
0.764,6.198299999999998e-08,0p1,0.1
0.765,6.198299999999998e-08,0p1,0.1
0.766,6.198299999999998e-08,0p1,0.1
0.767,6.198299999999998e-08,0p1,0.1
0.768,6.198299999999998e-08,0p1,0.1
0.769,6.198299999999998e-08,0p1,0.1
0.77,6.198299999999998e-08,0p1,0.1
0.771,6.198299999999998e-08,0p1,0.1
0.772,6.198299999999998e-08,0p1,0.1
0.773,6.198299999999998e-08,0p1,0.1
0.774,6.198299999999998e-08,0p1,0.1
0.775,6.198299999999998e-08,0p1,0.1
0.776,6.198299999999998e-08,0p1,0.1
0.777,6.198299999999998e-08,0p1,0.1
0.778,6.198299999999998e-08,0p1,0.1
0.779,6.198299999999998e-08,0p1,0.1
0.78,6.198299999999998e-08,0p1,0.1
0.781,6.198299999999998e-08,0p1,0.1
0.782,6.198299999999998e-08,0p1,0.1
0.783,6.198299999999998e-08,0p1,0.1
0.784,6.198299999999998e-08,0p1,0.1
0.785,6.198299999999998e-08,0p1,0.1
0.786,6.198299999999998e-08,0p1,0.1
0.787,6.198299999999998e-08,0p1,0.1
0.788,6.198299999999998e-08,0p1,0.1
0.789,6.198299999999998e-08,0p1,0.1
0.79,6.198299999999998e-08,0p1,0.1
0.791,6.198299999999998e-08,0p1,0.1
0.792,6.198299999999998e-08,0p1,0.1
0.793,6.198299999999998e-08,0p1,0.1
0.794,6.198299999999998e-08,0p1,0.1
0.795,6.198299999999998e-08,0p1,0.1
0.796,6.198299999999998e-08,0p1,0.1
0.797,6.198299999999998e-08,0p1,0.1
0.798,6.198299999999998e-08,0p1,0.1
0.799,6.198299999999998e-08,0p1,0.1
0.8,6.198299999999998e-08,0p1,0.1
0.801,6.198299999999998e-08,0p1,0.1
0.802,6.198299999999998e-08,0p1,0.1
0.803,6.198299999999998e-08,0p1,0.1
0.804,6.198299999999998e-08,0p1,0.1
0.805,6.198299999999998e-08,0p1,0.1
0.806,6.198299999999998e-08,0p1,0.1
0.807,6.198299999999998e-08,0p1,0.1
0.808,6.198299999999998e-08,0p1,0.1
0.809,6.198299999999998e-08,0p1,0.1
0.81,6.198299999999998e-08,0p1,0.1
0.811,6.198299999999998e-08,0p1,0.1
0.812,6.198299999999998e-08,0p1,0.1
0.813,6.198299999999998e-08,0p1,0.1
0.814,6.198299999999998e-08,0p1,0.1
0.815,6.198299999999998e-08,0p1,0.1
0.816,6.198299999999998e-08,0p1,0.1
0.817,6.198299999999998e-08,0p1,0.1
0.818,6.198299999999998e-08,0p1,0.1
0.819,6.198299999999998e-08,0p1,0.1
0.82,6.198299999999998e-08,0p1,0.1
0.821,6.198299999999998e-08,0p1,0.1
0.822,6.198299999999998e-08,0p1,0.1
0.823,6.198299999999998e-08,0p1,0.1
0.824,6.198299999999998e-08,0p1,0.1
0.825,6.198299999999998e-08,0p1,0.1
0.826,6.198299999999998e-08,0p1,0.1
0.827,6.198299999999998e-08,0p1,0.1
0.828,6.198299999999998e-08,0p1,0.1
0.829,6.198299999999998e-08,0p1,0.1
0.83,6.198299999999998e-08,0p1,0.1
0.831,6.198299999999998e-08,0p1,0.1
0.832,6.198299999999998e-08,0p1,0.1
0.833,6.198299999999998e-08,0p1,0.1
0.834,6.198299999999998e-08,0p1,0.1
0.835,6.198299999999998e-08,0p1,0.1
0.836,6.198299999999998e-08,0p1,0.1
0.837,6.198299999999998e-08,0p1,0.1
0.838,6.198299999999998e-08,0p1,0.1
0.839,6.198299999999998e-08,0p1,0.1
0.84,6.198299999999998e-08,0p1,0.1
0.841,6.198299999999998e-08,0p1,0.1
0.842,6.198299999999998e-08,0p1,0.1
0.843,6.198299999999998e-08,0p1,0.1
0.844,6.198299999999998e-08,0p1,0.1
0.845,6.198299999999998e-08,0p1,0.1
0.846,6.198299999999998e-08,0p1,0.1
0.847,6.198299999999998e-08,0p1,0.1
0.848,6.198299999999998e-08,0p1,0.1
0.849,6.198299999999998e-08,0p1,0.1
0.85,6.198299999999998e-08,0p1,0.1
0.851,6.198299999999998e-08,0p1,0.1
0.852,6.198299999999998e-08,0p1,0.1
0.853,6.198299999999998e-08,0p1,0.1
0.854,6.198299999999998e-08,0p1,0.1
0.855,6.198299999999998e-08,0p1,0.1
0.856,6.198299999999998e-08,0p1,0.1
0.857,6.198299999999998e-08,0p1,0.1
0.858,6.198299999999998e-08,0p1,0.1
0.859,6.198299999999998e-08,0p1,0.1
0.86,6.198299999999998e-08,0p1,0.1
0.861,6.198299999999998e-08,0p1,0.1
0.862,6.198299999999998e-08,0p1,0.1
0.863,6.198299999999998e-08,0p1,0.1
0.864,6.198299999999998e-08,0p1,0.1
0.865,6.198299999999998e-08,0p1,0.1
0.866,6.198299999999998e-08,0p1,0.1
0.867,6.198299999999998e-08,0p1,0.1
0.868,6.198299999999998e-08,0p1,0.1
0.869,6.198299999999998e-08,0p1,0.1
0.87,6.198299999999998e-08,0p1,0.1
0.871,6.198299999999998e-08,0p1,0.1
0.872,6.198299999999998e-08,0p1,0.1
0.873,6.198299999999998e-08,0p1,0.1
0.874,6.198299999999998e-08,0p1,0.1
0.875,6.198299999999998e-08,0p1,0.1
0.876,6.198299999999998e-08,0p1,0.1
0.877,6.198299999999998e-08,0p1,0.1
0.878,6.198299999999998e-08,0p1,0.1
0.879,6.198299999999998e-08,0p1,0.1
0.88,6.198299999999998e-08,0p1,0.1
0.881,6.198299999999998e-08,0p1,0.1
0.882,6.198299999999998e-08,0p1,0.1
0.883,6.198299999999998e-08,0p1,0.1
0.884,6.198299999999998e-08,0p1,0.1
0.885,6.198299999999998e-08,0p1,0.1
0.886,6.198299999999998e-08,0p1,0.1
0.887,6.198299999999998e-08,0p1,0.1
0.888,6.198299999999998e-08,0p1,0.1
0.889,6.198299999999998e-08,0p1,0.1
0.89,6.198299999999998e-08,0p1,0.1
0.891,6.198299999999998e-08,0p1,0.1
0.892,6.198299999999998e-08,0p1,0.1
0.893,6.198299999999998e-08,0p1,0.1
0.894,6.198299999999998e-08,0p1,0.1
0.895,6.198299999999998e-08,0p1,0.1
0.896,6.198299999999998e-08,0p1,0.1
0.897,6.198299999999998e-08,0p1,0.1
0.898,6.198299999999998e-08,0p1,0.1
0.899,6.198299999999998e-08,0p1,0.1
0.9,6.198299999999998e-08,0p1,0.1
0.901,6.198299999999998e-08,0p1,0.1
0.902,6.198299999999998e-08,0p1,0.1
0.903,6.198299999999998e-08,0p1,0.1
0.904,6.198299999999998e-08,0p1,0.1
0.905,6.198299999999998e-08,0p1,0.1
0.906,6.198299999999998e-08,0p1,0.1
0.907,6.198299999999998e-08,0p1,0.1
0.908,6.198299999999998e-08,0p1,0.1
0.909,6.198299999999998e-08,0p1,0.1
0.91,6.198299999999998e-08,0p1,0.1
0.911,6.198299999999998e-08,0p1,0.1
0.912,6.198299999999998e-08,0p1,0.1
0.913,6.198299999999998e-08,0p1,0.1
0.914,6.198299999999998e-08,0p1,0.1
0.915,6.198299999999998e-08,0p1,0.1
0.916,6.198299999999998e-08,0p1,0.1
0.917,6.198299999999998e-08,0p1,0.1
0.918,6.198299999999998e-08,0p1,0.1
0.919,6.198299999999998e-08,0p1,0.1
0.92,6.198299999999998e-08,0p1,0.1
0.921,6.198299999999998e-08,0p1,0.1
0.922,6.198299999999998e-08,0p1,0.1
0.923,6.198299999999998e-08,0p1,0.1
0.924,6.198299999999998e-08,0p1,0.1
0.925,6.198299999999998e-08,0p1,0.1
0.926,6.198299999999998e-08,0p1,0.1
0.927,6.198299999999998e-08,0p1,0.1
0.928,6.198299999999998e-08,0p1,0.1
0.929,6.198299999999998e-08,0p1,0.1
0.93,6.198299999999998e-08,0p1,0.1
0.931,6.198299999999998e-08,0p1,0.1
0.932,6.198299999999998e-08,0p1,0.1
0.933,6.198299999999998e-08,0p1,0.1
0.934,6.198299999999998e-08,0p1,0.1
0.935,6.198299999999998e-08,0p1,0.1
0.936,6.198299999999998e-08,0p1,0.1
0.937,6.198299999999998e-08,0p1,0.1
0.938,6.198299999999998e-08,0p1,0.1
0.939,6.198299999999998e-08,0p1,0.1
0.94,6.198299999999998e-08,0p1,0.1
0.941,6.198299999999998e-08,0p1,0.1
0.942,6.198299999999998e-08,0p1,0.1
0.943,6.198299999999998e-08,0p1,0.1
0.944,6.198299999999998e-08,0p1,0.1
0.945,6.198299999999998e-08,0p1,0.1
0.946,6.198299999999998e-08,0p1,0.1
0.947,6.198299999999998e-08,0p1,0.1
0.948,6.198299999999998e-08,0p1,0.1
0.949,6.198299999999998e-08,0p1,0.1
0.95,6.198299999999998e-08,0p1,0.1
0.951,6.198299999999998e-08,0p1,0.1
0.952,6.198299999999998e-08,0p1,0.1
0.953,6.198299999999998e-08,0p1,0.1
0.954,6.198299999999998e-08,0p1,0.1
0.955,6.198299999999998e-08,0p1,0.1
0.956,6.198299999999998e-08,0p1,0.1
0.957,6.198299999999998e-08,0p1,0.1
0.958,6.198299999999998e-08,0p1,0.1
0.959,6.198299999999998e-08,0p1,0.1
0.96,6.198299999999998e-08,0p1,0.1
0.961,6.198299999999998e-08,0p1,0.1
0.962,6.198299999999998e-08,0p1,0.1
0.963,6.198299999999998e-08,0p1,0.1
0.964,6.198299999999998e-08,0p1,0.1
0.965,6.198299999999998e-08,0p1,0.1
0.966,6.198299999999998e-08,0p1,0.1
0.967,6.198299999999998e-08,0p1,0.1
0.968,6.198299999999998e-08,0p1,0.1
0.969,6.198299999999998e-08,0p1,0.1
0.97,6.198299999999998e-08,0p1,0.1
0.971,6.198299999999998e-08,0p1,0.1
0.972,6.198299999999998e-08,0p1,0.1
0.973,6.198299999999998e-08,0p1,0.1
0.974,6.198299999999998e-08,0p1,0.1
0.975,6.198299999999998e-08,0p1,0.1
0.976,6.198299999999998e-08,0p1,0.1
0.977,6.198299999999998e-08,0p1,0.1
0.978,6.198299999999998e-08,0p1,0.1
0.979,6.198299999999998e-08,0p1,0.1
0.98,6.198299999999998e-08,0p1,0.1
0.981,6.198299999999998e-08,0p1,0.1
0.982,6.198299999999998e-08,0p1,0.1
0.983,6.198299999999998e-08,0p1,0.1
0.984,6.198299999999998e-08,0p1,0.1
0.985,6.198299999999998e-08,0p1,0.1
0.986,6.198299999999998e-08,0p1,0.1
0.987,6.198299999999998e-08,0p1,0.1
0.988,6.198299999999998e-08,0p1,0.1
0.989,6.198299999999998e-08,0p1,0.1
0.99,6.198299999999998e-08,0p1,0.1
0.991,6.198299999999998e-08,0p1,0.1
0.992,6.198299999999998e-08,0p1,0.1
0.993,6.198299999999998e-08,0p1,0.1
0.994,6.198299999999998e-08,0p1,0.1
0.995,6.198299999999998e-08,0p1,0.1
0.996,6.198299999999998e-08,0p1,0.1
0.997,6.198299999999998e-08,0p1,0.1
0.998,6.198299999999998e-08,0p1,0.1
0.999,6.198299999999998e-08,0p1,0.1
1.0,6.198299999999998e-08,0p1,0.1
1.000000002000481,6.198299999999998e-08,0p1,0.1
1.000000002000481,6.198299999999998e-08,0p1,0.1
1.001,6.205921687662942e-08,0p1,0.1
1.002,6.228020828763767e-08,0p1,0.1
1.003,6.263444900427655e-08,0p1,0.1
1.004,6.310562262551942e-08,0p1,0.1
1.005,6.365437746158416e-08,0p1,0.1
1.006,6.424821954323524e-08,0p1,0.1
1.007,6.487340426412038e-08,0p1,0.1
1.008,6.552528817080051e-08,0p1,0.1
1.009,6.620297940270615e-08,0p1,0.1
1.01,6.690671388377992e-08,0p1,0.1
1.011,6.763668292693777e-08,0p1,0.1
1.012,6.839259903419812e-08,0p1,0.1
1.013,6.917360480453787e-08,0p1,0.1
1.014,6.997808078351534e-08,0p1,0.1
1.015,7.080443069831474e-08,0p1,0.1
1.016,7.164138916643204e-08,0p1,0.1
1.017,7.247898134649907e-08,0p1,0.1
1.018,7.331813370454999e-08,0p1,0.1
1.019,7.416090305976916e-08,0p1,0.1
1.02,7.500910251414204e-08,0p1,0.1
1.021,7.584657514829036e-08,0p1,0.1
1.022,7.663018364063416e-08,0p1,0.1
1.023,7.735782941833959e-08,0p1,0.1
1.024,7.803326502555042e-08,0p1,0.1
1.025,7.866083015999372e-08,0p1,0.1
1.026,7.924402212845812e-08,0p1,0.1
1.027,7.97863370702769e-08,0p1,0.1
1.028,8.029087067228979e-08,0p1,0.1
1.029,8.076058425207702e-08,0p1,0.1
1.03,8.119813244516388e-08,0p1,0.1
1.031,8.160589899467576e-08,0p1,0.1
1.032,8.198610655170075e-08,0p1,0.1
1.033,8.234082932011475e-08,0p1,0.1
1.034,8.2671973474651e-08,0p1,0.1
1.035,8.298121388652031e-08,0p1,0.1
1.036,8.327012911671715e-08,0p1,0.1
1.037,8.354018601813838e-08,0p1,0.1
1.038,8.37927689890739e-08,0p1,0.1
1.039,8.40290690667039e-08,0p1,0.1
1.04,8.425022117574884e-08,0p1,0.1
1.041,8.445727505978176e-08,0p1,0.1
1.042,8.465124845408026e-08,0p1,0.1
1.043,8.483299894391276e-08,0p1,0.1
1.044,8.500335246181348e-08,0p1,0.1
1.045,8.516307390105474e-08,0p1,0.1
1.046,8.53129057071155e-08,0p1,0.1
1.047,8.545348722530966e-08,0p1,0.1
1.048,8.558551921337927e-08,0p1,0.1
1.049,8.57095420071417e-08,0p1,0.1
1.05,8.58260859732169e-08,0p1,0.1
1.051,8.593547051149987e-08,0p1,0.1
1.052,8.603824236625347e-08,0p1,0.1
1.053,8.613492240930886e-08,0p1,0.1
1.054,8.622573538298629e-08,0p1,0.1
1.055,8.63110778117868e-08,0p1,0.1
1.056,8.639139727134926e-08,0p1,0.1
1.057,8.646691295335321e-08,0p1,0.1
1.058,8.653791768635198e-08,0p1,0.1
1.059,8.660476584029875e-08,0p1,0.1
1.06,8.666767671701943e-08,0p1,0.1
1.061,8.672685917242417e-08,0p1,0.1
1.062,8.678259056525605e-08,0p1,0.1
1.063,8.683509056856298e-08,0p1,0.1
1.064,8.688450166605913e-08,0p1,0.1
1.065,8.693103860092762e-08,0p1,0.1
1.066,8.6974920541053e-08,0p1,0.1
1.067,8.701623803258785e-08,0p1,0.1
1.068,8.705516252402789e-08,0p1,0.1
1.069,8.709188897567307e-08,0p1,0.1
1.07,8.712648991813213e-08,0p1,0.1
1.071,8.715909998667813e-08,0p1,0.1
1.072,8.718987588084344e-08,0p1,0.1
1.073,8.721889391158488e-08,0p1,0.1
1.074,8.7246253094332e-08,0p1,0.1
1.075,8.727207830407169e-08,0p1,0.1
1.076,8.729644911572175e-08,0p1,0.1
1.077,8.731943589132662e-08,0p1,0.1
1.078,8.734113712180463e-08,0p1,0.1
1.079,8.736163478199231e-08,0p1,0.1
1.08,8.738097634186277e-08,0p1,0.1
1.081,8.739923850482502e-08,0p1,0.1
1.082,8.741650463173085e-08,0p1,0.1
1.083,8.743283167265424e-08,0p1,0.1
1.084,8.74483166919968e-08,0p1,0.1
1.085,8.746292972447105e-08,0p1,0.1
1.086,8.74767596153499e-08,0p1,0.1
1.087,8.748983944499373e-08,0p1,0.1
1.088,8.750213181494646e-08,0p1,0.1
1.089,8.751385125869879e-08,0p1,0.1
1.09,8.752490310237287e-08,0p1,0.1
1.091,8.753534016954522e-08,0p1,0.1
1.092,8.754525560903418e-08,0p1,0.1
1.093,8.755459507218141e-08,0p1,0.1
1.094,8.756346459261718e-08,0p1,0.1
1.095,8.757186178333977e-08,0p1,0.1
1.096,8.757978025241991e-08,0p1,0.1
1.097,8.758732679686213e-08,0p1,0.1
1.098,8.759444975385949e-08,0p1,0.1
1.099,8.760120065483016e-08,0p1,0.1
1.1,8.760761799170857e-08,0p1,0.1
1.101,8.761367240148118e-08,0p1,0.1
1.102,8.761944841242535e-08,0p1,0.1
1.103,8.762491800884019e-08,0p1,0.1
1.104,8.763009666322751e-08,0p1,0.1
1.105,8.763503761549296e-08,0p1,0.1
1.106,8.763971179938965e-08,0p1,0.1
1.107,8.764416281497105e-08,0p1,0.1
1.108,8.764839815556122e-08,0p1,0.1
1.109,8.765240825347877e-08,0p1,0.1
1.11,8.765624702866286e-08,0p1,0.1
1.111,8.765988939986801e-08,0p1,0.1
1.112,8.766335529493122e-08,0p1,0.1
1.113,8.766666784896194e-08,0p1,0.1
1.114,8.766981176783147e-08,0p1,0.1
1.115,8.767282201278356e-08,0p1,0.1
1.116,8.76756916677286e-08,0p1,0.1
1.117,8.767842327218682e-08,0p1,0.1
1.118,8.768104458038203e-08,0p1,0.1
1.119,8.768354129768083e-08,0p1,0.1
1.12,8.768593089380361e-08,0p1,0.1
1.121,8.768822061403226e-08,0p1,0.1
1.122,8.76904032632868e-08,0p1,0.1
1.123,8.769250554216588e-08,0p1,0.1
1.124,8.769451549459195e-08,0p1,0.1
1.125,8.769644507162147e-08,0p1,0.1
1.126,8.769831499985227e-08,0p1,0.1
1.127,8.770011290380773e-08,0p1,0.1
1.128,8.770183878816035e-08,0p1,0.1
1.129,8.77034926570428e-08,0p1,0.1
1.13,8.770507918825872e-08,0p1,0.1
1.131,8.770662418909254e-08,0p1,0.1
1.132,8.770810791093577e-08,0p1,0.1
1.133,8.770953035572244e-08,0p1,0.1
1.134,8.771089152501082e-08,0p1,0.1
1.135,8.771220875334983e-08,0p1,0.1
1.136,8.771349625128827e-08,0p1,0.1
1.137,8.771473725071197e-08,0p1,0.1
1.138,8.771593175193394e-08,0p1,0.1
1.139,8.771707975506903e-08,0p1,0.1
1.14,8.771820166719601e-08,0p1,0.1
1.141,8.771929271946463e-08,0p1,0.1
1.142,8.772034728288058e-08,0p1,0.1
1.143,8.77213653570673e-08,0p1,0.1
1.144,8.772234771611263e-08,0p1,0.1
1.145,8.772331613467488e-08,0p1,0.1
1.146,8.7724256122132e-08,0p1,0.1
1.147,8.77251676779295e-08,0p1,0.1
1.148,8.772605080145496e-08,0p1,0.1
1.149,8.772691068510176e-08,0p1,0.1
1.15,8.772775663626978e-08,0p1,0.1
1.151,8.772858033305005e-08,0p1,0.1
1.152,8.77293817748433e-08,0p1,0.1
1.153,8.773016096102066e-08,0p1,0.1
1.154,8.773092576833329e-08,0p1,0.1
1.155,8.773167685205611e-08,0p1,0.1
1.156,8.773241039438173e-08,0p1,0.1
1.157,8.773312639477093e-08,0p1,0.1
1.158,8.773382485267038e-08,0p1,0.1
1.159,8.773451503210325e-08,0p1,0.1
1.16,8.773519191850756e-08,0p1,0.1
1.161,8.773585484326145e-08,0p1,0.1
1.162,8.773650380592068e-08,0p1,0.1
1.163,8.773714022564136e-08,0p1,0.1
1.164,8.773776959685459e-08,0p1,0.1
1.165,8.773838772324697e-08,0p1,0.1
1.166,8.773899460447337e-08,0p1,0.1
1.167,8.773959024018654e-08,0p1,0.1
1.168,8.77401773488178e-08,0p1,0.1
1.169,8.774075742730596e-08,0p1,0.1
1.17,8.774132832413029e-08,0p1,0.1
1.171,8.774189003902923e-08,0p1,0.1
1.172,8.774244257174092e-08,0p1,0.1
1.173,8.77429911468278e-08,0p1,0.1
1.174,8.774353399806564e-08,0p1,0.1
1.175,8.774407004454206e-08,0p1,0.1
1.176,8.774459928609891e-08,0p1,0.1
1.177,8.774512172257883e-08,0p1,0.1
1.178,8.774563735382499e-08,0p1,0.1
1.179,8.774614617968132e-08,0p1,0.1
1.18,8.77466481999924e-08,0p1,0.1
1.181,8.774714341460362e-08,0p1,0.1
1.182,8.774763397503416e-08,0p1,0.1
1.183,8.77481219702879e-08,0p1,0.1
1.184,8.774860430288317e-08,0p1,0.1
1.185,8.774908097271482e-08,0p1,0.1
1.186,8.774955197967841e-08,0p1,0.1
1.187,8.775001732367033e-08,0p1,0.1
1.188,8.775047700458762e-08,0p1,0.1
1.189,8.775093102232804e-08,0p1,0.1
1.19,8.775137937679006e-08,0p1,0.1
1.191,8.775182206787294e-08,0p1,0.1
1.192,8.775226549576923e-08,0p1,0.1
1.193,8.775270470950274e-08,0p1,0.1
1.194,8.775313953053757e-08,0p1,0.1
1.195,8.775356995882399e-08,0p1,0.1
1.196,8.775399599431281e-08,0p1,0.1
1.197,8.775441763695546e-08,0p1,0.1
1.198,8.775483488670364e-08,0p1,0.1
1.199,8.775524774350984e-08,0p1,0.1
1.2,8.775565620732695e-08,0p1,0.1
1.201,8.775606264986102e-08,0p1,0.1
1.202,8.775646725929622e-08,0p1,0.1
1.203,8.775686833147465e-08,0p1,0.1
1.204,8.775726586637933e-08,0p1,0.1
1.205,8.775765986399338e-08,0p1,0.1
1.206,8.775805032430033e-08,0p1,0.1
1.207,8.775843724728394e-08,0p1,0.1
1.208,8.775882063292825e-08,0p1,0.1
1.209,8.775920048121749e-08,0p1,0.1
1.21,8.775957717393583e-08,0p1,0.1
1.211,8.775995295973613e-08,0p1,0.1
1.212,8.776032577134809e-08,0p1,0.1
1.213,8.776069560877194e-08,0p1,0.1
1.214,8.77610624720082e-08,0p1,0.1
1.215,8.776142636105732e-08,0p1,0.1
1.216,8.776178727591985e-08,0p1,0.1
1.217,8.776214521659666e-08,0p1,0.1
1.218,8.776250018308842e-08,0p1,0.1
1.219,8.776285217539602e-08,0p1,0.1
1.22,8.776320258477129e-08,0p1,0.1
1.221,8.776355086595299e-08,0p1,0.1
1.222,8.77638965499511e-08,0p1,0.1
1.223,8.77642396367741e-08,0p1,0.1
1.224,8.776458012643068e-08,0p1,0.1
1.225,8.776491801892921e-08,0p1,0.1
1.226,8.776525331427836e-08,0p1,0.1
1.227,8.776558601248655e-08,0p1,0.1
1.228,8.776591611356239e-08,0p1,0.1
1.229,8.776624402134637e-08,0p1,0.1
1.23,8.776657038923744e-08,0p1,0.1
1.231,8.776689442468185e-08,0p1,0.1
1.232,8.776721612769135e-08,0p1,0.1
1.233,8.776753549827768e-08,0p1,0.1
1.234,8.776785253645246e-08,0p1,0.1
1.235,8.776816724222725e-08,0p1,0.1
1.236,8.776847961561358e-08,0p1,0.1
1.237,8.776878965662297e-08,0p1,0.1
1.238,8.776909736526676e-08,0p1,0.1
1.239,8.7769403662335e-08,0p1,0.1
1.24,8.77697079182938e-08,0p1,0.1
1.241,8.77700100403991e-08,0p1,0.1
1.242,8.777031002866322e-08,0p1,0.1
1.243,8.77706078830985e-08,0p1,0.1
1.244,8.777090360371719e-08,0p1,0.1
1.245,8.777119719053139e-08,0p1,0.1
1.246,8.777148864355318e-08,0p1,0.1
1.247,8.777177796279462e-08,0p1,0.1
1.248,8.777206553130275e-08,0p1,0.1
1.249,8.77723514902534e-08,0p1,0.1
1.25,8.777263547483084e-08,0p1,0.1
1.251,8.777291748504696e-08,0p1,0.1
1.252,8.77731975209136e-08,0p1,0.1
1.253,8.77734755824425e-08,0p1,0.1
1.254,8.77737516696454e-08,0p1,0.1
1.255,8.777402578253382e-08,0p1,0.1
1.256,8.777429792111934e-08,0p1,0.1
1.257,8.777456813135191e-08,0p1,0.1
1.258,8.777483703670945e-08,0p1,0.1
1.259,8.777510410331709e-08,0p1,0.1
1.26,8.777536933118565e-08,0p1,0.1
1.261,8.777563272032613e-08,0p1,0.1
1.262,8.777589427074933e-08,0p1,0.1
1.263,8.777615398246596e-08,0p1,0.1
1.264,8.777641185548677e-08,0p1,0.1
1.265,8.77766678898223e-08,0p1,0.1
1.266,8.77769220854831e-08,0p1,0.1
1.267,8.777717483988059e-08,0p1,0.1
1.268,8.77774260622171e-08,0p1,0.1
1.269,8.777767556595293e-08,0p1,0.1
1.27,8.777792335109798e-08,0p1,0.1
1.271,8.777816941766199e-08,0p1,0.1
1.272,8.777841376565458e-08,0p1,0.1
1.273,8.777865639508543e-08,0p1,0.1
1.274,8.777889730596408e-08,0p1,0.1
1.275,8.777913649830003e-08,0p1,0.1
1.276,8.777937418884442e-08,0p1,0.1
1.277,8.777961094963464e-08,0p1,0.1
1.278,8.777984617639267e-08,0p1,0.1
1.279,8.778007986912685e-08,0p1,0.1
1.28,8.77803120278456e-08,0p1,0.1
1.281,8.77805426525572e-08,0p1,0.1
1.282,8.778077174326985e-08,0p1,0.1
1.283,8.778099929999176e-08,0p1,0.1
1.284,8.7781225322731e-08,0p1,0.1
1.285,8.778144981149573e-08,0p1,0.1
1.286,8.77816727662939e-08,0p1,0.1
1.287,8.778189418713354e-08,0p1,0.1
1.288,8.778211407402249e-08,0p1,0.1
1.289,8.778233242696858e-08,0p1,0.1
1.29,8.77825492459797e-08,0p1,0.1
1.291,8.778276453106355e-08,0p1,0.1
1.292,8.778297828222784e-08,0p1,0.1
1.293,8.77831904994802e-08,0p1,0.1
1.294,8.778340118282817e-08,0p1,0.1
1.295,8.778361081346498e-08,0p1,0.1
1.296,8.778381967337067e-08,0p1,0.1
1.297,8.778402711985874e-08,0p1,0.1
1.298,8.77842331529361e-08,0p1,0.1
1.299,8.778443777260945e-08,0p1,0.1
1.3,8.778464097888566e-08,0p1,0.1
1.301,8.778484277177134e-08,0p1,0.1
1.302,8.778504315127325e-08,0p1,0.1
1.303,8.778524211739787e-08,0p1,0.1
1.304,8.778543967015188e-08,0p1,0.1
1.305,8.778563580954176e-08,0p1,0.1
1.306,8.7785830535574e-08,0p1,0.1
1.307,8.778602384825501e-08,0p1,0.1
1.308,8.778621574759116e-08,0p1,0.1
1.309,8.77864062335888e-08,0p1,0.1
1.31,8.778659530625424e-08,0p1,0.1
1.311,8.778678296559366e-08,0p1,0.1
1.312,8.778696921161331e-08,0p1,0.1
1.313,8.778715404431936e-08,0p1,0.1
1.314,8.778733838549835e-08,0p1,0.1
1.315,8.77875220903713e-08,0p1,0.1
1.316,8.778770454371602e-08,0p1,0.1
1.317,8.77878857455378e-08,0p1,0.1
1.318,8.778806569584204e-08,0p1,0.1
1.319,8.7788244394634e-08,0p1,0.1
1.32,8.778842184191882e-08,0p1,0.1
1.321,8.778859803770181e-08,0p1,0.1
1.322,8.77887729819881e-08,0p1,0.1
1.323,8.778894667478285e-08,0p1,0.1
1.324,8.778911911609112e-08,0p1,0.1
1.325,8.778929030591795e-08,0p1,0.1
1.326,8.77894602442684e-08,0p1,0.1
1.327,8.778962893114744e-08,0p1,0.1
1.328,8.778979636656e-08,0p1,0.1
1.329,8.7789962550511e-08,0p1,0.1
1.33,8.779012748300535e-08,0p1,0.1
1.331,8.779029116404784e-08,0p1,0.1
1.332,8.779045359364329e-08,0p1,0.1
1.333,8.77906151218773e-08,0p1,0.1
1.334,8.77907755513827e-08,0p1,0.1
1.335,8.779093477656312e-08,0p1,0.1
1.336,8.779109279742303e-08,0p1,0.1
1.337,8.779124962636613e-08,0p1,0.1
1.338,8.779140553112705e-08,0p1,0.1
1.339,8.77915603322687e-08,0p1,0.1
1.34,8.779171408569004e-08,0p1,0.1
1.341,8.779186681467569e-08,0p1,0.1
1.342,8.779201852193877e-08,0p1,0.1
1.343,8.77921692081776e-08,0p1,0.1
1.344,8.779231887922279e-08,0p1,0.1
1.345,8.779246732488337e-08,0p1,0.1
1.346,8.779261435903585e-08,0p1,0.1
1.347,8.779275987401703e-08,0p1,0.1
1.348,8.7792904268283e-08,0p1,0.1
1.349,8.779304624155432e-08,0p1,0.1
1.35,8.779318821466794e-08,0p1,0.1
1.351,8.779333018762394e-08,0p1,0.1
1.352,8.779346795597966e-08,0p1,0.1
1.353,8.779360318236017e-08,0p1,0.1
1.354,8.779373840859764e-08,0p1,0.1
1.355,8.77938736346921e-08,0p1,0.1
1.356,8.77940088606436e-08,0p1,0.1
1.357,8.779414408645205e-08,0p1,0.1
1.358,8.779427931211748e-08,0p1,0.1
1.359,8.779441301575387e-08,0p1,0.1
1.36,8.779454181540523e-08,0p1,0.1
1.361,8.779467061492687e-08,0p1,0.1
1.362,8.779479941431871e-08,0p1,0.1
1.363,8.779492821358088e-08,0p1,0.1
1.364,8.779505701271323e-08,0p1,0.1
1.365,8.779518581171589e-08,0p1,0.1
1.366,8.779531461058878e-08,0p1,0.1
1.367,8.77954382042148e-08,0p1,0.1
1.368,8.779556088248422e-08,0p1,0.1
1.369,8.779568356063586e-08,0p1,0.1
1.37,8.779580623866982e-08,0p1,0.1
1.371,8.779592891658608e-08,0p1,0.1
1.372,8.779605159438463e-08,0p1,0.1
1.373,8.779617427206548e-08,0p1,0.1
1.374,8.7796295842059e-08,0p1,0.1
1.375,8.779641568781261e-08,0p1,0.1
1.376,8.779653492543866e-08,0p1,0.1
1.377,8.779665355493893e-08,0p1,0.1
1.378,8.779677157631496e-08,0p1,0.1
1.379,8.779688898956853e-08,0p1,0.1
1.38,8.779700579470135e-08,0p1,0.1
1.381,8.779712199171503e-08,0p1,0.1
1.382,8.779723758061124e-08,0p1,0.1
1.383,8.779735256139163e-08,0p1,0.1
1.384,8.779746693405789e-08,0p1,0.1
1.385,8.779758069861153e-08,0p1,0.1
1.386,8.779769385505427e-08,0p1,0.1
1.387,8.779780640338773e-08,0p1,0.1
1.388,8.779791834361347e-08,0p1,0.1
1.389,8.779802927578273e-08,0p1,0.1
1.39,8.779813935798654e-08,0p1,0.1
1.391,8.77982487572653e-08,0p1,0.1
1.392,8.779835747362072e-08,0p1,0.1
1.393,8.779846550705455e-08,0p1,0.1
1.394,8.77985728575685e-08,0p1,0.1
1.395,8.779867952516428e-08,0p1,0.1
1.396,8.779878550984364e-08,0p1,0.1
1.397,8.779889081160827e-08,0p1,0.1
1.398,8.779899543045985e-08,0p1,0.1
1.399,8.779909936640008e-08,0p1,0.1
1.4,8.779920261943054e-08,0p1,0.1
1.401,8.7799305189553e-08,0p1,0.1
1.402,8.7799407076769e-08,0p1,0.1
1.403,8.779950828108025e-08,0p1,0.1
1.404,8.779960914861103e-08,0p1,0.1
1.405,8.77997094100043e-08,0p1,0.1
1.406,8.779980903652533e-08,0p1,0.1
1.407,8.779990802817565e-08,0p1,0.1
1.408,8.78000063849567e-08,0p1,0.1
1.409,8.780010410687e-08,0p1,0.1
1.41,8.780020119391695e-08,0p1,0.1
1.411,8.780029764609897e-08,0p1,0.1
1.412,8.780039346341756e-08,0p1,0.1
1.413,8.780048864587419e-08,0p1,0.1
1.414,8.780058319347012e-08,0p1,0.1
1.415,8.780067710620689e-08,0p1,0.1
1.416,8.780077038408589e-08,0p1,0.1
1.417,8.780086302710848e-08,0p1,0.1
1.418,8.780095503527597e-08,0p1,0.1
1.419,8.780104640858985e-08,0p1,0.1
1.42,8.780113714705143e-08,0p1,0.1
1.421,8.78012272506621e-08,0p1,0.1
1.422,8.78013167194231e-08,0p1,0.1
1.423,8.780140555333583e-08,0p1,0.1
1.424,8.780149375240168e-08,0p1,0.1
1.425,8.780158131662185e-08,0p1,0.1
1.426,8.78016682459977e-08,0p1,0.1
1.427,8.780175454053053e-08,0p1,0.1
1.428,8.780184020022159e-08,0p1,0.1
1.429,8.780192522507215e-08,0p1,0.1
1.43,8.780200961508356e-08,0p1,0.1
1.431,8.780209337025695e-08,0p1,0.1
1.432,8.78021764905937e-08,0p1,0.1
1.433,8.780225942126206e-08,0p1,0.1
1.434,8.780234252011222e-08,0p1,0.1
1.435,8.780242506390526e-08,0p1,0.1
1.436,8.78025070526424e-08,0p1,0.1
1.437,8.780258848632462e-08,0p1,0.1
1.438,8.7802669364953e-08,0p1,0.1
1.439,8.780274968852858e-08,0p1,0.1
1.44,8.780282945705242e-08,0p1,0.1
1.441,8.780290867052558e-08,0p1,0.1
1.442,8.780298732894907e-08,0p1,0.1
1.443,8.780306543232386e-08,0p1,0.1
1.444,8.780314298065105e-08,0p1,0.1
1.445,8.780321997393163e-08,0p1,0.1
1.446,8.780329641216657e-08,0p1,0.1
1.447,8.78033722953569e-08,0p1,0.1
1.448,8.78034476235036e-08,0p1,0.1
1.449,8.780352239660765e-08,0p1,0.1
1.45,8.780359661467001e-08,0p1,0.1
1.451,8.78036702776917e-08,0p1,0.1
1.452,8.78037433856736e-08,0p1,0.1
1.453,8.780381593861669e-08,0p1,0.1
1.454,8.780388793652196e-08,0p1,0.1
1.455,8.780395937939027e-08,0p1,0.1
1.456,8.78040302672226e-08,0p1,0.1
1.457,8.780410060001989e-08,0p1,0.1
1.458,8.7804170377783e-08,0p1,0.1
1.459,8.780423960051289e-08,0p1,0.1
1.46,8.780430826821044e-08,0p1,0.1
1.461,8.780437638087654e-08,0p1,0.1
1.462,8.78044439385121e-08,0p1,0.1
1.463,8.78045120995171e-08,0p1,0.1
1.464,8.7804580031217e-08,0p1,0.1
1.465,8.780464750006751e-08,0p1,0.1
1.466,8.780471450606934e-08,0p1,0.1
1.467,8.780478104922321e-08,0p1,0.1
1.468,8.780484712952988e-08,0p1,0.1
1.469,8.780491274699004e-08,0p1,0.1
1.47,8.78049779016044e-08,0p1,0.1
1.471,8.780504259337369e-08,0p1,0.1
1.472,8.780510682229855e-08,0p1,0.1
1.473,8.780517058837978e-08,0p1,0.1
1.474,8.780523389161799e-08,0p1,0.1
1.475,8.780529673201388e-08,0p1,0.1
1.476,8.780535910956817e-08,0p1,0.1
1.477,8.78054210242815e-08,0p1,0.1
1.478,8.780548247615454e-08,0p1,0.1
1.479,8.7805543465188e-08,0p1,0.1
1.48,8.780560399138253e-08,0p1,0.1
1.481,8.780566405473872e-08,0p1,0.1
1.482,8.78057236552573e-08,0p1,0.1
1.483,8.780578279293892e-08,0p1,0.1
1.484,8.78058414677842e-08,0p1,0.1
1.485,8.780589967979373e-08,0p1,0.1
1.486,8.78059574289682e-08,0p1,0.1
1.487,8.780601471530824e-08,0p1,0.1
1.488,8.780607153881443e-08,0p1,0.1
1.489,8.780612789948743e-08,0p1,0.1
1.49,8.780618379732781e-08,0p1,0.1
1.491,8.780623923233627e-08,0p1,0.1
1.492,8.780629454710192e-08,0p1,0.1
1.493,8.780635032369058e-08,0p1,0.1
1.494,8.780640571891789e-08,0p1,0.1
1.495,8.780646073278428e-08,0p1,0.1
1.496,8.780651536529037e-08,0p1,0.1
1.497,8.780656961643648e-08,0p1,0.1
1.498,8.780662348622324e-08,0p1,0.1
1.499,8.780667697465106e-08,0p1,0.1
1.5,8.780673008172043e-08,0p1,0.1
1.500000003000721,8.78067300818786e-08,0p1,0.1
1.500000003000721,8.780673008187865e-08,0p1,0.1
1.501,9.173999514892317e-08,0p1,0.1
1.502,9.325678445281043e-08,0p1,0.1
1.503,9.384591737523289e-08,0p1,0.1
1.504,9.407301900155179e-08,0p1,0.1
1.505,9.402687355448249e-08,0p1,0.1
1.506,9.372482105326977e-08,0p1,0.1
1.507,9.324177224810045e-08,0p1,0.1
1.508,9.262500657183945e-08,0p1,0.1
1.509,9.190829948265544e-08,0p1,0.1
1.51,9.115682054578185e-08,0p1,0.1
1.511,9.053127957255989e-08,0p1,0.1
1.512,9.006322761288303e-08,0p1,0.1
1.513,8.972459526902079e-08,0p1,0.1
1.514,8.93947727959319e-08,0p1,0.1
1.515,8.901114568289162e-08,0p1,0.1
1.516,8.856251961431996e-08,0p1,0.1
1.517,8.805036947698556e-08,0p1,0.1
1.518,8.748020603889823e-08,0p1,0.1
1.519,8.685833807116927e-08,0p1,0.1
1.52,8.61910615535908e-08,0p1,0.1
1.521,8.548420112343848e-08,0p1,0.1
1.522,8.474312730949609e-08,0p1,0.1
1.523,8.39727491777652e-08,0p1,0.1
1.524,8.317754979578185e-08,0p1,0.1
1.525,8.236162592900413e-08,0p1,0.1
1.526,8.15287248154173e-08,0p1,0.1
1.527,8.068227695619044e-08,0p1,0.1
1.528,7.982542514489173e-08,0p1,0.1
1.529,7.89610501696727e-08,0p1,0.1
1.53,7.809179360787225e-08,0p1,0.1
1.531,7.722017579649184e-08,0p1,0.1
1.532,7.634829294490046e-08,0p1,0.1
1.533,7.548099719013564e-08,0p1,0.1
1.534,7.461967149996203e-08,0p1,0.1
1.535,7.37654459389287e-08,0p1,0.1
1.536,7.291939561173545e-08,0p1,0.1
1.537,7.208188039094533e-08,0p1,0.1
1.538,7.125323161859863e-08,0p1,0.1
1.539,7.043382711214875e-08,0p1,0.1
1.54,6.962410314522187e-08,0p1,0.1
1.541,6.88245722204376e-08,0p1,0.1
1.542,6.803575625669598e-08,0p1,0.1
1.543,6.725822763016977e-08,0p1,0.1
1.544,6.649257622871386e-08,0p1,0.1
1.545,6.57394002546039e-08,0p1,0.1
1.546,6.499930483876113e-08,0p1,0.1
1.547,6.427289206269162e-08,0p1,0.1
1.548,6.356075436800313e-08,0p1,0.1
1.549,6.286346909600313e-08,0p1,0.1
1.55,6.218159391030542e-08,0p1,0.1
1.551,6.151566300975864e-08,0p1,0.1
1.552,6.086618403298538e-08,0p1,0.1
1.553,6.023363556813624e-08,0p1,0.1
1.554,5.96184651886437e-08,0p1,0.1
1.555,5.9021087943297164e-08,0p1,0.1
1.556,5.844188142442973e-08,0p1,0.1
1.557,5.788116014976188e-08,0p1,0.1
1.558,5.733921300238184e-08,0p1,0.1
1.559,5.6816237864893415e-08,0p1,0.1
1.56,5.6312362003967044e-08,0p1,0.1
1.561,5.5827664977384853e-08,0p1,0.1
1.562,5.536208795789187e-08,0p1,0.1
1.563,5.491552124753254e-08,0p1,0.1
1.564,5.448781613518535e-08,0p1,0.1
1.565,5.407877097854065e-08,0p1,0.1
1.566,5.3688146292348675e-08,0p1,0.1
1.567,5.331566813873475e-08,0p1,0.1
1.568,5.29610330561898e-08,0p1,0.1
1.569,5.2623912550102444e-08,0p1,0.1
1.57,5.230395229904308e-08,0p1,0.1
1.571,5.2000771011206544e-08,0p1,0.1
1.572,5.171401193130325e-08,0p1,0.1
1.573,5.1443284217323744e-08,0p1,0.1
1.574,5.1188188257923976e-08,0p1,0.1
1.575,5.09483180943785e-08,0p1,0.1
1.576,5.072326357317933e-08,0p1,0.1
1.577,5.05126122532887e-08,0p1,0.1
1.578,5.0315951090390724e-08,0p1,0.1
1.579,5.01328679187786e-08,0p1,0.1
1.58,4.996293343249509e-08,0p1,0.1
1.581,4.9805757739996115e-08,0p1,0.1
1.582,4.96609478131028e-08,0p1,0.1
1.583,4.952810622462825e-08,0p1,0.1
1.584,4.940684131305548e-08,0p1,0.1
1.585,4.9296767821082296e-08,0p1,0.1
1.586,4.9197507431320135e-08,0p1,0.1
1.587,4.9108646597747e-08,0p1,0.1
1.588,4.9029543329911e-08,0p1,0.1
1.589,4.896029001253734e-08,0p1,0.1
1.59,4.890017956073837e-08,0p1,0.1
1.591,4.8849455009407015e-08,0p1,0.1
1.592,4.880709529137772e-08,0p1,0.1
1.593,4.877338613109878e-08,0p1,0.1
1.594,4.874750414504506e-08,0p1,0.1
1.595,4.872966684879799e-08,0p1,0.1
1.596,4.871907702643118e-08,0p1,0.1
1.597,4.871592882900146e-08,0p1,0.1
1.598,4.871948785308401e-08,0p1,0.1
1.599,4.8729918440873774e-08,0p1,0.1
1.6,4.8746545356403363e-08,0p1,0.1
1.601,4.876950548017662e-08,0p1,0.1
1.602,4.879818102793683e-08,0p1,0.1
1.603,4.883268360761725e-08,0p1,0.1
1.604,4.88724495247298e-08,0p1,0.1
1.605,4.8917567552914024e-08,0p1,0.1
1.606,4.896752445289766e-08,0p1,0.1
1.607,4.902238855098743e-08,0p1,0.1
1.608,4.9081693347574974e-08,0p1,0.1
1.609,4.9145488989561055e-08,0p1,0.1
1.61,4.921335207066554e-08,0p1,0.1
1.611,4.9285316672274594e-08,0p1,0.1
1.612,4.9360998973869964e-08,0p1,0.1
1.613,4.9440418938287716e-08,0p1,0.1
1.614,4.9523229001502044e-08,0p1,0.1
1.615,4.9609436785187873e-08,0p1,0.1
1.616,4.969872785224658e-08,0p1,0.1
1.617,4.9791099094302184e-08,0p1,0.1
1.618,4.9886266281570665e-08,0p1,0.1
1.619,4.998421702738467e-08,0p1,0.1
1.62,5.008469460226534e-08,0p1,0.1
1.621,5.0187678642848756e-08,0p1,0.1
1.622,5.0292937422867165e-08,0p1,0.1
1.623,5.0400443764210853e-08,0p1,0.1
1.624,5.0509988650188224e-08,0p1,0.1
1.625,5.062153912144456e-08,0p1,0.1
1.626,5.073490677163192e-08,0p1,0.1
1.627,5.0850053776585934e-08,0p1,0.1
1.628,5.0966810424705756e-08,0p1,0.1
1.629,5.1085134837610136e-08,0p1,0.1
1.63,5.12048742546954e-08,0p1,0.1
1.631,5.132598345892607e-08,0p1,0.1
1.632,5.144832505650485e-08,0p1,0.1
1.633,5.157185112250466e-08,0p1,0.1
1.634,5.1696324446068354e-08,0p1,0.1
1.635,5.182166116458957e-08,0p1,0.1
1.636,5.194793465921759e-08,0p1,0.1
1.637,5.2075144929680865e-08,0p1,0.1
1.638,5.220300016262593e-08,0p1,0.1
1.639,5.2331505187977144e-08,0p1,0.1
1.64,5.2460765924823696e-08,0p1,0.1
1.641,5.25907507999455e-08,0p1,0.1
1.642,5.272087463700358e-08,0p1,0.1
1.643,5.2851481051008125e-08,0p1,0.1
1.644,5.2982570041723024e-08,0p1,0.1
1.645,5.3113949339155296e-08,0p1,0.1
1.646,5.324541280155792e-08,0p1,0.1
1.647,5.337714419132182e-08,0p1,0.1
1.648,5.3509143508240476e-08,0p1,0.1
1.649,5.3641045394346745e-08,0p1,0.1
1.65,5.37729518483434e-08,0p1,0.1
1.651,5.390492536471233e-08,0p1,0.1
1.652,5.403689805835302e-08,0p1,0.1
1.653,5.4168553915840484e-08,0p1,0.1
1.654,5.430009671747193e-08,0p1,0.1
1.655,5.4431526463102646e-08,0p1,0.1
1.656,5.4562648485456675e-08,0p1,0.1
1.657,5.46933869506584e-08,0p1,0.1
1.658,5.4823851205006e-08,0p1,0.1
1.659,5.4954041248380884e-08,0p1,0.1
1.66,5.5083643867927345e-08,0p1,0.1
1.661,5.52128168762398e-08,0p1,0.1
1.662,5.534157213310649e-08,0p1,0.1
1.663,5.546982600526396e-08,0p1,0.1
1.664,5.559740897841e-08,0p1,0.1
1.665,5.5724446770868333e-08,0p1,0.1
1.666,5.5850939382561066e-08,0p1,0.1
1.667,5.5976713447979576e-08,0p1,0.1
1.668,5.610177521993637e-08,0p1,0.1
1.669,5.622617911076081e-08,0p1,0.1
1.67,5.6349908849109954e-08,0p1,0.1
1.671,5.64727589358596e-08,0p1,0.1
1.672,5.65948519284975e-08,0p1,0.1
1.673,5.671618782697363e-08,0p1,0.1
1.674,5.683668381065991e-08,0p1,0.1
1.675,5.6956264357194133e-08,0p1,0.1
1.676,5.707500098224314e-08,0p1,0.1
1.677,5.7192893685767255e-08,0p1,0.1
1.678,5.7309800169209566e-08,0p1,0.1
1.679,5.742576702528233e-08,0p1,0.1
1.68,5.7540814539728784e-08,0p1,0.1
1.681,5.765491489207493e-08,0p1,0.1
1.682,5.776795930543339e-08,0p1,0.1
1.683,5.7880019490524366e-08,0p1,0.1
1.684,5.79910954473228e-08,0p1,0.1
1.685,5.8101117174845335e-08,0p1,0.1
1.686,5.821006410103969e-08,0p1,0.1
1.687,5.8317971659256933e-08,0p1,0.1
1.688,5.842483984947743e-08,0p1,0.1
1.689,5.853056477746154e-08,0p1,0.1
1.69,5.863520252394977e-08,0p1,0.1
1.691,5.87387547954174e-08,0p1,0.1
1.692,5.884119474286071e-08,0p1,0.1
1.693,5.8942475382889586e-08,0p1,0.1
1.694,5.90426328189814e-08,0p1,0.1
1.695,5.9141667051124094e-08,0p1,0.1
1.696,5.9239530050981545e-08,0p1,0.1
1.697,5.933622660747956e-08,0p1,0.1
1.698,5.943177000430218e-08,0p1,0.1
1.699,5.952615539495145e-08,0p1,0.1
1.7,5.961933731442815e-08,0p1,0.1
1.701,5.971134332831513e-08,0p1,0.1
1.702,5.980217343660505e-08,0p1,0.1
1.703,5.98918113721443e-08,0p1,0.1
1.704,5.998024463824606e-08,0p1,0.1
1.705,6.006748593443914e-08,0p1,0.1
1.706,6.015353526071799e-08,0p1,0.1
1.707,6.02383732980325e-08,0p1,0.1
1.708,6.032200725012952e-08,0p1,0.1
1.709,6.040443935157277e-08,0p1,0.1
1.71,6.048566759598199e-08,0p1,0.1
1.711,6.056568532554328e-08,0p1,0.1
1.712,6.06444970355792e-08,0p1,0.1
1.713,6.072210272608673e-08,0p1,0.1
1.714,6.079850385489988e-08,0p1,0.1
1.715,6.087370072228387e-08,0p1,0.1
1.716,6.094769266481087e-08,0p1,0.1
1.717,6.102047973739721e-08,0p1,0.1
1.718,6.109207556648388e-08,0p1,0.1
1.719,6.116247240173861e-08,0p1,0.1
1.72,6.123167024315985e-08,0p1,0.1
1.721,6.12996770428723e-08,0p1,0.1
1.722,6.136650480768552e-08,0p1,0.1
1.723,6.14321439383088e-08,0p1,0.1
1.724,6.149659443474112e-08,0p1,0.1
1.725,6.155988032835349e-08,0p1,0.1
1.726,6.162199779528958e-08,0p1,0.1
1.727,6.168294102675582e-08,0p1,0.1
1.728,6.174271477030785e-08,0p1,0.1
1.729,6.180135380264356e-08,0p1,0.1
1.73,6.185883666502608e-08,0p1,0.1
1.731,6.191516335745516e-08,0p1,0.1
1.732,6.19703567968876e-08,0p1,0.1
1.733,6.202443162022029e-08,0p1,0.1
1.734,6.207737165019451e-08,0p1,0.1
1.735,6.212917688681037e-08,0p1,0.1
1.736,6.217989661920652e-08,0p1,0.1
1.737,6.222951035411467e-08,0p1,0.1
1.738,6.227801364366246e-08,0p1,0.1
1.739,6.232541738688541e-08,0p1,0.1
1.74,6.237175250597202e-08,0p1,0.1
1.741,6.241699757242768e-08,0p1,0.1
1.742,6.246116656693081e-08,0p1,0.1
1.743,6.250428365022362e-08,0p1,0.1
1.744,6.254633839255012e-08,0p1,0.1
1.745,6.258736182679615e-08,0p1,0.1
1.746,6.262734089616845e-08,0p1,0.1
1.747,6.26663042112627e-08,0p1,0.1
1.748,6.270424152156688e-08,0p1,0.1
1.749,6.274118282096411e-08,0p1,0.1
1.75,6.277711885177833e-08,0p1,0.1
1.751,6.28120748021186e-08,0p1,0.1
1.752,6.284604343095119e-08,0p1,0.1
1.753,6.287905091436231e-08,0p1,0.1
1.754,6.291109013115872e-08,0p1,0.1
1.755,6.29421871631961e-08,0p1,0.1
1.756,6.297233545689611e-08,0p1,0.1
1.757,6.30015609614038e-08,0p1,0.1
1.758,6.302985775507259e-08,0p1,0.1
1.759,6.305725151296621e-08,0p1,0.1
1.76,6.308373703608356e-08,0p1,0.1
1.761,6.310933961476304e-08,0p1,0.1
1.762,6.313405484385383e-08,0p1,0.1
1.763,6.315790752191132e-08,0p1,0.1
1.764,6.318089871681942e-08,0p1,0.1
1.765,6.320307090744682e-08,0p1,0.1
1.766,6.322440737472592e-08,0p1,0.1
1.767,6.324490805710772e-08,0p1,0.1
1.768,6.326459041889072e-08,0p1,0.1
1.769,6.3283490925803e-08,0p1,0.1
1.77,6.330158119114137e-08,0p1,0.1
1.771,6.331886119585388e-08,0p1,0.1
1.772,6.33354007534552e-08,0p1,0.1
1.773,6.335118765102404e-08,0p1,0.1
1.774,6.336620619461812e-08,0p1,0.1
1.775,6.338047206105426e-08,0p1,0.1
1.776,6.339404592375234e-08,0p1,0.1
1.777,6.340688840129641e-08,0p1,0.1
1.778,6.34189995717845e-08,0p1,0.1
1.779,6.343043428699053e-08,0p1,0.1
1.78,6.344119602451308e-08,0p1,0.1
1.781,6.345126501593249e-08,0p1,0.1
1.782,6.346065049399155e-08,0p1,0.1
1.783,6.346942609643574e-08,0p1,0.1
1.784,6.347754748536009e-08,0p1,0.1
1.785,6.348501478013071e-08,0p1,0.1
1.786,6.349187377109603e-08,0p1,0.1
1.787,6.349814173093599e-08,0p1,0.1
1.788,6.350379396035443e-08,0p1,0.1
1.789,6.350883291119539e-08,0p1,0.1
1.79,6.351334082386724e-08,0p1,0.1
1.791,6.351727097567623e-08,0p1,0.1
1.792,6.352062348981174e-08,0p1,0.1
1.793,6.352343489197369e-08,0p1,0.1
1.794,6.352573482821935e-08,0p1,0.1
1.795,6.352749455718375e-08,0p1,0.1
1.796,6.352871419324296e-08,0p1,0.1
1.797,6.35294706209641e-08,0p1,0.1
1.798,6.352972748453149e-08,0p1,0.1
1.799,6.352948102260748e-08,0p1,0.1
1.8,6.35287588719497e-08,0p1,0.1
1.801,6.352760125950538e-08,0p1,0.1
1.802,6.35259763349104e-08,0p1,0.1
1.803,6.35238841890122e-08,0p1,0.1
1.804,6.35213895887417e-08,0p1,0.1
1.805,6.351847210718436e-08,0p1,0.1
1.806,6.351512256785752e-08,0p1,0.1
1.807,6.351136040770593e-08,0p1,0.1
1.808,6.350723445350917e-08,0p1,0.1
1.809,6.350271069416077e-08,0p1,0.1
1.81,6.349778919245093e-08,0p1,0.1
1.811,6.349256092657756e-08,0p1,0.1
1.812,6.348701507185864e-08,0p1,0.1
1.813,6.34811282052085e-08,0p1,0.1
1.814,6.347490037299818e-08,0p1,0.1
1.815,6.34683316183373e-08,0p1,0.1
1.816,6.346142198107425e-08,0p1,0.1
1.817,6.345417149779593e-08,0p1,0.1
1.818,6.344667349276007e-08,0p1,0.1
1.819,6.343891481087963e-08,0p1,0.1
1.82,6.343085225833949e-08,0p1,0.1
1.821,6.342248585838263e-08,0p1,0.1
1.822,6.341381563131326e-08,0p1,0.1
1.823,6.340484159449662e-08,0p1,0.1
1.824,6.339561457141664e-08,0p1,0.1
1.825,6.338625960205083e-08,0p1,0.1
1.826,6.337665809239895e-08,0p1,0.1
1.827,6.336681004878391e-08,0p1,0.1
1.828,6.33567154751152e-08,0p1,0.1
1.829,6.334637437288857e-08,0p1,0.1
1.83,6.333578674118617e-08,0p1,0.1
1.831,6.332510230315998e-08,0p1,0.1
1.832,6.331423555298097e-08,0p1,0.1
1.833,6.330316903623101e-08,0p1,0.1
1.834,6.32919027445632e-08,0p1,0.1
1.835,6.328043666766696e-08,0p1,0.1
1.836,6.326877079326817e-08,0p1,0.1
1.837,6.325698207399477e-08,0p1,0.1
1.838,6.32451058169672e-08,0p1,0.1
1.839,6.323307491109758e-08,0p1,0.1
1.84,6.32208893396669e-08,0p1,0.1
1.841,6.320854908442564e-08,0p1,0.1
1.842,6.319605412559364e-08,0p1,0.1
1.843,6.318341918405927e-08,0p1,0.1
1.844,6.317077289569995e-08,0p1,0.1
1.845,6.315801343853545e-08,0p1,0.1
1.846,6.31451407909691e-08,0p1,0.1
1.847,6.313215493025503e-08,0p1,0.1
1.848,6.311905583249823e-08,0p1,0.1
1.849,6.310584347265437e-08,0p1,0.1
1.85,6.309261534608624e-08,0p1,0.1
1.851,6.307934391795285e-08,0p1,0.1
1.852,6.306599709617911e-08,0p1,0.1
1.853,6.305257485640905e-08,0p1,0.1
1.854,6.303907717345902e-08,0p1,0.1
1.855,6.302550402131804e-08,0p1,0.1
1.856,6.301189414718842e-08,0p1,0.1
1.857,6.299830779217987e-08,0p1,0.1
1.858,6.298468009493608e-08,0p1,0.1
1.859,6.297101103176142e-08,0p1,0.1
1.86,6.295730057839228e-08,0p1,0.1
1.861,6.29435487099976e-08,0p1,0.1
1.862,6.292975540117854e-08,0p1,0.1
1.863,6.291602704949671e-08,0p1,0.1
1.864,6.290229240258895e-08,0p1,0.1
1.865,6.288854674594325e-08,0p1,0.1
1.866,6.28747900578289e-08,0p1,0.1
1.867,6.286102231614864e-08,0p1,0.1
1.868,6.284724349843863e-08,0p1,0.1
1.869,6.283350640169272e-08,0p1,0.1
1.87,6.281981981055716e-08,0p1,0.1
1.871,6.280614896548899e-08,0p1,0.1
1.872,6.279249384836322e-08,0p1,0.1
1.873,6.277885444083685e-08,0p1,0.1
1.874,6.276523072434845e-08,0p1,0.1
1.875,6.275163646532718e-08,0p1,0.1
1.876,6.273813462486867e-08,0p1,0.1
1.877,6.272467181617384e-08,0p1,0.1
1.878,6.27112480253325e-08,0p1,0.1
1.879,6.26978632383191e-08,0p1,0.1
1.88,6.268451744099295e-08,0p1,0.1
1.881,6.267121061909818e-08,0p1,0.1
1.882,6.265799986467688e-08,0p1,0.1
1.883,6.264486088782298e-08,0p1,0.1
1.884,6.263178090415306e-08,0p1,0.1
1.885,6.261875990414867e-08,0p1,0.1
1.886,6.260579787824184e-08,0p1,0.1
1.887,6.25928948168147e-08,0p1,0.1
1.888,6.258007408818943e-08,0p1,0.1
1.889,6.256735814313472e-08,0p1,0.1
1.89,6.255471802604372e-08,0p1,0.1
1.891,6.254215373180223e-08,0p1,0.1
1.892,6.25296652552822e-08,0p1,0.1
1.893,6.251725259134175e-08,0p1,0.1
1.894,6.250491670940018e-08,0p1,0.1
1.895,6.249270729887867e-08,0p1,0.1
1.896,6.248058759904903e-08,0p1,0.1
1.897,6.246855760888206e-08,0p1,0.1
1.898,6.245661732734782e-08,0p1,0.1
1.899,6.244476675341578e-08,0p1,0.1
1.9,6.243300588605457e-08,0p1,0.1
1.901,6.24213595686583e-08,0p1,0.1
1.902,6.240982628583322e-08,0p1,0.1
1.903,6.239839384603069e-08,0p1,0.1
1.904,6.23870622518347e-08,0p1,0.1
1.905,6.23758315058257e-08,0p1,0.1
1.906,6.236470161058026e-08,0p1,0.1
1.907,6.235367967137356e-08,0p1,0.1
1.908,6.234278524392134e-08,0p1,0.1
1.909,6.233200024550063e-08,0p1,0.1
1.91,6.232132468174032e-08,0p1,0.1
1.911,6.231075855825178e-08,0p1,0.1
1.912,6.230030188062884e-08,0p1,0.1
1.913,6.228995465444782e-08,0p1,0.1
1.914,6.227973633358118e-08,0p1,0.1
1.915,6.226963632569682e-08,0p1,0.1
1.916,6.225965200376682e-08,0p1,0.1
1.917,6.224978337582044e-08,0p1,0.1
1.918,6.224003044984961e-08,0p1,0.1
1.919,6.22303932338084e-08,0p1,0.1
1.92,6.222087841649492e-08,0p1,0.1
1.921,6.221148962586788e-08,0p1,0.1
1.922,6.220222064625184e-08,0p1,0.1
1.923,6.219307148748518e-08,0p1,0.1
1.924,6.21840421593458e-08,0p1,0.1
1.925,6.217513267155116e-08,0p1,0.1
1.926,6.21663436756173e-08,0p1,0.1
1.927,6.215768202231886e-08,0p1,0.1
1.928,6.214914238925625e-08,0p1,0.1
1.929,6.214072478749974e-08,0p1,0.1
1.93,6.213242922803634e-08,0p1,0.1
1.931,6.212425572176947e-08,0p1,0.1
1.932,6.211620427951948e-08,0p1,0.1
1.933,6.210827599439816e-08,0p1,0.1
1.934,6.210047061599214e-08,0p1,0.1
1.935,6.209278777008918e-08,0p1,0.1
1.936,6.208522746836184e-08,0p1,0.1
1.937,6.207778972237857e-08,0p1,0.1
1.938,6.207047454360359e-08,0p1,0.1
1.939,6.206328078518837e-08,0p1,0.1
1.94,6.205620645143242e-08,0p1,0.1
1.941,6.204925364405785e-08,0p1,0.1
1.942,6.204242237496603e-08,0p1,0.1
1.943,6.203571265593632e-08,0p1,0.1
1.944,6.202912449862645e-08,0p1,0.1
1.945,6.202265791457235e-08,0p1,0.1
1.946,6.201630474042021e-08,0p1,0.1
1.947,6.201007028053583e-08,0p1,0.1
1.948,6.200395504042123e-08,0p1,0.1
1.949,6.199795903168678e-08,0p1,0.1
1.95,6.199208226580735e-08,0p1,0.1
1.951,6.198632475412265e-08,0p1,0.1
1.952,6.198067982389065e-08,0p1,0.1
1.953,6.19751459533308e-08,0p1,0.1
1.954,6.196972785831427e-08,0p1,0.1
1.955,6.196442554997683e-08,0p1,0.1
1.956,6.195923903930966e-08,0p1,0.1
1.957,6.195416833715952e-08,0p1,0.1
1.958,6.1949211157378e-08,0p1,0.1
1.959,6.194435549717126e-08,0p1,0.1
1.96,6.193961138099595e-08,0p1,0.1
1.961,6.193497882263254e-08,0p1,0.1
1.962,6.193045783558813e-08,0p1,0.1
1.963,6.19260484330966e-08,0p1,0.1
1.964,6.192175062811822e-08,0p1,0.1
1.965,6.191755194688901e-08,0p1,0.1
1.966,6.191345330533762e-08,0p1,0.1
1.967,6.190946085189742e-08,0p1,0.1
1.968,6.190557460487668e-08,0p1,0.1
1.969,6.190179458180827e-08,0p1,0.1
1.97,6.189812079944943e-08,0p1,0.1
1.971,6.189455104964706e-08,0p1,0.1
1.972,6.18910663784936e-08,0p1,0.1
1.973,6.188768194698479e-08,0p1,0.1
1.974,6.188439776832778e-08,0p1,0.1
1.975,6.188121385501447e-08,0p1,0.1
1.976,6.18781302188217e-08,0p1,0.1
1.977,6.187514687081111e-08,0p1,0.1
1.978,6.187225029389475e-08,0p1,0.1
1.979,6.186943926639729e-08,0p1,0.1
1.98,6.186672204464739e-08,0p1,0.1
1.981,6.186409863571723e-08,0p1,0.1
1.982,6.186156904623954e-08,0p1,0.1
1.983,6.185913328240742e-08,0p1,0.1
1.984,6.1856790020769e-08,0p1,0.1
1.985,6.185451574962983e-08,0p1,0.1
1.986,6.185232846753368e-08,0p1,0.1
1.987,6.185022817809595e-08,0p1,0.1
1.988,6.184821488470497e-08,0p1,0.1
1.989,6.184628859052214e-08,0p1,0.1
1.99,6.18444492984819e-08,0p1,0.1
1.991,6.184268371507867e-08,0p1,0.1
1.992,6.184098806946627e-08,0p1,0.1
1.993,6.183937236297204e-08,0p1,0.1
1.994,6.183783659725365e-08,0p1,0.1
1.995,6.183638077386023e-08,0p1,0.1
1.996,6.183500489423241e-08,0p1,0.1
1.997,6.183370879516796e-08,0p1,0.1
1.998,6.183246576722259e-08,0p1,0.1
1.999,6.183129551338412e-08,0p1,0.1
2.0,6.183019803444857e-08,0p1,0.1
2.001,6.182917333116219e-08,0p1,0.1
2.002,6.182822140422102e-08,0p1,0.1
2.003,6.18273422542711e-08,0p1,0.1
2.004,6.18265237911019e-08,0p1,0.1
2.005,6.182575975032886e-08,0p1,0.1
2.006,6.18250613137576e-08,0p1,0.1
2.007,6.182442848174569e-08,0p1,0.1
2.008,6.182386125462809e-08,0p1,0.1
2.009,6.182335963271723e-08,0p1,0.1
2.01,6.182292361630277e-08,0p1,0.1
2.011,6.182252789064592e-08,0p1,0.1
2.012,6.182218965369326e-08,0p1,0.1
2.013,6.182190993673991e-08,0p1,0.1
2.014,6.18216887399477e-08,0p1,0.1
2.015,6.182152606346837e-08,0p1,0.1
2.016,6.182142190744355e-08,0p1,0.1
2.017,6.182136594362716e-08,0p1,0.1
2.018,6.182134981515668e-08,0p1,0.1
2.019,6.1821385286366e-08,0p1,0.1
2.02,6.182147235733423e-08,0p1,0.1
2.021,6.182161102813585e-08,0p1,0.1
2.022,6.1821801298841e-08,0p1,0.1
2.023,6.182204316951511e-08,0p1,0.1
2.024,6.182231419310949e-08,0p1,0.1
2.025,6.18226280431081e-08,0p1,0.1
2.026,6.182298680227894e-08,0p1,0.1
2.027,6.182339047065928e-08,0p1,0.1
2.028,6.182383904828437e-08,0p1,0.1
2.029,6.182433253518747e-08,0p1,0.1
2.03,6.182486259024624e-08,0p1,0.1
2.031,6.182541937091334e-08,0p1,0.1
2.032,6.182601465422813e-08,0p1,0.1
2.033,6.182664844020965e-08,0p1,0.1
2.034,6.182732072887608e-08,0p1,0.1
2.035,6.182803152024465e-08,0p1,0.1
2.036,6.182878081433174e-08,0p1,0.1
2.037,6.18295361722009e-08,0p1,0.1
2.038,6.183031480095735e-08,0p1,0.1
2.039,6.183112160117243e-08,0p1,0.1
2.04,6.183195657285404e-08,0p1,0.1
2.041,6.183281971600983e-08,0p1,0.1
2.042,6.183371103064714e-08,0p1,0.1
2.043,6.183463051677319e-08,0p1,0.1
2.044,6.183557817439478e-08,0p1,0.1
2.045,6.183655400351857e-08,0p1,0.1
2.046,6.18375580041509e-08,0p1,0.1
2.047,6.183859017629787e-08,0p1,0.1
2.048,6.18396505199653e-08,0p1,0.1
2.049,6.184073903515884e-08,0p1,0.1
2.05,6.18418182539586e-08,0p1,0.1
2.051,6.184291014763916e-08,0p1,0.1
2.052,6.1844023444453e-08,0p1,0.1
2.053,6.184515814440367e-08,0p1,0.1
2.054,6.184631424749463e-08,0p1,0.1
2.055,6.184749175372916e-08,0p1,0.1
2.056,6.184869066311049e-08,0p1,0.1
2.057,6.184991097564163e-08,0p1,0.1
2.058,6.185115269132559e-08,0p1,0.1
2.059,6.185241581016512e-08,0p1,0.1
2.06,6.185370033216298e-08,0p1,0.1
2.061,6.185500625732174e-08,0p1,0.1
2.062,6.18563335856439e-08,0p1,0.1
2.063,6.185763673902264e-08,0p1,0.1
2.064,6.185893816768408e-08,0p1,0.1
2.065,6.186025216084498e-08,0p1,0.1
2.066,6.186157871850653e-08,0p1,0.1
2.067,6.18629178406699e-08,0p1,0.1
2.068,6.186426952733623e-08,0p1,0.1
2.069,6.186563377850668e-08,0p1,0.1
2.07,6.18670105941823e-08,0p1,0.1
2.071,6.186839997436414e-08,0p1,0.1
2.072,6.18698019190532e-08,0p1,0.1
2.073,6.187121642825053e-08,0p1,0.1
2.074,6.187264350195698e-08,0p1,0.1
2.075,6.187408314017355e-08,0p1,0.1
2.076,6.187549903054369e-08,0p1,0.1
2.077,6.187690514432522e-08,0p1,0.1
2.078,6.187831622641327e-08,0p1,0.1
2.079,6.187973227680824e-08,0p1,0.1
2.08,6.188115329551048e-08,0p1,0.1
2.081,6.188257928252046e-08,0p1,0.1
2.082,6.188401023783844e-08,0p1,0.1
2.083,6.188544616146492e-08,0p1,0.1
2.084,6.188688705340019e-08,0p1,0.1
2.085,6.188833291364464e-08,0p1,0.1
2.086,6.188978374219859e-08,0p1,0.1
2.087,6.189123953906241e-08,0p1,0.1
2.088,6.18927003042364e-08,0p1,0.1
2.089,6.189413896204575e-08,0p1,0.1
2.09,6.18955625407245e-08,0p1,0.1
2.091,6.189698494348178e-08,0p1,0.1
2.092,6.18984061703177e-08,0p1,0.1
2.093,6.189982622123239e-08,0p1,0.1
2.094,6.190124509622594e-08,0p1,0.1
2.095,6.190266279529857e-08,0p1,0.1
2.096,6.190407931845027e-08,0p1,0.1
2.097,6.190549466568125e-08,0p1,0.1
2.098,6.19069088369916e-08,0p1,0.1
2.099,6.190832183238142e-08,0p1,0.1
2.1,6.190973365185085e-08,0p1,0.1
2.101,6.19111442954e-08,0p1,0.1
2.102,6.19125348094878e-08,0p1,0.1
2.103,6.19139073258312e-08,0p1,0.1
2.104,6.191527396982098e-08,0p1,0.1
2.105,6.191663474145718e-08,0p1,0.1
2.106,6.191798964073987e-08,0p1,0.1
2.107,6.191933866766899e-08,0p1,0.1
2.108,6.192068182224467e-08,0p1,0.1
2.109,6.192201910446692e-08,0p1,0.1
2.11,6.192335051433577e-08,0p1,0.1
2.111,6.192467605185126e-08,0p1,0.1
2.112,6.192599571701339e-08,0p1,0.1
2.113,6.192730950982224e-08,0p1,0.1
2.114,6.192861743027783e-08,0p1,0.1
2.115,6.192990718803176e-08,0p1,0.1
2.116,6.193117801003669e-08,0p1,0.1
2.117,6.193243960851516e-08,0p1,0.1
2.118,6.19336919834672e-08,0p1,0.1
2.119,6.19349351348928e-08,0p1,0.1
2.12,6.193616906279199e-08,0p1,0.1
2.121,6.193739376716477e-08,0p1,0.1
2.122,6.193860924801116e-08,0p1,0.1
2.123,6.193981550533115e-08,0p1,0.1
2.124,6.194101253912473e-08,0p1,0.1
2.125,6.194220034939198e-08,0p1,0.1
2.126,6.19433789361329e-08,0p1,0.1
2.127,6.194454829934744e-08,0p1,0.1
2.128,6.19457013155056e-08,0p1,0.1
2.129,6.194683602166732e-08,0p1,0.1
2.13,6.194795934691133e-08,0p1,0.1
2.131,6.19490712912377e-08,0p1,0.1
2.132,6.195017185464635e-08,0p1,0.1
2.133,6.195126103713733e-08,0p1,0.1
2.134,6.195233883871063e-08,0p1,0.1
2.135,6.195340525936628e-08,0p1,0.1
2.136,6.195446029910426e-08,0p1,0.1
2.137,6.195550395792458e-08,0p1,0.1
2.138,6.195653623582725e-08,0p1,0.1
2.139,6.195755713281226e-08,0p1,0.1
2.14,6.195856664887965e-08,0p1,0.1
2.141,6.195956146479435e-08,0p1,0.1
2.142,6.196053979204152e-08,0p1,0.1
2.143,6.196150560901726e-08,0p1,0.1
2.144,6.196245891572154e-08,0p1,0.1
2.145,6.19633997121544e-08,0p1,0.1
2.146,6.19643279983158e-08,0p1,0.1
2.147,6.19652437742058e-08,0p1,0.1
2.148,6.196614703982438e-08,0p1,0.1
2.149,6.196703779517156e-08,0p1,0.1
2.15,6.196791604024733e-08,0p1,0.1
2.151,6.196878177505164e-08,0p1,0.1
2.152,6.19696349995846e-08,0p1,0.1
2.153,6.197047571384614e-08,0p1,0.1
2.154,6.197130391783628e-08,0p1,0.1
2.155,6.197211961155505e-08,0p1,0.1
2.156,6.197292279500244e-08,0p1,0.1
2.157,6.197371346817847e-08,0p1,0.1
2.158,6.197449163108309e-08,0p1,0.1
2.159,6.197525728371636e-08,0p1,0.1
2.16,6.197601042607828e-08,0p1,0.1
2.161,6.197675105816882e-08,0p1,0.1
2.162,6.197747917998802e-08,0p1,0.1
2.163,6.197819479153584e-08,0p1,0.1
2.164,6.197889789281235e-08,0p1,0.1
2.165,6.197958848381748e-08,0p1,0.1
2.166,6.19802665645513e-08,0p1,0.1
2.167,6.198093519516884e-08,0p1,0.1
2.168,6.198159793841753e-08,0p1,0.1
2.169,6.198224886882457e-08,0p1,0.1
2.17,6.198288798638798e-08,0p1,0.1
2.171,6.198351529110534e-08,0p1,0.1
2.172,6.198413078297415e-08,0p1,0.1
2.173,6.198473446199151e-08,0p1,0.1
2.174,6.19853263281544e-08,0p1,0.1
2.175,6.198590638145942e-08,0p1,0.1
2.176,6.198647462190298e-08,0p1,0.1
2.177,6.19870310494812e-08,0p1,0.1
2.178,6.198757566418997e-08,0p1,0.1
2.179,6.198810846602497e-08,0p1,0.1
2.18,6.198862945498154e-08,0p1,0.1
2.181,6.198913863105475e-08,0p1,0.1
2.182,6.198963599423953e-08,0p1,0.1
2.183,6.199012154453042e-08,0p1,0.1
2.184,6.199059528192184e-08,0p1,0.1
2.185,6.199105720640784e-08,0p1,0.1
2.186,6.199150731798227e-08,0p1,0.1
2.187,6.199194561663869e-08,0p1,0.1
2.188,6.199237210237042e-08,0p1,0.1
2.189,6.199278677517059e-08,0p1,0.1
2.19,6.199318963503197e-08,0p1,0.1
2.191,6.199358068194705e-08,0p1,0.1
2.192,6.199395991590824e-08,0p1,0.1
2.193,6.19943323983763e-08,0p1,0.1
2.194,6.199471123116641e-08,0p1,0.1
2.195,6.199507993636622e-08,0p1,0.1
2.196,6.199543851396623e-08,0p1,0.1
2.197,6.199578696395678e-08,0p1,0.1
2.198,6.199612528632781e-08,0p1,0.1
2.199,6.19964534810691e-08,0p1,0.1
2.2,6.199677154817006e-08,0p1,0.1
2.201,6.199707948761984e-08,0p1,0.1
2.202,6.199737729940731e-08,0p1,0.1
2.203,6.199766498352105e-08,0p1,0.1
2.204,6.199794253994937e-08,0p1,0.1
2.205,6.19982099686803e-08,0p1,0.1
2.206,6.199846726970153e-08,0p1,0.1
2.207,6.199871444300054e-08,0p1,0.1
2.208,6.199895148856456e-08,0p1,0.1
2.209,6.199917840638037e-08,0p1,0.1
2.21,6.199939519643459e-08,0p1,0.1
2.211,6.199960185871362e-08,0p1,0.1
2.212,6.199979839320337e-08,0p1,0.1
2.213,6.199998479988972e-08,0p1,0.1
2.214,6.200016107875805e-08,0p1,0.1
2.215,6.200032722979356e-08,0p1,0.1
2.216,6.200048325298116e-08,0p1,0.1
2.217,6.200062914830548e-08,0p1,0.1
2.218,6.200076491575087e-08,0p1,0.1
2.219,6.200089453336177e-08,0p1,0.1
2.22,6.20010434362498e-08,0p1,0.1
2.221,6.200118465295044e-08,0p1,0.1
2.222,6.200131818346738e-08,0p1,0.1
2.223,6.200144402780433e-08,0p1,0.1
2.224,6.2001562185965e-08,0p1,0.1
2.225,6.2001672657953e-08,0p1,0.1
2.226,6.200177544377191e-08,0p1,0.1
2.227,6.200187054342539e-08,0p1,0.1
2.228,6.200195795691684e-08,0p1,0.1
2.229,6.200203768424996e-08,0p1,0.1
2.23,6.200210972542804e-08,0p1,0.1
2.231,6.200217408045465e-08,0p1,0.1
2.232,6.200223074933319e-08,0p1,0.1
2.233,6.2002279732067e-08,0p1,0.1
2.234,6.200232102865948e-08,0p1,0.1
2.235,6.200235463911389e-08,0p1,0.1
2.236,6.20023805634336e-08,0p1,0.1
2.237,6.200239880162179e-08,0p1,0.1
2.238,6.200240935368176e-08,0p1,0.1
2.239,6.200241221961664e-08,0p1,0.1
2.24,6.200240739942963e-08,0p1,0.1
2.241,6.200239489312385e-08,0p1,0.1
2.242,6.200237470070236e-08,0p1,0.1
2.243,6.200234682216833e-08,0p1,0.1
2.244,6.200231125752466e-08,0p1,0.1
2.245,6.200226870655426e-08,0p1,0.1
2.246,6.200225343844153e-08,0p1,0.1
2.247,6.200223311232242e-08,0p1,0.1
2.248,6.200220772820268e-08,0p1,0.1
2.249,6.200217728608794e-08,0p1,0.1
2.25,6.200214178598344e-08,0p1,0.1
2.251,6.200210122789417e-08,0p1,0.1
2.252,6.200205561182499e-08,0p1,0.1
2.253,6.200200493778043e-08,0p1,0.1
2.254,6.20019492057647e-08,0p1,0.1
2.255,6.20018884157818e-08,0p1,0.1
2.256,6.200182256783554e-08,0p1,0.1
2.257,6.200175166192938e-08,0p1,0.1
2.258,6.200167569806657e-08,0p1,0.1
2.259,6.200159467625006e-08,0p1,0.1
2.26,6.200150859648256e-08,0p1,0.1
2.261,6.200141745876661e-08,0p1,0.1
2.262,6.200132126310433e-08,0p1,0.1
2.263,6.200122000949776e-08,0p1,0.1
2.264,6.200111369794849e-08,0p1,0.1
2.265,6.200100232845802e-08,0p1,0.1
2.266,6.200088590102753e-08,0p1,0.1
2.267,6.200076441565792e-08,0p1,0.1
2.268,6.200063787234984e-08,0p1,0.1
2.269,6.200050627110374e-08,0p1,0.1
2.27,6.200036961191972e-08,0p1,0.1
2.271,6.200022789479773e-08,0p1,0.1
2.272,6.200011057819835e-08,0p1,0.1
2.273,6.199999316629864e-08,0p1,0.1
2.274,6.19998730755043e-08,0p1,0.1
2.275,6.199975030581446e-08,0p1,0.1
2.276,6.19996248572282e-08,0p1,0.1
2.277,6.199949672974432e-08,0p1,0.1
2.278,6.19993659233614e-08,0p1,0.1
2.279,6.199923243807777e-08,0p1,0.1
2.28,6.19990962738916e-08,0p1,0.1
2.281,6.199895743080076e-08,0p1,0.1
2.282,6.1998815908803e-08,0p1,0.1
2.283,6.199867170789579e-08,0p1,0.1
2.284,6.199852482807634e-08,0p1,0.1
2.285,6.199837526934174e-08,0p1,0.1
2.286,6.199822303168881e-08,0p1,0.1
2.287,6.19980681151141e-08,0p1,0.1
2.288,6.199791051961403e-08,0p1,0.1
2.289,6.199775024518474e-08,0p1,0.1
2.29,6.199758729182218e-08,0p1,0.1
2.291,6.19974216595221e-08,0p1,0.1
2.292,6.199725334827992e-08,0p1,0.1
2.293,6.199708235809099e-08,0p1,0.1
2.294,6.199690868895033e-08,0p1,0.1
2.295,6.19967323408528e-08,0p1,0.1
2.296,6.199655331379302e-08,0p1,0.1
2.297,6.199637160776536e-08,0p1,0.1
2.298,6.199620774928491e-08,0p1,0.1
2.299,6.1996047644372e-08,0p1,0.1
2.3,6.199588673726643e-08,0p1,0.1
2.301,6.199572502796506e-08,0p1,0.1
2.302,6.199556251646465e-08,0p1,0.1
2.303,6.199539920276183e-08,0p1,0.1
2.304,6.19952350868533e-08,0p1,0.1
2.305,6.199507016873543e-08,0p1,0.1
2.306,6.199490444840478e-08,0p1,0.1
2.307,6.199473792585761e-08,0p1,0.1
2.308,6.199457060109027e-08,0p1,0.1
2.309,6.199440247409885e-08,0p1,0.1
2.31,6.199423354487953e-08,0p1,0.1
2.311,6.199406381342827e-08,0p1,0.1
2.312,6.199389327974106e-08,0p1,0.1
2.313,6.199372194381371e-08,0p1,0.1
2.314,6.199354980564207e-08,0p1,0.1
2.315,6.19933768652217e-08,0p1,0.1
2.316,6.199320312254833e-08,0p1,0.1
2.317,6.19930285776174e-08,0p1,0.1
2.318,6.199285323042442e-08,0p1,0.1
2.319,6.199267708096471e-08,0p1,0.1
2.32,6.19925001292336e-08,0p1,0.1
2.321,6.199232237522623e-08,0p1,0.1
2.322,6.199214381893777e-08,0p1,0.1
2.323,6.199196446036323e-08,0p1,0.1
2.324,6.199179651415799e-08,0p1,0.1
2.325,6.199163388177696e-08,0p1,0.1
2.326,6.199147173252655e-08,0p1,0.1
2.327,6.199131006640524e-08,0p1,0.1
2.328,6.199114888341135e-08,0p1,0.1
2.329,6.199098818354333e-08,0p1,0.1
2.33,6.199082796679959e-08,0p1,0.1
2.331,6.19906682331785e-08,0p1,0.1
2.332,6.199050898267841e-08,0p1,0.1
2.333,6.199035021529775e-08,0p1,0.1
2.334,6.19901919310348e-08,0p1,0.1
2.335,6.199003412988794e-08,0p1,0.1
2.336,6.198987681185555e-08,0p1,0.1
2.337,6.198971997693588e-08,0p1,0.1
2.338,6.198956362512727e-08,0p1,0.1
2.339,6.198940775642801e-08,0p1,0.1
2.34,6.198925237083645e-08,0p1,0.1
2.341,6.198909746835082e-08,0p1,0.1
2.342,6.198894304896944e-08,0p1,0.1
2.343,6.198878911269052e-08,0p1,0.1
2.344,6.198863565951233e-08,0p1,0.1
2.345,6.198848268943315e-08,0p1,0.1
2.346,6.198833020245119e-08,0p1,0.1
2.347,6.198817819856465e-08,0p1,0.1
2.348,6.198802667777174e-08,0p1,0.1
2.349,6.198787564007075e-08,0p1,0.1
2.35,6.198773094428936e-08,0p1,0.1
2.351,6.19875911394224e-08,0p1,0.1
2.352,6.198745254287007e-08,0p1,0.1
2.353,6.198731515463284e-08,0p1,0.1
2.354,6.198717897471135e-08,0p1,0.1
2.355,6.198704400310612e-08,0p1,0.1
2.356,6.198691023981778e-08,0p1,0.1
2.357,6.198677768484678e-08,0p1,0.1
2.358,6.198664633819381e-08,0p1,0.1
2.359,6.198651619985937e-08,0p1,0.1
2.36,6.1986387269844e-08,0p1,0.1
2.361,6.198625954814826e-08,0p1,0.1
2.362,6.198613303477277e-08,0p1,0.1
2.363,6.198600772971802e-08,0p1,0.1
2.364,6.198588363298462e-08,0p1,0.1
2.365,6.198576074457305e-08,0p1,0.1
2.366,6.198563906448395e-08,0p1,0.1
2.367,6.19855185927178e-08,0p1,0.1
2.368,6.198539932927523e-08,0p1,0.1
2.369,6.198528127415667e-08,0p1,0.1
2.37,6.198516442736282e-08,0p1,0.1
2.371,6.198504878889407e-08,0p1,0.1
2.372,6.198493435875107e-08,0p1,0.1
2.373,6.198482113693433e-08,0p1,0.1
2.374,6.198470912344442e-08,0p1,0.1
2.375,6.198459831828183e-08,0p1,0.1
2.376,6.198449050793212e-08,0p1,0.1
2.377,6.198438588569734e-08,0p1,0.1
2.378,6.198428273980842e-08,0p1,0.1
2.379,6.198418107026717e-08,0p1,0.1
2.38,6.198408087707532e-08,0p1,0.1
2.381,6.198398216023458e-08,0p1,0.1
2.382,6.19838849197467e-08,0p1,0.1
2.383,6.198378915561333e-08,0p1,0.1
2.384,6.198369486783619e-08,0p1,0.1
2.385,6.19836020564169e-08,0p1,0.1
2.386,6.198351072135712e-08,0p1,0.1
2.387,6.19834208626585e-08,0p1,0.1
2.388,6.198333248032265e-08,0p1,0.1
2.389,6.198324557435116e-08,0p1,0.1
2.39,6.198316014474557e-08,0p1,0.1
2.391,6.198307619150751e-08,0p1,0.1
2.392,6.198299371463849e-08,0p1,0.1
2.393,6.198291271414003e-08,0p1,0.1
2.394,6.198283319001369e-08,0p1,0.1
2.395,6.198275514226097e-08,0p1,0.1
2.396,6.198267857088335e-08,0p1,0.1
2.397,6.198260347588223e-08,0p1,0.1
2.398,6.198252985725914e-08,0p1,0.1
2.399,6.19824577150155e-08,0p1,0.1
2.4,6.198238704915273e-08,0p1,0.1
2.401,6.198231785967223e-08,0p1,0.1
2.402,6.198224984931163e-08,0p1,0.1
2.403,6.198218282484094e-08,0p1,0.1
2.404,6.198211722029423e-08,0p1,0.1
2.405,6.198205303567369e-08,0p1,0.1
2.406,6.198199027098137e-08,0p1,0.1
2.407,6.198192892621939e-08,0p1,0.1
2.408,6.198186900138971e-08,0p1,0.1
2.409,6.198181049649424e-08,0p1,0.1
2.41,6.198175341153487e-08,0p1,0.1
2.411,6.198169774651338e-08,0p1,0.1
2.412,6.198164350143153e-08,0p1,0.1
2.413,6.198159067629101e-08,0p1,0.1
2.414,6.198153927109341e-08,0p1,0.1
2.415,6.198148928584027e-08,0p1,0.1
2.416,6.198144072053315e-08,0p1,0.1
2.417,6.198139357517345e-08,0p1,0.1
2.418,6.19813478497625e-08,0p1,0.1
2.419,6.198130354430167e-08,0p1,0.1
2.42,6.198126065879219e-08,0p1,0.1
2.421,6.198121919323522e-08,0p1,0.1
2.422,6.198117914763193e-08,0p1,0.1
2.423,6.198114052198336e-08,0p1,0.1
2.424,6.19811033162905e-08,0p1,0.1
2.425,6.198106753055433e-08,0p1,0.1
2.426,6.198103316477568e-08,0p1,0.1
2.427,6.198100021895537e-08,0p1,0.1
2.428,6.198096772675202e-08,0p1,0.1
2.429,6.198093416574087e-08,0p1,0.1
2.43,6.198090177513655e-08,0p1,0.1
2.431,6.19808705549396e-08,0p1,0.1
2.432,6.198084050515059e-08,0p1,0.1
2.433,6.198081162577e-08,0p1,0.1
2.434,6.198078391679835e-08,0p1,0.1
2.435,6.19807573782361e-08,0p1,0.1
2.436,6.19807320100837e-08,0p1,0.1
2.437,6.198070781234156e-08,0p1,0.1
2.438,6.198068478501012e-08,0p1,0.1
2.439,6.198066292808972e-08,0p1,0.1
2.44,6.198064224158072e-08,0p1,0.1
2.441,6.198062272548346e-08,0p1,0.1
2.442,6.198060437979828e-08,0p1,0.1
2.443,6.198058720452545e-08,0p1,0.1
2.444,6.198057119966525e-08,0p1,0.1
2.445,6.19805563652179e-08,0p1,0.1
2.446,6.198054270118365e-08,0p1,0.1
2.447,6.198053020756266e-08,0p1,0.1
2.448,6.198051888435518e-08,0p1,0.1
2.449,6.198050873156128e-08,0p1,0.1
2.45,6.198049974918116e-08,0p1,0.1
2.451,6.19804919372149e-08,0p1,0.1
2.452,6.198048529566261e-08,0p1,0.1
2.453,6.198047982452432e-08,0p1,0.1
2.454,6.198047469690896e-08,0p1,0.1
2.455,6.1980467006423e-08,0p1,0.1
2.456,6.198046015449541e-08,0p1,0.1
2.457,6.19804541411263e-08,0p1,0.1
2.458,6.19804489663157e-08,0p1,0.1
2.459,6.198044463006367e-08,0p1,0.1
2.46,6.19804411323703e-08,0p1,0.1
2.461,6.19804384732356e-08,0p1,0.1
2.462,6.198043665265966e-08,0p1,0.1
2.463,6.198043567064255e-08,0p1,0.1
2.464,6.198043552718422e-08,0p1,0.1
2.465,6.198043622228484e-08,0p1,0.1
2.466,6.198043775594432e-08,0p1,0.1
2.467,6.198044012816278e-08,0p1,0.1
2.468,6.19804433389402e-08,0p1,0.1
2.469,6.198044738827668e-08,0p1,0.1
2.47,6.198045227617218e-08,0p1,0.1
2.471,6.198045800262674e-08,0p1,0.1
2.472,6.198046456764038e-08,0p1,0.1
2.473,6.198047197121309e-08,0p1,0.1
2.474,6.198048021334495e-08,0p1,0.1
2.475,6.198048929403592e-08,0p1,0.1
2.476,6.198049921328599e-08,0p1,0.1
2.477,6.19805099710952e-08,0p1,0.1
2.478,6.19805215674635e-08,0p1,0.1
2.479,6.198053400239093e-08,0p1,0.1
2.48,6.198054690241168e-08,0p1,0.1
2.481,6.198055647468745e-08,0p1,0.1
2.482,6.19805665526361e-08,0p1,0.1
2.483,6.198057713625767e-08,0p1,0.1
2.484,6.19805882255521e-08,0p1,0.1
2.485,6.198059982051948e-08,0p1,0.1
2.486,6.198061192115976e-08,0p1,0.1
2.487,6.198062452747295e-08,0p1,0.1
2.488,6.198063763945905e-08,0p1,0.1
2.489,6.198065125711809e-08,0p1,0.1
2.49,6.198066538045003e-08,0p1,0.1
2.491,6.198068000945492e-08,0p1,0.1
2.492,6.198069514413268e-08,0p1,0.1
2.493,6.198071078448344e-08,0p1,0.1
2.494,6.198072693050708e-08,0p1,0.1
2.495,6.198074358220366e-08,0p1,0.1
2.496,6.198076073957322e-08,0p1,0.1
2.497,6.198077840261565e-08,0p1,0.1
2.498,6.198079657133103e-08,0p1,0.1
2.499,6.198081524571937e-08,0p1,0.1
2.5,6.198083442578067e-08,0p1,0.1
2.501,6.198085411151484e-08,0p1,0.1
2.502,6.1980874302922e-08,0p1,0.1
2.503,6.198089500000207e-08,0p1,0.1
2.504,6.198091620275507e-08,0p1,0.1
2.505,6.198093791118104e-08,0p1,0.1
2.506,6.19809601252799e-08,0p1,0.1
2.507,6.198097735611286e-08,0p1,0.1
2.508,6.198099458192187e-08,0p1,0.1
2.509,6.198101190059663e-08,0p1,0.1
2.51,6.198102931213704e-08,0p1,0.1
2.511,6.19810468165432e-08,0p1,0.1
2.512,6.198106441381506e-08,0p1,0.1
2.513,6.198108210395263e-08,0p1,0.1
2.514,6.198109988695596e-08,0p1,0.1
2.515,6.198111776282492e-08,0p1,0.1
2.516,6.198113573155962e-08,0p1,0.1
2.517,6.198115379316004e-08,0p1,0.1
2.518,6.198117194762616e-08,0p1,0.1
2.519,6.198119019495799e-08,0p1,0.1
2.52,6.198120853515551e-08,0p1,0.1
2.521,6.198122696821876e-08,0p1,0.1
2.522,6.198124549414771e-08,0p1,0.1
2.523,6.198126411294236e-08,0p1,0.1
2.524,6.198128282460269e-08,0p1,0.1
2.525,6.198130162912877e-08,0p1,0.1
2.526,6.198132052652052e-08,0p1,0.1
2.527,6.1981339516778e-08,0p1,0.1
2.528,6.198135859990116e-08,0p1,0.1
2.529,6.198137777589005e-08,0p1,0.1
2.53,6.19813970447446e-08,0p1,0.1
2.531,6.198141640646487e-08,0p1,0.1
2.532,6.198143586105083e-08,0p1,0.1
2.533,6.19814554085025e-08,0p1,0.1
2.534,6.198147504881986e-08,0p1,0.1
2.535,6.198149478200293e-08,0p1,0.1
2.536,6.198151460805168e-08,0p1,0.1
2.537,6.198153452696615e-08,0p1,0.1
2.538,6.19815545387463e-08,0p1,0.1
2.539,6.198157464339215e-08,0p1,0.1
2.54,6.198159484090371e-08,0p1,0.1
2.541,6.198161513128096e-08,0p1,0.1
2.542,6.198163551452388e-08,0p1,0.1
2.543,6.198165599063253e-08,0p1,0.1
2.544,6.198167655960687e-08,0p1,0.1
2.545,6.198169722144687e-08,0p1,0.1
2.546,6.198171797615258e-08,0p1,0.1
2.547,6.1981738823724e-08,0p1,0.1
2.548,6.19817597641611e-08,0p1,0.1
2.549,6.198178079746388e-08,0p1,0.1
2.55,6.198180192363237e-08,0p1,0.1
2.551,6.198182314266654e-08,0p1,0.1
2.552,6.198184445456638e-08,0p1,0.1
2.553,6.198186585933195e-08,0p1,0.1
2.554,6.198188735696318e-08,0p1,0.1
2.555,6.19819089474601e-08,0p1,0.1
2.556,6.198193063082272e-08,0p1,0.1
2.557,6.1981952407051e-08,0p1,0.1
2.558,6.198197427614501e-08,0p1,0.1
2.559,6.198199028706547e-08,0p1,0.1
2.56,6.198200457188367e-08,0p1,0.1
2.561,6.198201885670187e-08,0p1,0.1
2.562,6.198203314152007e-08,0p1,0.1
2.563,6.198204742633826e-08,0p1,0.1
2.564,6.198206171115649e-08,0p1,0.1
2.565,6.198207599597469e-08,0p1,0.1
2.566,6.198209028079289e-08,0p1,0.1
2.567,6.198210456561108e-08,0p1,0.1
2.568,6.19821188504293e-08,0p1,0.1
2.569,6.198213313524751e-08,0p1,0.1
2.57,6.198214742006572e-08,0p1,0.1
2.571,6.198216170488391e-08,0p1,0.1
2.572,6.198217598970218e-08,0p1,0.1
2.573,6.198219027452038e-08,0p1,0.1
2.574,6.198220455933858e-08,0p1,0.1
2.575,6.19822188441568e-08,0p1,0.1
2.576,6.198223312897502e-08,0p1,0.1
2.577,6.198224741379325e-08,0p1,0.1
2.578,6.198226169861149e-08,0p1,0.1
2.579,6.198227598342972e-08,0p1,0.1
2.58,6.198229026824793e-08,0p1,0.1
2.581,6.198230455306616e-08,0p1,0.1
2.582,6.198231883788439e-08,0p1,0.1
2.583,6.198233312270263e-08,0p1,0.1
2.584,6.198234740752087e-08,0p1,0.1
2.585,6.19823616923391e-08,0p1,0.1
2.586,6.198237597715734e-08,0p1,0.1
2.587,6.198239026197558e-08,0p1,0.1
2.588,6.198240454679381e-08,0p1,0.1
2.589,6.198241883161206e-08,0p1,0.1
2.59,6.19824331164303e-08,0p1,0.1
2.591,6.198244740124856e-08,0p1,0.1
2.592,6.19824616860668e-08,0p1,0.1
2.593,6.198247597088504e-08,0p1,0.1
2.594,6.198249025570328e-08,0p1,0.1
2.595,6.198250454052155e-08,0p1,0.1
2.596,6.19825188253398e-08,0p1,0.1
2.597,6.198253311015807e-08,0p1,0.1
2.598,6.198254739497631e-08,0p1,0.1
2.599,6.198256167979458e-08,0p1,0.1
2.6,6.198257596461286e-08,0p1,0.1
2.601,6.19825902494311e-08,0p1,0.1
2.602,6.198260453424935e-08,0p1,0.1
2.603,6.198261881906765e-08,0p1,0.1
2.604,6.19826331038859e-08,0p1,0.1
2.605,6.198264738870417e-08,0p1,0.1
2.606,6.198266167352242e-08,0p1,0.1
2.607,6.198267595834072e-08,0p1,0.1
2.608,6.198269024315897e-08,0p1,0.1
2.609,6.198270452797725e-08,0p1,0.1
2.61,6.198271881279553e-08,0p1,0.1
2.611,6.198272890093832e-08,0p1,0.1
2.612,6.198273577627454e-08,0p1,0.1
2.613,6.19827426516107e-08,0p1,0.1
2.614,6.198274952694672e-08,0p1,0.1
2.615,6.198275640228269e-08,0p1,0.1
2.616,6.198276327761852e-08,0p1,0.1
2.617,6.198277015295425e-08,0p1,0.1
2.618,6.198277702828994e-08,0p1,0.1
2.619,6.198278390362548e-08,0p1,0.1
2.62,6.198279077896096e-08,0p1,0.1
2.621,6.19827976542963e-08,0p1,0.1
2.622,6.198280452963158e-08,0p1,0.1
2.623,6.198281140496674e-08,0p1,0.1
2.624,6.198281828030182e-08,0p1,0.1
2.625,6.198282515563682e-08,0p1,0.1
2.626,6.198283203097166e-08,0p1,0.1
2.627,6.198283890630647e-08,0p1,0.1
2.628,6.198284578164113e-08,0p1,0.1
2.629,6.198285265697576e-08,0p1,0.1
2.63,6.198285953231023e-08,0p1,0.1
2.631,6.198286640764462e-08,0p1,0.1
2.632,6.198287328297892e-08,0p1,0.1
2.633,6.198288015831314e-08,0p1,0.1
2.634,6.198288703364724e-08,0p1,0.1
2.635,6.198289390898126e-08,0p1,0.1
2.636,6.198290078431516e-08,0p1,0.1
2.637,6.198290765964897e-08,0p1,0.1
2.638,6.19829145349827e-08,0p1,0.1
2.639,6.198292141031632e-08,0p1,0.1
2.64,6.198292828564984e-08,0p1,0.1
2.641,6.198293516098328e-08,0p1,0.1
2.642,6.19829420363166e-08,0p1,0.1
2.643,6.198294891164985e-08,0p1,0.1
2.644,6.198295578698297e-08,0p1,0.1
2.645,6.198296266231604e-08,0p1,0.1
2.646,6.198296953764896e-08,0p1,0.1
2.647,6.198297641298183e-08,0p1,0.1
2.648,6.198298328831455e-08,0p1,0.1
2.649,6.198299016364724e-08,0p1,0.1
2.65,6.198299703897979e-08,0p1,0.1
2.651,6.198300391431225e-08,0p1,0.1
2.652,6.198301078964463e-08,0p1,0.1
2.653,6.198301766497685e-08,0p1,0.1
2.654,6.198302454030907e-08,0p1,0.1
2.655,6.198303141564113e-08,0p1,0.1
2.656,6.19830382909731e-08,0p1,0.1
2.657,6.198304516630499e-08,0p1,0.1
2.658,6.198305204163676e-08,0p1,0.1
2.659,6.198305891696848e-08,0p1,0.1
2.66,6.198306579230002e-08,0p1,0.1
2.661,6.198307266763153e-08,0p1,0.1
2.662,6.198307954296293e-08,0p1,0.1
2.663,6.198308450344476e-08,0p1,0.1
2.664,6.198308604016498e-08,0p1,0.1
2.665,6.198308757688521e-08,0p1,0.1
2.666,6.198308911360542e-08,0p1,0.1
2.667,6.198309065032564e-08,0p1,0.1
2.668,6.198309218704587e-08,0p1,0.1
2.669,6.198309372376607e-08,0p1,0.1
2.67,6.198309526048629e-08,0p1,0.1
2.671,6.198309679720651e-08,0p1,0.1
2.672,6.198309833392673e-08,0p1,0.1
2.673,6.198309987064695e-08,0p1,0.1
2.674,6.198310140736714e-08,0p1,0.1
2.675,6.198310294408739e-08,0p1,0.1
2.676,6.19831044808076e-08,0p1,0.1
2.677,6.198310601752782e-08,0p1,0.1
2.678,6.198310755424801e-08,0p1,0.1
2.679,6.198310909096822e-08,0p1,0.1
2.68,6.198311062768844e-08,0p1,0.1
2.681,6.198311216440863e-08,0p1,0.1
2.682,6.198311370112885e-08,0p1,0.1
2.683,6.198311523784906e-08,0p1,0.1
2.684,6.198311677456927e-08,0p1,0.1
2.685,6.198311831128946e-08,0p1,0.1
2.686,6.198311984800967e-08,0p1,0.1
2.687,6.198312138472989e-08,0p1,0.1
2.688,6.198312292145011e-08,0p1,0.1
2.689,6.198312445817028e-08,0p1,0.1
2.69,6.19831259948905e-08,0p1,0.1
2.691,6.198312753161072e-08,0p1,0.1
2.692,6.198312906833087e-08,0p1,0.1
2.693,6.19831306050511e-08,0p1,0.1
2.694,6.198313214177131e-08,0p1,0.1
2.695,6.198313367849148e-08,0p1,0.1
2.696,6.198313521521169e-08,0p1,0.1
2.697,6.198313675193188e-08,0p1,0.1
2.698,6.198313828865209e-08,0p1,0.1
2.699,6.19831398253723e-08,0p1,0.1
2.7,6.198314136209248e-08,0p1,0.1
2.701,6.198314289881267e-08,0p1,0.1
2.702,6.198314443553288e-08,0p1,0.1
2.703,6.198314597225306e-08,0p1,0.1
2.704,6.198314750897324e-08,0p1,0.1
2.705,6.198314904569343e-08,0p1,0.1
2.706,6.198315058241363e-08,0p1,0.1
2.707,6.198315211913382e-08,0p1,0.1
2.708,6.1983153655854e-08,0p1,0.1
2.709,6.198315519257417e-08,0p1,0.1
2.71,6.198315672929439e-08,0p1,0.1
2.711,6.198315826601457e-08,0p1,0.1
2.712,6.198315980273478e-08,0p1,0.1
2.713,6.198316133945492e-08,0p1,0.1
2.714,6.198316287617511e-08,0p1,0.1
2.715,6.198316407922612e-08,0p1,0.1
2.716,6.19831634057205e-08,0p1,0.1
2.717,6.198316273221482e-08,0p1,0.1
2.718,6.198316205870915e-08,0p1,0.1
2.719,6.19831613852034e-08,0p1,0.1
2.72,6.198316071169765e-08,0p1,0.1
2.721,6.198316003819186e-08,0p1,0.1
2.722,6.198315936468601e-08,0p1,0.1
2.723,6.198315869118015e-08,0p1,0.1
2.724,6.198315801767424e-08,0p1,0.1
2.725,6.19831573441683e-08,0p1,0.1
2.726,6.198315667066233e-08,0p1,0.1
2.727,6.198315599715633e-08,0p1,0.1
2.728,6.198315532365028e-08,0p1,0.1
2.729,6.198315465014421e-08,0p1,0.1
2.73,6.19831539766381e-08,0p1,0.1
2.731,6.198315330313196e-08,0p1,0.1
2.732,6.19831526296258e-08,0p1,0.1
2.733,6.198315195611959e-08,0p1,0.1
2.734,6.198315128261332e-08,0p1,0.1
2.735,6.198315060910705e-08,0p1,0.1
2.736,6.198314993560074e-08,0p1,0.1
2.737,6.198314926209439e-08,0p1,0.1
2.738,6.198314858858799e-08,0p1,0.1
2.739,6.19831479150816e-08,0p1,0.1
2.74,6.198314724157513e-08,0p1,0.1
2.741,6.198314656806863e-08,0p1,0.1
2.742,6.198314589456214e-08,0p1,0.1
2.743,6.198314522105559e-08,0p1,0.1
2.744,6.198314454754899e-08,0p1,0.1
2.745,6.198314387404236e-08,0p1,0.1
2.746,6.19831432005357e-08,0p1,0.1
2.747,6.1983142527029e-08,0p1,0.1
2.748,6.198314185352228e-08,0p1,0.1
2.749,6.19831411800155e-08,0p1,0.1
2.75,6.198314050650872e-08,0p1,0.1
2.751,6.198313983300188e-08,0p1,0.1
2.752,6.198313915949501e-08,0p1,0.1
2.753,6.198313848598808e-08,0p1,0.1
2.754,6.198313781248115e-08,0p1,0.1
2.755,6.19831371389742e-08,0p1,0.1
2.756,6.198313646546722e-08,0p1,0.1
2.757,6.198313579196018e-08,0p1,0.1
2.758,6.198313511845309e-08,0p1,0.1
2.759,6.1983134444946e-08,0p1,0.1
2.76,6.198313377143884e-08,0p1,0.1
2.761,6.198313309793166e-08,0p1,0.1
2.762,6.198313242442445e-08,0p1,0.1
2.763,6.198313175091717e-08,0p1,0.1
2.764,6.198313107740991e-08,0p1,0.1
2.765,6.19831304039026e-08,0p1,0.1
2.766,6.198312973039525e-08,0p1,0.1
2.767,6.198312905688787e-08,0p1,0.1
2.768,6.198312838338043e-08,0p1,0.1
2.769,6.1983127709873e-08,0p1,0.1
2.77,6.19831270363655e-08,0p1,0.1
2.771,6.198312636285798e-08,0p1,0.1
2.772,6.198312568935043e-08,0p1,0.1
2.773,6.198312501584286e-08,0p1,0.1
2.774,6.19831243423352e-08,0p1,0.1
2.775,6.198312366882755e-08,0p1,0.1
2.776,6.198312299531988e-08,0p1,0.1
2.777,6.198312232181214e-08,0p1,0.1
2.778,6.198312164830439e-08,0p1,0.1
2.779,6.19831209747966e-08,0p1,0.1
2.78,6.198312030128876e-08,0p1,0.1
2.781,6.198311962778088e-08,0p1,0.1
2.782,6.198311895427298e-08,0p1,0.1
2.783,6.198311828076507e-08,0p1,0.1
2.784,6.198311760725706e-08,0p1,0.1
2.785,6.198311693374907e-08,0p1,0.1
2.786,6.198311626024103e-08,0p1,0.1
2.787,6.198311558673296e-08,0p1,0.1
2.788,6.198311491322485e-08,0p1,0.1
2.789,6.198311423971674e-08,0p1,0.1
2.79,6.198311356620855e-08,0p1,0.1
2.791,6.198311289270032e-08,0p1,0.1
2.792,6.198311221919209e-08,0p1,0.1
2.793,6.198311154568378e-08,0p1,0.1
2.794,6.198311087217546e-08,0p1,0.1
2.795,6.198311019866714e-08,0p1,0.1
2.796,6.198310952515875e-08,0p1,0.1
2.797,6.198310885165032e-08,0p1,0.1
2.798,6.198310817814188e-08,0p1,0.1
2.799,6.198310750463336e-08,0p1,0.1
2.8,6.198310683112487e-08,0p1,0.1
2.801,6.198310615761632e-08,0p1,0.1
2.802,6.198310548410772e-08,0p1,0.1
2.803,6.198310481059912e-08,0p1,0.1
2.804,6.198310413709047e-08,0p1,0.1
2.805,6.198310346358179e-08,0p1,0.1
2.806,6.198310279007303e-08,0p1,0.1
2.807,6.198310211656426e-08,0p1,0.1
2.808,6.198310144305546e-08,0p1,0.1
2.809,6.198310076954662e-08,0p1,0.1
2.81,6.198310009603777e-08,0p1,0.1
2.811,6.198309942252888e-08,0p1,0.1
2.812,6.198309874901995e-08,0p1,0.1
2.813,6.198309807551094e-08,0p1,0.1
2.814,6.198309740200197e-08,0p1,0.1
2.815,6.198309672849292e-08,0p1,0.1
2.816,6.198309605498384e-08,0p1,0.1
2.817,6.198309538147474e-08,0p1,0.1
2.818,6.19830947079656e-08,0p1,0.1
2.819,6.198309403445643e-08,0p1,0.1
2.82,6.198309344839711e-08,0p1,0.1
2.821,6.198309289378007e-08,0p1,0.1
2.822,6.198309233916304e-08,0p1,0.1
2.823,6.198309178454594e-08,0p1,0.1
2.824,6.19830912299289e-08,0p1,0.1
2.825,6.198309067531183e-08,0p1,0.1
2.826,6.198309012069476e-08,0p1,0.1
2.827,6.198308956607766e-08,0p1,0.1
2.828,6.198308901146059e-08,0p1,0.1
2.829,6.198308845684351e-08,0p1,0.1
2.83,6.198308790222641e-08,0p1,0.1
2.831,6.198308734760933e-08,0p1,0.1
2.832,6.198308679299222e-08,0p1,0.1
2.833,6.198308623837512e-08,0p1,0.1
2.834,6.198308568375801e-08,0p1,0.1
2.835,6.19830851291409e-08,0p1,0.1
2.836,6.19830845745238e-08,0p1,0.1
2.837,6.198308401990668e-08,0p1,0.1
2.838,6.198308346528956e-08,0p1,0.1
2.839,6.198308291067242e-08,0p1,0.1
2.84,6.198308235605525e-08,0p1,0.1
2.841,6.198308180143814e-08,0p1,0.1
2.842,6.1983081246821e-08,0p1,0.1
2.843,6.198308069220385e-08,0p1,0.1
2.844,6.198308013758673e-08,0p1,0.1
2.845,6.198307958296954e-08,0p1,0.1
2.846,6.198307902835239e-08,0p1,0.1
2.847,6.198307847373523e-08,0p1,0.1
2.848,6.198307791911808e-08,0p1,0.1
2.849,6.198307736450089e-08,0p1,0.1
2.85,6.198307680988374e-08,0p1,0.1
2.851,6.198307625526654e-08,0p1,0.1
2.852,6.198307570064935e-08,0p1,0.1
2.853,6.198307514603217e-08,0p1,0.1
2.854,6.198307459141498e-08,0p1,0.1
2.855,6.198307403679778e-08,0p1,0.1
2.856,6.198307348218058e-08,0p1,0.1
2.857,6.198307292756339e-08,0p1,0.1
2.858,6.198307237294616e-08,0p1,0.1
2.859,6.198307181832892e-08,0p1,0.1
2.86,6.198307126371173e-08,0p1,0.1
2.861,6.198307070909447e-08,0p1,0.1
2.862,6.198307015447726e-08,0p1,0.1
2.863,6.198306959986003e-08,0p1,0.1
2.864,6.19830690452428e-08,0p1,0.1
2.865,6.198306849062553e-08,0p1,0.1
2.866,6.198306793600829e-08,0p1,0.1
2.867,6.198306738139105e-08,0p1,0.1
2.868,6.198306682677378e-08,0p1,0.1
2.869,6.198306627215651e-08,0p1,0.1
2.87,6.198306571753927e-08,0p1,0.1
2.871,6.198306516292197e-08,0p1,0.1
2.872,6.198306460830472e-08,0p1,0.1
2.873,6.198306405368745e-08,0p1,0.1
2.874,6.198306349907015e-08,0p1,0.1
2.875,6.198306294445287e-08,0p1,0.1
2.876,6.198306238983559e-08,0p1,0.1
2.877,6.198306183521827e-08,0p1,0.1
2.878,6.1983061280601e-08,0p1,0.1
2.879,6.198306072598368e-08,0p1,0.1
2.88,6.198306017136634e-08,0p1,0.1
2.881,6.198305961674906e-08,0p1,0.1
2.882,6.198305906213174e-08,0p1,0.1
2.883,6.19830585075144e-08,0p1,0.1
2.884,6.198305795289711e-08,0p1,0.1
2.885,6.198305739827976e-08,0p1,0.1
2.886,6.198305684366244e-08,0p1,0.1
2.887,6.19830562890451e-08,0p1,0.1
2.888,6.198305573442776e-08,0p1,0.1
2.889,6.19830551798104e-08,0p1,0.1
2.89,6.198305462519305e-08,0p1,0.1
2.891,6.19830540705757e-08,0p1,0.1
2.892,6.198305351595834e-08,0p1,0.1
2.893,6.198305296134098e-08,0p1,0.1
2.894,6.198305240672358e-08,0p1,0.1
2.895,6.198305185210623e-08,0p1,0.1
2.896,6.198305129748883e-08,0p1,0.1
2.897,6.198305074287148e-08,0p1,0.1
2.898,6.198305018825405e-08,0p1,0.1
2.899,6.198304963363665e-08,0p1,0.1
2.9,6.198304907901928e-08,0p1,0.1
2.901,6.198304852440186e-08,0p1,0.1
2.902,6.198304796978445e-08,0p1,0.1
2.903,6.198304741516705e-08,0p1,0.1
2.904,6.198304686054962e-08,0p1,0.1
2.905,6.198304630593222e-08,0p1,0.1
2.906,6.19830457513148e-08,0p1,0.1
2.907,6.198304519669738e-08,0p1,0.1
2.908,6.198304464207994e-08,0p1,0.1
2.909,6.19830440874625e-08,0p1,0.1
2.91,6.198304353284504e-08,0p1,0.1
2.911,6.19830429782276e-08,0p1,0.1
2.912,6.198304242361019e-08,0p1,0.1
2.913,6.198304186899272e-08,0p1,0.1
2.914,6.198304131437527e-08,0p1,0.1
2.915,6.19830407597578e-08,0p1,0.1
2.916,6.198304020514033e-08,0p1,0.1
2.917,6.198303965052285e-08,0p1,0.1
2.918,6.19830390959054e-08,0p1,0.1
2.919,6.198303854128792e-08,0p1,0.1
2.92,6.198303798667044e-08,0p1,0.1
2.921,6.198303743205292e-08,0p1,0.1
2.922,6.198303687743548e-08,0p1,0.1
2.923,6.198303632281793e-08,0p1,0.1
2.924,6.19830358998508e-08,0p1,0.1
2.925,6.198303575649508e-08,0p1,0.1
2.926,6.198303561313937e-08,0p1,0.1
2.927,6.198303546978366e-08,0p1,0.1
2.928,6.198303532642797e-08,0p1,0.1
2.929,6.198303518307226e-08,0p1,0.1
2.93,6.198303503971657e-08,0p1,0.1
2.931,6.198303489636086e-08,0p1,0.1
2.932,6.198303475300514e-08,0p1,0.1
2.933,6.198303460964946e-08,0p1,0.1
2.934,6.198303446629371e-08,0p1,0.1
2.935,6.198303432293802e-08,0p1,0.1
2.936,6.19830341795823e-08,0p1,0.1
2.937,6.19830340362266e-08,0p1,0.1
2.938,6.198303389287088e-08,0p1,0.1
2.939,6.198303374951516e-08,0p1,0.1
2.94,6.198303360615948e-08,0p1,0.1
2.941,6.198303346280376e-08,0p1,0.1
2.942,6.198303331944805e-08,0p1,0.1
2.943,6.198303317609236e-08,0p1,0.1
2.944,6.198303303273664e-08,0p1,0.1
2.945,6.198303288938092e-08,0p1,0.1
2.946,6.198303274602522e-08,0p1,0.1
2.947,6.198303260266949e-08,0p1,0.1
2.948,6.198303245931377e-08,0p1,0.1
2.949,6.198303231595809e-08,0p1,0.1
2.95,6.198303217260237e-08,0p1,0.1
2.951,6.198303202924665e-08,0p1,0.1
2.952,6.198303188589094e-08,0p1,0.1
2.953,6.198303174253522e-08,0p1,0.1
2.954,6.19830315991795e-08,0p1,0.1
2.955,6.198303145582378e-08,0p1,0.1
2.956,6.198303131246807e-08,0p1,0.1
2.957,6.198303116911232e-08,0p1,0.1
2.958,6.198303102575664e-08,0p1,0.1
2.959,6.198303088240092e-08,0p1,0.1
2.96,6.19830307390452e-08,0p1,0.1
2.961,6.19830305956895e-08,0p1,0.1
2.962,6.198303045233376e-08,0p1,0.1
2.963,6.198303030897805e-08,0p1,0.1
2.964,6.198303016562233e-08,0p1,0.1
2.965,6.198303002226661e-08,0p1,0.1
2.966,6.198302987891088e-08,0p1,0.1
2.967,6.198302973555517e-08,0p1,0.1
2.968,6.198302959219945e-08,0p1,0.1
2.969,6.198302944884373e-08,0p1,0.1
2.97,6.198302930548801e-08,0p1,0.1
2.971,6.19830291621323e-08,0p1,0.1
2.972,6.198302901877657e-08,0p1,0.1
2.973,6.198302887542086e-08,0p1,0.1
2.974,6.198302873206514e-08,0p1,0.1
2.975,6.19830285887094e-08,0p1,0.1
2.976,6.19830284453537e-08,0p1,0.1
2.977,6.198302830199795e-08,0p1,0.1
2.978,6.198302815864226e-08,0p1,0.1
2.979,6.198302801528651e-08,0p1,0.1
2.98,6.198302787193083e-08,0p1,0.1
2.981,6.198302772857507e-08,0p1,0.1
2.982,6.198302758521936e-08,0p1,0.1
2.983,6.198302744186363e-08,0p1,0.1
2.984,6.19830272985079e-08,0p1,0.1
2.985,6.198302715515217e-08,0p1,0.1
2.986,6.198302701179645e-08,0p1,0.1
2.987,6.198302686844073e-08,0p1,0.1
2.988,6.1983026725085e-08,0p1,0.1
2.989,6.198302658172928e-08,0p1,0.1
2.99,6.198302643837356e-08,0p1,0.1
2.991,6.198302629501781e-08,0p1,0.1
2.992,6.198302615166209e-08,0p1,0.1
2.993,6.198302600830637e-08,0p1,0.1
2.994,6.198302586495065e-08,0p1,0.1
2.995,6.19830257215949e-08,0p1,0.1
2.996,6.198302557823917e-08,0p1,0.1
2.997,6.198302543488346e-08,0p1,0.1
2.998,6.198302529152774e-08,0p1,0.1
2.999,6.198302514817198e-08,0p1,0.1
3.0,6.198302500481626e-08,0p1,0.1
3.0,6.198302500481626e-08,0p1,0.1
