time,BESS.terminal.V.im,case,parameter_value
0.0,6.198300000000003e-08,0p0,0.0
0.001,6.198299999999998e-08,0p0,0.0
0.002,6.198299999999982e-08,0p0,0.0
0.003,6.198299999999974e-08,0p0,0.0
0.004,6.198299999999969e-08,0p0,0.0
0.005,6.198299999999969e-08,0p0,0.0
0.006,6.19829999999997e-08,0p0,0.0
0.007,6.198299999999974e-08,0p0,0.0
0.008,6.198299999999974e-08,0p0,0.0
0.0089999999999999,6.198299999999974e-08,0p0,0.0
0.01,6.198299999999978e-08,0p0,0.0
0.011,6.19829999999998e-08,0p0,0.0
0.012,6.19829999999998e-08,0p0,0.0
0.013,6.198299999999982e-08,0p0,0.0
0.014,6.19829999999998e-08,0p0,0.0
0.015,6.198299999999982e-08,0p0,0.0
0.016,6.198299999999982e-08,0p0,0.0
0.017,6.198299999999982e-08,0p0,0.0
0.018,6.198299999999983e-08,0p0,0.0
0.019,6.198299999999982e-08,0p0,0.0
0.02,6.198299999999986e-08,0p0,0.0
0.021,6.198299999999986e-08,0p0,0.0
0.022,6.198299999999986e-08,0p0,0.0
0.023,6.198299999999986e-08,0p0,0.0
0.024,6.198299999999986e-08,0p0,0.0
0.025,6.198299999999987e-08,0p0,0.0
0.026,6.198299999999987e-08,0p0,0.0
0.027,6.198299999999987e-08,0p0,0.0
0.028,6.198299999999987e-08,0p0,0.0
0.029,6.19829999999999e-08,0p0,0.0
0.03,6.19829999999999e-08,0p0,0.0
0.031,6.19829999999999e-08,0p0,0.0
0.032,6.19829999999999e-08,0p0,0.0
0.033,6.19829999999999e-08,0p0,0.0
0.034,6.19829999999999e-08,0p0,0.0
0.035,6.19829999999999e-08,0p0,0.0
0.036,6.198299999999994e-08,0p0,0.0
0.037,6.198299999999991e-08,0p0,0.0
0.038,6.198299999999991e-08,0p0,0.0
0.039,6.198299999999991e-08,0p0,0.0
0.04,6.198299999999994e-08,0p0,0.0
0.041,6.198299999999994e-08,0p0,0.0
0.042,6.198299999999994e-08,0p0,0.0
0.043,6.198299999999994e-08,0p0,0.0
0.044,6.198299999999994e-08,0p0,0.0
0.045,6.198299999999994e-08,0p0,0.0
0.046,6.198299999999994e-08,0p0,0.0
0.047,6.198299999999994e-08,0p0,0.0
0.048,6.198299999999994e-08,0p0,0.0
0.049,6.198299999999994e-08,0p0,0.0
0.05,6.198299999999994e-08,0p0,0.0
0.051,6.198299999999998e-08,0p0,0.0
0.052,6.198299999999998e-08,0p0,0.0
0.053,6.198299999999998e-08,0p0,0.0
0.054,6.198299999999998e-08,0p0,0.0
0.055,6.198299999999998e-08,0p0,0.0
0.056,6.198299999999998e-08,0p0,0.0
0.057,6.198299999999998e-08,0p0,0.0
0.058,6.198299999999998e-08,0p0,0.0
0.059,6.198299999999998e-08,0p0,0.0
0.06,6.198299999999998e-08,0p0,0.0
0.061,6.198299999999998e-08,0p0,0.0
0.062,6.198299999999998e-08,0p0,0.0
0.063,6.198299999999998e-08,0p0,0.0
0.064,6.198299999999998e-08,0p0,0.0
0.065,6.198299999999998e-08,0p0,0.0
0.066,6.198299999999998e-08,0p0,0.0
0.067,6.198299999999998e-08,0p0,0.0
0.068,6.198299999999998e-08,0p0,0.0
0.069,6.198299999999999e-08,0p0,0.0
0.07,6.198299999999998e-08,0p0,0.0
0.0709999999999999,6.198299999999998e-08,0p0,0.0
0.0719999999999999,6.198299999999998e-08,0p0,0.0
0.073,6.198299999999998e-08,0p0,0.0
0.074,6.198299999999998e-08,0p0,0.0
0.075,6.198299999999998e-08,0p0,0.0
0.076,6.198299999999998e-08,0p0,0.0
0.077,6.198299999999998e-08,0p0,0.0
0.078,6.198299999999999e-08,0p0,0.0
0.079,6.198299999999998e-08,0p0,0.0
0.08,6.198299999999999e-08,0p0,0.0
0.081,6.198299999999999e-08,0p0,0.0
0.082,6.198299999999999e-08,0p0,0.0
0.083,6.198299999999999e-08,0p0,0.0
0.084,6.198299999999999e-08,0p0,0.0
0.085,6.198299999999999e-08,0p0,0.0
0.0859999999999999,6.198299999999999e-08,0p0,0.0
0.0869999999999999,6.198299999999999e-08,0p0,0.0
0.0879999999999999,6.198299999999999e-08,0p0,0.0
0.089,6.198299999999999e-08,0p0,0.0
0.09,6.198299999999999e-08,0p0,0.0
0.091,6.198299999999999e-08,0p0,0.0
0.092,6.198299999999999e-08,0p0,0.0
0.093,6.198299999999999e-08,0p0,0.0
0.094,6.198299999999999e-08,0p0,0.0
0.095,6.198299999999999e-08,0p0,0.0
0.096,6.198299999999999e-08,0p0,0.0
0.097,6.198299999999999e-08,0p0,0.0
0.098,6.198299999999999e-08,0p0,0.0
0.099,6.198299999999999e-08,0p0,0.0
0.1,6.198299999999999e-08,0p0,0.0
0.101,6.198299999999999e-08,0p0,0.0
0.102,6.198299999999999e-08,0p0,0.0
0.103,6.198299999999999e-08,0p0,0.0
0.104,6.198299999999999e-08,0p0,0.0
0.105,6.198299999999999e-08,0p0,0.0
0.106,6.198299999999999e-08,0p0,0.0
0.107,6.198299999999999e-08,0p0,0.0
0.108,6.198299999999999e-08,0p0,0.0
0.109,6.198299999999999e-08,0p0,0.0
0.11,6.198299999999999e-08,0p0,0.0
0.111,6.198299999999999e-08,0p0,0.0
0.112,6.198299999999999e-08,0p0,0.0
0.113,6.198299999999999e-08,0p0,0.0
0.114,6.198299999999999e-08,0p0,0.0
0.115,6.198299999999999e-08,0p0,0.0
0.116,6.198299999999999e-08,0p0,0.0
0.117,6.198299999999999e-08,0p0,0.0
0.118,6.198299999999999e-08,0p0,0.0
0.119,6.198299999999999e-08,0p0,0.0
0.12,6.198299999999999e-08,0p0,0.0
0.121,6.198299999999999e-08,0p0,0.0
0.122,6.198299999999999e-08,0p0,0.0
0.123,6.198299999999999e-08,0p0,0.0
0.124,6.198299999999999e-08,0p0,0.0
0.125,6.198299999999999e-08,0p0,0.0
0.126,6.198299999999999e-08,0p0,0.0
0.127,6.198300000000003e-08,0p0,0.0
0.128,6.198300000000003e-08,0p0,0.0
0.129,6.198300000000003e-08,0p0,0.0
0.13,6.198300000000003e-08,0p0,0.0
0.131,6.198300000000003e-08,0p0,0.0
0.132,6.198300000000003e-08,0p0,0.0
0.133,6.198300000000003e-08,0p0,0.0
0.134,6.198300000000003e-08,0p0,0.0
0.135,6.198300000000003e-08,0p0,0.0
0.136,6.198300000000003e-08,0p0,0.0
0.137,6.198300000000003e-08,0p0,0.0
0.138,6.198300000000003e-08,0p0,0.0
0.139,6.198300000000003e-08,0p0,0.0
0.14,6.198300000000003e-08,0p0,0.0
0.141,6.198300000000003e-08,0p0,0.0
0.142,6.198300000000003e-08,0p0,0.0
0.143,6.198300000000003e-08,0p0,0.0
0.144,6.198300000000003e-08,0p0,0.0
0.145,6.198300000000003e-08,0p0,0.0
0.146,6.198300000000003e-08,0p0,0.0
0.147,6.198300000000003e-08,0p0,0.0
0.148,6.198300000000003e-08,0p0,0.0
0.149,6.198300000000003e-08,0p0,0.0
0.15,6.198300000000003e-08,0p0,0.0
0.151,6.198300000000003e-08,0p0,0.0
0.152,6.198300000000003e-08,0p0,0.0
0.153,6.198300000000003e-08,0p0,0.0
0.154,6.198300000000003e-08,0p0,0.0
0.155,6.198300000000003e-08,0p0,0.0
0.156,6.198300000000003e-08,0p0,0.0
0.157,6.198300000000003e-08,0p0,0.0
0.158,6.198300000000003e-08,0p0,0.0
0.159,6.198300000000003e-08,0p0,0.0
0.16,6.198300000000003e-08,0p0,0.0
0.161,6.198300000000003e-08,0p0,0.0
0.162,6.198300000000003e-08,0p0,0.0
0.163,6.198300000000003e-08,0p0,0.0
0.164,6.198300000000003e-08,0p0,0.0
0.165,6.198300000000003e-08,0p0,0.0
0.166,6.198300000000003e-08,0p0,0.0
0.167,6.198300000000003e-08,0p0,0.0
0.168,6.198300000000003e-08,0p0,0.0
0.169,6.198300000000003e-08,0p0,0.0
0.17,6.198300000000003e-08,0p0,0.0
0.171,6.198300000000003e-08,0p0,0.0
0.172,6.198300000000003e-08,0p0,0.0
0.173,6.198300000000003e-08,0p0,0.0
0.174,6.198300000000003e-08,0p0,0.0
0.175,6.198300000000003e-08,0p0,0.0
0.176,6.198300000000003e-08,0p0,0.0
0.177,6.198300000000003e-08,0p0,0.0
0.178,6.198300000000003e-08,0p0,0.0
0.179,6.198300000000003e-08,0p0,0.0
0.18,6.198300000000003e-08,0p0,0.0
0.181,6.198300000000003e-08,0p0,0.0
0.182,6.198300000000003e-08,0p0,0.0
0.183,6.198300000000003e-08,0p0,0.0
0.184,6.198300000000003e-08,0p0,0.0
0.185,6.198300000000003e-08,0p0,0.0
0.186,6.198300000000003e-08,0p0,0.0
0.187,6.198300000000003e-08,0p0,0.0
0.188,6.198300000000003e-08,0p0,0.0
0.189,6.198300000000003e-08,0p0,0.0
0.19,6.198300000000003e-08,0p0,0.0
0.191,6.198300000000003e-08,0p0,0.0
0.192,6.198300000000003e-08,0p0,0.0
0.193,6.198300000000003e-08,0p0,0.0
0.194,6.198300000000003e-08,0p0,0.0
0.195,6.198300000000003e-08,0p0,0.0
0.196,6.198300000000003e-08,0p0,0.0
0.197,6.198300000000003e-08,0p0,0.0
0.198,6.198300000000003e-08,0p0,0.0
0.199,6.198300000000003e-08,0p0,0.0
0.2,6.198300000000003e-08,0p0,0.0
0.201,6.198300000000003e-08,0p0,0.0
0.202,6.198300000000003e-08,0p0,0.0
0.203,6.198300000000003e-08,0p0,0.0
0.204,6.198300000000003e-08,0p0,0.0
0.205,6.198300000000003e-08,0p0,0.0
0.206,6.198300000000003e-08,0p0,0.0
0.207,6.198300000000003e-08,0p0,0.0
0.208,6.198300000000003e-08,0p0,0.0
0.209,6.198300000000003e-08,0p0,0.0
0.21,6.198300000000003e-08,0p0,0.0
0.211,6.198300000000003e-08,0p0,0.0
0.212,6.198300000000003e-08,0p0,0.0
0.213,6.198300000000003e-08,0p0,0.0
0.214,6.198300000000003e-08,0p0,0.0
0.215,6.198300000000003e-08,0p0,0.0
0.216,6.198300000000003e-08,0p0,0.0
0.217,6.198300000000003e-08,0p0,0.0
0.218,6.198300000000003e-08,0p0,0.0
0.219,6.198300000000003e-08,0p0,0.0
0.22,6.198300000000003e-08,0p0,0.0
0.221,6.198300000000003e-08,0p0,0.0
0.222,6.198300000000003e-08,0p0,0.0
0.223,6.198300000000003e-08,0p0,0.0
0.224,6.198300000000003e-08,0p0,0.0
0.225,6.198300000000003e-08,0p0,0.0
0.226,6.198300000000003e-08,0p0,0.0
0.227,6.198300000000003e-08,0p0,0.0
0.228,6.198300000000003e-08,0p0,0.0
0.229,6.198300000000003e-08,0p0,0.0
0.23,6.198300000000003e-08,0p0,0.0
0.231,6.198300000000003e-08,0p0,0.0
0.232,6.198300000000003e-08,0p0,0.0
0.233,6.198300000000003e-08,0p0,0.0
0.234,6.198300000000003e-08,0p0,0.0
0.235,6.198300000000003e-08,0p0,0.0
0.236,6.198300000000003e-08,0p0,0.0
0.237,6.198300000000003e-08,0p0,0.0
0.238,6.198300000000003e-08,0p0,0.0
0.239,6.198300000000003e-08,0p0,0.0
0.24,6.198300000000003e-08,0p0,0.0
0.241,6.198300000000003e-08,0p0,0.0
0.242,6.198300000000003e-08,0p0,0.0
0.243,6.198300000000003e-08,0p0,0.0
0.244,6.198300000000003e-08,0p0,0.0
0.245,6.198300000000003e-08,0p0,0.0
0.246,6.198300000000003e-08,0p0,0.0
0.247,6.198300000000003e-08,0p0,0.0
0.248,6.198300000000003e-08,0p0,0.0
0.249,6.198300000000003e-08,0p0,0.0
0.25,6.198300000000003e-08,0p0,0.0
0.251,6.198300000000003e-08,0p0,0.0
0.252,6.198300000000003e-08,0p0,0.0
0.253,6.198300000000003e-08,0p0,0.0
0.254,6.198300000000003e-08,0p0,0.0
0.255,6.198300000000003e-08,0p0,0.0
0.256,6.198300000000003e-08,0p0,0.0
0.257,6.198300000000003e-08,0p0,0.0
0.258,6.198300000000003e-08,0p0,0.0
0.259,6.198300000000003e-08,0p0,0.0
0.26,6.198300000000003e-08,0p0,0.0
0.261,6.198300000000003e-08,0p0,0.0
0.262,6.198300000000003e-08,0p0,0.0
0.263,6.198300000000003e-08,0p0,0.0
0.264,6.198300000000003e-08,0p0,0.0
0.265,6.198300000000003e-08,0p0,0.0
0.266,6.198300000000003e-08,0p0,0.0
0.267,6.198300000000003e-08,0p0,0.0
0.268,6.198300000000003e-08,0p0,0.0
0.269,6.198300000000003e-08,0p0,0.0
0.27,6.198300000000003e-08,0p0,0.0
0.271,6.198300000000003e-08,0p0,0.0
0.272,6.198300000000003e-08,0p0,0.0
0.273,6.198300000000003e-08,0p0,0.0
0.274,6.198300000000003e-08,0p0,0.0
0.275,6.198300000000003e-08,0p0,0.0
0.276,6.198300000000003e-08,0p0,0.0
0.277,6.198300000000003e-08,0p0,0.0
0.278,6.198300000000003e-08,0p0,0.0
0.279,6.198300000000003e-08,0p0,0.0
0.28,6.198300000000003e-08,0p0,0.0
0.281,6.198300000000003e-08,0p0,0.0
0.282,6.198300000000003e-08,0p0,0.0
0.283,6.198300000000003e-08,0p0,0.0
0.284,6.198300000000003e-08,0p0,0.0
0.285,6.198300000000003e-08,0p0,0.0
0.286,6.198300000000003e-08,0p0,0.0
0.287,6.198300000000003e-08,0p0,0.0
0.288,6.198300000000003e-08,0p0,0.0
0.289,6.198300000000003e-08,0p0,0.0
0.29,6.198300000000003e-08,0p0,0.0
0.291,6.198300000000003e-08,0p0,0.0
0.292,6.198300000000003e-08,0p0,0.0
0.293,6.198300000000003e-08,0p0,0.0
0.294,6.198300000000003e-08,0p0,0.0
0.295,6.198300000000003e-08,0p0,0.0
0.296,6.198300000000003e-08,0p0,0.0
0.297,6.198300000000003e-08,0p0,0.0
0.298,6.198300000000003e-08,0p0,0.0
0.299,6.198300000000003e-08,0p0,0.0
0.3,6.198300000000003e-08,0p0,0.0
0.301,6.198300000000003e-08,0p0,0.0
0.302,6.198300000000003e-08,0p0,0.0
0.303,6.198300000000003e-08,0p0,0.0
0.304,6.198300000000003e-08,0p0,0.0
0.305,6.198300000000003e-08,0p0,0.0
0.306,6.198300000000003e-08,0p0,0.0
0.307,6.198300000000003e-08,0p0,0.0
0.308,6.198300000000003e-08,0p0,0.0
0.309,6.198300000000003e-08,0p0,0.0
0.31,6.198300000000003e-08,0p0,0.0
0.311,6.198300000000003e-08,0p0,0.0
0.312,6.198300000000003e-08,0p0,0.0
0.313,6.198300000000003e-08,0p0,0.0
0.314,6.198300000000003e-08,0p0,0.0
0.315,6.198300000000003e-08,0p0,0.0
0.316,6.198300000000003e-08,0p0,0.0
0.317,6.198300000000003e-08,0p0,0.0
0.318,6.198300000000003e-08,0p0,0.0
0.319,6.198300000000003e-08,0p0,0.0
0.32,6.198300000000003e-08,0p0,0.0
0.321,6.198300000000003e-08,0p0,0.0
0.322,6.198300000000003e-08,0p0,0.0
0.323,6.198300000000003e-08,0p0,0.0
0.324,6.198300000000003e-08,0p0,0.0
0.325,6.198300000000003e-08,0p0,0.0
0.326,6.198300000000003e-08,0p0,0.0
0.327,6.198300000000003e-08,0p0,0.0
0.328,6.198300000000003e-08,0p0,0.0
0.329,6.198300000000003e-08,0p0,0.0
0.33,6.198300000000003e-08,0p0,0.0
0.331,6.198300000000003e-08,0p0,0.0
0.332,6.198300000000003e-08,0p0,0.0
0.333,6.198300000000003e-08,0p0,0.0
0.334,6.198300000000003e-08,0p0,0.0
0.335,6.198300000000003e-08,0p0,0.0
0.336,6.198300000000003e-08,0p0,0.0
0.337,6.198300000000003e-08,0p0,0.0
0.338,6.198300000000003e-08,0p0,0.0
0.339,6.198300000000003e-08,0p0,0.0
0.34,6.198300000000003e-08,0p0,0.0
0.341,6.198300000000003e-08,0p0,0.0
0.342,6.198300000000003e-08,0p0,0.0
0.343,6.198300000000003e-08,0p0,0.0
0.344,6.198300000000003e-08,0p0,0.0
0.345,6.198300000000003e-08,0p0,0.0
0.346,6.198300000000003e-08,0p0,0.0
0.347,6.198300000000003e-08,0p0,0.0
0.348,6.198300000000003e-08,0p0,0.0
0.349,6.198300000000003e-08,0p0,0.0
0.35,6.198300000000003e-08,0p0,0.0
0.351,6.198300000000003e-08,0p0,0.0
0.352,6.198300000000003e-08,0p0,0.0
0.353,6.198300000000003e-08,0p0,0.0
0.354,6.198300000000003e-08,0p0,0.0
0.355,6.198300000000003e-08,0p0,0.0
0.356,6.198300000000003e-08,0p0,0.0
0.357,6.198300000000003e-08,0p0,0.0
0.358,6.198300000000003e-08,0p0,0.0
0.359,6.198300000000003e-08,0p0,0.0
0.36,6.198300000000003e-08,0p0,0.0
0.361,6.198300000000003e-08,0p0,0.0
0.362,6.198300000000003e-08,0p0,0.0
0.363,6.198300000000003e-08,0p0,0.0
0.364,6.198300000000003e-08,0p0,0.0
0.365,6.198300000000003e-08,0p0,0.0
0.366,6.198300000000003e-08,0p0,0.0
0.367,6.198300000000003e-08,0p0,0.0
0.368,6.198300000000003e-08,0p0,0.0
0.369,6.198300000000003e-08,0p0,0.0
0.37,6.198300000000003e-08,0p0,0.0
0.371,6.198300000000003e-08,0p0,0.0
0.372,6.198300000000003e-08,0p0,0.0
0.373,6.198300000000003e-08,0p0,0.0
0.374,6.198300000000003e-08,0p0,0.0
0.375,6.198300000000003e-08,0p0,0.0
0.376,6.198300000000003e-08,0p0,0.0
0.377,6.198300000000003e-08,0p0,0.0
0.378,6.198300000000003e-08,0p0,0.0
0.379,6.198300000000003e-08,0p0,0.0
0.38,6.198300000000003e-08,0p0,0.0
0.381,6.198300000000003e-08,0p0,0.0
0.382,6.198300000000003e-08,0p0,0.0
0.383,6.198300000000003e-08,0p0,0.0
0.384,6.198300000000003e-08,0p0,0.0
0.385,6.198300000000003e-08,0p0,0.0
0.386,6.198300000000003e-08,0p0,0.0
0.387,6.198300000000003e-08,0p0,0.0
0.388,6.198300000000003e-08,0p0,0.0
0.389,6.198300000000003e-08,0p0,0.0
0.39,6.198300000000003e-08,0p0,0.0
0.391,6.198300000000003e-08,0p0,0.0
0.392,6.198300000000003e-08,0p0,0.0
0.393,6.198300000000003e-08,0p0,0.0
0.394,6.198300000000003e-08,0p0,0.0
0.395,6.198300000000003e-08,0p0,0.0
0.396,6.198300000000003e-08,0p0,0.0
0.397,6.198300000000003e-08,0p0,0.0
0.398,6.198300000000003e-08,0p0,0.0
0.399,6.198300000000003e-08,0p0,0.0
0.4,6.198300000000003e-08,0p0,0.0
0.401,6.198300000000003e-08,0p0,0.0
0.402,6.198300000000003e-08,0p0,0.0
0.403,6.198300000000003e-08,0p0,0.0
0.404,6.198300000000003e-08,0p0,0.0
0.405,6.198300000000003e-08,0p0,0.0
0.406,6.198300000000003e-08,0p0,0.0
0.407,6.198300000000003e-08,0p0,0.0
0.408,6.198300000000003e-08,0p0,0.0
0.409,6.198300000000003e-08,0p0,0.0
0.41,6.198300000000003e-08,0p0,0.0
0.411,6.198300000000003e-08,0p0,0.0
0.412,6.198300000000003e-08,0p0,0.0
0.413,6.198300000000003e-08,0p0,0.0
0.414,6.198300000000003e-08,0p0,0.0
0.415,6.198300000000003e-08,0p0,0.0
0.416,6.198300000000003e-08,0p0,0.0
0.417,6.198300000000003e-08,0p0,0.0
0.418,6.198300000000003e-08,0p0,0.0
0.419,6.198300000000003e-08,0p0,0.0
0.42,6.198300000000003e-08,0p0,0.0
0.421,6.198300000000003e-08,0p0,0.0
0.422,6.198300000000003e-08,0p0,0.0
0.423,6.198300000000003e-08,0p0,0.0
0.424,6.198300000000003e-08,0p0,0.0
0.425,6.198300000000003e-08,0p0,0.0
0.426,6.198300000000003e-08,0p0,0.0
0.427,6.198300000000003e-08,0p0,0.0
0.428,6.198300000000003e-08,0p0,0.0
0.429,6.198300000000003e-08,0p0,0.0
0.43,6.198300000000003e-08,0p0,0.0
0.431,6.198300000000003e-08,0p0,0.0
0.432,6.198300000000003e-08,0p0,0.0
0.433,6.198300000000003e-08,0p0,0.0
0.434,6.198300000000003e-08,0p0,0.0
0.435,6.198300000000003e-08,0p0,0.0
0.436,6.198300000000003e-08,0p0,0.0
0.437,6.198300000000003e-08,0p0,0.0
0.438,6.198300000000003e-08,0p0,0.0
0.439,6.198300000000003e-08,0p0,0.0
0.44,6.198300000000003e-08,0p0,0.0
0.441,6.198300000000003e-08,0p0,0.0
0.442,6.198300000000003e-08,0p0,0.0
0.443,6.198300000000003e-08,0p0,0.0
0.444,6.198300000000003e-08,0p0,0.0
0.445,6.198300000000003e-08,0p0,0.0
0.446,6.198300000000003e-08,0p0,0.0
0.447,6.198300000000003e-08,0p0,0.0
0.448,6.198300000000003e-08,0p0,0.0
0.449,6.198300000000003e-08,0p0,0.0
0.45,6.198300000000003e-08,0p0,0.0
0.451,6.198300000000003e-08,0p0,0.0
0.452,6.198300000000003e-08,0p0,0.0
0.453,6.198300000000003e-08,0p0,0.0
0.454,6.198300000000003e-08,0p0,0.0
0.455,6.198300000000003e-08,0p0,0.0
0.456,6.198300000000003e-08,0p0,0.0
0.457,6.198300000000003e-08,0p0,0.0
0.458,6.198300000000003e-08,0p0,0.0
0.459,6.198300000000003e-08,0p0,0.0
0.46,6.198300000000003e-08,0p0,0.0
0.461,6.198300000000003e-08,0p0,0.0
0.462,6.198300000000003e-08,0p0,0.0
0.463,6.198300000000003e-08,0p0,0.0
0.464,6.198300000000003e-08,0p0,0.0
0.465,6.198300000000003e-08,0p0,0.0
0.466,6.198300000000003e-08,0p0,0.0
0.467,6.198300000000003e-08,0p0,0.0
0.468,6.198300000000003e-08,0p0,0.0
0.469,6.198300000000003e-08,0p0,0.0
0.47,6.198300000000003e-08,0p0,0.0
0.471,6.198300000000003e-08,0p0,0.0
0.472,6.198300000000003e-08,0p0,0.0
0.473,6.198300000000003e-08,0p0,0.0
0.474,6.198300000000003e-08,0p0,0.0
0.475,6.198300000000003e-08,0p0,0.0
0.476,6.198300000000003e-08,0p0,0.0
0.477,6.198300000000003e-08,0p0,0.0
0.478,6.198300000000003e-08,0p0,0.0
0.479,6.198300000000003e-08,0p0,0.0
0.48,6.198300000000003e-08,0p0,0.0
0.481,6.198300000000003e-08,0p0,0.0
0.482,6.198300000000003e-08,0p0,0.0
0.483,6.198300000000003e-08,0p0,0.0
0.484,6.198300000000003e-08,0p0,0.0
0.485,6.198300000000003e-08,0p0,0.0
0.486,6.198300000000003e-08,0p0,0.0
0.487,6.198300000000003e-08,0p0,0.0
0.488,6.198300000000003e-08,0p0,0.0
0.489,6.198300000000003e-08,0p0,0.0
0.49,6.198300000000003e-08,0p0,0.0
0.491,6.198300000000003e-08,0p0,0.0
0.492,6.198300000000003e-08,0p0,0.0
0.493,6.198300000000003e-08,0p0,0.0
0.494,6.198300000000003e-08,0p0,0.0
0.495,6.198300000000003e-08,0p0,0.0
0.496,6.198300000000003e-08,0p0,0.0
0.497,6.198300000000003e-08,0p0,0.0
0.498,6.198300000000003e-08,0p0,0.0
0.499,6.198300000000003e-08,0p0,0.0
0.5,6.198300000000003e-08,0p0,0.0
0.501,6.198300000000003e-08,0p0,0.0
0.502,6.198300000000003e-08,0p0,0.0
0.503,6.198300000000003e-08,0p0,0.0
0.504,6.198300000000003e-08,0p0,0.0
0.505,6.198300000000003e-08,0p0,0.0
0.506,6.198300000000003e-08,0p0,0.0
0.507,6.198300000000003e-08,0p0,0.0
0.508,6.198300000000003e-08,0p0,0.0
0.509,6.198300000000003e-08,0p0,0.0
0.51,6.198300000000003e-08,0p0,0.0
0.511,6.198300000000003e-08,0p0,0.0
0.512,6.198300000000003e-08,0p0,0.0
0.513,6.198300000000003e-08,0p0,0.0
0.514,6.198300000000003e-08,0p0,0.0
0.515,6.198300000000003e-08,0p0,0.0
0.516,6.198300000000003e-08,0p0,0.0
0.517,6.198300000000003e-08,0p0,0.0
0.518,6.198300000000003e-08,0p0,0.0
0.519,6.198300000000003e-08,0p0,0.0
0.52,6.198300000000003e-08,0p0,0.0
0.521,6.198300000000003e-08,0p0,0.0
0.522,6.198300000000003e-08,0p0,0.0
0.523,6.198300000000003e-08,0p0,0.0
0.524,6.198300000000003e-08,0p0,0.0
0.525,6.198300000000003e-08,0p0,0.0
0.526,6.198300000000003e-08,0p0,0.0
0.527,6.198300000000003e-08,0p0,0.0
0.528,6.198300000000003e-08,0p0,0.0
0.529,6.198300000000003e-08,0p0,0.0
0.53,6.198300000000003e-08,0p0,0.0
0.531,6.198300000000003e-08,0p0,0.0
0.532,6.198300000000003e-08,0p0,0.0
0.533,6.198300000000003e-08,0p0,0.0
0.534,6.198300000000003e-08,0p0,0.0
0.535,6.198300000000003e-08,0p0,0.0
0.536,6.198300000000003e-08,0p0,0.0
0.537,6.198300000000003e-08,0p0,0.0
0.538,6.198300000000003e-08,0p0,0.0
0.539,6.198300000000003e-08,0p0,0.0
0.54,6.198300000000003e-08,0p0,0.0
0.541,6.198300000000003e-08,0p0,0.0
0.542,6.198300000000003e-08,0p0,0.0
0.543,6.198300000000003e-08,0p0,0.0
0.544,6.198300000000003e-08,0p0,0.0
0.545,6.198300000000003e-08,0p0,0.0
0.546,6.198300000000003e-08,0p0,0.0
0.547,6.198300000000003e-08,0p0,0.0
0.548,6.198300000000003e-08,0p0,0.0
0.549,6.198300000000003e-08,0p0,0.0
0.55,6.198300000000003e-08,0p0,0.0
0.551,6.198300000000003e-08,0p0,0.0
0.552,6.198300000000003e-08,0p0,0.0
0.553,6.198300000000003e-08,0p0,0.0
0.554,6.198300000000003e-08,0p0,0.0
0.555,6.198300000000003e-08,0p0,0.0
0.556,6.198300000000003e-08,0p0,0.0
0.557,6.198300000000003e-08,0p0,0.0
0.558,6.198300000000003e-08,0p0,0.0
0.559,6.198300000000003e-08,0p0,0.0
0.56,6.198300000000003e-08,0p0,0.0
0.561,6.198300000000003e-08,0p0,0.0
0.562,6.198300000000003e-08,0p0,0.0
0.563,6.198300000000003e-08,0p0,0.0
0.564,6.198300000000003e-08,0p0,0.0
0.565,6.198300000000003e-08,0p0,0.0
0.566,6.198300000000003e-08,0p0,0.0
0.567,6.198300000000003e-08,0p0,0.0
0.568,6.198300000000003e-08,0p0,0.0
0.569,6.198300000000003e-08,0p0,0.0
0.57,6.198300000000003e-08,0p0,0.0
0.571,6.198300000000003e-08,0p0,0.0
0.572,6.198300000000003e-08,0p0,0.0
0.573,6.198300000000003e-08,0p0,0.0
0.574,6.198300000000003e-08,0p0,0.0
0.575,6.198300000000003e-08,0p0,0.0
0.576,6.198300000000003e-08,0p0,0.0
0.577,6.198300000000003e-08,0p0,0.0
0.578,6.198300000000003e-08,0p0,0.0
0.579,6.198300000000003e-08,0p0,0.0
0.58,6.198300000000003e-08,0p0,0.0
0.581,6.198300000000003e-08,0p0,0.0
0.582,6.198300000000003e-08,0p0,0.0
0.583,6.198300000000003e-08,0p0,0.0
0.584,6.198300000000003e-08,0p0,0.0
0.585,6.198300000000003e-08,0p0,0.0
0.586,6.198300000000003e-08,0p0,0.0
0.587,6.198300000000003e-08,0p0,0.0
0.588,6.198300000000003e-08,0p0,0.0
0.589,6.198300000000003e-08,0p0,0.0
0.59,6.198300000000003e-08,0p0,0.0
0.591,6.198300000000003e-08,0p0,0.0
0.592,6.198300000000003e-08,0p0,0.0
0.593,6.198300000000003e-08,0p0,0.0
0.594,6.198300000000003e-08,0p0,0.0
0.595,6.198300000000003e-08,0p0,0.0
0.596,6.198300000000003e-08,0p0,0.0
0.597,6.198300000000003e-08,0p0,0.0
0.598,6.198300000000003e-08,0p0,0.0
0.599,6.198300000000003e-08,0p0,0.0
0.6,6.198300000000003e-08,0p0,0.0
0.601,6.198300000000003e-08,0p0,0.0
0.602,6.198300000000003e-08,0p0,0.0
0.603,6.198300000000003e-08,0p0,0.0
0.604,6.198300000000003e-08,0p0,0.0
0.605,6.198300000000003e-08,0p0,0.0
0.606,6.198300000000003e-08,0p0,0.0
0.607,6.198300000000003e-08,0p0,0.0
0.608,6.198300000000003e-08,0p0,0.0
0.609,6.198300000000003e-08,0p0,0.0
0.61,6.198300000000003e-08,0p0,0.0
0.611,6.198300000000003e-08,0p0,0.0
0.612,6.198300000000003e-08,0p0,0.0
0.613,6.198300000000003e-08,0p0,0.0
0.614,6.198300000000003e-08,0p0,0.0
0.615,6.198300000000003e-08,0p0,0.0
0.616,6.198300000000003e-08,0p0,0.0
0.617,6.198300000000003e-08,0p0,0.0
0.618,6.198300000000003e-08,0p0,0.0
0.619,6.198300000000003e-08,0p0,0.0
0.62,6.198300000000003e-08,0p0,0.0
0.621,6.198300000000003e-08,0p0,0.0
0.622,6.198300000000003e-08,0p0,0.0
0.623,6.198300000000003e-08,0p0,0.0
0.624,6.198300000000003e-08,0p0,0.0
0.625,6.198300000000003e-08,0p0,0.0
0.626,6.198300000000003e-08,0p0,0.0
0.627,6.198300000000003e-08,0p0,0.0
0.628,6.198300000000003e-08,0p0,0.0
0.629,6.198300000000003e-08,0p0,0.0
0.63,6.198300000000003e-08,0p0,0.0
0.631,6.198300000000003e-08,0p0,0.0
0.632,6.198300000000003e-08,0p0,0.0
0.633,6.198300000000003e-08,0p0,0.0
0.634,6.198300000000003e-08,0p0,0.0
0.635,6.198300000000003e-08,0p0,0.0
0.636,6.198300000000003e-08,0p0,0.0
0.637,6.198300000000003e-08,0p0,0.0
0.638,6.198300000000003e-08,0p0,0.0
0.639,6.198300000000003e-08,0p0,0.0
0.64,6.198300000000003e-08,0p0,0.0
0.641,6.198300000000003e-08,0p0,0.0
0.642,6.198300000000003e-08,0p0,0.0
0.643,6.198300000000003e-08,0p0,0.0
0.644,6.198300000000003e-08,0p0,0.0
0.645,6.198300000000003e-08,0p0,0.0
0.646,6.198300000000003e-08,0p0,0.0
0.647,6.198300000000003e-08,0p0,0.0
0.648,6.198300000000003e-08,0p0,0.0
0.649,6.198300000000003e-08,0p0,0.0
0.65,6.198300000000003e-08,0p0,0.0
0.651,6.198300000000003e-08,0p0,0.0
0.652,6.198300000000003e-08,0p0,0.0
0.653,6.198300000000003e-08,0p0,0.0
0.654,6.198300000000003e-08,0p0,0.0
0.655,6.198300000000003e-08,0p0,0.0
0.656,6.198300000000003e-08,0p0,0.0
0.657,6.198300000000003e-08,0p0,0.0
0.658,6.198300000000003e-08,0p0,0.0
0.659,6.198300000000003e-08,0p0,0.0
0.66,6.198300000000003e-08,0p0,0.0
0.661,6.198300000000003e-08,0p0,0.0
0.662,6.198300000000003e-08,0p0,0.0
0.663,6.198300000000003e-08,0p0,0.0
0.664,6.198300000000003e-08,0p0,0.0
0.665,6.198300000000003e-08,0p0,0.0
0.666,6.198300000000003e-08,0p0,0.0
0.667,6.198300000000003e-08,0p0,0.0
0.668,6.198300000000003e-08,0p0,0.0
0.669,6.198300000000003e-08,0p0,0.0
0.67,6.198300000000003e-08,0p0,0.0
0.671,6.198300000000003e-08,0p0,0.0
0.672,6.198300000000003e-08,0p0,0.0
0.673,6.198300000000003e-08,0p0,0.0
0.674,6.198300000000003e-08,0p0,0.0
0.675,6.198300000000003e-08,0p0,0.0
0.676,6.198300000000003e-08,0p0,0.0
0.677,6.198300000000003e-08,0p0,0.0
0.678,6.198300000000003e-08,0p0,0.0
0.679,6.198300000000003e-08,0p0,0.0
0.68,6.198300000000003e-08,0p0,0.0
0.681,6.198300000000003e-08,0p0,0.0
0.682,6.198300000000003e-08,0p0,0.0
0.683,6.198300000000003e-08,0p0,0.0
0.684,6.198300000000003e-08,0p0,0.0
0.685,6.198300000000003e-08,0p0,0.0
0.686,6.198300000000003e-08,0p0,0.0
0.687,6.198300000000003e-08,0p0,0.0
0.688,6.198300000000003e-08,0p0,0.0
0.689,6.198300000000003e-08,0p0,0.0
0.69,6.198300000000003e-08,0p0,0.0
0.691,6.198300000000003e-08,0p0,0.0
0.692,6.198300000000003e-08,0p0,0.0
0.693,6.198300000000003e-08,0p0,0.0
0.694,6.198300000000003e-08,0p0,0.0
0.695,6.198300000000003e-08,0p0,0.0
0.696,6.198300000000003e-08,0p0,0.0
0.697,6.198300000000003e-08,0p0,0.0
0.698,6.198300000000003e-08,0p0,0.0
0.699,6.198300000000003e-08,0p0,0.0
0.7,6.198300000000003e-08,0p0,0.0
0.701,6.198300000000003e-08,0p0,0.0
0.702,6.198300000000003e-08,0p0,0.0
0.703,6.198300000000003e-08,0p0,0.0
0.704,6.198300000000003e-08,0p0,0.0
0.705,6.198300000000003e-08,0p0,0.0
0.706,6.198300000000003e-08,0p0,0.0
0.707,6.198300000000003e-08,0p0,0.0
0.708,6.198300000000003e-08,0p0,0.0
0.709,6.198300000000003e-08,0p0,0.0
0.71,6.198300000000003e-08,0p0,0.0
0.711,6.198300000000003e-08,0p0,0.0
0.712,6.198300000000003e-08,0p0,0.0
0.713,6.198300000000003e-08,0p0,0.0
0.714,6.198300000000003e-08,0p0,0.0
0.715,6.198300000000003e-08,0p0,0.0
0.716,6.198300000000003e-08,0p0,0.0
0.717,6.198300000000003e-08,0p0,0.0
0.718,6.198300000000003e-08,0p0,0.0
0.719,6.198300000000003e-08,0p0,0.0
0.72,6.198300000000003e-08,0p0,0.0
0.721,6.198300000000003e-08,0p0,0.0
0.722,6.198300000000003e-08,0p0,0.0
0.723,6.198300000000003e-08,0p0,0.0
0.724,6.198300000000003e-08,0p0,0.0
0.725,6.198300000000003e-08,0p0,0.0
0.726,6.198300000000003e-08,0p0,0.0
0.727,6.198300000000003e-08,0p0,0.0
0.728,6.198300000000003e-08,0p0,0.0
0.729,6.198300000000003e-08,0p0,0.0
0.73,6.198300000000003e-08,0p0,0.0
0.731,6.198300000000003e-08,0p0,0.0
0.732,6.198300000000003e-08,0p0,0.0
0.733,6.198300000000003e-08,0p0,0.0
0.734,6.198300000000003e-08,0p0,0.0
0.735,6.198300000000003e-08,0p0,0.0
0.736,6.198300000000003e-08,0p0,0.0
0.737,6.198300000000003e-08,0p0,0.0
0.738,6.198300000000003e-08,0p0,0.0
0.739,6.198300000000003e-08,0p0,0.0
0.74,6.198300000000003e-08,0p0,0.0
0.741,6.198300000000003e-08,0p0,0.0
0.742,6.198300000000003e-08,0p0,0.0
0.743,6.198300000000003e-08,0p0,0.0
0.744,6.198300000000003e-08,0p0,0.0
0.745,6.198300000000003e-08,0p0,0.0
0.746,6.198300000000003e-08,0p0,0.0
0.747,6.198300000000003e-08,0p0,0.0
0.748,6.198300000000003e-08,0p0,0.0
0.749,6.198300000000003e-08,0p0,0.0
0.75,6.198300000000003e-08,0p0,0.0
0.751,6.198300000000003e-08,0p0,0.0
0.752,6.198300000000003e-08,0p0,0.0
0.753,6.198300000000003e-08,0p0,0.0
0.754,6.198300000000003e-08,0p0,0.0
0.755,6.198300000000003e-08,0p0,0.0
0.756,6.198300000000003e-08,0p0,0.0
0.757,6.198300000000003e-08,0p0,0.0
0.758,6.198300000000003e-08,0p0,0.0
0.759,6.198300000000003e-08,0p0,0.0
0.76,6.198300000000003e-08,0p0,0.0
0.761,6.198300000000003e-08,0p0,0.0
0.762,6.198300000000003e-08,0p0,0.0
0.763,6.198300000000003e-08,0p0,0.0
0.764,6.198300000000003e-08,0p0,0.0
0.765,6.198300000000003e-08,0p0,0.0
0.766,6.198300000000003e-08,0p0,0.0
0.767,6.198300000000003e-08,0p0,0.0
0.768,6.198300000000003e-08,0p0,0.0
0.769,6.198300000000003e-08,0p0,0.0
0.77,6.198300000000003e-08,0p0,0.0
0.771,6.198300000000003e-08,0p0,0.0
0.772,6.198300000000003e-08,0p0,0.0
0.773,6.198300000000003e-08,0p0,0.0
0.774,6.198300000000003e-08,0p0,0.0
0.775,6.198300000000003e-08,0p0,0.0
0.776,6.198300000000003e-08,0p0,0.0
0.777,6.198300000000003e-08,0p0,0.0
0.778,6.198300000000003e-08,0p0,0.0
0.779,6.198300000000003e-08,0p0,0.0
0.78,6.198300000000003e-08,0p0,0.0
0.781,6.198300000000003e-08,0p0,0.0
0.782,6.198300000000003e-08,0p0,0.0
0.783,6.198300000000003e-08,0p0,0.0
0.784,6.198300000000003e-08,0p0,0.0
0.785,6.198300000000003e-08,0p0,0.0
0.786,6.198300000000003e-08,0p0,0.0
0.787,6.198300000000003e-08,0p0,0.0
0.788,6.198300000000003e-08,0p0,0.0
0.789,6.198300000000003e-08,0p0,0.0
0.79,6.198300000000003e-08,0p0,0.0
0.791,6.198300000000003e-08,0p0,0.0
0.792,6.198300000000003e-08,0p0,0.0
0.793,6.198300000000003e-08,0p0,0.0
0.794,6.198300000000003e-08,0p0,0.0
0.795,6.198300000000003e-08,0p0,0.0
0.796,6.198300000000003e-08,0p0,0.0
0.797,6.198300000000003e-08,0p0,0.0
0.798,6.198300000000003e-08,0p0,0.0
0.799,6.198300000000003e-08,0p0,0.0
0.8,6.198300000000003e-08,0p0,0.0
0.801,6.198300000000003e-08,0p0,0.0
0.802,6.198300000000003e-08,0p0,0.0
0.803,6.198300000000003e-08,0p0,0.0
0.804,6.198300000000003e-08,0p0,0.0
0.805,6.198300000000003e-08,0p0,0.0
0.806,6.198300000000003e-08,0p0,0.0
0.807,6.198300000000003e-08,0p0,0.0
0.808,6.198300000000003e-08,0p0,0.0
0.809,6.198300000000003e-08,0p0,0.0
0.81,6.198300000000003e-08,0p0,0.0
0.811,6.198300000000003e-08,0p0,0.0
0.812,6.198300000000003e-08,0p0,0.0
0.813,6.198300000000003e-08,0p0,0.0
0.814,6.198300000000003e-08,0p0,0.0
0.815,6.198300000000003e-08,0p0,0.0
0.816,6.198300000000003e-08,0p0,0.0
0.817,6.198300000000003e-08,0p0,0.0
0.818,6.198300000000003e-08,0p0,0.0
0.819,6.198300000000003e-08,0p0,0.0
0.82,6.198300000000003e-08,0p0,0.0
0.821,6.198300000000003e-08,0p0,0.0
0.822,6.198300000000003e-08,0p0,0.0
0.823,6.198300000000003e-08,0p0,0.0
0.824,6.198300000000003e-08,0p0,0.0
0.825,6.198300000000003e-08,0p0,0.0
0.826,6.198300000000003e-08,0p0,0.0
0.827,6.198300000000003e-08,0p0,0.0
0.828,6.198300000000003e-08,0p0,0.0
0.829,6.198300000000003e-08,0p0,0.0
0.83,6.198300000000003e-08,0p0,0.0
0.831,6.198300000000003e-08,0p0,0.0
0.832,6.198300000000003e-08,0p0,0.0
0.833,6.198300000000003e-08,0p0,0.0
0.834,6.198300000000003e-08,0p0,0.0
0.835,6.198300000000003e-08,0p0,0.0
0.836,6.198300000000003e-08,0p0,0.0
0.837,6.198300000000003e-08,0p0,0.0
0.838,6.198300000000003e-08,0p0,0.0
0.839,6.198300000000003e-08,0p0,0.0
0.84,6.198300000000003e-08,0p0,0.0
0.841,6.198300000000003e-08,0p0,0.0
0.842,6.198300000000003e-08,0p0,0.0
0.843,6.198300000000003e-08,0p0,0.0
0.844,6.198300000000003e-08,0p0,0.0
0.845,6.198300000000003e-08,0p0,0.0
0.846,6.198300000000003e-08,0p0,0.0
0.847,6.198300000000003e-08,0p0,0.0
0.848,6.198300000000003e-08,0p0,0.0
0.849,6.198300000000003e-08,0p0,0.0
0.85,6.198300000000003e-08,0p0,0.0
0.851,6.198300000000003e-08,0p0,0.0
0.852,6.198300000000003e-08,0p0,0.0
0.853,6.198300000000003e-08,0p0,0.0
0.854,6.198300000000003e-08,0p0,0.0
0.855,6.198300000000003e-08,0p0,0.0
0.856,6.198300000000003e-08,0p0,0.0
0.857,6.198300000000003e-08,0p0,0.0
0.858,6.198300000000003e-08,0p0,0.0
0.859,6.198300000000003e-08,0p0,0.0
0.86,6.198300000000003e-08,0p0,0.0
0.861,6.198300000000003e-08,0p0,0.0
0.862,6.198300000000003e-08,0p0,0.0
0.863,6.198300000000003e-08,0p0,0.0
0.864,6.198300000000003e-08,0p0,0.0
0.865,6.198300000000003e-08,0p0,0.0
0.866,6.198300000000003e-08,0p0,0.0
0.867,6.198300000000003e-08,0p0,0.0
0.868,6.198300000000003e-08,0p0,0.0
0.869,6.198300000000003e-08,0p0,0.0
0.87,6.198300000000003e-08,0p0,0.0
0.871,6.198300000000003e-08,0p0,0.0
0.872,6.198300000000003e-08,0p0,0.0
0.873,6.198300000000003e-08,0p0,0.0
0.874,6.198300000000003e-08,0p0,0.0
0.875,6.198300000000003e-08,0p0,0.0
0.876,6.198300000000003e-08,0p0,0.0
0.877,6.198300000000003e-08,0p0,0.0
0.878,6.198300000000003e-08,0p0,0.0
0.879,6.198300000000003e-08,0p0,0.0
0.88,6.198300000000003e-08,0p0,0.0
0.881,6.198300000000003e-08,0p0,0.0
0.882,6.198300000000003e-08,0p0,0.0
0.883,6.198300000000003e-08,0p0,0.0
0.884,6.198300000000003e-08,0p0,0.0
0.885,6.198300000000003e-08,0p0,0.0
0.886,6.198300000000003e-08,0p0,0.0
0.887,6.198300000000003e-08,0p0,0.0
0.888,6.198300000000003e-08,0p0,0.0
0.889,6.198300000000003e-08,0p0,0.0
0.89,6.198300000000003e-08,0p0,0.0
0.891,6.198300000000003e-08,0p0,0.0
0.892,6.198300000000003e-08,0p0,0.0
0.893,6.198300000000003e-08,0p0,0.0
0.894,6.198300000000003e-08,0p0,0.0
0.895,6.198300000000003e-08,0p0,0.0
0.896,6.198300000000003e-08,0p0,0.0
0.897,6.198300000000003e-08,0p0,0.0
0.898,6.198300000000003e-08,0p0,0.0
0.899,6.198300000000003e-08,0p0,0.0
0.9,6.198300000000003e-08,0p0,0.0
0.901,6.198300000000003e-08,0p0,0.0
0.902,6.198300000000003e-08,0p0,0.0
0.903,6.198300000000003e-08,0p0,0.0
0.904,6.198300000000003e-08,0p0,0.0
0.905,6.198300000000003e-08,0p0,0.0
0.906,6.198300000000003e-08,0p0,0.0
0.907,6.198300000000003e-08,0p0,0.0
0.908,6.198300000000003e-08,0p0,0.0
0.909,6.198300000000003e-08,0p0,0.0
0.91,6.198300000000003e-08,0p0,0.0
0.911,6.198300000000003e-08,0p0,0.0
0.912,6.198300000000003e-08,0p0,0.0
0.913,6.198300000000003e-08,0p0,0.0
0.914,6.198300000000003e-08,0p0,0.0
0.915,6.198300000000003e-08,0p0,0.0
0.916,6.198300000000003e-08,0p0,0.0
0.917,6.198300000000003e-08,0p0,0.0
0.918,6.198300000000003e-08,0p0,0.0
0.919,6.198300000000003e-08,0p0,0.0
0.92,6.198300000000003e-08,0p0,0.0
0.921,6.198300000000003e-08,0p0,0.0
0.922,6.198300000000003e-08,0p0,0.0
0.923,6.198300000000003e-08,0p0,0.0
0.924,6.198300000000003e-08,0p0,0.0
0.925,6.198300000000003e-08,0p0,0.0
0.926,6.198300000000003e-08,0p0,0.0
0.927,6.198300000000003e-08,0p0,0.0
0.928,6.198300000000003e-08,0p0,0.0
0.929,6.198300000000003e-08,0p0,0.0
0.93,6.198300000000003e-08,0p0,0.0
0.931,6.198300000000003e-08,0p0,0.0
0.932,6.198300000000003e-08,0p0,0.0
0.933,6.198300000000003e-08,0p0,0.0
0.934,6.198300000000003e-08,0p0,0.0
0.935,6.198300000000003e-08,0p0,0.0
0.936,6.198300000000003e-08,0p0,0.0
0.937,6.198300000000003e-08,0p0,0.0
0.938,6.198300000000003e-08,0p0,0.0
0.939,6.198300000000003e-08,0p0,0.0
0.94,6.198300000000003e-08,0p0,0.0
0.941,6.198300000000003e-08,0p0,0.0
0.942,6.198300000000003e-08,0p0,0.0
0.943,6.198300000000003e-08,0p0,0.0
0.944,6.198300000000003e-08,0p0,0.0
0.945,6.198300000000003e-08,0p0,0.0
0.946,6.198300000000003e-08,0p0,0.0
0.947,6.198300000000003e-08,0p0,0.0
0.948,6.198300000000003e-08,0p0,0.0
0.949,6.198300000000003e-08,0p0,0.0
0.95,6.198300000000003e-08,0p0,0.0
0.951,6.198300000000003e-08,0p0,0.0
0.952,6.198300000000003e-08,0p0,0.0
0.953,6.198300000000003e-08,0p0,0.0
0.954,6.198300000000003e-08,0p0,0.0
0.955,6.198300000000003e-08,0p0,0.0
0.956,6.198300000000003e-08,0p0,0.0
0.957,6.198300000000003e-08,0p0,0.0
0.958,6.198300000000003e-08,0p0,0.0
0.959,6.198300000000003e-08,0p0,0.0
0.96,6.198300000000003e-08,0p0,0.0
0.961,6.198300000000003e-08,0p0,0.0
0.962,6.198300000000003e-08,0p0,0.0
0.963,6.198300000000003e-08,0p0,0.0
0.964,6.198300000000003e-08,0p0,0.0
0.965,6.198300000000003e-08,0p0,0.0
0.966,6.198300000000003e-08,0p0,0.0
0.967,6.198300000000003e-08,0p0,0.0
0.968,6.198300000000003e-08,0p0,0.0
0.969,6.198300000000003e-08,0p0,0.0
0.97,6.198300000000003e-08,0p0,0.0
0.971,6.198300000000003e-08,0p0,0.0
0.972,6.198300000000003e-08,0p0,0.0
0.973,6.198300000000003e-08,0p0,0.0
0.974,6.198300000000003e-08,0p0,0.0
0.975,6.198300000000003e-08,0p0,0.0
0.976,6.198300000000003e-08,0p0,0.0
0.977,6.198300000000003e-08,0p0,0.0
0.978,6.198300000000003e-08,0p0,0.0
0.979,6.198300000000003e-08,0p0,0.0
0.98,6.198300000000003e-08,0p0,0.0
0.981,6.198300000000003e-08,0p0,0.0
0.982,6.198300000000003e-08,0p0,0.0
0.983,6.198300000000003e-08,0p0,0.0
0.984,6.198300000000003e-08,0p0,0.0
0.985,6.198300000000003e-08,0p0,0.0
0.986,6.198300000000003e-08,0p0,0.0
0.987,6.198300000000003e-08,0p0,0.0
0.988,6.198300000000003e-08,0p0,0.0
0.989,6.198300000000003e-08,0p0,0.0
0.99,6.198300000000003e-08,0p0,0.0
0.991,6.198300000000003e-08,0p0,0.0
0.992,6.198300000000003e-08,0p0,0.0
0.993,6.198300000000003e-08,0p0,0.0
0.994,6.198300000000003e-08,0p0,0.0
0.995,6.198300000000003e-08,0p0,0.0
0.996,6.198300000000003e-08,0p0,0.0
0.997,6.198300000000003e-08,0p0,0.0
0.998,6.198300000000003e-08,0p0,0.0
0.999,6.198300000000003e-08,0p0,0.0
1.0,6.198300000000003e-08,0p0,0.0
1.000000002000481,6.198300000000003e-08,0p0,0.0
1.000000002000481,6.198300000000003e-08,0p0,0.0
1.001,6.206314443859134e-08,0p0,0.0
1.002,6.229599301406929e-08,0p0,0.0
1.003,6.26701379319863e-08,0p0,0.0
1.004,6.317419773738672e-08,0p0,0.0
1.005,6.37967681625291e-08,0p0,0.0
1.006,6.452659374198454e-08,0p0,0.0
1.007,6.535252960955323e-08,0p0,0.0
1.008,6.626376201922259e-08,0p0,0.0
1.009,6.724999330326467e-08,0p0,0.0
1.01,6.830115579898094e-08,0p0,0.0
1.011,6.940762015345727e-08,0p0,0.0
1.012,7.056024498946134e-08,0p0,0.0
1.013,7.17504009071705e-08,0p0,0.0
1.014,7.296975313006748e-08,0p0,0.0
1.015,7.420671574201004e-08,0p0,0.0
1.016,7.544617969261422e-08,0p0,0.0
1.017,7.668588154252253e-08,0p0,0.0
1.018,7.792560177042174e-08,0p0,0.0
1.019,7.916531888538785e-08,0p0,0.0
1.02,8.0403142672063e-08,0p0,0.0
1.021,8.160170432901355e-08,0p0,0.0
1.022,8.273491230133629e-08,0p0,0.0
1.023,8.38037740282632e-08,0p0,0.0
1.024,8.481191786612157e-08,0p0,0.0
1.025,8.576255282611159e-08,0p0,0.0
1.026,8.665899343763153e-08,0p0,0.0
1.027,8.750416086518273e-08,0p0,0.0
1.028,8.830095184729498e-08,0p0,0.0
1.029,8.905224574046717e-08,0p0,0.0
1.03,8.976061329815249e-08,0p0,0.0
1.031,9.042844385891555e-08,0p0,0.0
1.032,9.105803988700017e-08,0p0,0.0
1.033,9.165169318501973e-08,0p0,0.0
1.034,9.221141941089525e-08,0p0,0.0
1.035,9.273911376161049e-08,0p0,0.0
1.036,9.323659583593965e-08,0p0,0.0
1.037,9.37056849021296e-08,0p0,0.0
1.038,9.414795988630805e-08,0p0,0.0
1.039,9.456492382864517e-08,0p0,0.0
1.04,9.495801459944996e-08,0p0,0.0
1.041,9.532873682908357e-08,0p0,0.0
1.042,9.567875472175357e-08,0p0,0.0
1.043,9.60087749574606e-08,0p0,0.0
1.044,9.631967585000365e-08,0p0,0.0
1.045,9.66131194936887e-08,0p0,0.0
1.046,9.688972725632063e-08,0p0,0.0
1.047,9.715037179428139e-08,0p0,0.0
1.048,9.739618433955165e-08,0p0,0.0
1.049,9.76279846725016e-08,0p0,0.0
1.05,9.784637895061789e-08,0p0,0.0
1.051,9.805223906334335e-08,0p0,0.0
1.052,9.824648299646415e-08,0p0,0.0
1.053,9.842947107537488e-08,0p0,0.0
1.054,9.860191698140568e-08,0p0,0.0
1.055,9.876463126003363e-08,0p0,0.0
1.056,9.891795664883265e-08,0p0,0.0
1.057,9.90624341111563e-08,0p0,0.0
1.058,9.919870894986889e-08,0p0,0.0
1.059,9.932718395424515e-08,0p0,0.0
1.06,9.94482324185089e-08,0p0,0.0
1.061,9.956235680043909e-08,0p0,0.0
1.062,9.967001261685313e-08,0p0,0.0
1.063,9.97714343855427e-08,0p0,0.0
1.064,9.986701681400317e-08,0p0,0.0
1.065,9.995721609136096e-08,0p0,0.0
1.066,1.00042196010247e-07,0p0,0.0
1.067,1.001222752799377e-07,0p0,0.0
1.068,1.001978199161448e-07,0p0,0.0
1.069,1.002690256829357e-07,0p0,0.0
1.07,1.003361182304064e-07,0p0,0.0
1.071,1.003993852497384e-07,0p0,0.0
1.072,1.00459051429679e-07,0p0,0.0
1.073,1.005152649855784e-07,0p0,0.0
1.074,1.005682464374256e-07,0p0,0.0
1.075,1.006182448256021e-07,0p0,0.0
1.076,1.006654335328569e-07,0p0,0.0
1.077,1.007100849426314e-07,0p0,0.0
1.078,1.007521086822586e-07,0p0,0.0
1.079,1.007917989156906e-07,0p0,0.0
1.08,1.008292044691374e-07,0p0,0.0
1.081,1.008642718146058e-07,0p0,0.0
1.082,1.008975872507652e-07,0p0,0.0
1.083,1.00928877796945e-07,0p0,0.0
1.084,1.009583588694178e-07,0p0,0.0
1.085,1.009862273521758e-07,0p0,0.0
1.086,1.010123435087647e-07,0p0,0.0
1.087,1.010371074893238e-07,0p0,0.0
1.088,1.010603882192105e-07,0p0,0.0
1.089,1.010822690767866e-07,0p0,0.0
1.09,1.011029916621144e-07,0p0,0.0
1.091,1.011224209566279e-07,0p0,0.0
1.092,1.011407890267009e-07,0p0,0.0
1.093,1.011580997398526e-07,0p0,0.0
1.094,1.011743381558598e-07,0p0,0.0
1.095,1.011897395264654e-07,0p0,0.0
1.096,1.012041890507688e-07,0p0,0.0
1.097,1.012178129123769e-07,0p0,0.0
1.098,1.01230681188819e-07,0p0,0.0
1.099,1.0124273349693e-07,0p0,0.0
1.1,1.012541777740406e-07,0p0,0.0
1.101,1.012649219802867e-07,0p0,0.0
1.102,1.012750286579246e-07,0p0,0.0
1.103,1.012845931281461e-07,0p0,0.0
1.104,1.012935572540405e-07,0p0,0.0
1.105,1.013020427914357e-07,0p0,0.0
1.106,1.013100307740582e-07,0p0,0.0
1.107,1.01317529743079e-07,0p0,0.0
1.108,1.013246377711285e-07,0p0,0.0
1.109,1.013313043293322e-07,0p0,0.0
1.11,1.013375972140185e-07,0p0,0.0
1.111,1.013435353096404e-07,0p0,0.0
1.112,1.013491005044095e-07,0p0,0.0
1.113,1.013543823884169e-07,0p0,0.0
1.114,1.013593396375497e-07,0p0,0.0
1.115,1.013640074443517e-07,0p0,0.0
1.116,1.013684211846566e-07,0p0,0.0
1.117,1.013725565426483e-07,0p0,0.0
1.118,1.013764765458575e-07,0p0,0.0
1.119,1.013801623038296e-07,0p0,0.0
1.12,1.013836349755214e-07,0p0,0.0
1.121,1.013869581349908e-07,0p0,0.0
1.122,1.013900968167952e-07,0p0,0.0
1.123,1.013930510209348e-07,0p0,0.0
1.124,1.013958207474094e-07,0p0,0.0
1.125,1.013984178869435e-07,0p0,0.0
1.126,1.014009117534918e-07,0p0,0.0
1.127,1.014032498742599e-07,0p0,0.0
1.128,1.014054322492477e-07,0p0,0.0
1.129,1.014074588784554e-07,0p0,0.0
1.13,1.014093810873875e-07,0p0,0.0
1.131,1.014112280167235e-07,0p0,0.0
1.132,1.014129587867454e-07,0p0,0.0
1.133,1.014145733974533e-07,0p0,0.0
1.134,1.014160718488471e-07,0p0,0.0
1.135,1.014175169303576e-07,0p0,0.0
1.136,1.01418881713562e-07,0p0,0.0
1.137,1.014201571683396e-07,0p0,0.0
1.138,1.014213432946906e-07,0p0,0.0
1.139,1.01422450468101e-07,0p0,0.0
1.14,1.014235232633609e-07,0p0,0.0
1.141,1.014245283305768e-07,0p0,0.0
1.142,1.014254656697486e-07,0p0,0.0
1.143,1.014263352808765e-07,0p0,0.0
1.144,1.014271606253697e-07,0p0,0.0
1.145,1.014279505680634e-07,0p0,0.0
1.146,1.014286893279504e-07,0p0,0.0
1.147,1.014293769050309e-07,0p0,0.0
1.148,1.014300132993048e-07,0p0,0.0
1.149,1.01430629711329e-07,0p0,0.0
1.15,1.014312105993965e-07,0p0,0.0
1.151,1.01431752903427e-07,0p0,0.0
1.152,1.014322566234204e-07,0p0,0.0
1.153,1.014327273735648e-07,0p0,0.0
1.154,1.014331831673979e-07,0p0,0.0
1.155,1.014336099118689e-07,0p0,0.0
1.156,1.014340076069777e-07,0p0,0.0
1.157,1.014343762527244e-07,0p0,0.0
1.158,1.01434726937863e-07,0p0,0.0
1.159,1.014350620496943e-07,0p0,0.0
1.16,1.014353753065514e-07,0p0,0.0
1.161,1.014356667084347e-07,0p0,0.0
1.162,1.014359362553439e-07,0p0,0.0
1.163,1.014361981163003e-07,0p0,0.0
1.164,1.014364443403276e-07,0p0,0.0
1.165,1.014366741286213e-07,0p0,0.0
1.166,1.014368874811815e-07,0p0,0.0
1.167,1.014370886780689e-07,0p0,0.0
1.168,1.014372881960041e-07,0p0,0.0
1.169,1.01437477400328e-07,0p0,0.0
1.17,1.014376562910406e-07,0p0,0.0
1.171,1.01437824868142e-07,0p0,0.0
1.172,1.014379831316321e-07,0p0,0.0
1.173,1.014381310815109e-07,0p0,0.0
1.174,1.014382687177785e-07,0p0,0.0
1.175,1.014383960404348e-07,0p0,0.0
1.176,1.014385130494799e-07,0p0,0.0
1.177,1.014386340126639e-07,0p0,0.0
1.178,1.014387477834089e-07,0p0,0.0
1.179,1.014388540768535e-07,0p0,0.0
1.18,1.014389528929975e-07,0p0,0.0
1.181,1.01439044231841e-07,0p0,0.0
1.182,1.01439128093384e-07,0p0,0.0
1.183,1.014392044776266e-07,0p0,0.0
1.184,1.014392733845686e-07,0p0,0.0
1.185,1.0143933481421e-07,0p0,0.0
1.186,1.01439399065951e-07,0p0,0.0
1.187,1.014394633995948e-07,0p0,0.0
1.188,1.014395233213187e-07,0p0,0.0
1.189,1.014395788311229e-07,0p0,0.0
1.19,1.014396299290072e-07,0p0,0.0
1.191,1.014396766149716e-07,0p0,0.0
1.192,1.014397188890162e-07,0p0,0.0
1.193,1.014397567511409e-07,0p0,0.0
1.194,1.014397902013459e-07,0p0,0.0
1.195,1.014398226761858e-07,0p0,0.0
1.196,1.014398579472314e-07,0p0,0.0
1.197,1.014398907344e-07,0p0,0.0
1.198,1.014399210376915e-07,0p0,0.0
1.199,1.014399488571061e-07,0p0,0.0
1.2,1.014399741926435e-07,0p0,0.0
1.201,1.014399970443039e-07,0p0,0.0
1.202,1.014400174120873e-07,0p0,0.0
1.203,1.014400352959937e-07,0p0,0.0
1.204,1.014400510340722e-07,0p0,0.0
1.205,1.014400698696408e-07,0p0,0.0
1.206,1.014400873561781e-07,0p0,0.0
1.207,1.014401034936842e-07,0p0,0.0
1.208,1.014401182821589e-07,0p0,0.0
1.209,1.014401317216023e-07,0p0,0.0
1.21,1.014401438120145e-07,0p0,0.0
1.211,1.014401545533953e-07,0p0,0.0
1.212,1.014401639457449e-07,0p0,0.0
1.213,1.014401719890631e-07,0p0,0.0
1.214,1.014401811179349e-07,0p0,0.0
1.215,1.014401902330086e-07,0p0,0.0
1.216,1.014401986368e-07,0p0,0.0
1.217,1.014402063293092e-07,0p0,0.0
1.218,1.014402133105362e-07,0p0,0.0
1.219,1.01440219580481e-07,0p0,0.0
1.22,1.014402251391437e-07,0p0,0.0
1.221,1.014402299865241e-07,0p0,0.0
1.222,1.014402341226223e-07,0p0,0.0
1.223,1.014402383131629e-07,0p0,0.0
1.224,1.014402429656589e-07,0p0,0.0
1.225,1.014402472527325e-07,0p0,0.0
1.226,1.014402511743838e-07,0p0,0.0
1.227,1.014402547306128e-07,0p0,0.0
1.228,1.014402579214196e-07,0p0,0.0
1.229,1.01440260746804e-07,0p0,0.0
1.23,1.014402632067661e-07,0p0,0.0
1.231,1.01440265301306e-07,0p0,0.0
1.232,1.014402671585373e-07,0p0,0.0
1.233,1.014402694876999e-07,0p0,0.0
1.234,1.014402716335597e-07,0p0,0.0
1.235,1.014402735961167e-07,0p0,0.0
1.236,1.01440275375371e-07,0p0,0.0
1.237,1.014402769713225e-07,0p0,0.0
1.238,1.014402783839713e-07,0p0,0.0
1.239,1.014402796133174e-07,0p0,0.0
1.24,1.014402806593607e-07,0p0,0.0
1.241,1.014402815221012e-07,0p0,0.0
1.242,1.014402826017153e-07,0p0,0.0
1.243,1.014402836582057e-07,0p0,0.0
1.244,1.014402846248426e-07,0p0,0.0
1.245,1.014402855016259e-07,0p0,0.0
1.246,1.014402862885558e-07,0p0,0.0
1.247,1.014402869856321e-07,0p0,0.0
1.248,1.01440287592855e-07,0p0,0.0
1.249,1.014402881102244e-07,0p0,0.0
1.25,1.014402885377402e-07,0p0,0.0
1.251,1.014402889587259e-07,0p0,0.0
1.252,1.014402893853e-07,0p0,0.0
1.253,1.014402897534301e-07,0p0,0.0
1.254,1.014402900631161e-07,0p0,0.0
1.255,1.014402903143582e-07,0p0,0.0
1.256,1.014402905768799e-07,0p0,0.0
1.257,1.014402908166703e-07,0p0,0.0
1.258,1.014402910332068e-07,0p0,0.0
1.259,1.014402912443023e-07,0p0,0.0
1.26,1.014402914428546e-07,0p0,0.0
1.261,1.014402916319849e-07,0p0,0.0
1.262,1.01440291811813e-07,0p0,0.0
1.263,1.014402919828696e-07,0p0,0.0
1.264,1.014402921443929e-07,0p0,0.0
1.265,1.014402922979939e-07,0p0,0.0
1.266,1.014402924438667e-07,0p0,0.0
1.267,1.014402925802302e-07,0p0,0.0
1.268,1.014402927051033e-07,0p0,0.0
1.269,1.014402928282416e-07,0p0,0.0
1.27,1.014402929387454e-07,0p0,0.0
1.271,1.014402930409411e-07,0p0,0.0
1.272,1.014402931431367e-07,0p0,0.0
1.273,1.014402932453323e-07,0p0,0.0
1.274,1.014402933455435e-07,0p0,0.0
1.275,1.014402934202543e-07,0p0,0.0
1.276,1.014402934949651e-07,0p0,0.0
1.277,1.014402935696759e-07,0p0,0.0
1.278,1.014402936443867e-07,0p0,0.0
1.279,1.014402937190975e-07,0p0,0.0
1.28,1.014402937938084e-07,0p0,0.0
1.281,1.014402938685192e-07,0p0,0.0
1.282,1.0144029394323e-07,0p0,0.0
1.283,1.014402940177596e-07,0p0,0.0
1.284,1.014402940744043e-07,0p0,0.0
1.285,1.01440294131049e-07,0p0,0.0
1.286,1.014402941876936e-07,0p0,0.0
1.287,1.014402942443383e-07,0p0,0.0
1.288,1.01440294300983e-07,0p0,0.0
1.289,1.014402943576277e-07,0p0,0.0
1.29,1.014402944142724e-07,0p0,0.0
1.291,1.01440294470917e-07,0p0,0.0
1.292,1.014402945275617e-07,0p0,0.0
1.293,1.014402945673465e-07,0p0,0.0
1.294,1.014402946062038e-07,0p0,0.0
1.295,1.014402946450611e-07,0p0,0.0
1.296,1.014402946839185e-07,0p0,0.0
1.297,1.014402947227758e-07,0p0,0.0
1.298,1.014402947616331e-07,0p0,0.0
1.299,1.014402948004904e-07,0p0,0.0
1.3,1.014402948393477e-07,0p0,0.0
1.301,1.014402948782051e-07,0p0,0.0
1.302,1.014402949170624e-07,0p0,0.0
1.303,1.014402949559197e-07,0p0,0.0
1.304,1.014402949947771e-07,0p0,0.0
1.305,1.014402950336344e-07,0p0,0.0
1.306,1.014402950724917e-07,0p0,0.0
1.307,1.01440295111349e-07,0p0,0.0
1.308,1.014402951502063e-07,0p0,0.0
1.309,1.014402951890637e-07,0p0,0.0
1.31,1.01440295227921e-07,0p0,0.0
1.311,1.014402952595086e-07,0p0,0.0
1.312,1.014402952895385e-07,0p0,0.0
1.313,1.014402953195683e-07,0p0,0.0
1.314,1.01440295349598e-07,0p0,0.0
1.315,1.014402953796278e-07,0p0,0.0
1.316,1.014402954096576e-07,0p0,0.0
1.317,1.014402954396874e-07,0p0,0.0
1.318,1.014402954697172e-07,0p0,0.0
1.319,1.01440295499747e-07,0p0,0.0
1.32,1.014402955297767e-07,0p0,0.0
1.321,1.014402955598066e-07,0p0,0.0
1.322,1.014402955898364e-07,0p0,0.0
1.323,1.014402956198661e-07,0p0,0.0
1.324,1.014402956498959e-07,0p0,0.0
1.325,1.014402956799257e-07,0p0,0.0
1.326,1.014402957099555e-07,0p0,0.0
1.327,1.014402957399853e-07,0p0,0.0
1.328,1.014402957700151e-07,0p0,0.0
1.329,1.014402957969463e-07,0p0,0.0
1.33,1.014402958225444e-07,0p0,0.0
1.331,1.014402958481424e-07,0p0,0.0
1.332,1.014402958737405e-07,0p0,0.0
1.333,1.014402958993385e-07,0p0,0.0
1.334,1.014402959249366e-07,0p0,0.0
1.335,1.014402959505346e-07,0p0,0.0
1.336,1.014402959761327e-07,0p0,0.0
1.337,1.014402960017308e-07,0p0,0.0
1.338,1.014402960273288e-07,0p0,0.0
1.339,1.014402960529269e-07,0p0,0.0
1.34,1.014402960785249e-07,0p0,0.0
1.341,1.01440296104123e-07,0p0,0.0
1.342,1.014402961297211e-07,0p0,0.0
1.343,1.014402961553191e-07,0p0,0.0
1.344,1.014402961809171e-07,0p0,0.0
1.345,1.014402962065152e-07,0p0,0.0
1.346,1.014402962321132e-07,0p0,0.0
1.347,1.01440296257261e-07,0p0,0.0
1.348,1.014402962820099e-07,0p0,0.0
1.349,1.014402963066749e-07,0p0,0.0
1.35,1.014402963312561e-07,0p0,0.0
1.351,1.014402963557536e-07,0p0,0.0
1.352,1.014402963801673e-07,0p0,0.0
1.353,1.014402964044972e-07,0p0,0.0
1.354,1.014402964287434e-07,0p0,0.0
1.355,1.014402964529057e-07,0p0,0.0
1.356,1.014402964769843e-07,0p0,0.0
1.357,1.014402965009791e-07,0p0,0.0
1.358,1.014402965248902e-07,0p0,0.0
1.359,1.014402965487174e-07,0p0,0.0
1.36,1.014402965724609e-07,0p0,0.0
1.361,1.014402965961206e-07,0p0,0.0
1.362,1.014402966196965e-07,0p0,0.0
1.363,1.014402966431887e-07,0p0,0.0
1.364,1.01440296666597e-07,0p0,0.0
1.365,1.014402966899216e-07,0p0,0.0
1.366,1.014402967131624e-07,0p0,0.0
1.367,1.014402967363195e-07,0p0,0.0
1.368,1.014402967593927e-07,0p0,0.0
1.369,1.014402967823822e-07,0p0,0.0
1.37,1.014402968052879e-07,0p0,0.0
1.371,1.014402968281098e-07,0p0,0.0
1.372,1.01440296850848e-07,0p0,0.0
1.373,1.014402968735023e-07,0p0,0.0
1.374,1.01440296896073e-07,0p0,0.0
1.375,1.014402969185598e-07,0p0,0.0
1.376,1.014402969409628e-07,0p0,0.0
1.377,1.014402969632821e-07,0p0,0.0
1.378,1.014402969855175e-07,0p0,0.0
1.379,1.014402970076692e-07,0p0,0.0
1.38,1.014402970297372e-07,0p0,0.0
1.381,1.014402970517213e-07,0p0,0.0
1.382,1.014402970736217e-07,0p0,0.0
1.383,1.014402970956045e-07,0p0,0.0
1.384,1.014402971178656e-07,0p0,0.0
1.385,1.014402971400707e-07,0p0,0.0
1.386,1.0144029716222e-07,0p0,0.0
1.387,1.014402971843133e-07,0p0,0.0
1.388,1.014402972063507e-07,0p0,0.0
1.389,1.014402972283322e-07,0p0,0.0
1.39,1.014402972502578e-07,0p0,0.0
1.391,1.014402972721275e-07,0p0,0.0
1.392,1.014402972939413e-07,0p0,0.0
1.393,1.014402973156992e-07,0p0,0.0
1.394,1.014402973374011e-07,0p0,0.0
1.395,1.014402973590472e-07,0p0,0.0
1.396,1.014402973806374e-07,0p0,0.0
1.397,1.014402974021717e-07,0p0,0.0
1.398,1.014402974236501e-07,0p0,0.0
1.399,1.014402974450725e-07,0p0,0.0
1.4,1.014402974664391e-07,0p0,0.0
1.401,1.014402974877497e-07,0p0,0.0
1.402,1.014402975090045e-07,0p0,0.0
1.403,1.014402975302033e-07,0p0,0.0
1.404,1.014402975513463e-07,0p0,0.0
1.405,1.014402975724333e-07,0p0,0.0
1.406,1.014402975934644e-07,0p0,0.0
1.407,1.014402976144397e-07,0p0,0.0
1.408,1.01440297635359e-07,0p0,0.0
1.409,1.014402976562224e-07,0p0,0.0
1.41,1.014402976770299e-07,0p0,0.0
1.411,1.014402976977815e-07,0p0,0.0
1.412,1.014402977184773e-07,0p0,0.0
1.413,1.014402977391171e-07,0p0,0.0
1.414,1.014402977597009e-07,0p0,0.0
1.415,1.014402977802289e-07,0p0,0.0
1.416,1.01440297800701e-07,0p0,0.0
1.417,1.014402978211172e-07,0p0,0.0
1.418,1.014402978414775e-07,0p0,0.0
1.419,1.014402978618478e-07,0p0,0.0
1.42,1.014402978829731e-07,0p0,0.0
1.421,1.014402979040893e-07,0p0,0.0
1.422,1.014402979251965e-07,0p0,0.0
1.423,1.014402979462946e-07,0p0,0.0
1.424,1.014402979673837e-07,0p0,0.0
1.425,1.014402979884638e-07,0p0,0.0
1.426,1.014402980095349e-07,0p0,0.0
1.427,1.01440298030597e-07,0p0,0.0
1.428,1.0144029805165e-07,0p0,0.0
1.429,1.01440298072694e-07,0p0,0.0
1.43,1.01440298093729e-07,0p0,0.0
1.431,1.01440298114755e-07,0p0,0.0
1.432,1.014402981357719e-07,0p0,0.0
1.433,1.014402981567799e-07,0p0,0.0
1.434,1.014402981777788e-07,0p0,0.0
1.435,1.014402981987686e-07,0p0,0.0
1.436,1.014402982197495e-07,0p0,0.0
1.437,1.014402982407213e-07,0p0,0.0
1.438,1.014402982616841e-07,0p0,0.0
1.439,1.014402982826379e-07,0p0,0.0
1.44,1.014402983035826e-07,0p0,0.0
1.441,1.014402983245184e-07,0p0,0.0
1.442,1.014402983454451e-07,0p0,0.0
1.443,1.014402983663628e-07,0p0,0.0
1.444,1.014402983872714e-07,0p0,0.0
1.445,1.014402984081711e-07,0p0,0.0
1.446,1.014402984290617e-07,0p0,0.0
1.447,1.014402984499432e-07,0p0,0.0
1.448,1.014402984708158e-07,0p0,0.0
1.449,1.014402984916793e-07,0p0,0.0
1.45,1.014402985125338e-07,0p0,0.0
1.451,1.014402985333794e-07,0p0,0.0
1.452,1.014402985542159e-07,0p0,0.0
1.453,1.014402985750433e-07,0p0,0.0
1.454,1.014402985958617e-07,0p0,0.0
1.455,1.014402986166711e-07,0p0,0.0
1.456,1.014402986374715e-07,0p0,0.0
1.457,1.014402986582628e-07,0p0,0.0
1.458,1.014402986790451e-07,0p0,0.0
1.459,1.014402986998185e-07,0p0,0.0
1.46,1.014402987205827e-07,0p0,0.0
1.461,1.01440298741338e-07,0p0,0.0
1.462,1.014402987620842e-07,0p0,0.0
1.463,1.014402987828214e-07,0p0,0.0
1.464,1.014402988035496e-07,0p0,0.0
1.465,1.014402988242688e-07,0p0,0.0
1.466,1.014402988449789e-07,0p0,0.0
1.467,1.0144029886568e-07,0p0,0.0
1.468,1.014402988863721e-07,0p0,0.0
1.469,1.014402989070552e-07,0p0,0.0
1.47,1.014402989277293e-07,0p0,0.0
1.471,1.014402989483943e-07,0p0,0.0
1.472,1.014402989690503e-07,0p0,0.0
1.473,1.014402989896972e-07,0p0,0.0
1.474,1.014402990103352e-07,0p0,0.0
1.475,1.014402990309641e-07,0p0,0.0
1.476,1.01440299051584e-07,0p0,0.0
1.477,1.014402990721949e-07,0p0,0.0
1.478,1.014402990927968e-07,0p0,0.0
1.479,1.014402991133896e-07,0p0,0.0
1.48,1.014402991339734e-07,0p0,0.0
1.481,1.014402991545482e-07,0p0,0.0
1.482,1.014402991751139e-07,0p0,0.0
1.483,1.014402991956707e-07,0p0,0.0
1.484,1.014402992162184e-07,0p0,0.0
1.485,1.014402992367571e-07,0p0,0.0
1.486,1.014402992572867e-07,0p0,0.0
1.487,1.014402992778074e-07,0p0,0.0
1.488,1.01440299298319e-07,0p0,0.0
1.489,1.014402993188216e-07,0p0,0.0
1.49,1.014402993393152e-07,0p0,0.0
1.491,1.014402993597997e-07,0p0,0.0
1.492,1.014402993802931e-07,0p0,0.0
1.493,1.014402994007974e-07,0p0,0.0
1.494,1.014402994213017e-07,0p0,0.0
1.495,1.01440299441806e-07,0p0,0.0
1.496,1.014402994623103e-07,0p0,0.0
1.497,1.014402994828146e-07,0p0,0.0
1.498,1.01440299503319e-07,0p0,0.0
1.499,1.014402995238233e-07,0p0,0.0
1.5,1.014402995443276e-07,0p0,0.0
1.500000003000721,1.014402995443276e-07,0p0,0.0
1.500000003000721,1.014402995443276e-07,0p0,0.0
1.501,1.014402947751198e-07,0p0,0.0
1.502,1.014402928089596e-07,0p0,0.0
1.503,1.014346393956221e-07,0p0,0.0
1.504,1.013260828152511e-07,0p0,0.0
1.505,1.010010383855178e-07,0p0,0.0
1.506,1.004929406922988e-07,0p0,0.0
1.507,9.984309176149175e-08,0p0,0.0
1.508,9.908498361155449e-08,0p0,0.0
1.509,9.824740315179354e-08,0p0,0.0
1.51,9.734937829031517e-08,0p0,0.0
1.511,9.640877635662704e-08,0p0,0.0
1.512,9.543913401539765e-08,0p0,0.0
1.513,9.445254461861237e-08,0p0,0.0
1.514,9.345796723119325e-08,0p0,0.0
1.515,9.246323276970909e-08,0p0,0.0
1.516,9.147419750397314e-08,0p0,0.0
1.517,9.049670497659532e-08,0p0,0.0
1.518,8.953459654601183e-08,0p0,0.0
1.519,8.859098193250754e-08,0p0,0.0
1.52,8.766828571926835e-08,0p0,0.0
1.521,8.676835284335703e-08,0p0,0.0
1.522,8.589254340055179e-08,0p0,0.0
1.523,8.504180871470229e-08,0p0,0.0
1.524,8.42167814264821e-08,0p0,0.0
1.525,8.34177643120599e-08,0p0,0.0
1.526,8.26448922658428e-08,0p0,0.0
1.527,8.189808359760503e-08,0p0,0.0
1.528,8.117708093733882e-08,0p0,0.0
1.529,8.048149819608975e-08,0p0,0.0
1.53,7.981084318266849e-08,0p0,0.0
1.531,7.916454459417493e-08,0p0,0.0
1.532,7.85419713212744e-08,0p0,0.0
1.533,7.794243847264127e-08,0p0,0.0
1.534,7.736522454458498e-08,0p0,0.0
1.535,7.680958259723244e-08,0p0,0.0
1.536,7.627474643803175e-08,0p0,0.0
1.537,7.575994420754224e-08,0p0,0.0
1.538,7.52644111131722e-08,0p0,0.0
1.539,7.478734026463176e-08,0p0,0.0
1.54,7.432780798245478e-08,0p0,0.0
1.541,7.388526739873359e-08,0p0,0.0
1.542,7.345895658237059e-08,0p0,0.0
1.543,7.304820395280015e-08,0p0,0.0
1.544,7.265232281643245e-08,0p0,0.0
1.545,7.227064587807834e-08,0p0,0.0
1.546,7.190252580022309e-08,0p0,0.0
1.547,7.154733763255236e-08,0p0,0.0
1.548,7.12044797296026e-08,0p0,0.0
1.549,7.087337424372492e-08,0p0,0.0
1.55,7.055346730136307e-08,0p0,0.0
1.551,7.02442289661735e-08,0p0,0.0
1.552,6.994515303824067e-08,0p0,0.0
1.553,6.965575672303976e-08,0p0,0.0
1.554,6.937558019514937e-08,0p0,0.0
1.555,6.910418607696984e-08,0p0,0.0
1.556,6.884115884946486e-08,0p0,0.0
1.557,6.85861042094742e-08,0p0,0.0
1.558,6.83386483861056e-08,0p0,0.0
1.559,6.809843742697762e-08,0p0,0.0
1.56,6.786513646357149e-08,0p0,0.0
1.561,6.763842896363487e-08,0p0,0.0
1.562,6.741801597741787e-08,0p0,0.0
1.563,6.72036153835117e-08,0p0,0.0
1.564,6.699496113916418e-08,0p0,0.0
1.565,6.679180253916927e-08,0p0,0.0
1.566,6.659390348673953e-08,0p0,0.0
1.567,6.640104177917448e-08,0p0,0.0
1.568,6.621300841061158e-08,0p0,0.0
1.569,6.602960689369274e-08,0p0,0.0
1.57,6.585065260157854e-08,0p0,0.0
1.571,6.567589488698247e-08,0p0,0.0
1.572,6.550523642593148e-08,0p0,0.0
1.573,6.533850377131975e-08,0p0,0.0
1.574,6.517567913084732e-08,0p0,0.0
1.575,6.501643859118026e-08,0p0,0.0
1.576,6.486082287173377e-08,0p0,0.0
1.577,6.470860851207985e-08,0p0,0.0
1.578,6.455975708954026e-08,0p0,0.0
1.579,6.441413135471516e-08,0p0,0.0
1.58,6.427162425045985e-08,0p0,0.0
1.581,6.413219653675807e-08,0p0,0.0
1.582,6.399566626635575e-08,0p0,0.0
1.583,6.386205874823192e-08,0p0,0.0
1.584,6.373121422606359e-08,0p0,0.0
1.585,6.360312122478508e-08,0p0,0.0
1.586,6.347767928131435e-08,0p0,0.0
1.587,6.335483286907671e-08,0p0,0.0
1.588,6.323454288228265e-08,0p0,0.0
1.589,6.311670735233237e-08,0p0,0.0
1.59,6.300133265985711e-08,0p0,0.0
1.591,6.288831522088988e-08,0p0,0.0
1.592,6.277765383247e-08,0p0,0.0
1.593,6.266927618668913e-08,0p0,0.0
1.594,6.256315370960904e-08,0p0,0.0
1.595,6.24592522669401e-08,0p0,0.0
1.596,6.235751342001095e-08,0p0,0.0
1.597,6.22579351116226e-08,0p0,0.0
1.598,6.216044746112119e-08,0p0,0.0
1.599,6.206505326747727e-08,0p0,0.0
1.6,6.197169871289785e-08,0p0,0.0
1.601,6.188036874234279e-08,0p0,0.0
1.602,6.179103406998049e-08,0p0,0.0
1.603,6.170365912169018e-08,0p0,0.0
1.604,6.161823822708455e-08,0p0,0.0
1.605,6.153472041041468e-08,0p0,0.0
1.606,6.145311001797662e-08,0p0,0.0
1.607,6.137336396022549e-08,0p0,0.0
1.608,6.129547399873082e-08,0p0,0.0
1.609,6.121941381222782e-08,0p0,0.0
1.61,6.114515974086203e-08,0p0,0.0
1.611,6.107270427168725e-08,0p0,0.0
1.612,6.100200615837699e-08,0p0,0.0
1.613,6.093307061596708e-08,0p0,0.0
1.614,6.086585970333496e-08,0p0,0.0
1.615,6.080036893649454e-08,0p0,0.0
1.616,6.07365728298925e-08,0p0,0.0
1.617,6.067445420836735e-08,0p0,0.0
1.618,6.061400269440667e-08,0p0,0.0
1.619,6.055518551770165e-08,0p0,0.0
1.62,6.049800466516328e-08,0p0,0.0
1.621,6.04424250684732e-08,0p0,0.0
1.622,6.03884447550771e-08,0p0,0.0
1.623,6.033603735735267e-08,0p0,0.0
1.624,6.028518971237093e-08,0p0,0.0
1.625,6.023588849487492e-08,0p0,0.0
1.626,6.018808051072415e-08,0p0,0.0
1.627,6.014177052561487e-08,0p0,0.0
1.628,6.009696313382617e-08,0p0,0.0
1.629,6.0053633516871e-08,0p0,0.0
1.63,6.001173898691207e-08,0p0,0.0
1.631,5.997131190733501e-08,0p0,0.0
1.632,5.99323342577938e-08,0p0,0.0
1.633,5.989471203812573e-08,0p0,0.0
1.634,5.98585001140662e-08,0p0,0.0
1.635,5.982369752126366e-08,0p0,0.0
1.636,5.979020065771313e-08,0p0,0.0
1.637,5.975806383162399e-08,0p0,0.0
1.638,5.972728704299617e-08,0p0,0.0
1.639,5.969778212796562e-08,0p0,0.0
1.64,5.966957178469358e-08,0p0,0.0
1.641,5.96426689434857e-08,0p0,0.0
1.642,5.961700650739258e-08,0p0,0.0
1.643,5.9592573235519545e-08,0p0,0.0
1.644,5.9569394557984134e-08,0p0,0.0
1.645,5.9547423116764587e-08,0p0,0.0
1.646,5.9526616539207824e-08,0p0,0.0
1.647,5.950701128396126e-08,0p0,0.0
1.648,5.948857843791522e-08,0p0,0.0
1.649,5.947124757225764e-08,0p0,0.0
1.65,5.9455064542597295e-08,0p0,0.0
1.651,5.944001739930646e-08,0p0,0.0
1.652,5.94260109210219e-08,0p0,0.0
1.653,5.941309867962264e-08,0p0,0.0
1.654,5.940128067510865e-08,0p0,0.0
1.655,5.93904506079207e-08,0p0,0.0
1.656,5.93806577494146e-08,0p0,0.0
1.657,5.937190552443959e-08,0p0,0.0
1.658,5.93641109357088e-08,0p0,0.0
1.659,5.935728637324302e-08,0p0,0.0
1.66,5.935144895154837e-08,0p0,0.0
1.661,5.9346537375177484e-08,0p0,0.0
1.662,5.934253063953218e-08,0p0,0.0
1.663,5.933945778291414e-08,0p0,0.0
1.664,5.9337277489960864e-08,0p0,0.0
1.665,5.933593903423122e-08,0p0,0.0
1.666,5.933548154992355e-08,0p0,0.0
1.667,5.9335881876033914e-08,0p0,0.0
1.668,5.9337063379978465e-08,0p0,0.0
1.669,5.9339073424912284e-08,0p0,0.0
1.67,5.9341905097029526e-08,0p0,0.0
1.671,5.9345459766065535e-08,0p0,0.0
1.672,5.9349791143402964e-08,0p0,0.0
1.673,5.93548992290418e-08,0p0,0.0
1.674,5.936068945439801e-08,0p0,0.0
1.675,5.9367197898833775e-08,0p0,0.0
1.676,5.9374431932876475e-08,0p0,0.0
1.677,5.9382267933256426e-08,0p0,0.0
1.678,5.9390709083177446e-08,0p0,0.0
1.679,5.939978923543523e-08,0p0,0.0
1.68,5.94095083900298e-08,0p0,0.0
1.681,5.94198665469612e-08,0p0,0.0
1.682,5.9430863706229354e-08,0p0,0.0
1.683,5.944242613533738e-08,0p0,0.0
1.684,5.9454467502436423e-08,0p0,0.0
1.685,5.946709022249819e-08,0p0,0.0
1.686,5.9480294295522663e-08,0p0,0.0
1.687,5.94940797215099e-08,0p0,0.0
1.688,5.9508446500459844e-08,0p0,0.0
1.689,5.9523202378299725e-08,0p0,0.0
1.69,5.953836690289413e-08,0p0,0.0
1.691,5.9554022041908416e-08,0p0,0.0
1.692,5.957016779534258e-08,0p0,0.0
1.693,5.9586804163196614e-08,0p0,0.0
1.694,5.960393114547053e-08,0p0,0.0
1.695,5.962130934862167e-08,0p0,0.0
1.696,5.963909132591842e-08,0p0,0.0
1.697,5.96572881597264e-08,0p0,0.0
1.698,5.967589985004555e-08,0p0,0.0
1.699,5.969492639687591e-08,0p0,0.0
1.7,5.971431608984138e-08,0p0,0.0
1.701,5.973390386226803e-08,0p0,0.0
1.702,5.975383171250041e-08,0p0,0.0
1.703,5.977409964053851e-08,0p0,0.0
1.704,5.979470764638234e-08,0p0,0.0
1.705,5.981565573003193e-08,0p0,0.0
1.706,5.983683047070857e-08,0p0,0.0
1.707,5.985818576405727e-08,0p0,0.0
1.708,5.987981069001276e-08,0p0,0.0
1.709,5.990170524857499e-08,0p0,0.0
1.71,5.992386943974397e-08,0p0,0.0
1.711,5.994630326351972e-08,0p0,0.0
1.712,5.996883487230876e-08,0p0,0.0
1.713,5.999153407290746e-08,0p0,0.0
1.714,6.001443704767004e-08,0p0,0.0
1.715,6.00375437965965e-08,0p0,0.0
1.716,6.006085431968679e-08,0p0,0.0
1.717,6.008435359064749e-08,0p0,0.0
1.718,6.010786177279765e-08,0p0,0.0
1.719,6.013151276622835e-08,0p0,0.0
1.72,6.015530657093947e-08,0p0,0.0
1.721,6.01792431869311e-08,0p0,0.0
1.722,6.020332261420318e-08,0p0,0.0
1.723,6.02274820201392e-08,0p0,0.0
1.724,6.02516385582794e-08,0p0,0.0
1.725,6.027588196236586e-08,0p0,0.0
1.726,6.030021223239854e-08,0p0,0.0
1.727,6.032462936837744e-08,0p0,0.0
1.728,6.034913337030258e-08,0p0,0.0
1.729,6.037361836409265e-08,0p0,0.0
1.73,6.039809196972905e-08,0p0,0.0
1.731,6.042260155201246e-08,0p0,0.0
1.732,6.044714711094287e-08,0p0,0.0
1.733,6.047172864652031e-08,0p0,0.0
1.734,6.049634615874473e-08,0p0,0.0
1.735,6.052085662870025e-08,0p0,0.0
1.736,6.054534910796173e-08,0p0,0.0
1.737,6.05698317038282e-08,0p0,0.0
1.738,6.059430441629963e-08,0p0,0.0
1.739,6.061876724537602e-08,0p0,0.0
1.74,6.064319327632079e-08,0p0,0.0
1.741,6.066748990414696e-08,0p0,0.0
1.742,6.069173573981462e-08,0p0,0.0
1.743,6.071593078332377e-08,0p0,0.0
1.744,6.074007503467448e-08,0p0,0.0
1.745,6.07641684938667e-08,0p0,0.0
1.746,6.078815439665259e-08,0p0,0.0
1.747,6.081200687674474e-08,0p0,0.0
1.748,6.083577248658977e-08,0p0,0.0
1.749,6.085945122618774e-08,0p0,0.0
1.75,6.088304309553862e-08,0p0,0.0
1.751,6.090654809464238e-08,0p0,0.0
1.752,6.092988552912063e-08,0p0,0.0
1.753,6.095308652906563e-08,0p0,0.0
1.754,6.097616925490368e-08,0p0,0.0
1.755,6.09991337066347e-08,0p0,0.0
1.756,6.102197988425882e-08,0p0,0.0
1.757,6.104470201433114e-08,0p0,0.0
1.758,6.106721926737483e-08,0p0,0.0
1.759,6.108959133023076e-08,0p0,0.0
1.76,6.111181820289896e-08,0p0,0.0
1.761,6.113389988537936e-08,0p0,0.0
1.762,6.1155836377672e-08,0p0,0.0
1.763,6.117760304738181e-08,0p0,0.0
1.764,6.119916502710192e-08,0p0,0.0
1.765,6.122055917716033e-08,0p0,0.0
1.766,6.124178549755705e-08,0p0,0.0
1.767,6.126284398829207e-08,0p0,0.0
1.768,6.128373464936539e-08,0p0,0.0
1.769,6.1304419506341e-08,0p0,0.0
1.77,6.132490012630027e-08,0p0,0.0
1.771,6.134519432269136e-08,0p0,0.0
1.772,6.136530209551443e-08,0p0,0.0
1.773,6.138522344476938e-08,0p0,0.0
1.774,6.140495837045627e-08,0p0,0.0
1.775,6.14244613442209e-08,0p0,0.0
1.776,6.144376003474023e-08,0p0,0.0
1.777,6.146285750692567e-08,0p0,0.0
1.778,6.148175376077718e-08,0p0,0.0
1.779,6.15004487962948e-08,0p0,0.0
1.78,6.151893558635973e-08,0p0,0.0
1.781,6.153718802606631e-08,0p0,0.0
1.782,6.155522799412104e-08,0p0,0.0
1.783,6.157305549052392e-08,0p0,0.0
1.784,6.159067051527492e-08,0p0,0.0
1.785,6.160807306837412e-08,0p0,0.0
1.786,6.16252508906409e-08,0p0,0.0
1.787,6.164219776637543e-08,0p0,0.0
1.788,6.165892419340303e-08,0p0,0.0
1.789,6.167543017172363e-08,0p0,0.0
1.79,6.16917157013373e-08,0p0,0.0
1.791,6.1707780782244e-08,0p0,0.0
1.792,6.172361284070258e-08,0p0,0.0
1.793,6.173921646331168e-08,0p0,0.0
1.794,6.175459466717529e-08,0p0,0.0
1.795,6.176974745229341e-08,0p0,0.0
1.796,6.17846748186661e-08,0p0,0.0
1.797,6.179937653786548e-08,0p0,0.0
1.798,6.181384878775573e-08,0p0,0.0
1.799,6.182809436814499e-08,0p0,0.0
1.8,6.184211327903329e-08,0p0,0.0
1.801,6.18559055204206e-08,0p0,0.0
1.802,6.186947109230695e-08,0p0,0.0
1.803,6.188280999469233e-08,0p0,0.0
1.804,6.18959222275767e-08,0p0,0.0
1.805,6.190880779096015e-08,0p0,0.0
1.806,6.192146668484257e-08,0p0,0.0
1.807,6.193389890922404e-08,0p0,0.0
1.808,6.194610446410457e-08,0p0,0.0
1.809,6.1958097491213e-08,0p0,0.0
1.81,6.196987512878245e-08,0p0,0.0
1.811,6.198142980947557e-08,0p0,0.0
1.812,6.199276153329231e-08,0p0,0.0
1.813,6.200387030023277e-08,0p0,0.0
1.814,6.201475611029689e-08,0p0,0.0
1.815,6.202541896348463e-08,0p0,0.0
1.816,6.203585885979612e-08,0p0,0.0
1.817,6.204607579923123e-08,0p0,0.0
1.818,6.205606978179e-08,0p0,0.0
1.819,6.206585890153071e-08,0p0,0.0
1.82,6.207546638512105e-08,0p0,0.0
1.821,6.208486083536132e-08,0p0,0.0
1.822,6.209404225225147e-08,0p0,0.0
1.823,6.210301063579154e-08,0p0,0.0
1.824,6.21117659859815e-08,0p0,0.0
1.825,6.212030830282134e-08,0p0,0.0
1.826,6.21286375863111e-08,0p0,0.0
1.827,6.213675383645075e-08,0p0,0.0
1.828,6.214465705324031e-08,0p0,0.0
1.829,6.215235088532737e-08,0p0,0.0
1.83,6.215990181667618e-08,0p0,0.0
1.831,6.216725266159225e-08,0p0,0.0
1.832,6.217440342007559e-08,0p0,0.0
1.833,6.218135409212618e-08,0p0,0.0
1.834,6.218810467774401e-08,0p0,0.0
1.835,6.219465517692913e-08,0p0,0.0
1.836,6.220100558968145e-08,0p0,0.0
1.837,6.220715591600102e-08,0p0,0.0
1.838,6.221310615588788e-08,0p0,0.0
1.839,6.221885630934198e-08,0p0,0.0
1.84,6.2224477278123e-08,0p0,0.0
1.841,6.222993460941782e-08,0p0,0.0
1.842,6.223520860104104e-08,0p0,0.0
1.843,6.22402992529926e-08,0p0,0.0
1.844,6.22452065652726e-08,0p0,0.0
1.845,6.2249930537881e-08,0p0,0.0
1.846,6.22544711708178e-08,0p0,0.0
1.847,6.225882846408297e-08,0p0,0.0
1.848,6.226300241767654e-08,0p0,0.0
1.849,6.226699303159855e-08,0p0,0.0
1.85,6.227084949018499e-08,0p0,0.0
1.851,6.227459057274719e-08,0p0,0.0
1.852,6.227816745207843e-08,0p0,0.0
1.853,6.228158012817881e-08,0p0,0.0
1.854,6.228482860104827e-08,0p0,0.0
1.855,6.228791287068684e-08,0p0,0.0
1.856,6.229083293709453e-08,0p0,0.0
1.857,6.229358880027129e-08,0p0,0.0
1.858,6.229618046021719e-08,0p0,0.0
1.859,6.229860791693213e-08,0p0,0.0
1.86,6.23008915714746e-08,0p0,0.0
1.861,6.230311084369925e-08,0p0,0.0
1.862,6.230518652261483e-08,0p0,0.0
1.863,6.230711860822137e-08,0p0,0.0
1.864,6.230890710051892e-08,0p0,0.0
1.865,6.231055199950746e-08,0p0,0.0
1.866,6.231205330518694e-08,0p0,0.0
1.867,6.231341101755741e-08,0p0,0.0
1.868,6.231462513661887e-08,0p0,0.0
1.869,6.231569566237134e-08,0p0,0.0
1.87,6.231662259481476e-08,0p0,0.0
1.871,6.231751276692124e-08,0p0,0.0
1.872,6.231829131031491e-08,0p0,0.0
1.873,6.231894746804687e-08,0p0,0.0
1.874,6.23194812401171e-08,0p0,0.0
1.875,6.23198926265256e-08,0p0,0.0
1.876,6.232018162727238e-08,0p0,0.0
1.877,6.232034824235743e-08,0p0,0.0
1.878,6.232039247178078e-08,0p0,0.0
1.879,6.232031431554238e-08,0p0,0.0
1.88,6.232011377364227e-08,0p0,0.0
1.881,6.231986111388455e-08,0p0,0.0
1.882,6.231954761265472e-08,0p0,0.0
1.883,6.231913279484872e-08,0p0,0.0
1.884,6.231861666046658e-08,0p0,0.0
1.885,6.231799920950829e-08,0p0,0.0
1.886,6.231728044197381e-08,0p0,0.0
1.887,6.231646035786316e-08,0p0,0.0
1.888,6.231553895717638e-08,0p0,0.0
1.889,6.231451623991343e-08,0p0,0.0
1.89,6.23133922060743e-08,0p0,0.0
1.891,6.231220173345276e-08,0p0,0.0
1.892,6.231099635997723e-08,0p0,0.0
1.893,6.230970999504397e-08,0p0,0.0
1.894,6.230834263865293e-08,0p0,0.0
1.895,6.230689429080416e-08,0p0,0.0
1.896,6.230536495149762e-08,0p0,0.0
1.897,6.230375462073336e-08,0p0,0.0
1.898,6.230206329851127e-08,0p0,0.0
1.899,6.230029098483148e-08,0p0,0.0
1.9,6.229843767969393e-08,0p0,0.0
1.901,6.229650682425614e-08,0p0,0.0
1.902,6.229460003795087e-08,0p0,0.0
1.903,6.22926313654616e-08,0p0,0.0
1.904,6.229060080678835e-08,0p0,0.0
1.905,6.22885083619311e-08,0p0,0.0
1.906,6.228635403088983e-08,0p0,0.0
1.907,6.228413781366453e-08,0p0,0.0
1.908,6.228185971025529e-08,0p0,0.0
1.909,6.2279519720662e-08,0p0,0.0
1.91,6.227711784488475e-08,0p0,0.0
1.911,6.227465408292349e-08,0p0,0.0
1.912,6.22722006291432e-08,0p0,0.0
1.913,6.226972512861414e-08,0p0,0.0
1.914,6.22672052728282e-08,0p0,0.0
1.915,6.226464106178542e-08,0p0,0.0
1.916,6.226203249548573e-08,0p0,0.0
1.917,6.225937957392918e-08,0p0,0.0
1.918,6.225668229711574e-08,0p0,0.0
1.919,6.225394066504546e-08,0p0,0.0
1.92,6.225115467771827e-08,0p0,0.0
1.921,6.224832433513425e-08,0p0,0.0
1.922,6.224548829393565e-08,0p0,0.0
1.923,6.224266512222651e-08,0p0,0.0
1.924,6.223981330805158e-08,0p0,0.0
1.925,6.223693285141087e-08,0p0,0.0
1.926,6.22340237523044e-08,0p0,0.0
1.927,6.223108601073215e-08,0p0,0.0
1.928,6.222811962669412e-08,0p0,0.0
1.929,6.222512460019037e-08,0p0,0.0
1.93,6.222210093122084e-08,0p0,0.0
1.931,6.221904861978552e-08,0p0,0.0
1.932,6.221597984121916e-08,0p0,0.0
1.933,6.221295017734161e-08,0p0,0.0
1.934,6.220990562020095e-08,0p0,0.0
1.935,6.220684616979713e-08,0p0,0.0
1.936,6.220377182613013e-08,0p0,0.0
1.937,6.220068258919997e-08,0p0,0.0
1.938,6.219757845900664e-08,0p0,0.0
1.939,6.21944594355502e-08,0p0,0.0
1.94,6.219132551883058e-08,0p0,0.0
1.941,6.218817670884777e-08,0p0,0.0
1.942,6.218501300560184e-08,0p0,0.0
1.943,6.218189208802066e-08,0p0,0.0
1.944,6.217877510681924e-08,0p0,0.0
1.945,6.217565495763557e-08,0p0,0.0
1.946,6.217253164046974e-08,0p0,0.0
1.947,6.216940515532168e-08,0p0,0.0
1.948,6.216627550219139e-08,0p0,0.0
1.949,6.21631426810789e-08,0p0,0.0
1.95,6.216000669198422e-08,0p0,0.0
1.951,6.21568675349073e-08,0p0,0.0
1.952,6.21537252098482e-08,0p0,0.0
1.953,6.215061101585224e-08,0p0,0.0
1.954,6.214752292883046e-08,0p0,0.0
1.955,6.214444138652083e-08,0p0,0.0
1.956,6.214136638892327e-08,0p0,0.0
1.957,6.21382979360378e-08,0p0,0.0
1.958,6.213523602786445e-08,0p0,0.0
1.959,6.213218066440319e-08,0p0,0.0
1.96,6.212913184565399e-08,0p0,0.0
1.961,6.212608957161693e-08,0p0,0.0
1.962,6.212305384229197e-08,0p0,0.0
1.963,6.212003715963546e-08,0p0,0.0
1.964,6.211706073562833e-08,0p0,0.0
1.965,6.211409862623529e-08,0p0,0.0
1.966,6.211115083145632e-08,0p0,0.0
1.967,6.210821735129145e-08,0p0,0.0
1.968,6.210529818574065e-08,0p0,0.0
1.969,6.210239333480391e-08,0p0,0.0
1.97,6.209950279848127e-08,0p0,0.0
1.971,6.209662657677272e-08,0p0,0.0
1.972,6.209376466967824e-08,0p0,0.0
1.973,6.209091754548379e-08,0p0,0.0
1.974,6.208811790099168e-08,0p0,0.0
1.975,6.208533851387592e-08,0p0,0.0
1.976,6.208257938413662e-08,0p0,0.0
1.977,6.207984051177373e-08,0p0,0.0
1.978,6.207712189678722e-08,0p0,0.0
1.979,6.207442353917717e-08,0p0,0.0
1.98,6.207174543894351e-08,0p0,0.0
1.981,6.206908759608629e-08,0p0,0.0
1.982,6.206645001060546e-08,0p0,0.0
1.983,6.206383268250105e-08,0p0,0.0
1.984,6.206125268560667e-08,0p0,0.0
1.985,6.205870304737959e-08,0p0,0.0
1.986,6.205617793194443e-08,0p0,0.0
1.987,6.205367733930116e-08,0p0,0.0
1.988,6.205120126944979e-08,0p0,0.0
1.989,6.204874972239032e-08,0p0,0.0
1.99,6.204632269812273e-08,0p0,0.0
1.991,6.204392019664706e-08,0p0,0.0
1.992,6.204154221796323e-08,0p0,0.0
1.993,6.203918876207133e-08,0p0,0.0
1.994,6.203686793426775e-08,0p0,0.0
1.995,6.203458449764476e-08,0p0,0.0
1.996,6.203232903200156e-08,0p0,0.0
1.997,6.203010153733813e-08,0p0,0.0
1.998,6.202790201365444e-08,0p0,0.0
1.999,6.202573046095051e-08,0p0,0.0
2.0,6.202358687922636e-08,0p0,0.0
2.001,6.202147126848199e-08,0p0,0.0
2.002,6.20193836287174e-08,0p0,0.0
2.003,6.201732395993255e-08,0p0,0.0
2.004,6.201529226212749e-08,0p0,0.0
2.005,6.201328853530216e-08,0p0,0.0
2.006,6.201131277945665e-08,0p0,0.0
2.007,6.200936499459087e-08,0p0,0.0
2.008,6.200744518070486e-08,0p0,0.0
2.009,6.200555333779863e-08,0p0,0.0
2.01,6.20036894658722e-08,0p0,0.0
2.011,6.20018535649255e-08,0p0,0.0
2.012,6.200004563495856e-08,0p0,0.0
2.013,6.199826567597143e-08,0p0,0.0
2.014,6.199651368796404e-08,0p0,0.0
2.015,6.199479027020376e-08,0p0,0.0
2.016,6.199309498038648e-08,0p0,0.0
2.017,6.199142772646288e-08,0p0,0.0
2.018,6.198978850843289e-08,0p0,0.0
2.019,6.198817732629658e-08,0p0,0.0
2.02,6.198659418005385e-08,0p0,0.0
2.021,6.198503906970483e-08,0p0,0.0
2.022,6.198351199524945e-08,0p0,0.0
2.023,6.198201295668767e-08,0p0,0.0
2.024,6.198054195401955e-08,0p0,0.0
2.025,6.197909898724509e-08,0p0,0.0
2.026,6.197768405636425e-08,0p0,0.0
2.027,6.197629716137709e-08,0p0,0.0
2.028,6.197493830228353e-08,0p0,0.0
2.029,6.197360747908366e-08,0p0,0.0
2.03,6.19723046917774e-08,0p0,0.0
2.031,6.19710299403648e-08,0p0,0.0
2.032,6.196978322484583e-08,0p0,0.0
2.033,6.196855947483867e-08,0p0,0.0
2.034,6.196735294658389e-08,0p0,0.0
2.035,6.196617288174298e-08,0p0,0.0
2.036,6.1965019280316e-08,0p0,0.0
2.037,6.196389214230289e-08,0p0,0.0
2.038,6.196279146770366e-08,0p0,0.0
2.039,6.196171725651834e-08,0p0,0.0
2.04,6.196066950874694e-08,0p0,0.0
2.041,6.195964822438939e-08,0p0,0.0
2.042,6.195865340344574e-08,0p0,0.0
2.043,6.195768504591599e-08,0p0,0.0
2.044,6.195674315180012e-08,0p0,0.0
2.045,6.195582772109815e-08,0p0,0.0
2.046,6.195493875381006e-08,0p0,0.0
2.047,6.195407624993589e-08,0p0,0.0
2.048,6.19532402094756e-08,0p0,0.0
2.049,6.195243063242919e-08,0p0,0.0
2.05,6.195164751879668e-08,0p0,0.0
2.051,6.195089086857806e-08,0p0,0.0
2.052,6.195013647966312e-08,0p0,0.0
2.053,6.19494005619087e-08,0p0,0.0
2.054,6.19486880652697e-08,0p0,0.0
2.055,6.194799898974603e-08,0p0,0.0
2.056,6.194733333533776e-08,0p0,0.0
2.057,6.194669110204487e-08,0p0,0.0
2.058,6.194607228986738e-08,0p0,0.0
2.059,6.194547689880525e-08,0p0,0.0
2.06,6.19449049288585e-08,0p0,0.0
2.061,6.194435638002714e-08,0p0,0.0
2.062,6.194383125231111e-08,0p0,0.0
2.063,6.194332954571052e-08,0p0,0.0
2.064,6.194285126022528e-08,0p0,0.0
2.065,6.194239639585544e-08,0p0,0.0
2.066,6.194196495260095e-08,0p0,0.0
2.067,6.194155693046187e-08,0p0,0.0
2.068,6.194117232943818e-08,0p0,0.0
2.069,6.194081114952982e-08,0p0,0.0
2.07,6.194046146351586e-08,0p0,0.0
2.071,6.194010507287713e-08,0p0,0.0
2.072,6.193976792435382e-08,0p0,0.0
2.073,6.193945001794593e-08,0p0,0.0
2.074,6.193915135365345e-08,0p0,0.0
2.075,6.193887193147635e-08,0p0,0.0
2.076,6.193861175141468e-08,0p0,0.0
2.077,6.19383708134684e-08,0p0,0.0
2.078,6.193814911763753e-08,0p0,0.0
2.079,6.193794666392209e-08,0p0,0.0
2.08,6.193776345232206e-08,0p0,0.0
2.081,6.193759948283743e-08,0p0,0.0
2.082,6.19374547554682e-08,0p0,0.0
2.083,6.193732927021436e-08,0p0,0.0
2.084,6.193722302707596e-08,0p0,0.0
2.085,6.193713602605294e-08,0p0,0.0
2.086,6.193706826714535e-08,0p0,0.0
2.087,6.193701975035317e-08,0p0,0.0
2.088,6.193699047567639e-08,0p0,0.0
2.089,6.19369455743543e-08,0p0,0.0
2.09,6.193690619423308e-08,0p0,0.0
2.091,6.193688144777473e-08,0p0,0.0
2.092,6.193687133497922e-08,0p0,0.0
2.093,6.19368758558466e-08,0p0,0.0
2.094,6.193689501037684e-08,0p0,0.0
2.095,6.193692879856994e-08,0p0,0.0
2.096,6.19369772204259e-08,0p0,0.0
2.097,6.193704027594472e-08,0p0,0.0
2.098,6.193711796512643e-08,0p0,0.0
2.099,6.193721028797098e-08,0p0,0.0
2.1,6.193731724447845e-08,0p0,0.0
2.101,6.193743883464875e-08,0p0,0.0
2.102,6.19375750584819e-08,0p0,0.0
2.103,6.193772591597795e-08,0p0,0.0
2.104,6.193789140713685e-08,0p0,0.0
2.105,6.193807153195861e-08,0p0,0.0
2.106,6.193826629044325e-08,0p0,0.0
2.107,6.193846437783839e-08,0p0,0.0
2.108,6.193864280519322e-08,0p0,0.0
2.109,6.193883131740685e-08,0p0,0.0
2.11,6.193902991447924e-08,0p0,0.0
2.111,6.193923859641043e-08,0p0,0.0
2.112,6.19394573632004e-08,0p0,0.0
2.113,6.193968621484919e-08,0p0,0.0
2.114,6.193992515135674e-08,0p0,0.0
2.115,6.19401741727231e-08,0p0,0.0
2.116,6.194043327894826e-08,0p0,0.0
2.117,6.194070247003216e-08,0p0,0.0
2.118,6.194098174597488e-08,0p0,0.0
2.119,6.194127110677642e-08,0p0,0.0
2.12,6.194157055243673e-08,0p0,0.0
2.121,6.194188008295581e-08,0p0,0.0
2.122,6.19421996983337e-08,0p0,0.0
2.123,6.19425293985704e-08,0p0,0.0
2.124,6.194286918366585e-08,0p0,0.0
2.125,6.19432190536201e-08,0p0,0.0
2.126,6.19435494422379e-08,0p0,0.0
2.127,6.194387621691e-08,0p0,0.0
2.128,6.194420895790546e-08,0p0,0.0
2.129,6.194454766522427e-08,0p0,0.0
2.13,6.194489233886644e-08,0p0,0.0
2.131,6.194524297883198e-08,0p0,0.0
2.132,6.194559958512085e-08,0p0,0.0
2.133,6.194596215773311e-08,0p0,0.0
2.134,6.194633069666874e-08,0p0,0.0
2.135,6.19467052019277e-08,0p0,0.0
2.136,6.194708567351e-08,0p0,0.0
2.137,6.194747211141572e-08,0p0,0.0
2.138,6.194786451564474e-08,0p0,0.0
2.139,6.194826288619713e-08,0p0,0.0
2.14,6.19486672230729e-08,0p0,0.0
2.141,6.194907752627202e-08,0p0,0.0
2.142,6.194949379579449e-08,0p0,0.0
2.143,6.194991603164033e-08,0p0,0.0
2.144,6.195033691047203e-08,0p0,0.0
2.145,6.195073654936094e-08,0p0,0.0
2.146,6.195113869664109e-08,0p0,0.0
2.147,6.195154335231251e-08,0p0,0.0
2.148,6.195195051637519e-08,0p0,0.0
2.149,6.195236018882914e-08,0p0,0.0
2.15,6.195277236967431e-08,0p0,0.0
2.151,6.19531870589108e-08,0p0,0.0
2.152,6.195360425653853e-08,0p0,0.0
2.153,6.195402396255754e-08,0p0,0.0
2.154,6.195444617696779e-08,0p0,0.0
2.155,6.19548708997693e-08,0p0,0.0
2.156,6.195529813096209e-08,0p0,0.0
2.157,6.195572787054612e-08,0p0,0.0
2.158,6.195616011852143e-08,0p0,0.0
2.159,6.195659487488801e-08,0p0,0.0
2.16,6.195703213964585e-08,0p0,0.0
2.161,6.195747191279491e-08,0p0,0.0
2.162,6.19579141943353e-08,0p0,0.0
2.163,6.195834072817958e-08,0p0,0.0
2.164,6.195875989789396e-08,0p0,0.0
2.165,6.19591788884579e-08,0p0,0.0
2.166,6.195959769987143e-08,0p0,0.0
2.167,6.196001633213456e-08,0p0,0.0
2.168,6.196043478524726e-08,0p0,0.0
2.169,6.196085305920959e-08,0p0,0.0
2.17,6.196127115402148e-08,0p0,0.0
2.171,6.196168906968293e-08,0p0,0.0
2.172,6.196210680619403e-08,0p0,0.0
2.173,6.196252436355467e-08,0p0,0.0
2.174,6.196294174176489e-08,0p0,0.0
2.175,6.196335894082473e-08,0p0,0.0
2.176,6.196377596073415e-08,0p0,0.0
2.177,6.196419280149314e-08,0p0,0.0
2.178,6.196460946310176e-08,0p0,0.0
2.179,6.196502594555991e-08,0p0,0.0
2.18,6.196544224886769e-08,0p0,0.0
2.181,6.196585503619294e-08,0p0,0.0
2.182,6.19662520358582e-08,0p0,0.0
2.183,6.196664695173883e-08,0p0,0.0
2.184,6.196703978383481e-08,0p0,0.0
2.185,6.196743053214616e-08,0p0,0.0
2.186,6.196781919667288e-08,0p0,0.0
2.187,6.196820577741493e-08,0p0,0.0
2.188,6.196859027437234e-08,0p0,0.0
2.189,6.196897268754516e-08,0p0,0.0
2.19,6.19693530169333e-08,0p0,0.0
2.191,6.19697312625368e-08,0p0,0.0
2.192,6.197010742435564e-08,0p0,0.0
2.193,6.197048150238988e-08,0p0,0.0
2.194,6.197085349663945e-08,0p0,0.0
2.195,6.197122340710438e-08,0p0,0.0
2.196,6.19715912337847e-08,0p0,0.0
2.197,6.197195697668033e-08,0p0,0.0
2.198,6.197232063579135e-08,0p0,0.0
2.199,6.197268221111774e-08,0p0,0.0
2.2,6.197303244636322e-08,0p0,0.0
2.201,6.197337479241383e-08,0p0,0.0
2.202,6.197371361027832e-08,0p0,0.0
2.203,6.197404889995673e-08,0p0,0.0
2.204,6.197438066144902e-08,0p0,0.0
2.205,6.197470889475523e-08,0p0,0.0
2.206,6.197503359987532e-08,0p0,0.0
2.207,6.197535477680932e-08,0p0,0.0
2.208,6.19756724255572e-08,0p0,0.0
2.209,6.1975986546119e-08,0p0,0.0
2.21,6.197629713849472e-08,0p0,0.0
2.211,6.197660420268428e-08,0p0,0.0
2.212,6.197690773868778e-08,0p0,0.0
2.213,6.197720774650518e-08,0p0,0.0
2.214,6.197750422613645e-08,0p0,0.0
2.215,6.197779717758164e-08,0p0,0.0
2.216,6.19780866008407e-08,0p0,0.0
2.217,6.197837249591369e-08,0p0,0.0
2.218,6.197865486280056e-08,0p0,0.0
2.219,6.197893370150134e-08,0p0,0.0
2.22,6.1979209012016e-08,0p0,0.0
2.221,6.197948079434457e-08,0p0,0.0
2.222,6.197974904848703e-08,0p0,0.0
2.223,6.198001377444341e-08,0p0,0.0
2.224,6.198027497221367e-08,0p0,0.0
2.225,6.198053264179784e-08,0p0,0.0
2.226,6.198078678319592e-08,0p0,0.0
2.227,6.198103739640788e-08,0p0,0.0
2.228,6.198128448143373e-08,0p0,0.0
2.229,6.198152803827349e-08,0p0,0.0
2.23,6.198176806692714e-08,0p0,0.0
2.231,6.198200456739467e-08,0p0,0.0
2.232,6.198223753967613e-08,0p0,0.0
2.233,6.198246698377149e-08,0p0,0.0
2.234,6.198269289968073e-08,0p0,0.0
2.235,6.198291528740385e-08,0p0,0.0
2.236,6.198313414694091e-08,0p0,0.0
2.237,6.19833499691329e-08,0p0,0.0
2.238,6.198356258597426e-08,0p0,0.0
2.239,6.198377171604082e-08,0p0,0.0
2.24,6.19839773593326e-08,0p0,0.0
2.241,6.198417951584957e-08,0p0,0.0
2.242,6.198437818559176e-08,0p0,0.0
2.243,6.198457336855913e-08,0p0,0.0
2.244,6.198476506475174e-08,0p0,0.0
2.245,6.198495327416954e-08,0p0,0.0
2.246,6.19851379968125e-08,0p0,0.0
2.247,6.198531923268072e-08,0p0,0.0
2.248,6.198549698177411e-08,0p0,0.0
2.249,6.19856712440927e-08,0p0,0.0
2.25,6.198584201963652e-08,0p0,0.0
2.251,6.198600930840552e-08,0p0,0.0
2.252,6.198617311039972e-08,0p0,0.0
2.253,6.198633342561914e-08,0p0,0.0
2.254,6.198649025406376e-08,0p0,0.0
2.255,6.198664359573357e-08,0p0,0.0
2.256,6.198679345062857e-08,0p0,0.0
2.257,6.198693981874882e-08,0p0,0.0
2.258,6.198708270009424e-08,0p0,0.0
2.259,6.198722209466486e-08,0p0,0.0
2.26,6.198735800246071e-08,0p0,0.0
2.261,6.198749042348173e-08,0p0,0.0
2.262,6.1987619357728e-08,0p0,0.0
2.263,6.19877448051994e-08,0p0,0.0
2.264,6.198786676589606e-08,0p0,0.0
2.265,6.198798523981792e-08,0p0,0.0
2.266,6.198810022696493e-08,0p0,0.0
2.267,6.19882117273372e-08,0p0,0.0
2.268,6.198831974093466e-08,0p0,0.0
2.269,6.19884242677573e-08,0p0,0.0
2.27,6.198852530780518e-08,0p0,0.0
2.271,6.198862286107824e-08,0p0,0.0
2.272,6.198871692757649e-08,0p0,0.0
2.273,6.198880750729997e-08,0p0,0.0
2.274,6.198890076640394e-08,0p0,0.0
2.275,6.198899525293163e-08,0p0,0.0
2.276,6.198908680752133e-08,0p0,0.0
2.277,6.198917543017312e-08,0p0,0.0
2.278,6.19892611208869e-08,0p0,0.0
2.279,6.198934387966276e-08,0p0,0.0
2.28,6.19894237065006e-08,0p0,0.0
2.281,6.198950060140054e-08,0p0,0.0
2.282,6.198957456436252e-08,0p0,0.0
2.283,6.198964559538651e-08,0p0,0.0
2.284,6.198971369447254e-08,0p0,0.0
2.285,6.198977886162064e-08,0p0,0.0
2.286,6.198984109683075e-08,0p0,0.0
2.287,6.198990040010293e-08,0p0,0.0
2.288,6.198995677143715e-08,0p0,0.0
2.289,6.19900102108334e-08,0p0,0.0
2.29,6.199006071829169e-08,0p0,0.0
2.291,6.199010829381202e-08,0p0,0.0
2.292,6.199015293739442e-08,0p0,0.0
2.293,6.199019464903884e-08,0p0,0.0
2.294,6.199023342874527e-08,0p0,0.0
2.295,6.19902692765138e-08,0p0,0.0
2.296,6.199030219234433e-08,0p0,0.0
2.297,6.199033217623693e-08,0p0,0.0
2.298,6.199035922819154e-08,0p0,0.0
2.299,6.199038334820823e-08,0p0,0.0
2.3,6.199040453628694e-08,0p0,0.0
2.301,6.199042279242768e-08,0p0,0.0
2.302,6.199043811663051e-08,0p0,0.0
2.303,6.199045050889535e-08,0p0,0.0
2.304,6.199045996922221e-08,0p0,0.0
2.305,6.199046649761115e-08,0p0,0.0
2.306,6.19904700940621e-08,0p0,0.0
2.307,6.199047075857512e-08,0p0,0.0
2.308,6.199046849115014e-08,0p0,0.0
2.309,6.199046329178726e-08,0p0,0.0
2.31,6.199045516048636e-08,0p0,0.0
2.311,6.199045459261307e-08,0p0,0.0
2.312,6.199046039474012e-08,0p0,0.0
2.313,6.19904642764741e-08,0p0,0.0
2.314,6.199046623781499e-08,0p0,0.0
2.315,6.199046627876279e-08,0p0,0.0
2.316,6.199046439931754e-08,0p0,0.0
2.317,6.199046059947919e-08,0p0,0.0
2.318,6.199045487924772e-08,0p0,0.0
2.319,6.199044723862323e-08,0p0,0.0
2.32,6.199043767760563e-08,0p0,0.0
2.321,6.199042619619494e-08,0p0,0.0
2.322,6.19904127943912e-08,0p0,0.0
2.323,6.199039747219433e-08,0p0,0.0
2.324,6.19903802296044e-08,0p0,0.0
2.325,6.199036106662139e-08,0p0,0.0
2.326,6.199033998324532e-08,0p0,0.0
2.327,6.199031697947614e-08,0p0,0.0
2.328,6.199029205531386e-08,0p0,0.0
2.329,6.199026521075855e-08,0p0,0.0
2.33,6.19902364458101e-08,0p0,0.0
2.331,6.199020576046862e-08,0p0,0.0
2.332,6.199017315473404e-08,0p0,0.0
2.333,6.199013862860635e-08,0p0,0.0
2.334,6.19901021820856e-08,0p0,0.0
2.335,6.199006381517175e-08,0p0,0.0
2.336,6.199002352786485e-08,0p0,0.0
2.337,6.198998132016487e-08,0p0,0.0
2.338,6.198993719207177e-08,0p0,0.0
2.339,6.198989114358561e-08,0p0,0.0
2.34,6.198984317470638e-08,0p0,0.0
2.341,6.198979328543404e-08,0p0,0.0
2.342,6.198974147576864e-08,0p0,0.0
2.343,6.198968774571014e-08,0p0,0.0
2.344,6.198963209525857e-08,0p0,0.0
2.345,6.19895745244139e-08,0p0,0.0
2.346,6.198951503317619e-08,0p0,0.0
2.347,6.198945362154535e-08,0p0,0.0
2.348,6.198940035264354e-08,0p0,0.0
2.349,6.198935549196191e-08,0p0,0.0
2.35,6.198930975486632e-08,0p0,0.0
2.351,6.198926314135683e-08,0p0,0.0
2.352,6.19892156514334e-08,0p0,0.0
2.353,6.198916728509596e-08,0p0,0.0
2.354,6.198911804234462e-08,0p0,0.0
2.355,6.198906792317936e-08,0p0,0.0
2.356,6.198901692760012e-08,0p0,0.0
2.357,6.198896505560695e-08,0p0,0.0
2.358,6.198891230719983e-08,0p0,0.0
2.359,6.198885868237877e-08,0p0,0.0
2.36,6.198880418114377e-08,0p0,0.0
2.361,6.198874880349487e-08,0p0,0.0
2.362,6.198869254943195e-08,0p0,0.0
2.363,6.198863541895512e-08,0p0,0.0
2.364,6.198857741206435e-08,0p0,0.0
2.365,6.198851852875964e-08,0p0,0.0
2.366,6.1988458769041e-08,0p0,0.0
2.367,6.198839813290839e-08,0p0,0.0
2.368,6.198833662036186e-08,0p0,0.0
2.369,6.198827423140135e-08,0p0,0.0
2.37,6.198821096602693e-08,0p0,0.0
2.371,6.198814682423856e-08,0p0,0.0
2.372,6.198808180603626e-08,0p0,0.0
2.373,6.198801591142e-08,0p0,0.0
2.374,6.19879491403898e-08,0p0,0.0
2.375,6.198788149294565e-08,0p0,0.0
2.376,6.198781296908755e-08,0p0,0.0
2.377,6.198774356881553e-08,0p0,0.0
2.378,6.198767329212958e-08,0p0,0.0
2.379,6.198760213902967e-08,0p0,0.0
2.38,6.19875301095158e-08,0p0,0.0
2.381,6.1987457203588e-08,0p0,0.0
2.382,6.198738342124626e-08,0p0,0.0
2.383,6.198730876249058e-08,0p0,0.0
2.384,6.198723322732094e-08,0p0,0.0
2.385,6.19871639865815e-08,0p0,0.0
2.386,6.198710239758972e-08,0p0,0.0
2.387,6.198704073750682e-08,0p0,0.0
2.388,6.198697900633276e-08,0p0,0.0
2.389,6.198691720406764e-08,0p0,0.0
2.39,6.19868553307114e-08,0p0,0.0
2.391,6.198679338626406e-08,0p0,0.0
2.392,6.198673137072557e-08,0p0,0.0
2.393,6.1986669284096e-08,0p0,0.0
2.394,6.198660712637525e-08,0p0,0.0
2.395,6.198654489756345e-08,0p0,0.0
2.396,6.198648259766057e-08,0p0,0.0
2.397,6.19864202266665e-08,0p0,0.0
2.398,6.198635778458136e-08,0p0,0.0
2.399,6.19862952714051e-08,0p0,0.0
2.4,6.198623268713773e-08,0p0,0.0
2.401,6.198617003177925e-08,0p0,0.0
2.402,6.198610730532965e-08,0p0,0.0
2.403,6.198604450778893e-08,0p0,0.0
2.404,6.198598163915709e-08,0p0,0.0
2.405,6.198591869943415e-08,0p0,0.0
2.406,6.19858556886201e-08,0p0,0.0
2.407,6.198579260671494e-08,0p0,0.0
2.408,6.198572945371867e-08,0p0,0.0
2.409,6.198566622963127e-08,0p0,0.0
2.41,6.198560293445276e-08,0p0,0.0
2.411,6.198553956818315e-08,0p0,0.0
2.412,6.198547613082244e-08,0p0,0.0
2.413,6.198541262237058e-08,0p0,0.0
2.414,6.198534904282763e-08,0p0,0.0
2.415,6.198528539219355e-08,0p0,0.0
2.416,6.198522167046839e-08,0p0,0.0
2.417,6.198515787765207e-08,0p0,0.0
2.418,6.198509401374466e-08,0p0,0.0
2.419,6.198503007874615e-08,0p0,0.0
2.42,6.198496607265652e-08,0p0,0.0
2.421,6.198490199547577e-08,0p0,0.0
2.422,6.198484167130364e-08,0p0,0.0
2.423,6.198478655733349e-08,0p0,0.0
2.424,6.198473184028588e-08,0p0,0.0
2.425,6.198467752016075e-08,0p0,0.0
2.426,6.19846235969581e-08,0p0,0.0
2.427,6.1984570070678e-08,0p0,0.0
2.428,6.198451694132035e-08,0p0,0.0
2.429,6.198446420888527e-08,0p0,0.0
2.43,6.198441187337263e-08,0p0,0.0
2.431,6.19843599347825e-08,0p0,0.0
2.432,6.19843083931149e-08,0p0,0.0
2.433,6.198425724836978e-08,0p0,0.0
2.434,6.198420650054716e-08,0p0,0.0
2.435,6.198415614964709e-08,0p0,0.0
2.436,6.198410619566945e-08,0p0,0.0
2.437,6.198405663861435e-08,0p0,0.0
2.438,6.198400747848173e-08,0p0,0.0
2.439,6.198395871527165e-08,0p0,0.0
2.44,6.198391034898404e-08,0p0,0.0
2.441,6.198386237961893e-08,0p0,0.0
2.442,6.198381480717635e-08,0p0,0.0
2.443,6.198376763165626e-08,0p0,0.0
2.444,6.198372085305868e-08,0p0,0.0
2.445,6.198367447138359e-08,0p0,0.0
2.446,6.1983628486631e-08,0p0,0.0
2.447,6.198358289880094e-08,0p0,0.0
2.448,6.198353770789334e-08,0p0,0.0
2.449,6.198349291390824e-08,0p0,0.0
2.45,6.198344851684569e-08,0p0,0.0
2.451,6.19834045167056e-08,0p0,0.0
2.452,6.198336091348803e-08,0p0,0.0
2.453,6.198331770719296e-08,0p0,0.0
2.454,6.198327489782036e-08,0p0,0.0
2.455,6.198323248537031e-08,0p0,0.0
2.456,6.198319046984276e-08,0p0,0.0
2.457,6.19831488512377e-08,0p0,0.0
2.458,6.198310762955513e-08,0p0,0.0
2.459,6.198306754129022e-08,0p0,0.0
2.46,6.198302903579621e-08,0p0,0.0
2.461,6.198299102622909e-08,0p0,0.0
2.462,6.198295351258885e-08,0p0,0.0
2.463,6.198291649487555e-08,0p0,0.0
2.464,6.198287997308908e-08,0p0,0.0
2.465,6.198284394722958e-08,0p0,0.0
2.466,6.198280841729692e-08,0p0,0.0
2.467,6.198277338329116e-08,0p0,0.0
2.468,6.19827388452123e-08,0p0,0.0
2.469,6.198270480306032e-08,0p0,0.0
2.47,6.198267125683524e-08,0p0,0.0
2.471,6.198263820653706e-08,0p0,0.0
2.472,6.198260565216574e-08,0p0,0.0
2.473,6.198257359372137e-08,0p0,0.0
2.474,6.198254203120386e-08,0p0,0.0
2.475,6.198251096461323e-08,0p0,0.0
2.476,6.198248039394953e-08,0p0,0.0
2.477,6.19824503192127e-08,0p0,0.0
2.478,6.198242074040277e-08,0p0,0.0
2.479,6.19823916575197e-08,0p0,0.0
2.48,6.198236307056356e-08,0p0,0.0
2.481,6.19823349795343e-08,0p0,0.0
2.482,6.198230738443196e-08,0p0,0.0
2.483,6.198228028525645e-08,0p0,0.0
2.484,6.198225368200788e-08,0p0,0.0
2.485,6.19822275746862e-08,0p0,0.0
2.486,6.198220196329139e-08,0p0,0.0
2.487,6.198217684782349e-08,0p0,0.0
2.488,6.198215222828247e-08,0p0,0.0
2.489,6.198212810466837e-08,0p0,0.0
2.49,6.198210447698114e-08,0p0,0.0
2.491,6.198208134522083e-08,0p0,0.0
2.492,6.198205870938737e-08,0p0,0.0
2.493,6.198203656948083e-08,0p0,0.0
2.494,6.198201492550117e-08,0p0,0.0
2.495,6.198199377744843e-08,0p0,0.0
2.496,6.198197312532256e-08,0p0,0.0
2.497,6.198195296912359e-08,0p0,0.0
2.498,6.198193330885148e-08,0p0,0.0
2.499,6.198191414450632e-08,0p0,0.0
2.5,6.198189547608803e-08,0p0,0.0
2.501,6.198187730359659e-08,0p0,0.0
2.502,6.19818596270321e-08,0p0,0.0
2.503,6.198184244639446e-08,0p0,0.0
2.504,6.198182576168373e-08,0p0,0.0
2.505,6.198180957289992e-08,0p0,0.0
2.506,6.198179388004298e-08,0p0,0.0
2.507,6.198177868311294e-08,0p0,0.0
2.508,6.198176398210976e-08,0p0,0.0
2.509,6.198174977703353e-08,0p0,0.0
2.51,6.198173606788413e-08,0p0,0.0
2.511,6.198172285466167e-08,0p0,0.0
2.512,6.198171013736607e-08,0p0,0.0
2.513,6.198169791599738e-08,0p0,0.0
2.514,6.19816861905556e-08,0p0,0.0
2.515,6.198167496104067e-08,0p0,0.0
2.516,6.198166422745265e-08,0p0,0.0
2.517,6.198165398979155e-08,0p0,0.0
2.518,6.19816442480573e-08,0p0,0.0
2.519,6.198163500224999e-08,0p0,0.0
2.52,6.198162625236956e-08,0p0,0.0
2.521,6.198161799841599e-08,0p0,0.0
2.522,6.198161024038932e-08,0p0,0.0
2.523,6.198160297828957e-08,0p0,0.0
2.524,6.19815962121167e-08,0p0,0.0
2.525,6.198158994187075e-08,0p0,0.0
2.526,6.198158416755163e-08,0p0,0.0
2.527,6.198157888915945e-08,0p0,0.0
2.528,6.198157410669414e-08,0p0,0.0
2.529,6.198156982015576e-08,0p0,0.0
2.53,6.198156602954425e-08,0p0,0.0
2.531,6.198156273485961e-08,0p0,0.0
2.532,6.198155993610187e-08,0p0,0.0
2.533,6.198155549514541e-08,0p0,0.0
2.534,6.198154689064471e-08,0p0,0.0
2.535,6.198153860251948e-08,0p0,0.0
2.536,6.198153063076968e-08,0p0,0.0
2.537,6.198152297539538e-08,0p0,0.0
2.538,6.198151563639656e-08,0p0,0.0
2.539,6.198150861377317e-08,0p0,0.0
2.54,6.198150190752527e-08,0p0,0.0
2.541,6.198149551765284e-08,0p0,0.0
2.542,6.198148944415588e-08,0p0,0.0
2.543,6.198148368703436e-08,0p0,0.0
2.544,6.198147824628833e-08,0p0,0.0
2.545,6.198147312191778e-08,0p0,0.0
2.546,6.19814683139227e-08,0p0,0.0
2.547,6.198146382230307e-08,0p0,0.0
2.548,6.19814596470589e-08,0p0,0.0
2.549,6.198145578819023e-08,0p0,0.0
2.55,6.198145224569698e-08,0p0,0.0
2.551,6.198144901957925e-08,0p0,0.0
2.552,6.198144610983694e-08,0p0,0.0
2.553,6.198144351647013e-08,0p0,0.0
2.554,6.19814412394788e-08,0p0,0.0
2.555,6.198143927886292e-08,0p0,0.0
2.556,6.198143763462248e-08,0p0,0.0
2.557,6.198143630675756e-08,0p0,0.0
2.558,6.19814352952681e-08,0p0,0.0
2.559,6.198143460015408e-08,0p0,0.0
2.56,6.198143422141554e-08,0p0,0.0
2.561,6.198143415905249e-08,0p0,0.0
2.562,6.198143441306487e-08,0p0,0.0
2.563,6.198143498345273e-08,0p0,0.0
2.564,6.198143587021606e-08,0p0,0.0
2.565,6.198143707335488e-08,0p0,0.0
2.566,6.198143859286915e-08,0p0,0.0
2.567,6.198144042875888e-08,0p0,0.0
2.568,6.198144258102408e-08,0p0,0.0
2.569,6.198144504966476e-08,0p0,0.0
2.57,6.198144783468093e-08,0p0,0.0
2.571,6.198145093607249e-08,0p0,0.0
2.572,6.198145435383959e-08,0p0,0.0
2.573,6.198145808798214e-08,0p0,0.0
2.574,6.198146213850017e-08,0p0,0.0
2.575,6.198146650539364e-08,0p0,0.0
2.576,6.198147118866258e-08,0p0,0.0
2.577,6.1981476188307e-08,0p0,0.0
2.578,6.19814815043269e-08,0p0,0.0
2.579,6.198148713672226e-08,0p0,0.0
2.58,6.198149308549308e-08,0p0,0.0
2.581,6.198149935063937e-08,0p0,0.0
2.582,6.198150593216113e-08,0p0,0.0
2.583,6.198151283005839e-08,0p0,0.0
2.584,6.198152004433107e-08,0p0,0.0
2.585,6.198152757497925e-08,0p0,0.0
2.586,6.198153542200286e-08,0p0,0.0
2.587,6.198154358540197e-08,0p0,0.0
2.588,6.198155206517653e-08,0p0,0.0
2.589,6.198156086132656e-08,0p0,0.0
2.59,6.198156997385207e-08,0p0,0.0
2.591,6.198157940275306e-08,0p0,0.0
2.592,6.19815891480295e-08,0p0,0.0
2.593,6.198159920968141e-08,0p0,0.0
2.594,6.198160958770878e-08,0p0,0.0
2.595,6.198162028211166e-08,0p0,0.0
2.596,6.198163129288995e-08,0p0,0.0
2.597,6.198164262004374e-08,0p0,0.0
2.598,6.198165426357297e-08,0p0,0.0
2.599,6.19816662234777e-08,0p0,0.0
2.6,6.19816784997579e-08,0p0,0.0
2.601,6.198169109241355e-08,0p0,0.0
2.602,6.198170400144468e-08,0p0,0.0
2.603,6.198171722685129e-08,0p0,0.0
2.604,6.198173076863333e-08,0p0,0.0
2.605,6.198174462679087e-08,0p0,0.0
2.606,6.198175880132386e-08,0p0,0.0
2.607,6.198177134826115e-08,0p0,0.0
2.608,6.198177801587089e-08,0p0,0.0
2.609,6.198178478441518e-08,0p0,0.0
2.61,6.198179165389404e-08,0p0,0.0
2.611,6.19817986243075e-08,0p0,0.0
2.612,6.198180569565552e-08,0p0,0.0
2.613,6.198181286793809e-08,0p0,0.0
2.614,6.198182014115525e-08,0p0,0.0
2.615,6.198182751530696e-08,0p0,0.0
2.616,6.198183499039326e-08,0p0,0.0
2.617,6.198184256641411e-08,0p0,0.0
2.618,6.198185024336955e-08,0p0,0.0
2.619,6.198185802125954e-08,0p0,0.0
2.62,6.19818659000841e-08,0p0,0.0
2.621,6.198187387984324e-08,0p0,0.0
2.622,6.198188196053692e-08,0p0,0.0
2.623,6.198189014216522e-08,0p0,0.0
2.624,6.198189842472805e-08,0p0,0.0
2.625,6.198190680822545e-08,0p0,0.0
2.626,6.198191529265747e-08,0p0,0.0
2.627,6.1981923878024e-08,0p0,0.0
2.628,6.198193256432511e-08,0p0,0.0
2.629,6.19819413515608e-08,0p0,0.0
2.63,6.198195023973107e-08,0p0,0.0
2.631,6.198195922883589e-08,0p0,0.0
2.632,6.198196831887529e-08,0p0,0.0
2.633,6.198197750984925e-08,0p0,0.0
2.634,6.19819868017578e-08,0p0,0.0
2.635,6.19819961946009e-08,0p0,0.0
2.636,6.198200568837856e-08,0p0,0.0
2.637,6.198201528309079e-08,0p0,0.0
2.638,6.198202497873761e-08,0p0,0.0
2.639,6.198203477531899e-08,0p0,0.0
2.64,6.198204467283495e-08,0p0,0.0
2.641,6.198205467128547e-08,0p0,0.0
2.642,6.198206477067057e-08,0p0,0.0
2.643,6.198207497099022e-08,0p0,0.0
2.644,6.198208527224443e-08,0p0,0.0
2.645,6.198209567443323e-08,0p0,0.0
2.646,6.19821061775566e-08,0p0,0.0
2.647,6.198211678161453e-08,0p0,0.0
2.648,6.198212748660701e-08,0p0,0.0
2.649,6.19821382925341e-08,0p0,0.0
2.65,6.198214919939575e-08,0p0,0.0
2.651,6.198216020719195e-08,0p0,0.0
2.652,6.198217131592274e-08,0p0,0.0
2.653,6.198218252558809e-08,0p0,0.0
2.654,6.1982193836188e-08,0p0,0.0
2.655,6.19822052477225e-08,0p0,0.0
2.656,6.198221676019155e-08,0p0,0.0
2.657,6.198222837359517e-08,0p0,0.0
2.658,6.198224008793335e-08,0p0,0.0
2.659,6.198225190320615e-08,0p0,0.0
2.66,6.198226381941346e-08,0p0,0.0
2.661,6.19822758365554e-08,0p0,0.0
2.662,6.198228795463186e-08,0p0,0.0
2.663,6.198230017364287e-08,0p0,0.0
2.664,6.198231249358849e-08,0p0,0.0
2.665,6.198232491446867e-08,0p0,0.0
2.666,6.198233743628341e-08,0p0,0.0
2.667,6.198235005903273e-08,0p0,0.0
2.668,6.198236278271662e-08,0p0,0.0
2.669,6.198237560733508e-08,0p0,0.0
2.67,6.198238853288809e-08,0p0,0.0
2.671,6.198240155937572e-08,0p0,0.0
2.672,6.198241468679787e-08,0p0,0.0
2.673,6.19824279151546e-08,0p0,0.0
2.674,6.19824412444459e-08,0p0,0.0
2.675,6.19824546746718e-08,0p0,0.0
2.676,6.19824682058322e-08,0p0,0.0
2.677,6.198248183792724e-08,0p0,0.0
2.678,6.19824955709568e-08,0p0,0.0
2.679,6.198250940492095e-08,0p0,0.0
2.68,6.198252333981965e-08,0p0,0.0
2.681,6.198253653006879e-08,0p0,0.0
2.682,6.198254547792829e-08,0p0,0.0
2.683,6.198255438910073e-08,0p0,0.0
2.684,6.198256326358614e-08,0p0,0.0
2.685,6.198257210138454e-08,0p0,0.0
2.686,6.198258090249585e-08,0p0,0.0
2.687,6.198258966692012e-08,0p0,0.0
2.688,6.19825983946574e-08,0p0,0.0
2.689,6.198260708570763e-08,0p0,0.0
2.69,6.198261574007083e-08,0p0,0.0
2.691,6.198262435774698e-08,0p0,0.0
2.692,6.198263293873609e-08,0p0,0.0
2.693,6.198264148303814e-08,0p0,0.0
2.694,6.19826499906532e-08,0p0,0.0
2.695,6.198265846158119e-08,0p0,0.0
2.696,6.198266689582215e-08,0p0,0.0
2.697,6.198267529337606e-08,0p0,0.0
2.698,6.198268365424296e-08,0p0,0.0
2.699,6.198269197842283e-08,0p0,0.0
2.7,6.198270026591562e-08,0p0,0.0
2.701,6.198270851672139e-08,0p0,0.0
2.702,6.198271673084011e-08,0p0,0.0
2.703,6.19827249082718e-08,0p0,0.0
2.704,6.198273304901646e-08,0p0,0.0
2.705,6.19827411530741e-08,0p0,0.0
2.706,6.198274922044466e-08,0p0,0.0
2.707,6.19827572511282e-08,0p0,0.0
2.708,6.198276524512472e-08,0p0,0.0
2.709,6.19827732024342e-08,0p0,0.0
2.71,6.198278112305661e-08,0p0,0.0
2.711,6.198278900699201e-08,0p0,0.0
2.712,6.198279685424037e-08,0p0,0.0
2.713,6.198280466480172e-08,0p0,0.0
2.714,6.198281243867598e-08,0p0,0.0
2.715,6.198282017586323e-08,0p0,0.0
2.716,6.198282787636341e-08,0p0,0.0
2.717,6.198283554017659e-08,0p0,0.0
2.718,6.198284316730271e-08,0p0,0.0
2.719,6.198285075774181e-08,0p0,0.0
2.72,6.198285831149386e-08,0p0,0.0
2.721,6.198286582855887e-08,0p0,0.0
2.722,6.198287330893688e-08,0p0,0.0
2.723,6.19828807526278e-08,0p0,0.0
2.724,6.198288815963172e-08,0p0,0.0
2.725,6.198289552994858e-08,0p0,0.0
2.726,6.19829028635784e-08,0p0,0.0
2.727,6.198291016052121e-08,0p0,0.0
2.728,6.198291742077695e-08,0p0,0.0
2.729,6.198292464434566e-08,0p0,0.0
2.73,6.198293183122736e-08,0p0,0.0
2.731,6.198293898142198e-08,0p0,0.0
2.732,6.19829460949296e-08,0p0,0.0
2.733,6.198295317175014e-08,0p0,0.0
2.734,6.198296021188368e-08,0p0,0.0
2.735,6.198296721533018e-08,0p0,0.0
2.736,6.198297418208963e-08,0p0,0.0
2.737,6.198298111216207e-08,0p0,0.0
2.738,6.198298800554742e-08,0p0,0.0
2.739,6.198299486224575e-08,0p0,0.0
2.74,6.198300168225704e-08,0p0,0.0
2.741,6.198300846558133e-08,0p0,0.0
2.742,6.198301521221855e-08,0p0,0.0
2.743,6.198302192216873e-08,0p0,0.0
2.744,6.198302859543188e-08,0p0,0.0
2.745,6.198303523200803e-08,0p0,0.0
2.746,6.198304183189706e-08,0p0,0.0
2.747,6.19830483950991e-08,0p0,0.0
2.748,6.198305492161411e-08,0p0,0.0
2.749,6.19830614114421e-08,0p0,0.0
2.75,6.198306786458299e-08,0p0,0.0
2.751,6.19830742810369e-08,0p0,0.0
2.752,6.198308066080376e-08,0p0,0.0
2.753,6.198308700388354e-08,0p0,0.0
2.754,6.198309331027632e-08,0p0,0.0
2.755,6.198309952005992e-08,0p0,0.0
2.756,6.198310506384559e-08,0p0,0.0
2.757,6.198311055262659e-08,0p0,0.0
2.758,6.198311598640303e-08,0p0,0.0
2.759,6.198312136517481e-08,0p0,0.0
2.76,6.198312668894203e-08,0p0,0.0
2.761,6.198313195770465e-08,0p0,0.0
2.762,6.198313717146259e-08,0p0,0.0
2.763,6.198314233021592e-08,0p0,0.0
2.764,6.198314743396466e-08,0p0,0.0
2.765,6.198315248270878e-08,0p0,0.0
2.766,6.198315747644828e-08,0p0,0.0
2.767,6.198316241518319e-08,0p0,0.0
2.768,6.198316729891344e-08,0p0,0.0
2.769,6.19831721276391e-08,0p0,0.0
2.77,6.198317690136014e-08,0p0,0.0
2.771,6.198318162007657e-08,0p0,0.0
2.772,6.198318628378839e-08,0p0,0.0
2.773,6.198319089249558e-08,0p0,0.0
2.774,6.198319544619816e-08,0p0,0.0
2.775,6.198319994489614e-08,0p0,0.0
2.776,6.19832043885895e-08,0p0,0.0
2.777,6.198320877727824e-08,0p0,0.0
2.778,6.198321311096236e-08,0p0,0.0
2.779,6.198321738964188e-08,0p0,0.0
2.78,6.198322161331677e-08,0p0,0.0
2.781,6.198322578198704e-08,0p0,0.0
2.782,6.19832298956527e-08,0p0,0.0
2.783,6.198323395431376e-08,0p0,0.0
2.784,6.19832379579702e-08,0p0,0.0
2.785,6.1983241906622e-08,0p0,0.0
2.786,6.198324580026922e-08,0p0,0.0
2.787,6.19832496389118e-08,0p0,0.0
2.788,6.198325342254977e-08,0p0,0.0
2.789,6.198325715118312e-08,0p0,0.0
2.79,6.198326082481188e-08,0p0,0.0
2.791,6.198326444343601e-08,0p0,0.0
2.792,6.198326800705552e-08,0p0,0.0
2.793,6.198327151567044e-08,0p0,0.0
2.794,6.198327496928072e-08,0p0,0.0
2.795,6.198327836788636e-08,0p0,0.0
2.796,6.198328171148742e-08,0p0,0.0
2.797,6.198328500008385e-08,0p0,0.0
2.798,6.19832882336757e-08,0p0,0.0
2.799,6.198329141226289e-08,0p0,0.0
2.8,6.19832945358455e-08,0p0,0.0
2.801,6.198329760442345e-08,0p0,0.0
2.802,6.198330061799682e-08,0p0,0.0
2.803,6.198330357656558e-08,0p0,0.0
2.804,6.198330648012971e-08,0p0,0.0
2.805,6.198330932868923e-08,0p0,0.0
2.806,6.198331212224414e-08,0p0,0.0
2.807,6.198331486079446e-08,0p0,0.0
2.808,6.198331754434009e-08,0p0,0.0
2.809,6.198332017288117e-08,0p0,0.0
2.81,6.198332274641762e-08,0p0,0.0
2.811,6.198332526494944e-08,0p0,0.0
2.812,6.198332772847666e-08,0p0,0.0
2.813,6.198333013699925e-08,0p0,0.0
2.814,6.198333249051725e-08,0p0,0.0
2.815,6.198333478903062e-08,0p0,0.0
2.816,6.198333703253939e-08,0p0,0.0
2.817,6.19833392210435e-08,0p0,0.0
2.818,6.198334135454303e-08,0p0,0.0
2.819,6.198334343303792e-08,0p0,0.0
2.82,6.198334545652823e-08,0p0,0.0
2.821,6.198334742501393e-08,0p0,0.0
2.822,6.1983349338495e-08,0p0,0.0
2.823,6.198335119697143e-08,0p0,0.0
2.824,6.198335300044328e-08,0p0,0.0
2.825,6.19833547489105e-08,0p0,0.0
2.826,6.198335644237307e-08,0p0,0.0
2.827,6.198335808083109e-08,0p0,0.0
2.828,6.198335966428445e-08,0p0,0.0
2.829,6.198336119273322e-08,0p0,0.0
2.83,6.198336266617738e-08,0p0,0.0
2.831,6.19833640846169e-08,0p0,0.0
2.832,6.198336544805182e-08,0p0,0.0
2.833,6.198336675648212e-08,0p0,0.0
2.834,6.198336800990779e-08,0p0,0.0
2.835,6.198336920832886e-08,0p0,0.0
2.836,6.198337035174532e-08,0p0,0.0
2.837,6.198337144015718e-08,0p0,0.0
2.838,6.198337247356437e-08,0p0,0.0
2.839,6.198337345196698e-08,0p0,0.0
2.84,6.198337437536499e-08,0p0,0.0
2.841,6.198337524375835e-08,0p0,0.0
2.842,6.198337605714712e-08,0p0,0.0
2.843,6.198337681553128e-08,0p0,0.0
2.844,6.198337751891083e-08,0p0,0.0
2.845,6.198337816728575e-08,0p0,0.0
2.846,6.198337876065605e-08,0p0,0.0
2.847,6.198337929902173e-08,0p0,0.0
2.848,6.198337978238283e-08,0p0,0.0
2.849,6.198338021073929e-08,0p0,0.0
2.85,6.198338058409115e-08,0p0,0.0
2.851,6.198338090243836e-08,0p0,0.0
2.852,6.198338116578097e-08,0p0,0.0
2.853,6.198338137411898e-08,0p0,0.0
2.854,6.198338152745235e-08,0p0,0.0
2.855,6.198338162578115e-08,0p0,0.0
2.856,6.198338166910527e-08,0p0,0.0
2.857,6.198338165742486e-08,0p0,0.0
2.858,6.198338159073974e-08,0p0,0.0
2.859,6.198338146905008e-08,0p0,0.0
2.86,6.198338129235579e-08,0p0,0.0
2.861,6.198338106065685e-08,0p0,0.0
2.862,6.198338077395331e-08,0p0,0.0
2.863,6.198338043224517e-08,0p0,0.0
2.864,6.198338003553239e-08,0p0,0.0
2.865,6.1983379583815e-08,0p0,0.0
2.866,6.198337907709304e-08,0p0,0.0
2.867,6.198337851536642e-08,0p0,0.0
2.868,6.19833778986352e-08,0p0,0.0
2.869,6.198337722689936e-08,0p0,0.0
2.87,6.198337650015888e-08,0p0,0.0
2.871,6.198337571841383e-08,0p0,0.0
2.872,6.198337488166415e-08,0p0,0.0
2.873,6.198337398990985e-08,0p0,0.0
2.874,6.198337304315095e-08,0p0,0.0
2.875,6.198337204138741e-08,0p0,0.0
2.876,6.198337098461927e-08,0p0,0.0
2.877,6.198336987284652e-08,0p0,0.0
2.878,6.198336870606913e-08,0p0,0.0
2.879,6.198336748428714e-08,0p0,0.0
2.88,6.198336620750054e-08,0p0,0.0
2.881,6.198336487570933e-08,0p0,0.0
2.882,6.198336348891352e-08,0p0,0.0
2.883,6.198336204711305e-08,0p0,0.0
2.884,6.198336055030799e-08,0p0,0.0
2.885,6.198335899849834e-08,0p0,0.0
2.886,6.198335739168404e-08,0p0,0.0
2.887,6.198335572986511e-08,0p0,0.0
2.888,6.19833540130416e-08,0p0,0.0
2.889,6.198335224121345e-08,0p0,0.0
2.89,6.19833504143807e-08,0p0,0.0
2.891,6.198334853254332e-08,0p0,0.0
2.892,6.198334659570136e-08,0p0,0.0
2.893,6.198334460385476e-08,0p0,0.0
2.894,6.198334255700355e-08,0p0,0.0
2.895,6.198334045514771e-08,0p0,0.0
2.896,6.198333829828726e-08,0p0,0.0
2.897,6.19833360864222e-08,0p0,0.0
2.898,6.198333381955255e-08,0p0,0.0
2.899,6.198333149767826e-08,0p0,0.0
2.9,6.198332912079933e-08,0p0,0.0
2.901,6.198332668891585e-08,0p0,0.0
2.902,6.198332420202771e-08,0p0,0.0
2.903,6.198332166013495e-08,0p0,0.0
2.904,6.19833200198818e-08,0p0,0.0
2.905,6.19833184458292e-08,0p0,0.0
2.906,6.198331687177658e-08,0p0,0.0
2.907,6.198331529772395e-08,0p0,0.0
2.908,6.198331372367132e-08,0p0,0.0
2.909,6.198331214961872e-08,0p0,0.0
2.91,6.198331057556612e-08,0p0,0.0
2.911,6.19833090015135e-08,0p0,0.0
2.912,6.198330742746089e-08,0p0,0.0
2.913,6.198330585340826e-08,0p0,0.0
2.914,6.198330427935566e-08,0p0,0.0
2.915,6.198330270530303e-08,0p0,0.0
2.916,6.198330113125043e-08,0p0,0.0
2.917,6.19832995571978e-08,0p0,0.0
2.918,6.198329798314518e-08,0p0,0.0
2.919,6.198329640909258e-08,0p0,0.0
2.92,6.198329483503994e-08,0p0,0.0
2.921,6.198329326098734e-08,0p0,0.0
2.922,6.198329168693471e-08,0p0,0.0
2.923,6.19832901128821e-08,0p0,0.0
2.924,6.198328853882949e-08,0p0,0.0
2.925,6.198328696477686e-08,0p0,0.0
2.926,6.198328539072425e-08,0p0,0.0
2.927,6.198328381667166e-08,0p0,0.0
2.928,6.198328224261903e-08,0p0,0.0
2.929,6.19832806685664e-08,0p0,0.0
2.93,6.19832790945138e-08,0p0,0.0
2.931,6.198327752046117e-08,0p0,0.0
2.932,6.198327594640857e-08,0p0,0.0
2.933,6.198327437235597e-08,0p0,0.0
2.934,6.198327279830335e-08,0p0,0.0
2.935,6.198327122425074e-08,0p0,0.0
2.936,6.19832696501981e-08,0p0,0.0
2.937,6.19832680761455e-08,0p0,0.0
2.938,6.198326650209288e-08,0p0,0.0
2.939,6.198326492804025e-08,0p0,0.0
2.94,6.198326335398765e-08,0p0,0.0
2.941,6.198326177993502e-08,0p0,0.0
2.942,6.198326020588239e-08,0p0,0.0
2.943,6.198325863182979e-08,0p0,0.0
2.944,6.198325705777719e-08,0p0,0.0
2.945,6.198325548372457e-08,0p0,0.0
2.946,6.198325390967194e-08,0p0,0.0
2.947,6.198325233561933e-08,0p0,0.0
2.948,6.198325076156671e-08,0p0,0.0
2.949,6.19832491875141e-08,0p0,0.0
2.95,6.198324761346148e-08,0p0,0.0
2.951,6.198324603940888e-08,0p0,0.0
2.952,6.198324446535628e-08,0p0,0.0
2.953,6.198324289130365e-08,0p0,0.0
2.954,6.1983241317251e-08,0p0,0.0
2.955,6.198323974319838e-08,0p0,0.0
2.956,6.198323816914578e-08,0p0,0.0
2.957,6.198323659509319e-08,0p0,0.0
2.958,6.198323502104056e-08,0p0,0.0
2.959,6.198323344698793e-08,0p0,0.0
2.96,6.198323187293533e-08,0p0,0.0
2.961,6.19832302988827e-08,0p0,0.0
2.962,6.198322872483007e-08,0p0,0.0
2.963,6.198322715077747e-08,0p0,0.0
2.964,6.198322557672487e-08,0p0,0.0
2.965,6.198322400267227e-08,0p0,0.0
2.966,6.198322242861964e-08,0p0,0.0
2.967,6.198322085456701e-08,0p0,0.0
2.968,6.198321928051441e-08,0p0,0.0
2.969,6.198321770646178e-08,0p0,0.0
2.97,6.198321613240915e-08,0p0,0.0
2.971,6.198321455835655e-08,0p0,0.0
2.972,6.198321298430395e-08,0p0,0.0
2.973,6.198321141025133e-08,0p0,0.0
2.974,6.19832098361987e-08,0p0,0.0
2.975,6.198320826214609e-08,0p0,0.0
2.976,6.198320668809347e-08,0p0,0.0
2.977,6.198320511404086e-08,0p0,0.0
2.978,6.198320353998824e-08,0p0,0.0
2.979,6.198320196593564e-08,0p0,0.0
2.98,6.1983200391883e-08,0p0,0.0
2.981,6.19831988178304e-08,0p0,0.0
2.982,6.198319724377778e-08,0p0,0.0
2.983,6.198319566972518e-08,0p0,0.0
2.984,6.198319409567255e-08,0p0,0.0
2.985,6.198319252161992e-08,0p0,0.0
2.986,6.198319094756732e-08,0p0,0.0
2.987,6.198318937351469e-08,0p0,0.0
2.988,6.198318779946209e-08,0p0,0.0
2.989,6.198318622540946e-08,0p0,0.0
2.99,6.198318465135686e-08,0p0,0.0
2.991,6.198318307730423e-08,0p0,0.0
2.992,6.198318150325163e-08,0p0,0.0
2.993,6.1983179929199e-08,0p0,0.0
2.994,6.19831783551464e-08,0p0,0.0
2.995,6.198317678109377e-08,0p0,0.0
2.996,6.198317520704117e-08,0p0,0.0
2.997,6.198317363298854e-08,0p0,0.0
2.998,6.198317205893591e-08,0p0,0.0
2.999,6.198317048488331e-08,0p0,0.0
3.0,6.198316891083067e-08,0p0,0.0
3.0,6.198316891083067e-08,0p0,0.0
