time,BESS.terminal.V.im,case,parameter_value
0.0,6.198300000000003e-08,0p3,0.3
0.001,6.195799709284466e-08,0p3,0.3
0.002,6.18311463973931e-08,0p3,0.3
0.003,6.15832178399939e-08,0p3,0.3
0.004,6.122410642266353e-08,0p3,0.3
0.005,6.076902653909623e-08,0p3,0.3
0.006,6.023268330215045e-08,0p3,0.3
0.007,5.962764111296586e-08,0p3,0.3
0.008,5.896441561852415e-08,0p3,0.3
0.0089999999999999,5.8251876699032447e-08,0p3,0.3
0.01,5.7497578044759154e-08,0p3,0.3
0.011,5.670802953200259e-08,0p3,0.3
0.012,5.588878156116919e-08,0p3,0.3
0.013,5.504450757955167e-08,0p3,0.3
0.014,5.4179372919858595e-08,0p3,0.3
0.015,5.3296807310153844e-08,0p3,0.3
0.016,5.239979049572215e-08,0p3,0.3
0.017,5.1490973921907386e-08,0p3,0.3
0.018,5.0572646230555955e-08,0p3,0.3
0.019,4.9646663021707234e-08,0p3,0.3
0.02,4.871459044935576e-08,0p3,0.3
0.021,4.7777808928359483e-08,0p3,0.3
0.022,4.68373725038519e-08,0p3,0.3
0.023,4.5894434669077036e-08,0p3,0.3
0.024,4.4949632061118e-08,0p3,0.3
0.025,4.4003579314759954e-08,0p3,0.3
0.026,4.30568490388578e-08,0p3,0.3
0.027,4.2110030547981613e-08,0p3,0.3
0.028,4.1163811725638e-08,0p3,0.3
0.029,4.0219009039124714e-08,0p3,0.3
0.03,3.9276557222835154e-08,0p3,0.3
0.031,3.8337489531519965e-08,0p3,0.3
0.032,3.740305033465603e-08,0p3,0.3
0.033,3.647417167723545e-08,0p3,0.3
0.034,3.5552212799871854e-08,0p3,0.3
0.035,3.463838877395071e-08,0p3,0.3
0.036,3.373387616199519e-08,0p3,0.3
0.037,3.2839915843627733e-08,0p3,0.3
0.038,3.195770023751045e-08,0p3,0.3
0.039,3.108836729665568e-08,0p3,0.3
0.04,3.0233108155753065e-08,0p3,0.3
0.041,2.939295925943825e-08,0p3,0.3
0.042,2.8568987562510482e-08,0p3,0.3
0.043,2.776219449390362e-08,0p3,0.3
0.044,2.697348062562079e-08,0p3,0.3
0.045,2.6203783448144173e-08,0p3,0.3
0.046,2.5453875298245632e-08,0p3,0.3
0.047,2.47245222171908e-08,0p3,0.3
0.048,2.4020320884789823e-08,0p3,0.3
0.049,2.337743673458579e-08,0p3,0.3
0.05,2.281954496445477e-08,0p3,0.3
0.051,2.235195502278129e-08,0p3,0.3
0.052,2.1973505559257953e-08,0p3,0.3
0.053,2.168019552605555e-08,0p3,0.3
0.054,2.1466921581706353e-08,0p3,0.3
0.055,2.132818715282319e-08,0p3,0.3
0.056,2.1258182264235123e-08,0p3,0.3
0.057,2.125136531500164e-08,0p3,0.3
0.058,2.130226545185386e-08,0p3,0.3
0.059,2.140467542606775e-08,0p3,0.3
0.06,2.155310729205809e-08,0p3,0.3
0.061,2.1742172181423422e-08,0p3,0.3
0.062,2.1966859621064342e-08,0p3,0.3
0.063,2.2222467742589363e-08,0p3,0.3
0.064,2.25061692870317e-08,0p3,0.3
0.065,2.281076827462027e-08,0p3,0.3
0.066,2.3134278989723873e-08,0p3,0.3
0.067,2.3473776354017173e-08,0p3,0.3
0.068,2.3826539875981063e-08,0p3,0.3
0.069,2.4189935879880792e-08,0p3,0.3
0.07,2.4561908285470143e-08,0p3,0.3
0.0709999999999999,2.4940375537426143e-08,0p3,0.3
0.0719999999999999,2.532380286975776e-08,0p3,0.3
0.073,2.5710624058009254e-08,0p3,0.3
0.074,2.6099673553628282e-08,0p3,0.3
0.075,2.6489803171593084e-08,0p3,0.3
0.076,2.688011669554968e-08,0p3,0.3
0.077,2.7269778676629e-08,0p3,0.3
0.078,2.7658076002084852e-08,0p3,0.3
0.079,2.8044394606673153e-08,0p3,0.3
0.08,2.84281348127134e-08,0p3,0.3
0.081,2.88088291651702e-08,0p3,0.3
0.082,2.9185938795580693e-08,0p3,0.3
0.083,2.9559074691842923e-08,0p3,0.3
0.084,2.992775464087262e-08,0p3,0.3
0.085,3.02916187796965e-08,0p3,0.3
0.0859999999999999,3.0650171142192954e-08,0p3,0.3
0.0869999999999999,3.1002856871046335e-08,0p3,0.3
0.0879999999999999,3.1348978786978164e-08,0p3,0.3
0.089,3.168767931871435e-08,0p3,0.3
0.09,3.20179932421397e-08,0p3,0.3
0.091,3.233888481131414e-08,0p3,0.3
0.092,3.2649542084540913e-08,0p3,0.3
0.093,3.294906853971735e-08,0p3,0.3
0.094,3.32365114507388e-08,0p3,0.3
0.095,3.35107932325658e-08,0p3,0.3
0.096,3.377084873482531e-08,0p3,0.3
0.097,3.401569306021057e-08,0p3,0.3
0.098,3.424419365599014e-08,0p3,0.3
0.099,3.445522888924509e-08,0p3,0.3
0.1,3.4647692781112914e-08,0p3,0.3
0.101,3.48205203210433e-08,0p3,0.3
0.102,3.4972710518947075e-08,0p3,0.3
0.103,3.5103347528643726e-08,0p3,0.3
0.104,3.521161985040305e-08,0p3,0.3
0.105,3.5296837542461994e-08,0p3,0.3
0.106,3.535844551187798e-08,0p3,0.3
0.107,3.5396049730257856e-08,0p3,0.3
0.108,3.5409406200531014e-08,0p3,0.3
0.109,3.539843927576154e-08,0p3,0.3
0.11,3.5363248093684825e-08,0p3,0.3
0.111,3.5304110392481575e-08,0p3,0.3
0.112,3.5221483939594564e-08,0p3,0.3
0.113,3.511600558631437e-08,0p3,0.3
0.114,3.4988487987412844e-08,0p3,0.3
0.115,3.4839914053607185e-08,0p3,0.3
0.116,3.46714292343265e-08,0p3,0.3
0.117,3.44843317582688e-08,0p3,0.3
0.118,3.428006098865768e-08,0p3,0.3
0.119,3.406018407799494e-08,0p3,0.3
0.12,3.3826381132532724e-08,0p3,0.3
0.121,3.358042911879217e-08,0p3,0.3
0.122,3.332418476246004e-08,0p3,0.3
0.123,3.3059580522294774e-08,0p3,0.3
0.124,3.2789963147310275e-08,0p3,0.3
0.125,3.2517553172011355e-08,0p3,0.3
0.126,3.2244078521855026e-08,0p3,0.3
0.127,3.197048190728241e-08,0p3,0.3
0.128,3.1697503529983745e-08,0p3,0.3
0.129,3.142596724560747e-08,0p3,0.3
0.13,3.115837680274972e-08,0p3,0.3
0.131,3.089706913479822e-08,0p3,0.3
0.132,3.0644088180189274e-08,0p3,0.3
0.133,3.040124601415953e-08,0p3,0.3
0.134,3.01701293642472e-08,0p3,0.3
0.135,2.9952137375466653e-08,0p3,0.3
0.136,2.9748507250043582e-08,0p3,0.3
0.137,2.9560328769517713e-08,0p3,0.3
0.138,2.9388550630494134e-08,0p3,0.3
0.139,2.9233982612749712e-08,0p3,0.3
0.14,2.9097296318812763e-08,0p3,0.3
0.141,2.897901790331489e-08,0p3,0.3
0.142,2.8879492399551263e-08,0p3,0.3
0.143,2.8798958905650223e-08,0p3,0.3
0.144,2.8737398973662982e-08,0p3,0.3
0.145,2.8694628187201862e-08,0p3,0.3
0.146,2.8670243370804382e-08,0p3,0.3
0.147,2.8663725376294274e-08,0p3,0.3
0.148,2.8674402783014583e-08,0p3,0.3
0.149,2.870142991763809e-08,0p3,0.3
0.15,2.8743922234363453e-08,0p3,0.3
0.151,2.880094150941212e-08,0p3,0.3
0.152,2.887145721118685e-08,0p3,0.3
0.153,2.895442604383889e-08,0p3,0.3
0.154,2.9048854861902092e-08,0p3,0.3
0.155,2.9153699231349693e-08,0p3,0.3
0.156,2.9267870955592772e-08,0p3,0.3
0.157,2.9390389578123474e-08,0p3,0.3
0.158,2.9520236205943513e-08,0p3,0.3
0.159,2.9656304950235592e-08,0p3,0.3
0.16,2.979763657356993e-08,0p3,0.3
0.161,2.9943231142429685e-08,0p3,0.3
0.162,3.0092039942471185e-08,0p3,0.3
0.163,3.0243119242790695e-08,0p3,0.3
0.164,3.0395568713769853e-08,0p3,0.3
0.165,3.0548485482540134e-08,0p3,0.3
0.166,3.0701035307212913e-08,0p3,0.3
0.167,3.08524859921727e-08,0p3,0.3
0.168,3.1002122906123555e-08,0p3,0.3
0.169,3.114926593490841e-08,0p3,0.3
0.17,3.1293273743797285e-08,0p3,0.3
0.171,3.143366159026041e-08,0p3,0.3
0.172,3.157004082312547e-08,0p3,0.3
0.173,3.170186056176311e-08,0p3,0.3
0.174,3.1828710786460596e-08,0p3,0.3
0.175,3.1950079509905e-08,0p3,0.3
0.176,3.2065540573861423e-08,0p3,0.3
0.177,3.2174614237611513e-08,0p3,0.3
0.178,3.227667876025881e-08,0p3,0.3
0.179,3.23717624618559e-08,0p3,0.3
0.18,3.2461864497630526e-08,0p3,0.3
0.181,3.255368545486058e-08,0p3,0.3
0.182,3.2649800220873734e-08,0p3,0.3
0.183,3.27517391897248e-08,0p3,0.3
0.184,3.2859586106563665e-08,0p3,0.3
0.185,3.2973058713651634e-08,0p3,0.3
0.186,3.3091679956020574e-08,0p3,0.3
0.187,3.321485440241351e-08,0p3,0.3
0.188,3.334211246796443e-08,0p3,0.3
0.189,3.347312104032756e-08,0p3,0.3
0.19,3.3607787575131725e-08,0p3,0.3
0.191,3.374548985653258e-08,0p3,0.3
0.192,3.388619965114704e-08,0p3,0.3
0.193,3.4029560335531694e-08,0p3,0.3
0.194,3.41753946563873e-08,0p3,0.3
0.195,3.4323659067124e-08,0p3,0.3
0.196,3.44741698437866e-08,0p3,0.3
0.197,3.4626953486518776e-08,0p3,0.3
0.198,3.47819359111807e-08,0p3,0.3
0.199,3.493909767921817e-08,0p3,0.3
0.2,3.5098436779423976e-08,0p3,0.3
0.201,3.525990703895871e-08,0p3,0.3
0.202,3.542351372221227e-08,0p3,0.3
0.203,3.5589232302686095e-08,0p3,0.3
0.204,3.575701265830065e-08,0p3,0.3
0.205,3.592682979901917e-08,0p3,0.3
0.206,3.60986202481376e-08,0p3,0.3
0.207,3.6272264650678925e-08,0p3,0.3
0.208,3.644772902422911e-08,0p3,0.3
0.209,3.6624914845114085e-08,0p3,0.3
0.21,3.6803671778837525e-08,0p3,0.3
0.211,3.698396064813228e-08,0p3,0.3
0.212,3.7165663982691585e-08,0p3,0.3
0.213,3.734861482357294e-08,0p3,0.3
0.214,3.7532688946671414e-08,0p3,0.3
0.215,3.7717638317540414e-08,0p3,0.3
0.216,3.790354903311463e-08,0p3,0.3
0.217,3.80902587018664e-08,0p3,0.3
0.218,3.82776324528601e-08,0p3,0.3
0.219,3.846578760219163e-08,0p3,0.3
0.22,3.865426521341313e-08,0p3,0.3
0.221,3.8843122556066196e-08,0p3,0.3
0.222,3.9032397710519836e-08,0p3,0.3
0.223,3.922162973685457e-08,0p3,0.3
0.224,3.9411044983791435e-08,0p3,0.3
0.225,3.96004681723288e-08,0p3,0.3
0.226,3.978962719319616e-08,0p3,0.3
0.227,3.997869540708101e-08,0p3,0.3
0.228,4.0167358433734814e-08,0p3,0.3
0.229,4.035558188592906e-08,0p3,0.3
0.23,4.0543452733549365e-08,0p3,0.3
0.231,4.073053267899708e-08,0p3,0.3
0.232,4.091702522582996e-08,0p3,0.3
0.233,4.1102827387599374e-08,0p3,0.3
0.234,4.128767379694222e-08,0p3,0.3
0.235,4.1471715752134096e-08,0p3,0.3
0.236,4.1654753206817734e-08,0p3,0.3
0.237,4.183670342532271e-08,0p3,0.3
0.238,4.201765403147149e-08,0p3,0.3
0.239,4.219731622112495e-08,0p3,0.3
0.24,4.237578641207917e-08,0p3,0.3
0.241,4.25530347854084e-08,0p3,0.3
0.242,4.272884327237314e-08,0p3,0.3
0.243,4.2903326512721486e-08,0p3,0.3
0.244,4.30763737671002e-08,0p3,0.3
0.245,4.324789347335282e-08,0p3,0.3
0.246,4.3417956201185933e-08,0p3,0.3
0.247,4.3586398329481356e-08,0p3,0.3
0.248,4.375324536996471e-08,0p3,0.3
0.249,4.3918506121368227e-08,0p3,0.3
0.25,4.4082026124486333e-08,0p3,0.3
0.251,4.4243881530480324e-08,0p3,0.3
0.252,4.4404020092811926e-08,0p3,0.3
0.253,4.4562367472273953e-08,0p3,0.3
0.254,4.4718971818086674e-08,0p3,0.3
0.255,4.487375387617044e-08,0p3,0.3
0.256,4.502670830248064e-08,0p3,0.3
0.257,4.5177854285964374e-08,0p3,0.3
0.258,4.5327101893962154e-08,0p3,0.3
0.259,4.5474493144070486e-08,0p3,0.3
0.26,4.5620009254096636e-08,0p3,0.3
0.261,4.576360587957936e-08,0p3,0.3
0.262,4.5905308655512795e-08,0p3,0.3
0.263,4.604508967584059e-08,0p3,0.3
0.264,4.6182938985964956e-08,0p3,0.3
0.265,4.6318868017594764e-08,0p3,0.3
0.266,4.645284860609108e-08,0p3,0.3
0.267,4.658489089917863e-08,0p3,0.3
0.268,4.6714993695778756e-08,0p3,0.3
0.269,4.6843146161772214e-08,0p3,0.3
0.27,4.6969354082972915e-08,0p3,0.3
0.271,4.7093617536025536e-08,0p3,0.3
0.272,4.721593657998756e-08,0p3,0.3
0.273,4.7336311204802354e-08,0p3,0.3
0.274,4.745475180669185e-08,0p3,0.3
0.275,4.757125645802393e-08,0p3,0.3
0.276,4.768582634541767e-08,0p3,0.3
0.277,4.779848235971117e-08,0p3,0.3
0.278,4.79092141451049e-08,0p3,0.3
0.279,4.80180345287574e-08,0p3,0.3
0.28,4.812496023521657e-08,0p3,0.3
0.281,4.822998022849676e-08,0p3,0.3
0.282,4.833312416515791e-08,0p3,0.3
0.283,4.84343928563424e-08,0p3,0.3
0.284,4.853378071458579e-08,0p3,0.3
0.285,4.863133606017797e-08,0p3,0.3
0.286,4.872703618673908e-08,0p3,0.3
0.287,4.882089735569733e-08,0p3,0.3
0.288,4.8912954748735086e-08,0p3,0.3
0.289,4.90031877654014e-08,0p3,0.3
0.29,4.9091633159279575e-08,0p3,0.3
0.291,4.9178302081482514e-08,0p3,0.3
0.292,4.926318053316625e-08,0p3,0.3
0.293,4.9346331786653084e-08,0p3,0.3
0.294,4.942773154480038e-08,0p3,0.3
0.295,4.9507391729168574e-08,0p3,0.3
0.296,4.958536506093675e-08,0p3,0.3
0.297,4.966162323481311e-08,0p3,0.3
0.298,4.973620279490485e-08,0p3,0.3
0.299,4.980912834591498e-08,0p3,0.3
0.3,4.988037941145003e-08,0p3,0.3
0.301,4.995002012009796e-08,0p3,0.3
0.302,5.0018036457335213e-08,0p3,0.3
0.303,5.0084430258055064e-08,0p3,0.3
0.304,5.0149269484857095e-08,0p3,0.3
0.305,5.0212520043637794e-08,0p3,0.3
0.306,5.02742141448717e-08,0p3,0.3
0.307,5.033439028828879e-08,0p3,0.3
0.308,5.039302237968419e-08,0p3,0.3
0.309,5.045017006235718e-08,0p3,0.3
0.31,5.0505832595433115e-08,0p3,0.3
0.311,5.056000038125912e-08,0p3,0.3
0.312,5.061275371219178e-08,0p3,0.3
0.313,5.06640545159913e-08,0p3,0.3
0.314,5.071392858769198e-08,0p3,0.3
0.315,5.0762427232205455e-08,0p3,0.3
0.316,5.0809519874621716e-08,0p3,0.3
0.317,5.0855258761975775e-08,0p3,0.3
0.318,5.0899657045653493e-08,0p3,0.3
0.319,5.09426961377031e-08,0p3,0.3
0.32,5.098445908214168e-08,0p3,0.3
0.321,5.102491194542321e-08,0p3,0.3
0.322,5.1064071160834165e-08,0p3,0.3
0.323,5.1101998916242463e-08,0p3,0.3
0.324,5.1138661385582e-08,0p3,0.3
0.325,5.117410208269109e-08,0p3,0.3
0.326,5.12083472419087e-08,0p3,0.3
0.327,5.1241373956403415e-08,0p3,0.3
0.328,5.12732546223582e-08,0p3,0.3
0.329,5.130397123481931e-08,0p3,0.3
0.33,5.1333527441124713e-08,0p3,0.3
0.331,5.136199398585217e-08,0p3,0.3
0.332,5.1389335007496985e-08,0p3,0.3
0.333,5.1415584964987144e-08,0p3,0.3
0.334,5.144078153866124e-08,0p3,0.3
0.335,5.146489848238614e-08,0p3,0.3
0.336,5.1487996916293266e-08,0p3,0.3
0.337,5.1510073762652534e-08,0p3,0.3
0.338,5.153112115300473e-08,0p3,0.3
0.339,5.155121592632818e-08,0p3,0.3
0.34,5.1570321324944494e-08,0p3,0.3
0.341,5.158846307919033e-08,0p3,0.3
0.342,5.1605688238641936e-08,0p3,0.3
0.343,5.162196824789493e-08,0p3,0.3
0.344,5.1637353107973796e-08,0p3,0.3
0.345,5.1651852942817555e-08,0p3,0.3
0.346,5.166545117077495e-08,0p3,0.3
0.347,5.167822509653186e-08,0p3,0.3
0.348,5.1690141294121124e-08,0p3,0.3
0.349,5.1701216426106155e-08,0p3,0.3
0.35,5.171150465158747e-08,0p3,0.3
0.351,5.172097611153712e-08,0p3,0.3
0.352,5.172969868267778e-08,0p3,0.3
0.353,5.173770876796827e-08,0p3,0.3
0.354,5.174497282254543e-08,0p3,0.3
0.355,5.1751490845584735e-08,0p3,0.3
0.356,5.175726283627044e-08,0p3,0.3
0.357,5.1762313550345577e-08,0p3,0.3
0.358,5.1766753370186294e-08,0p3,0.3
0.359,5.177049437584715e-08,0p3,0.3
0.36,5.177353656659565e-08,0p3,0.3
0.361,5.1775879941707756e-08,0p3,0.3
0.362,5.1777588188286825e-08,0p3,0.3
0.363,5.1778775966391464e-08,0p3,0.3
0.364,5.1779339189618565e-08,0p3,0.3
0.365,5.177927785735004e-08,0p3,0.3
0.366,5.1778591968975286e-08,0p3,0.3
0.367,5.177736002187695e-08,0p3,0.3
0.368,5.1775636631288874e-08,0p3,0.3
0.369,5.1773350884061584e-08,0p3,0.3
0.37,5.1770502779672845e-08,0p3,0.3
0.371,5.1767092317607265e-08,0p3,0.3
0.372,5.1763223715639344e-08,0p3,0.3
0.373,5.1758907556537294e-08,0p3,0.3
0.374,5.175409082245051e-08,0p3,0.3
0.375,5.174877351294595e-08,0p3,0.3
0.376,5.1742955627596493e-08,0p3,0.3
0.377,5.17367624898008e-08,0p3,0.3
0.378,5.173016022440634e-08,0p3,0.3
0.379,5.1723116163281036e-08,0p3,0.3
0.38,5.1715630306071986e-08,0p3,0.3
0.381,5.170770265243144e-08,0p3,0.3
0.382,5.169947789998535e-08,0p3,0.3
0.383,5.1690880031367394e-08,0p3,0.3
0.384,5.1681896068369296e-08,0p3,0.3
0.385,5.1672526010709484e-08,0p3,0.3
0.386,5.166277564014863e-08,0p3,0.3
0.387,5.1652789417903856e-08,0p3,0.3
0.388,5.1642469571869444e-08,0p3,0.3
0.389,5.1631816101823316e-08,0p3,0.3
0.39,5.1620829007547035e-08,0p3,0.3
0.391,5.1609531603824215e-08,0p3,0.3
0.392,5.159803061901045e-08,0p3,0.3
0.393,5.1586245219732044e-08,0p3,0.3
0.394,5.1574175405822745e-08,0p3,0.3
0.395,5.1561821177119514e-08,0p3,0.3
0.396,5.1549221956375314e-08,0p3,0.3
0.397,5.1536448690107914e-08,0p3,0.3
0.398,5.15234369677451e-08,0p3,0.3
0.399,5.1510186789169396e-08,0p3,0.3
0.4,5.149669815426585e-08,0p3,0.3
0.401,5.1483025016173733e-08,0p3,0.3
0.402,5.1469204894196445e-08,0p3,0.3
0.403,5.145518906126078e-08,0p3,0.3
0.404,5.1440977517291385e-08,0p3,0.3
0.405,5.142657026221487e-08,0p3,0.3
0.406,5.141203408302045e-08,0p3,0.3
0.407,5.139737574776444e-08,0p3,0.3
0.408,5.138256129015249e-08,0p3,0.3
0.409,5.136759071014525e-08,0p3,0.3
0.41,5.1352464007705026e-08,0p3,0.3
0.411,5.13372590178137e-08,0p3,0.3
0.412,5.13219546909859e-08,0p3,0.3
0.413,5.1306530745424695e-08,0p3,0.3
0.414,5.129098718112144e-08,0p3,0.3
0.415,5.1275323998068565e-08,0p3,0.3
0.416,5.125962823172976e-08,0p3,0.3
0.417,5.124385414943175e-08,0p3,0.3
0.418,5.1227993950780754e-08,0p3,0.3
0.419,5.1212047635793817e-08,0p3,0.3
0.42,5.1196018580819574e-08,0p3,0.3
0.421,5.1179991009947316e-08,0p3,0.3
0.422,5.116390791774994e-08,0p3,0.3
0.423,5.114776930426534e-08,0p3,0.3
0.424,5.113157516953186e-08,0p3,0.3
0.425,5.1115338684759494e-08,0p3,0.3
0.426,5.1099120113815643e-08,0p3,0.3
0.427,5.1082873811726514e-08,0p3,0.3
0.428,5.10665997785478e-08,0p3,0.3
0.429,5.105029801433525e-08,0p3,0.3
0.43,5.103399004930666e-08,0p3,0.3
0.431,5.10177146142326e-08,0p3,0.3
0.432,5.1001436542811424e-08,0p3,0.3
0.433,5.098515583511301e-08,0p3,0.3
0.434,5.0968872491207234e-08,0p3,0.3
0.435,5.09526149327419e-08,0p3,0.3
0.436,5.0936402914238476e-08,0p3,0.3
0.437,5.0920210773973864e-08,0p3,0.3
0.438,5.090403851202908e-08,0p3,0.3
0.439,5.088788612848488e-08,0p3,0.3
0.44,5.087178745809519e-08,0p3,0.3
0.441,5.085574592259908e-08,0p3,0.3
0.442,5.083974431933154e-08,0p3,0.3
0.443,5.082378264838195e-08,0p3,0.3
0.444,5.080786090983948e-08,0p3,0.3
0.445,5.079201688207851e-08,0p3,0.3
0.446,5.0776240343297584e-08,0p3,0.3
0.447,5.0760521453058624e-08,0p3,0.3
0.448,5.074486021145717e-08,0p3,0.3
0.449,5.072925661858833e-08,0p3,0.3
0.45,5.07137749303792e-08,0p3,0.3
0.451,5.069838137742841e-08,0p3,0.3
0.452,5.068307020528243e-08,0p3,0.3
0.453,5.066784141404438e-08,0p3,0.3
0.454,5.065269500381683e-08,0p3,0.3
0.455,5.06376309747018e-08,0p3,0.3
0.456,5.06226493268006e-08,0p3,0.3
0.457,5.0607750060213976e-08,0p3,0.3
0.458,5.059293317504198e-08,0p3,0.3
0.459,5.0578210763549055e-08,0p3,0.3
0.46,5.056363069495797e-08,0p3,0.3
0.461,5.054914600219902e-08,0p3,0.3
0.462,5.05347566853744e-08,0p3,0.3
0.463,5.05204627445855e-08,0p3,0.3
0.464,5.050626417993311e-08,0p3,0.3
0.465,5.049216099151728e-08,0p3,0.3
0.466,5.0478153179437375e-08,0p3,0.3
0.467,5.046424074379212e-08,0p3,0.3
0.468,5.045045868079877e-08,0p3,0.3
0.469,5.0436827986976824e-08,0p3,0.3
0.47,5.0423309784178785e-08,0p3,0.3
0.471,5.0409904072505744e-08,0p3,0.3
0.472,5.039661085205802e-08,0p3,0.3
0.473,5.038343012293527e-08,0p3,0.3
0.474,5.037036188523626e-08,0p3,0.3
0.475,5.03574061390591e-08,0p3,0.3
0.476,5.034456288450114e-08,0p3,0.3
0.477,5.0331866483675156e-08,0p3,0.3
0.478,5.03193059607083e-08,0p3,0.3
0.479,5.0306868290479764e-08,0p3,0.3
0.48,5.0294553473086146e-08,0p3,0.3
0.481,5.028236150862335e-08,0p3,0.3
0.482,5.027029239718661e-08,0p3,0.3
0.483,5.025834613887022e-08,0p3,0.3
0.484,5.024652273376772e-08,0p3,0.3
0.485,5.0234822181972e-08,0p3,0.3
0.486,5.0223275367768237e-08,0p3,0.3
0.487,5.02118592138212e-08,0p3,0.3
0.488,5.020057254901322e-08,0p3,0.3
0.489,5.0189415373434774e-08,0p3,0.3
0.49,5.01783876871756e-08,0p3,0.3
0.491,5.01674894903247e-08,0p3,0.3
0.492,5.015672078297021e-08,0p3,0.3
0.493,5.014608156519966e-08,0p3,0.3
0.494,5.013557468695779e-08,0p3,0.3
0.495,5.0125209392846824e-08,0p3,0.3
0.496,5.0114976525719537e-08,0p3,0.3
0.497,5.0104876085659765e-08,0p3,0.3
0.498,5.0094908072750644e-08,0p3,0.3
0.499,5.0085072487074515e-08,0p3,0.3
0.5,5.0075369328712965e-08,0p3,0.3
0.501,5.0065798597746884e-08,0p3,0.3
0.502,5.00563602942564e-08,0p3,0.3
0.503,5.0047053898209366e-08,0p3,0.3
0.504,5.003787917650361e-08,0p3,0.3
0.505,5.0028836644269166e-08,0p3,0.3
0.506,5.0019926301581644e-08,0p3,0.3
0.507,5.0011148148516114e-08,0p3,0.3
0.508,5.0002502185146885e-08,0p3,0.3
0.509,4.9993988411547475e-08,0p3,0.3
0.51,4.998560682779082e-08,0p3,0.3
0.511,4.99773574339491e-08,0p3,0.3
0.512,4.9969230227369454e-08,0p3,0.3
0.513,4.996122902795854e-08,0p3,0.3
0.514,4.9953357129582345e-08,0p3,0.3
0.515,4.994561453230813e-08,0p3,0.3
0.516,4.993800123620255e-08,0p3,0.3
0.517,4.9930517241331625e-08,0p3,0.3
0.518,4.9923162547760645e-08,0p3,0.3
0.519,4.9915937155554323e-08,0p3,0.3
0.52,4.9908841064776765e-08,0p3,0.3
0.521,4.99018501006509e-08,0p3,0.3
0.522,4.9894983147617324e-08,0p3,0.3
0.523,4.9888240467546874e-08,0p3,0.3
0.524,4.9881622060498635e-08,0p3,0.3
0.525,4.987512792653087e-08,0p3,0.3
0.526,4.9868758065701424e-08,0p3,0.3
0.527,4.9862512478067465e-08,0p3,0.3
0.528,4.9856391163685645e-08,0p3,0.3
0.529,4.9850386745500144e-08,0p3,0.3
0.53,4.9844479728128345e-08,0p3,0.3
0.531,4.9838690290401925e-08,0p3,0.3
0.532,4.9833018432372315e-08,0p3,0.3
0.533,4.9827464154090496e-08,0p3,0.3
0.534,4.982202745560693e-08,0p3,0.3
0.535,4.981670833697151e-08,0p3,0.3
0.536,4.98115067982336e-08,0p3,0.3
0.537,4.980642283944213e-08,0p3,0.3
0.538,4.9801438044594886e-08,0p3,0.3
0.539,4.979654663230073e-08,0p3,0.3
0.54,4.979176487023365e-08,0p3,0.3
0.541,4.978709275843755e-08,0p3,0.3
0.542,4.978253029695589e-08,0p3,0.3
0.543,4.9778077485831714e-08,0p3,0.3
0.544,4.9773734325107545e-08,0p3,0.3
0.545,4.9769500814825473e-08,0p3,0.3
0.546,4.9765376955027123e-08,0p3,0.3
0.547,4.9761331041335076e-08,0p3,0.3
0.548,4.975737701257752e-08,0p3,0.3
0.549,4.9753523849067435e-08,0p3,0.3
0.55,4.97497715508419e-08,0p3,0.3
0.551,4.974612011793743e-08,0p3,0.3
0.552,4.9742569550390285e-08,0p3,0.3
0.553,4.9739119848236165e-08,0p3,0.3
0.554,4.9735771011510535e-08,0p3,0.3
0.555,4.973252235886095e-08,0p3,0.3
0.556,4.972932974979759e-08,0p3,0.3
0.557,4.9726228697323075e-08,0p3,0.3
0.558,4.9723219201468515e-08,0p3,0.3
0.559,4.972030126226459e-08,0p3,0.3
0.56,4.9717474879741713e-08,0p3,0.3
0.561,4.971474005392988e-08,0p3,0.3
0.562,4.97120967848588e-08,0p3,0.3
0.563,4.970954507255781e-08,0p3,0.3
0.564,4.9707073128027544e-08,0p3,0.3
0.565,4.970465540217159e-08,0p3,0.3
0.566,4.9702319685175324e-08,0p3,0.3
0.567,4.970006597706422e-08,0p3,0.3
0.568,4.969789427786339e-08,0p3,0.3
0.569,4.9695804587597715e-08,0p3,0.3
0.57,4.9693796906291745e-08,0p3,0.3
0.571,4.969187123396977e-08,0p3,0.3
0.572,4.969002757065579e-08,0p3,0.3
0.573,4.968824240670728e-08,0p3,0.3
0.574,4.9686511180967715e-08,0p3,0.3
0.575,4.9684852416685845e-08,0p3,0.3
0.576,4.968326611388213e-08,0p3,0.3
0.577,4.968175227257683e-08,0p3,0.3
0.578,4.968031089278998e-08,0p3,0.3
0.579,4.9678941974541385e-08,0p3,0.3
0.58,4.967764551785053e-08,0p3,0.3
0.581,4.967642152273678e-08,0p3,0.3
0.582,4.96752348692248e-08,0p3,0.3
0.583,4.96741028798185e-08,0p3,0.3
0.584,4.9673034002013564e-08,0p3,0.3
0.585,4.967202823582629e-08,0p3,0.3
0.586,4.967108558127273e-08,0p3,0.3
0.587,4.9670206038368713e-08,0p3,0.3
0.588,4.96693896071299e-08,0p3,0.3
0.589,4.966863628757171e-08,0p3,0.3
0.59,4.9667944287370334e-08,0p3,0.3
0.591,4.966727296908609e-08,0p3,0.3
0.592,4.966665576838026e-08,0p3,0.3
0.593,4.9666092685265615e-08,0p3,0.3
0.594,4.9665583719754784e-08,0p3,0.3
0.595,4.9665128871860194e-08,0p3,0.3
0.596,4.9664728141594164e-08,0p3,0.3
0.597,4.966438152896883e-08,0p3,0.3
0.598,4.9664089033996116e-08,0p3,0.3
0.599,4.966383900635128e-08,0p3,0.3
0.6,4.9663610688968885e-08,0p3,0.3
0.601,4.966342797393419e-08,0p3,0.3
0.602,4.9663290861256926e-08,0p3,0.3
0.603,4.966319935094658e-08,0p3,0.3
0.604,4.966315344301262e-08,0p3,0.3
0.605,4.96631531374643e-08,0p3,0.3
0.606,4.966319843431089e-08,0p3,0.3
0.607,4.9663289333561365e-08,0p3,0.3
0.608,4.966340515224904e-08,0p3,0.3
0.609,4.966354410470233e-08,0p3,0.3
0.61,4.96637207142831e-08,0p3,0.3
0.611,4.966393498099851e-08,0p3,0.3
0.612,4.966418690485555e-08,0p3,0.3
0.613,4.966447648586112e-08,0p3,0.3
0.614,4.966480372402211e-08,0p3,0.3
0.615,4.966516861934519e-08,0p3,0.3
0.616,4.9665571171836993e-08,0p3,0.3
0.617,4.966596463202261e-08,0p3,0.3
0.618,4.966637438891175e-08,0p3,0.3
0.619,4.9666809829183686e-08,0p3,0.3
0.62,4.966727095284275e-08,0p3,0.3
0.621,4.966775775989307e-08,0p3,0.3
0.622,4.96682702503388e-08,0p3,0.3
0.623,4.9668808424184e-08,0p3,0.3
0.624,4.9669372281432685e-08,0p3,0.3
0.625,4.966996182208875e-08,0p3,0.3
0.626,4.9670577046156125e-08,0p3,0.3
0.627,4.967121795363858e-08,0p3,0.3
0.628,4.9671884544539925e-08,0p3,0.3
0.629,4.967257681886382e-08,0p3,0.3
0.63,4.9673294776613876e-08,0p3,0.3
0.631,4.967403841779369e-08,0p3,0.3
0.632,4.9674807742406784e-08,0p3,0.3
0.633,4.967560275045661e-08,0p3,0.3
0.634,4.9676403254751e-08,0p3,0.3
0.635,4.967718411423793e-08,0p3,0.3
0.636,4.967798381409877e-08,0p3,0.3
0.637,4.96788023543359e-08,0p3,0.3
0.638,4.967963973495142e-08,0p3,0.3
0.639,4.9680495955947595e-08,0p3,0.3
0.64,4.968137101732653e-08,0p3,0.3
0.641,4.96822649190903e-08,0p3,0.3
0.642,4.9683177661240984e-08,0p3,0.3
0.643,4.968410924378058e-08,0p3,0.3
0.644,4.968505966671106e-08,0p3,0.3
0.645,4.9686028930034375e-08,0p3,0.3
0.646,4.9687017033752366e-08,0p3,0.3
0.647,4.968802397786689e-08,0p3,0.3
0.648,4.968904976237976e-08,0p3,0.3
0.649,4.969009438729273e-08,0p3,0.3
0.65,4.969111158302704e-08,0p3,0.3
0.651,4.9692108396126764e-08,0p3,0.3
0.652,4.9693114510798385e-08,0p3,0.3
0.653,4.969412992704238e-08,0p3,0.3
0.654,4.9695154644859145e-08,0p3,0.3
0.655,4.9696188664249124e-08,0p3,0.3
0.656,4.9697231985212644e-08,0p3,0.3
0.657,4.969828460775013e-08,0p3,0.3
0.658,4.969934653186187e-08,0p3,0.3
0.659,4.970041775754828e-08,0p3,0.3
0.66,4.970149828480962e-08,0p3,0.3
0.661,4.97025881136462e-08,0p3,0.3
0.662,4.970368724405827e-08,0p3,0.3
0.663,4.9704795676046123e-08,0p3,0.3
0.664,4.9705913409610016e-08,0p3,0.3
0.665,4.9707040444750063e-08,0p3,0.3
0.666,4.9708130669581324e-08,0p3,0.3
0.667,4.9709216475392684e-08,0p3,0.3
0.668,4.971030509720879e-08,0p3,0.3
0.669,4.9711396535029e-08,0p3,0.3
0.67,4.9712490788852854e-08,0p3,0.3
0.671,4.9713587858679764e-08,0p3,0.3
0.672,4.971468774450925e-08,0p3,0.3
0.673,4.9715790446340676e-08,0p3,0.3
0.674,4.9716895964173525e-08,0p3,0.3
0.675,4.9718004298007244e-08,0p3,0.3
0.676,4.971911544784127e-08,0p3,0.3
0.677,4.972022941367501e-08,0p3,0.3
0.678,4.972134619550789e-08,0p3,0.3
0.679,4.9722465793339336e-08,0p3,0.3
0.68,4.972358820716871e-08,0p3,0.3
0.681,4.9724708658842294e-08,0p3,0.3
0.682,4.9725794008102266e-08,0p3,0.3
0.683,4.972687714334739e-08,0p3,0.3
0.684,4.9727958064576614e-08,0p3,0.3
0.685,4.972903677178887e-08,0p3,0.3
0.686,4.973011326498306e-08,0p3,0.3
0.687,4.973118754415817e-08,0p3,0.3
0.688,4.973225960931314e-08,0p3,0.3
0.689,4.973332946044689e-08,0p3,0.3
0.69,4.9734397097558394e-08,0p3,0.3
0.691,4.973546252064661e-08,0p3,0.3
0.692,4.973652572971048e-08,0p3,0.3
0.693,4.9737586724748977e-08,0p3,0.3
0.694,4.9738645505761066e-08,0p3,0.3
0.695,4.97397020727457e-08,0p3,0.3
0.696,4.974075642570188e-08,0p3,0.3
0.697,4.974179785286396e-08,0p3,0.3
0.698,4.9742817386907454e-08,0p3,0.3
0.699,4.974383123417598e-08,0p3,0.3
0.7,4.9744839394668277e-08,0p3,0.3
0.701,4.9745841868383035e-08,0p3,0.3
0.702,4.9746838655319014e-08,0p3,0.3
0.703,4.9747829755474964e-08,0p3,0.3
0.704,4.97488151688496e-08,0p3,0.3
0.705,4.9749794895441746e-08,0p3,0.3
0.706,4.9750768935250084e-08,0p3,0.3
0.707,4.975173728827344e-08,0p3,0.3
0.708,4.9752699954510565e-08,0p3,0.3
0.709,4.9753656933960325e-08,0p3,0.3
0.71,4.9754608226621414e-08,0p3,0.3
0.711,4.97555538324927e-08,0p3,0.3
0.712,4.975649375157298e-08,0p3,0.3
0.713,4.9757416655787486e-08,0p3,0.3
0.714,4.975832589183244e-08,0p3,0.3
0.715,4.9759227298954064e-08,0p3,0.3
0.716,4.9760120877151045e-08,0p3,0.3
0.717,4.9761006626422085e-08,0p3,0.3
0.718,4.9761884546765924e-08,0p3,0.3
0.719,4.976275463818135e-08,0p3,0.3
0.72,4.976361690066705e-08,0p3,0.3
0.721,4.9764471334221866e-08,0p3,0.3
0.722,4.97653179388445e-08,0p3,0.3
0.723,4.9766156714533794e-08,0p3,0.3
0.724,4.9766987661288486e-08,0p3,0.3
0.725,4.976781077910738e-08,0p3,0.3
0.726,4.976862606798936e-08,0p3,0.3
0.727,4.976943352793317e-08,0p3,0.3
0.728,4.977023315893769e-08,0p3,0.3
0.729,4.977101699985684e-08,0p3,0.3
0.73,4.977179120505238e-08,0p3,0.3
0.731,4.977255652838978e-08,0p3,0.3
0.732,4.9773312969867844e-08,0p3,0.3
0.733,4.97740605294854e-08,0p3,0.3
0.734,4.977479920724135e-08,0p3,0.3
0.735,4.977552900313447e-08,0p3,0.3
0.736,4.9776249917163733e-08,0p3,0.3
0.737,4.9776961949327945e-08,0p3,0.3
0.738,4.977766509962602e-08,0p3,0.3
0.739,4.977835936805688e-08,0p3,0.3
0.74,4.977904475461942e-08,0p3,0.3
0.741,4.977972125931257e-08,0p3,0.3
0.742,4.9780388882135274e-08,0p3,0.3
0.743,4.978104762308642e-08,0p3,0.3
0.744,4.978169719585944e-08,0p3,0.3
0.745,4.97823363792854e-08,0p3,0.3
0.746,4.978296647079045e-08,0p3,0.3
0.747,4.9783587470373636e-08,0p3,0.3
0.748,4.978419937803387e-08,0p3,0.3
0.749,4.9784802193770276e-08,0p3,0.3
0.75,4.9785395917581814e-08,0p3,0.3
0.751,4.9785980549467514e-08,0p3,0.3
0.752,4.9786556089426455e-08,0p3,0.3
0.753,4.978712253745769e-08,0p3,0.3
0.754,4.9787679893560264e-08,0p3,0.3
0.755,4.9788228157733233e-08,0p3,0.3
0.756,4.978876732997571e-08,0p3,0.3
0.757,4.978929741028677e-08,0p3,0.3
0.758,4.978981839866551e-08,0p3,0.3
0.759,4.979033029511105e-08,0p3,0.3
0.76,4.979083451782224e-08,0p3,0.3
0.761,4.979133178590958e-08,0p3,0.3
0.762,4.979182036596793e-08,0p3,0.3
0.763,4.9792300257996524e-08,0p3,0.3
0.764,4.9792771461994485e-08,0p3,0.3
0.765,4.979323397796105e-08,0p3,0.3
0.766,4.9793687805895434e-08,0p3,0.3
0.767,4.9794132945796894e-08,0p3,0.3
0.768,4.979456939766461e-08,0p3,0.3
0.769,4.979499716149784e-08,0p3,0.3
0.77,4.9795416237295854e-08,0p3,0.3
0.771,4.9795826625057914e-08,0p3,0.3
0.772,4.9796228324783234e-08,0p3,0.3
0.773,4.979662133647113e-08,0p3,0.3
0.774,4.979700566012085e-08,0p3,0.3
0.775,4.97973812957317e-08,0p3,0.3
0.776,4.9797757479136865e-08,0p3,0.3
0.777,4.9798130355012276e-08,0p3,0.3
0.778,4.979849615511722e-08,0p3,0.3
0.779,4.9798854879451196e-08,0p3,0.3
0.78,4.979920652801369e-08,0p3,0.3
0.781,4.979955110080404e-08,0p3,0.3
0.782,4.979988859782175e-08,0p3,0.3
0.783,4.980021901906631e-08,0p3,0.3
0.784,4.9800542364537136e-08,0p3,0.3
0.785,4.980085863423365e-08,0p3,0.3
0.786,4.980116782815538e-08,0p3,0.3
0.787,4.9801469946301845e-08,0p3,0.3
0.788,4.980176498867242e-08,0p3,0.3
0.789,4.980205295526667e-08,0p3,0.3
0.79,4.9802333846084054e-08,0p3,0.3
0.791,4.9802607661124075e-08,0p3,0.3
0.792,4.980287440038623e-08,0p3,0.3
0.793,4.980313406387003e-08,0p3,0.3
0.794,4.980338665157502e-08,0p3,0.3
0.795,4.9803632163500655e-08,0p3,0.3
0.796,4.980387059964651e-08,0p3,0.3
0.797,4.9804101960012124e-08,0p3,0.3
0.798,4.980432624459698e-08,0p3,0.3
0.799,4.9804543453400674e-08,0p3,0.3
0.8,4.980475358642271e-08,0p3,0.3
0.801,4.980495664366267e-08,0p3,0.3
0.802,4.98051526251201e-08,0p3,0.3
0.803,4.9805341530794534e-08,0p3,0.3
0.804,4.98055233606856e-08,0p3,0.3
0.805,4.9805698114792836e-08,0p3,0.3
0.806,4.9805865793115835e-08,0p3,0.3
0.807,4.980603180202738e-08,0p3,0.3
0.808,4.9806210517831094e-08,0p3,0.3
0.809,4.9806383688166944e-08,0p3,0.3
0.81,4.9806551313034555e-08,0p3,0.3
0.811,4.980671339243362e-08,0p3,0.3
0.812,4.9806869926363835e-08,0p3,0.3
0.813,4.980702091482484e-08,0p3,0.3
0.814,4.9807166357816354e-08,0p3,0.3
0.815,4.980730625533805e-08,0p3,0.3
0.816,4.9807440607389623e-08,0p3,0.3
0.817,4.980756941397075e-08,0p3,0.3
0.818,4.980769267508116e-08,0p3,0.3
0.819,4.980781039072055e-08,0p3,0.3
0.82,4.980792256088862e-08,0p3,0.3
0.821,4.980802918558506e-08,0p3,0.3
0.822,4.9808130264809624e-08,0p3,0.3
0.823,4.9808225798562024e-08,0p3,0.3
0.824,4.9808315786841955e-08,0p3,0.3
0.825,4.9808400229649154e-08,0p3,0.3
0.826,4.9808479126983363e-08,0p3,0.3
0.827,4.98085524788443e-08,0p3,0.3
0.828,4.980862028523173e-08,0p3,0.3
0.829,4.9808682546145355e-08,0p3,0.3
0.83,4.980873926158492e-08,0p3,0.3
0.831,4.9808790431550196e-08,0p3,0.3
0.832,4.9808836056040944e-08,0p3,0.3
0.833,4.9808876135056915e-08,0p3,0.3
0.834,4.9808910668597824e-08,0p3,0.3
0.835,4.980893965666349e-08,0p3,0.3
0.836,4.9808963099253624e-08,0p3,0.3
0.837,4.9808980996368065e-08,0p3,0.3
0.838,4.980899334800653e-08,0p3,0.3
0.839,4.9809024481150694e-08,0p3,0.3
0.84,4.98090599980052e-08,0p3,0.3
0.841,4.98090919861373e-08,0p3,0.3
0.842,4.980912044554691e-08,0p3,0.3
0.843,4.9809145376233813e-08,0p3,0.3
0.844,4.9809166778197894e-08,0p3,0.3
0.845,4.9809184651439036e-08,0p3,0.3
0.846,4.980919899595709e-08,0p3,0.3
0.847,4.9809209811751884e-08,0p3,0.3
0.848,4.9809217098823293e-08,0p3,0.3
0.849,4.980922085717127e-08,0p3,0.3
0.85,4.980922108679555e-08,0p3,0.3
0.851,4.980921778769607e-08,0p3,0.3
0.852,4.9809210959872725e-08,0p3,0.3
0.853,4.980920060332537e-08,0p3,0.3
0.854,4.980918671805386e-08,0p3,0.3
0.855,4.980916930405812e-08,0p3,0.3
0.856,4.980914836133796e-08,0p3,0.3
0.857,4.980912388989335e-08,0p3,0.3
0.858,4.980909588972414e-08,0p3,0.3
0.859,4.980906436083017e-08,0p3,0.3
0.86,4.9809029303211364e-08,0p3,0.3
0.861,4.980899071686762e-08,0p3,0.3
0.862,4.9808948601798826e-08,0p3,0.3
0.863,4.980890295800487e-08,0p3,0.3
0.864,4.9808853785485656e-08,0p3,0.3
0.865,4.980880108424109e-08,0p3,0.3
0.866,4.980874485427105e-08,0p3,0.3
0.867,4.980868509557545e-08,0p3,0.3
0.868,4.980862180815418e-08,0p3,0.3
0.869,4.9808554992007185e-08,0p3,0.3
0.87,4.980849218735995e-08,0p3,0.3
0.871,4.9808446889259156e-08,0p3,0.3
0.872,4.9808399793067184e-08,0p3,0.3
0.873,4.980835089878406e-08,0p3,0.3
0.874,4.9808300206409655e-08,0p3,0.3
0.875,4.980824771594395e-08,0p3,0.3
0.876,4.9808193427386955e-08,0p3,0.3
0.877,4.9808137340738557e-08,0p3,0.3
0.878,4.9808079455998765e-08,0p3,0.3
0.879,4.980801977316753e-08,0p3,0.3
0.88,4.98079582922448e-08,0p3,0.3
0.881,4.980789501323058e-08,0p3,0.3
0.882,4.980782993612475e-08,0p3,0.3
0.883,4.980776306092736e-08,0p3,0.3
0.884,4.98076943876383e-08,0p3,0.3
0.885,4.980762391625758e-08,0p3,0.3
0.886,4.9807551646785184e-08,0p3,0.3
0.887,4.9807477579221035e-08,0p3,0.3
0.888,4.9807401713565135e-08,0p3,0.3
0.889,4.9807324049817424e-08,0p3,0.3
0.89,4.980724458797786e-08,0p3,0.3
0.891,4.9807163328046443e-08,0p3,0.3
0.892,4.9807080270023135e-08,0p3,0.3
0.893,4.9806995413907956e-08,0p3,0.3
0.894,4.9806908759700774e-08,0p3,0.3
0.895,4.9806820307401656e-08,0p3,0.3
0.896,4.98067300570105e-08,0p3,0.3
0.897,4.980663800852737e-08,0p3,0.3
0.898,4.980654416195214e-08,0p3,0.3
0.899,4.9806448517284854e-08,0p3,0.3
0.9,4.9806351074525485e-08,0p3,0.3
0.901,4.9806251833673994e-08,0p3,0.3
0.902,4.9806167192067116e-08,0p3,0.3
0.903,4.980608598855961e-08,0p3,0.3
0.904,4.9806004256730965e-08,0p3,0.3
0.905,4.9805921996581194e-08,0p3,0.3
0.906,4.9805839208110285e-08,0p3,0.3
0.907,4.9805755891318246e-08,0p3,0.3
0.908,4.9805672046205076e-08,0p3,0.3
0.909,4.980558767277082e-08,0p3,0.3
0.91,4.9805502771015396e-08,0p3,0.3
0.911,4.980541734093893e-08,0p3,0.3
0.912,4.980533138254133e-08,0p3,0.3
0.913,4.980524489582263e-08,0p3,0.3
0.914,4.9805157880782845e-08,0p3,0.3
0.915,4.980507033742197e-08,0p3,0.3
0.916,4.980498226574001e-08,0p3,0.3
0.917,4.9804893665737e-08,0p3,0.3
0.918,4.9804804537412897e-08,0p3,0.3
0.919,4.9804714880767745e-08,0p3,0.3
0.92,4.980462469580152e-08,0p3,0.3
0.921,4.9804533982514274e-08,0p3,0.3
0.922,4.980444274090598e-08,0p3,0.3
0.923,4.9804350970976644e-08,0p3,0.3
0.924,4.980425867272628e-08,0p3,0.3
0.925,4.9804165846154935e-08,0p3,0.3
0.926,4.980407249126252e-08,0p3,0.3
0.927,4.9803978608049126e-08,0p3,0.3
0.928,4.9803884196514744e-08,0p3,0.3
0.929,4.9803789256659396e-08,0p3,0.3
0.93,4.9803693788483024e-08,0p3,0.3
0.931,4.980359779198569e-08,0p3,0.3
0.932,4.9803501267167423e-08,0p3,0.3
0.933,4.9803408292149145e-08,0p3,0.3
0.934,4.98033237413824e-08,0p3,0.3
0.935,4.9803239449024036e-08,0p3,0.3
0.936,4.9803155415074076e-08,0p3,0.3
0.937,4.980307163953249e-08,0p3,0.3
0.938,4.9802988122399314e-08,0p3,0.3
0.939,4.9802904863674625e-08,0p3,0.3
0.94,4.9802821863358374e-08,0p3,0.3
0.941,4.980273912145063e-08,0p3,0.3
0.942,4.980265663795136e-08,0p3,0.3
0.943,4.980257441286064e-08,0p3,0.3
0.944,4.9802492446178446e-08,0p3,0.3
0.945,4.980241073790483e-08,0p3,0.3
0.946,4.9802329288039794e-08,0p3,0.3
0.947,4.9802248096583347e-08,0p3,0.3
0.948,4.9802167163535535e-08,0p3,0.3
0.949,4.980208648889635e-08,0p3,0.3
0.95,4.9802006072665825e-08,0p3,0.3
0.951,4.9801925914843974e-08,0p3,0.3
0.952,4.9801846015430825e-08,0p3,0.3
0.953,4.9801766374426365e-08,0p3,0.3
0.954,4.9801686991830686e-08,0p3,0.3
0.955,4.980160786764372e-08,0p3,0.3
0.956,4.9801529001865534e-08,0p3,0.3
0.957,4.9801450394496134e-08,0p3,0.3
0.958,4.9801372045535555e-08,0p3,0.3
0.959,4.9801293954983784e-08,0p3,0.3
0.96,4.9801216122840834e-08,0p3,0.3
0.961,4.980113854910677e-08,0p3,0.3
0.962,4.980106123378158e-08,0p3,0.3
0.963,4.9800984176865276e-08,0p3,0.3
0.964,4.980090737835788e-08,0p3,0.3
0.965,4.9800836029949184e-08,0p3,0.3
0.966,4.98007661924646e-08,0p3,0.3
0.967,4.9800696990487936e-08,0p3,0.3
0.968,4.9800628424019126e-08,0p3,0.3
0.969,4.9800560493058245e-08,0p3,0.3
0.97,4.9800493197605326e-08,0p3,0.3
0.971,4.9800426537660343e-08,0p3,0.3
0.972,4.980036051322334e-08,0p3,0.3
0.973,4.980029512429436e-08,0p3,0.3
0.974,4.980023037087341e-08,0p3,0.3
0.975,4.980016625296048e-08,0p3,0.3
0.976,4.9800102770555595e-08,0p3,0.3
0.977,4.980003992365882e-08,0p3,0.3
0.978,4.9799977712270116e-08,0p3,0.3
0.979,4.9799916136389545e-08,0p3,0.3
0.98,4.9799855196017095e-08,0p3,0.3
0.981,4.979979489115281e-08,0p3,0.3
0.982,4.9799735221796716e-08,0p3,0.3
0.983,4.9799676187948774e-08,0p3,0.3
0.984,4.9799617789609066e-08,0p3,0.3
0.985,4.9799560026777565e-08,0p3,0.3
0.986,4.97995028994543e-08,0p3,0.3
0.987,4.979944640763934e-08,0p3,0.3
0.988,4.979939055133263e-08,0p3,0.3
0.989,4.979933533053423e-08,0p3,0.3
0.99,4.9799280745244116e-08,0p3,0.3
0.991,4.979922679546235e-08,0p3,0.3
0.992,4.979917348118894e-08,0p3,0.3
0.993,4.9799120802423884e-08,0p3,0.3
0.994,4.979906875916719e-08,0p3,0.3
0.995,4.979901735141891e-08,0p3,0.3
0.996,4.97989665792068e-08,0p3,0.3
0.997,4.979891644255201e-08,0p3,0.3
0.998,4.9798866941410276e-08,0p3,0.3
0.999,4.9798818075781566e-08,0p3,0.3
1.0,4.979876984566593e-08,0p3,0.3
1.000000002000481,4.979876984557079e-08,0p3,0.3
1.000000002000481,4.9798769845570734e-08,0p3,0.3
1.001,4.1682958529456615e-08,0p3,0.3
1.002,3.73046613239259e-08,0p3,0.3
1.003,3.688795349986552e-08,0p3,0.3
1.004,3.866429235312202e-08,0p3,0.3
1.005,4.1511720173419294e-08,0p3,0.3
1.006,4.4888558068274565e-08,0p3,0.3
1.007,4.916224770372339e-08,0p3,0.3
1.008,5.4447347291547774e-08,0p3,0.3
1.009,6.007431358961562e-08,0p3,0.3
1.01,6.531167866972156e-08,0p3,0.3
1.011,6.99581915013995e-08,0p3,0.3
1.012,7.394827643514306e-08,0p3,0.3
1.013,7.72892816484614e-08,0p3,0.3
1.014,8.00269655214606e-08,0p3,0.3
1.015,8.222086891843658e-08,0p3,0.3
1.016,8.393464993873087e-08,0p3,0.3
1.017,8.522985373301937e-08,0p3,0.3
1.018,8.614734275567697e-08,0p3,0.3
1.019,8.672246019330642e-08,0p3,0.3
1.02,8.700361647458966e-08,0p3,0.3
1.021,8.7035493799618e-08,0p3,0.3
1.022,8.6857410482204e-08,0p3,0.3
1.023,8.650374362157939e-08,0p3,0.3
1.024,8.600447139674692e-08,0p3,0.3
1.025,8.538568687118459e-08,0p3,0.3
1.026,8.467003642999867e-08,0p3,0.3
1.027,8.387717831437261e-08,0p3,0.3
1.028,8.302410680811704e-08,0p3,0.3
1.029,8.212543652075205e-08,0p3,0.3
1.03,8.119346302416131e-08,0p3,0.3
1.031,8.023949209898057e-08,0p3,0.3
1.032,7.927271184709382e-08,0p3,0.3
1.033,7.830116637032091e-08,0p3,0.3
1.034,7.733157640220918e-08,0p3,0.3
1.035,7.63694330317141e-08,0p3,0.3
1.036,7.541954395603075e-08,0p3,0.3
1.037,7.448583608353035e-08,0p3,0.3
1.038,7.357150430680606e-08,0p3,0.3
1.039,7.26791250223406e-08,0p3,0.3
1.04,7.181073732052545e-08,0p3,0.3
1.041,7.096777693771722e-08,0p3,0.3
1.042,7.015149155576396e-08,0p3,0.3
1.043,6.936273156517294e-08,0p3,0.3
1.044,6.860202790160593e-08,0p3,0.3
1.045,6.786965726540153e-08,0p3,0.3
1.046,6.716568011815269e-08,0p3,0.3
1.047,6.648986588001679e-08,0p3,0.3
1.048,6.584199718350502e-08,0p3,0.3
1.049,6.522169428453163e-08,0p3,0.3
1.05,6.46284513997162e-08,0p3,0.3
1.051,6.406167672887153e-08,0p3,0.3
1.052,6.352070948342843e-08,0p3,0.3
1.053,6.300475328910921e-08,0p3,0.3
1.054,6.251309389826173e-08,0p3,0.3
1.055,6.204496558849663e-08,0p3,0.3
1.056,6.159956382694683e-08,0p3,0.3
1.057,6.117607132736085e-08,0p3,0.3
1.058,6.077366502153941e-08,0p3,0.3
1.059,6.039146253017054e-08,0p3,0.3
1.06,6.002857017823302e-08,0p3,0.3
1.061,5.968377257441198e-08,0p3,0.3
1.062,5.935681820877605e-08,0p3,0.3
1.063,5.904725558773561e-08,0p3,0.3
1.064,5.8753465839629856e-08,0p3,0.3
1.065,5.847551770357584e-08,0p3,0.3
1.066,5.8212458626102845e-08,0p3,0.3
1.067,5.796333573370783e-08,0p3,0.3
1.068,5.7727944520319496e-08,0p3,0.3
1.069,5.7505319619074435e-08,0p3,0.3
1.07,5.729481828685544e-08,0p3,0.3
1.071,5.7096105699014596e-08,0p3,0.3
1.072,5.6908286399899244e-08,0p3,0.3
1.073,5.6730941408735594e-08,0p3,0.3
1.074,5.656366371638437e-08,0p3,0.3
1.075,5.6405645375478414e-08,0p3,0.3
1.076,5.6256628153710195e-08,0p3,0.3
1.077,5.611618626423901e-08,0p3,0.3
1.078,5.5983778578688485e-08,0p3,0.3
1.079,5.585893182789647e-08,0p3,0.3
1.08,5.574124370400213e-08,0p3,0.3
1.081,5.5630401161720256e-08,0p3,0.3
1.082,5.5525956910049965e-08,0p3,0.3
1.083,5.5427576391354225e-08,0p3,0.3
1.084,5.5334988608462864e-08,0p3,0.3
1.085,5.524786420494933e-08,0p3,0.3
1.086,5.5165891365277454e-08,0p3,0.3
1.087,5.5088732291721626e-08,0p3,0.3
1.088,5.5016201309956926e-08,0p3,0.3
1.089,5.49480321510125e-08,0p3,0.3
1.09,5.4883974345378235e-08,0p3,0.3
1.091,5.48237568897952e-08,0p3,0.3
1.092,5.476720877130365e-08,0p3,0.3
1.093,5.4714132293580334e-08,0p3,0.3
1.094,5.4664325671126955e-08,0p3,0.3
1.095,5.461758139809976e-08,0p3,0.3
1.096,5.4573734230585765e-08,0p3,0.3
1.097,5.4532643535948124e-08,0p3,0.3
1.098,5.4494147397367834e-08,0p3,0.3
1.099,5.445808941712175e-08,0p3,0.3
1.1,5.4424311917271025e-08,0p3,0.3
1.101,5.4392718506627464e-08,0p3,0.3
1.102,5.4363152262625574e-08,0p3,0.3
1.103,5.4335412864766464e-08,0p3,0.3
1.104,5.4309556184034324e-08,0p3,0.3
1.105,5.428537826609029e-08,0p3,0.3
1.106,5.4262876639335335e-08,0p3,0.3
1.107,5.4242050545935386e-08,0p3,0.3
1.108,5.422252553829054e-08,0p3,0.3
1.109,5.420448483189574e-08,0p3,0.3
1.11,5.4187728707821945e-08,0p3,0.3
1.111,5.41721095248611e-08,0p3,0.3
1.112,5.415774305535169e-08,0p3,0.3
1.113,5.4144303548767724e-08,0p3,0.3
1.114,5.4131906882422865e-08,0p3,0.3
1.115,5.412049025184593e-08,0p3,0.3
1.116,5.4109870200243516e-08,0p3,0.3
1.117,5.410015006561382e-08,0p3,0.3
1.118,5.4091169310277045e-08,0p3,0.3
1.119,5.4082915382019785e-08,0p3,0.3
1.12,5.4075410974767333e-08,0p3,0.3
1.121,5.406847864009965e-08,0p3,0.3
1.122,5.406220339732569e-08,0p3,0.3
1.123,5.405650700355713e-08,0p3,0.3
1.124,5.405132268520877e-08,0p3,0.3
1.125,5.4046699623358155e-08,0p3,0.3
1.126,5.40425040255028e-08,0p3,0.3
1.127,5.4038778160540617e-08,0p3,0.3
1.128,5.4035498394789795e-08,0p3,0.3
1.129,5.403257877764954e-08,0p3,0.3
1.13,5.403006645990657e-08,0p3,0.3
1.131,5.4027889704276754e-08,0p3,0.3
1.132,5.40260382976507e-08,0p3,0.3
1.133,5.402452572353298e-08,0p3,0.3
1.134,5.4023266490578764e-08,0p3,0.3
1.135,5.40223008865137e-08,0p3,0.3
1.136,5.4021594133163024e-08,0p3,0.3
1.137,5.402111223338421e-08,0p3,0.3
1.138,5.402087897075364e-08,0p3,0.3
1.139,5.402083405007755e-08,0p3,0.3
1.14,5.4020994054216464e-08,0p3,0.3
1.141,5.4021350310522117e-08,0p3,0.3
1.142,5.4021861315911325e-08,0p3,0.3
1.143,5.40225493313025e-08,0p3,0.3
1.144,5.4023382495412196e-08,0p3,0.3
1.145,5.4024354118220675e-08,0p3,0.3
1.146,5.402546995118253e-08,0p3,0.3
1.147,5.4026660065489565e-08,0p3,0.3
1.148,5.402795694700292e-08,0p3,0.3
1.149,5.4029360592409155e-08,0p3,0.3
1.15,5.4030870997873965e-08,0p3,0.3
1.151,5.4032488159042e-08,0p3,0.3
1.152,5.403416767253741e-08,0p3,0.3
1.153,5.4035931631007785e-08,0p3,0.3
1.154,5.4037785551721255e-08,0p3,0.3
1.155,5.4039729429380584e-08,0p3,0.3
1.156,5.4041751190587725e-08,0p3,0.3
1.157,5.404379263230402e-08,0p3,0.3
1.158,5.4045896810722544e-08,0p3,0.3
1.159,5.4048063721009485e-08,0p3,0.3
1.16,5.4050293358144133e-08,0p3,0.3
1.161,5.4052561324374315e-08,0p3,0.3
1.162,5.4054852772059436e-08,0p3,0.3
1.163,5.40571878721384e-08,0p3,0.3
1.164,5.405956662035885e-08,0p3,0.3
1.165,5.406198901237524e-08,0p3,0.3
1.166,5.406442114826925e-08,0p3,0.3
1.167,5.406687491260106e-08,0p3,0.3
1.168,5.4069356993422416e-08,0p3,0.3
1.169,5.4071867387310166e-08,0p3,0.3
1.17,5.4074402810324075e-08,0p3,0.3
1.171,5.407693535249085e-08,0p3,0.3
1.172,5.4079484560617034e-08,0p3,0.3
1.173,5.408205043210883e-08,0p3,0.3
1.174,5.408463296435903e-08,0p3,0.3
1.175,5.4087222572854316e-08,0p3,0.3
1.176,5.4089809848496665e-08,0p3,0.3
1.177,5.4092405050124914e-08,0p3,0.3
1.178,5.40950081758412e-08,0p3,0.3
1.179,5.409761922374688e-08,0p3,0.3
1.18,5.4100225199029625e-08,0p3,0.3
1.181,5.410282892206378e-08,0p3,0.3
1.182,5.410543410155357e-08,0p3,0.3
1.183,5.41080407361699e-08,0p3,0.3
1.184,5.4110648236428794e-08,0p3,0.3
1.185,5.4113244076426666e-08,0p3,0.3
1.186,5.411583663853534e-08,0p3,0.3
1.187,5.4118425921864214e-08,0p3,0.3
1.188,5.412101192552803e-08,0p3,0.3
1.189,5.4123591501874725e-08,0p3,0.3
1.19,5.4126159970155816e-08,0p3,0.3
1.191,5.412872173658118e-08,0p3,0.3
1.192,5.413127680059607e-08,0p3,0.3
1.193,5.413382516165071e-08,0p3,0.3
1.194,5.4136362402958764e-08,0p3,0.3
1.195,5.4138888781593435e-08,0p3,0.3
1.196,5.414140602019749e-08,0p3,0.3
1.197,5.4143914118464755e-08,0p3,0.3
1.198,5.41464130760928e-08,0p3,0.3
1.199,5.4148896083110116e-08,0p3,0.3
1.2,5.415136744946966e-08,0p3,0.3
1.201,5.4153827245484817e-08,0p3,0.3
1.202,5.4156275471106534e-08,0p3,0.3
1.203,5.4158712126287745e-08,0p3,0.3
1.204,5.4161137210983286e-08,0p3,0.3
1.205,5.4163550725149886e-08,0p3,0.3
1.206,5.4165952668746185e-08,0p3,0.3
1.207,5.416834304173278e-08,0p3,0.3
1.208,5.4170719423417194e-08,0p3,0.3
1.209,5.417308205487728e-08,0p3,0.3
1.21,5.417543232276343e-08,0p3,0.3
1.211,5.417777022713303e-08,0p3,0.3
1.212,5.418009576804454e-08,0p3,0.3
1.213,5.4182408945557324e-08,0p3,0.3
1.214,5.41847097597318e-08,0p3,0.3
1.215,5.4186998210629294e-08,0p3,0.3
1.216,5.41892737220919e-08,0p3,0.3
1.217,5.419153364385989e-08,0p3,0.3
1.218,5.4193780425505265e-08,0p3,0.3
1.219,5.419601406719472e-08,0p3,0.3
1.22,5.419823456909469e-08,0p3,0.3
1.221,5.4200441931371343e-08,0p3,0.3
1.222,5.4202636154190624e-08,0p3,0.3
1.223,5.4204817237718214e-08,0p3,0.3
1.224,5.4206985182119636e-08,0p3,0.3
1.225,5.4209139485315515e-08,0p3,0.3
1.226,5.421128033769844e-08,0p3,0.3
1.227,5.4213407902301064e-08,0p3,0.3
1.228,5.4215522179334564e-08,0p3,0.3
1.229,5.42176231690092e-08,0p3,0.3
1.23,5.421971087153445e-08,0p3,0.3
1.231,5.422178528711887e-08,0p3,0.3
1.232,5.422384641597011e-08,0p3,0.3
1.233,5.422589450133952e-08,0p3,0.3
1.234,5.422793000553046e-08,0p3,0.3
1.235,5.422995241280764e-08,0p3,0.3
1.236,5.4231961723397996e-08,0p3,0.3
1.237,5.423395793752744e-08,0p3,0.3
1.238,5.4235941055420493e-08,0p3,0.3
1.239,5.4237911077300545e-08,0p3,0.3
1.24,5.4239868003389765e-08,0p3,0.3
1.241,5.4241811833909085e-08,0p3,0.3
1.242,5.4243744152411446e-08,0p3,0.3
1.243,5.4245664012908994e-08,0p3,0.3
1.244,5.424757117681988e-08,0p3,0.3
1.245,5.424946564436765e-08,0p3,0.3
1.246,5.4251347415774575e-08,0p3,0.3
1.247,5.4253216491261546e-08,0p3,0.3
1.248,5.425507287104811e-08,0p3,0.3
1.249,5.4256916555352474e-08,0p3,0.3
1.25,5.4258748492219894e-08,0p3,0.3
1.251,5.426056942581527e-08,0p3,0.3
1.252,5.4262378178517085e-08,0p3,0.3
1.253,5.426417475053726e-08,0p3,0.3
1.254,5.426595914208652e-08,0p3,0.3
1.255,5.42677313533742e-08,0p3,0.3
1.256,5.426949138460828e-08,0p3,0.3
1.257,5.4271239235995373e-08,0p3,0.3
1.258,5.4272974907740835e-08,0p3,0.3
1.259,5.42747010147596e-08,0p3,0.3
1.26,5.427641556411095e-08,0p3,0.3
1.261,5.4278118502469125e-08,0p3,0.3
1.262,5.427980983002907e-08,0p3,0.3
1.263,5.4281489546984346e-08,0p3,0.3
1.264,5.4283157653527315e-08,0p3,0.3
1.265,5.4284814149849095e-08,0p3,0.3
1.266,5.428645903613941e-08,0p3,0.3
1.267,5.42880937265565e-08,0p3,0.3
1.268,5.428971846795487e-08,0p3,0.3
1.269,5.4291332184587874e-08,0p3,0.3
1.27,5.4292934876633315e-08,0p3,0.3
1.271,5.429452654426776e-08,0p3,0.3
1.272,5.4296107187666724e-08,0p3,0.3
1.273,5.429767680700436e-08,0p3,0.3
1.274,5.4299235402453716e-08,0p3,0.3
1.275,5.430078322117293e-08,0p3,0.3
1.276,5.430232256296851e-08,0p3,0.3
1.277,5.430385146103738e-08,0p3,0.3
1.278,5.4305369915540394e-08,0p3,0.3
1.279,5.4306877926637344e-08,0p3,0.3
1.28,5.430837549448691e-08,0p3,0.3
1.281,5.4309862619246693e-08,0p3,0.3
1.282,5.43113393010732e-08,0p3,0.3
1.283,5.4312805540121873e-08,0p3,0.3
1.284,5.431426420277675e-08,0p3,0.3
1.285,5.4315714685179274e-08,0p3,0.3
1.286,5.431715567839688e-08,0p3,0.3
1.287,5.4318587182568094e-08,0p3,0.3
1.288,5.4320009197830645e-08,0p3,0.3
1.289,5.4321421724321265e-08,0p3,0.3
1.29,5.432282476217584e-08,0p3,0.3
1.291,5.4324218311529335e-08,0p3,0.3
1.292,5.43256023725158e-08,0p3,0.3
1.293,5.4326976945268374e-08,0p3,0.3
1.294,5.432834202991931e-08,0p3,0.3
1.295,5.432969762659997e-08,0p3,0.3
1.296,5.433104373544083e-08,0p3,0.3
1.297,5.433238035657135e-08,0p3,0.3
1.298,5.433370749012025e-08,0p3,0.3
1.299,5.4335025136215174e-08,0p3,0.3
1.3,5.433633329498302e-08,0p3,0.3
1.301,5.4337636671371625e-08,0p3,0.3
1.302,5.4338932470512594e-08,0p3,0.3
1.303,5.4340219463024885e-08,0p3,0.3
1.304,5.434149764902368e-08,0p3,0.3
1.305,5.43427670286233e-08,0p3,0.3
1.306,5.434402760193731e-08,0p3,0.3
1.307,5.4345279369078554e-08,0p3,0.3
1.308,5.4346522330159014e-08,0p3,0.3
1.309,5.4347756485289944e-08,0p3,0.3
1.31,5.4348981834581784e-08,0p3,0.3
1.311,5.435019837814424e-08,0p3,0.3
1.312,5.435140611608614e-08,0p3,0.3
1.313,5.435260504851563e-08,0p3,0.3
1.314,5.435379517554004e-08,0p3,0.3
1.315,5.4354976497265884e-08,0p3,0.3
1.316,5.435614901379895e-08,0p3,0.3
1.317,5.43573127252442e-08,0p3,0.3
1.318,5.435847492624048e-08,0p3,0.3
1.319,5.4359629948969434e-08,0p3,0.3
1.32,5.4360777073088545e-08,0p3,0.3
1.321,5.436191629869e-08,0p3,0.3
1.322,5.4363047625865485e-08,0p3,0.3
1.323,5.4364171054705955e-08,0p3,0.3
1.324,5.4365286585301814e-08,0p3,0.3
1.325,5.436639421774274e-08,0p3,0.3
1.326,5.4367493952117874e-08,0p3,0.3
1.327,5.4368585788515675e-08,0p3,0.3
1.328,5.436966972702396e-08,0p3,0.3
1.329,5.437074576772998e-08,0p3,0.3
1.33,5.437181391072025e-08,0p3,0.3
1.331,5.437287415608076e-08,0p3,0.3
1.332,5.4373926503896794e-08,0p3,0.3
1.333,5.4374970954253044e-08,0p3,0.3
1.334,5.437600770198682e-08,0p3,0.3
1.335,5.4377043882943566e-08,0p3,0.3
1.336,5.4378073005913785e-08,0p3,0.3
1.337,5.4379095070971555e-08,0p3,0.3
1.338,5.4380110078190395e-08,0p3,0.3
1.339,5.438111802764336e-08,0p3,0.3
1.34,5.4382118919402954e-08,0p3,0.3
1.341,5.438311275354124e-08,0p3,0.3
1.342,5.438409953012973e-08,0p3,0.3
1.343,5.438507924923945e-08,0p3,0.3
1.344,5.438605191094088e-08,0p3,0.3
1.345,5.438701751530405e-08,0p3,0.3
1.346,5.4387976062398465e-08,0p3,0.3
1.347,5.43889275522931e-08,0p3,0.3
1.348,5.4389871985056484e-08,0p3,0.3
1.349,5.439080936075656e-08,0p3,0.3
1.35,5.439173967946083e-08,0p3,0.3
1.351,5.439266390874098e-08,0p3,0.3
1.352,5.4393587015724374e-08,0p3,0.3
1.353,5.4394503825291685e-08,0p3,0.3
1.354,5.439541433750175e-08,0p3,0.3
1.355,5.439631855241309e-08,0p3,0.3
1.356,5.43972164700838e-08,0p3,0.3
1.357,5.439810809057158e-08,0p3,0.3
1.358,5.439899341393376e-08,0p3,0.3
1.359,5.4399872440227166e-08,0p3,0.3
1.36,5.440074516950833e-08,0p3,0.3
1.361,5.440161160183331e-08,0p3,0.3
1.362,5.440247173725778e-08,0p3,0.3
1.363,5.4403325575837074e-08,0p3,0.3
1.364,5.4404173117626e-08,0p3,0.3
1.365,5.4405014362679074e-08,0p3,0.3
1.366,5.440584931105034e-08,0p3,0.3
1.367,5.4406677962793464e-08,0p3,0.3
1.368,5.440750190496429e-08,0p3,0.3
1.369,5.4408324234846685e-08,0p3,0.3
1.37,5.4409140949085144e-08,0p3,0.3
1.371,5.440995204772652e-08,0p3,0.3
1.372,5.441075753081733e-08,0p3,0.3
1.373,5.4411557398403726e-08,0p3,0.3
1.374,5.441235165053155e-08,0p3,0.3
1.375,5.441314028724637e-08,0p3,0.3
1.376,5.441392330859337e-08,0p3,0.3
1.377,5.4414700714617456e-08,0p3,0.3
1.378,5.4415472505363215e-08,0p3,0.3
1.379,5.441623868087485e-08,0p3,0.3
1.38,5.4416999241196324e-08,0p3,0.3
1.381,5.4417754186371255e-08,0p3,0.3
1.382,5.441850351644291e-08,0p3,0.3
1.383,5.441924723145426e-08,0p3,0.3
1.384,5.4419985331447995e-08,0p3,0.3
1.385,5.442071847469617e-08,0p3,0.3
1.386,5.4421447150183536e-08,0p3,0.3
1.387,5.442217040421462e-08,0p3,0.3
1.388,5.4422888236829454e-08,0p3,0.3
1.389,5.4423600807409636e-08,0p3,0.3
1.39,5.442430895412973e-08,0p3,0.3
1.391,5.442501211028246e-08,0p3,0.3
1.392,5.442571059632853e-08,0p3,0.3
1.393,5.442640353532464e-08,0p3,0.3
1.394,5.442708970056095e-08,0p3,0.3
1.395,5.4427769144963844e-08,0p3,0.3
1.396,5.442844218988671e-08,0p3,0.3
1.397,5.4429115233265896e-08,0p3,0.3
1.398,5.442976709640991e-08,0p3,0.3
1.399,5.443041863995312e-08,0p3,0.3
1.4,5.4431070182049624e-08,0p3,0.3
1.401,5.44317217226994e-08,0p3,0.3
1.402,5.4432368902973576e-08,0p3,0.3
1.403,5.443298010902887e-08,0p3,0.3
1.404,5.443359131381095e-08,0p3,0.3
1.405,5.443420251731984e-08,0p3,0.3
1.406,5.4434813719555535e-08,0p3,0.3
1.407,5.443542492051795e-08,0p3,0.3
1.408,5.4436036120207134e-08,0p3,0.3
1.409,5.4436647318623066e-08,0p3,0.3
1.41,5.44372585157657e-08,0p3,0.3
1.411,5.4437869711635024e-08,0p3,0.3
1.412,5.4438467518420335e-08,0p3,0.3
1.413,5.443904087502415e-08,0p3,0.3
1.414,5.4439614230507376e-08,0p3,0.3
1.415,5.444018758487006e-08,0p3,0.3
1.416,5.4440760938112164e-08,0p3,0.3
1.417,5.4441334290233674e-08,0p3,0.3
1.418,5.444190764123457e-08,0p3,0.3
1.419,5.444248099111487e-08,0p3,0.3
1.42,5.44430543398745e-08,0p3,0.3
1.421,5.444362768751351e-08,0p3,0.3
1.422,5.444417975307456e-08,0p3,0.3
1.423,5.4444717605690485e-08,0p3,0.3
1.424,5.44452554573202e-08,0p3,0.3
1.425,5.44457933079637e-08,0p3,0.3
1.426,5.444633115762095e-08,0p3,0.3
1.427,5.4446869006291925e-08,0p3,0.3
1.428,5.444740685397667e-08,0p3,0.3
1.429,5.444794470067514e-08,0p3,0.3
1.43,5.4448482546387345e-08,0p3,0.3
1.431,5.444902039111324e-08,0p3,0.3
1.432,5.4449546508229247e-08,0p3,0.3
1.433,5.445006806383593e-08,0p3,0.3
1.434,5.445058700103926e-08,0p3,0.3
1.435,5.4451103319853186e-08,0p3,0.3
1.436,5.445161702029151e-08,0p3,0.3
1.437,5.445212810236797e-08,0p3,0.3
1.438,5.4452636566096254e-08,0p3,0.3
1.439,5.445314241148995e-08,0p3,0.3
1.44,5.445364563856262e-08,0p3,0.3
1.441,5.4454146247327684e-08,0p3,0.3
1.442,5.4454644237798596e-08,0p3,0.3
1.443,5.445513960998865e-08,0p3,0.3
1.444,5.445563236391109e-08,0p3,0.3
1.445,5.445612249957915e-08,0p3,0.3
1.446,5.4456610017005884e-08,0p3,0.3
1.447,5.445709491620438e-08,0p3,0.3
1.448,5.4457577197187614e-08,0p3,0.3
1.449,5.44580568599685e-08,0p3,0.3
1.45,5.445853390455988e-08,0p3,0.3
1.451,5.4459007391798574e-08,0p3,0.3
1.452,5.445947622407423e-08,0p3,0.3
1.453,5.445994215721969e-08,0p3,0.3
1.454,5.446040519124884e-08,0p3,0.3
1.455,5.446086532617536e-08,0p3,0.3
1.456,5.446132256201286e-08,0p3,0.3
1.457,5.4461776898774924e-08,0p3,0.3
1.458,5.446222833647505e-08,0p3,0.3
1.459,5.4462676875126594e-08,0p3,0.3
1.46,5.4463122514742844e-08,0p3,0.3
1.461,5.4463565255337024e-08,0p3,0.3
1.462,5.4464005096922243e-08,0p3,0.3
1.463,5.4464442039511545e-08,0p3,0.3
1.464,5.446487608311789e-08,0p3,0.3
1.465,5.446530722775414e-08,0p3,0.3
1.466,5.4465735473433076e-08,0p3,0.3
1.467,5.44661608201674e-08,0p3,0.3
1.468,5.4466583267969735e-08,0p3,0.3
1.469,5.4467002816852595e-08,0p3,0.3
1.47,5.44674194668284e-08,0p3,0.3
1.471,5.4467836036821385e-08,0p3,0.3
1.472,5.446825059799575e-08,0p3,0.3
1.473,5.446866259495608e-08,0p3,0.3
1.474,5.4469072027713184e-08,0p3,0.3
1.475,5.446947889627773e-08,0p3,0.3
1.476,5.4469883200660474e-08,0p3,0.3
1.477,5.4470284940871964e-08,0p3,0.3
1.478,5.4470684116922724e-08,0p3,0.3
1.479,5.4471080728823244e-08,0p3,0.3
1.48,5.447147477658398e-08,0p3,0.3
1.481,5.447186626021518e-08,0p3,0.3
1.482,5.4472255179727135e-08,0p3,0.3
1.483,5.447264153513009e-08,0p3,0.3
1.484,5.4473025326434135e-08,0p3,0.3
1.485,5.447340655364933e-08,0p3,0.3
1.486,5.44737852167857e-08,0p3,0.3
1.487,5.447416131585318e-08,0p3,0.3
1.488,5.447453485086162e-08,0p3,0.3
1.489,5.4474905821820816e-08,0p3,0.3
1.49,5.4475274228740484e-08,0p3,0.3
1.491,5.447564007163034e-08,0p3,0.3
1.492,5.447600335049993e-08,0p3,0.3
1.493,5.44763640653588e-08,0p3,0.3
1.494,5.447672221621643e-08,0p3,0.3
1.495,5.447707780308219e-08,0p3,0.3
1.496,5.447743082596538e-08,0p3,0.3
1.497,5.447778128487536e-08,0p3,0.3
1.498,5.447812917982118e-08,0p3,0.3
1.499,5.4478474510812125e-08,0p3,0.3
1.5,5.447881727785713e-08,0p3,0.3
1.500000003000721,5.447881727887772e-08,0p3,0.3
1.500000003000721,5.447881727887801e-08,0p3,0.3
1.501,6.875202972942052e-08,0p3,0.3
1.502,7.435978148391078e-08,0p3,0.3
1.503,7.658523116852477e-08,0p3,0.3
1.504,7.747703418465643e-08,0p3,0.3
1.505,7.880242712538236e-08,0p3,0.3
1.506,8.08696366791406e-08,0p3,0.3
1.507,8.3113604988187e-08,0p3,0.3
1.508,8.512582391328033e-08,0p3,0.3
1.509,8.682380331295143e-08,0p3,0.3
1.51,8.820249366030997e-08,0p3,0.3
1.511,8.942416035960735e-08,0p3,0.3
1.512,9.078796357926676e-08,0p3,0.3
1.513,9.225345441650657e-08,0p3,0.3
1.514,9.364164185203992e-08,0p3,0.3
1.515,9.466393618197193e-08,0p3,0.3
1.516,9.526276960707625e-08,0p3,0.3
1.517,9.546363975378603e-08,0p3,0.3
1.518,9.531314953463605e-08,0p3,0.3
1.519,9.485978543005883e-08,0p3,0.3
1.52,9.414874548995696e-08,0p3,0.3
1.521,9.322051147327526e-08,0p3,0.3
1.522,9.211062834421289e-08,0p3,0.3
1.523,9.08500719753439e-08,0p3,0.3
1.524,8.94657395106988e-08,0p3,0.3
1.525,8.798093264674738e-08,0p3,0.3
1.526,8.64157688149716e-08,0p3,0.3
1.527,8.478760467891583e-08,0p3,0.3
1.528,8.311135917616729e-08,0p3,0.3
1.529,8.139981264660087e-08,0p3,0.3
1.53,7.966387361261858e-08,0p3,0.3
1.531,7.791280969343584e-08,0p3,0.3
1.532,7.615445693051869e-08,0p3,0.3
1.533,7.439543020743335e-08,0p3,0.3
1.534,7.264124549280076e-08,0p3,0.3
1.535,7.089647617669869e-08,0p3,0.3
1.536,6.91648784632e-08,0p3,0.3
1.537,6.74495016540389e-08,0p3,0.3
1.538,6.575276954737985e-08,0p3,0.3
1.539,6.407661220966255e-08,0p3,0.3
1.54,6.242255639420138e-08,0p3,0.3
1.541,6.079159932289647e-08,0p3,0.3
1.542,5.918425935737353e-08,0p3,0.3
1.543,5.760124405256841e-08,0p3,0.3
1.544,5.6042837536364534e-08,0p3,0.3
1.545,5.450911001806595e-08,0p3,0.3
1.546,5.300005049936863e-08,0p3,0.3
1.547,5.1515443700771964e-08,0p3,0.3
1.548,5.0055130357993495e-08,0p3,0.3
1.549,4.861912423315336e-08,0p3,0.3
1.55,4.720752743859428e-08,0p3,0.3
1.551,4.582050672951337e-08,0p3,0.3
1.552,4.4458311713388794e-08,0p3,0.3
1.553,4.312126587549283e-08,0p3,0.3
1.554,4.1809749325526155e-08,0p3,0.3
1.555,4.052417383861476e-08,0p3,0.3
1.556,3.92649919809015e-08,0p3,0.3
1.557,3.803266212419728e-08,0p3,0.3
1.558,3.682763636137011e-08,0p3,0.3
1.559,3.565037672732502e-08,0p3,0.3
1.56,3.4501338743360715e-08,0p3,0.3
1.561,3.3380963172266786e-08,0p3,0.3
1.562,3.2289670190619485e-08,0p3,0.3
1.563,3.1227854866936044e-08,0p3,0.3
1.564,3.019588346790818e-08,0p3,0.3
1.565,2.9194090422160373e-08,0p3,0.3
1.566,2.8222775867646343e-08,0p3,0.3
1.567,2.728220372910233e-08,0p3,0.3
1.568,2.637260027413612e-08,0p3,0.3
1.569,2.5494153097525023e-08,0p3,0.3
1.57,2.464701048581867e-08,0p3,0.3
1.571,2.383128111795561e-08,0p3,0.3
1.572,2.3047034061923722e-08,0p3,0.3
1.573,2.229429974456356e-08,0p3,0.3
1.574,2.1581297635165442e-08,0p3,0.3
1.575,2.095765137188502e-08,0p3,0.3
1.576,2.044728122368281e-08,0p3,0.3
1.577,2.0052884131338663e-08,0p3,0.3
1.578,1.9769477160377873e-08,0p3,0.3
1.579,1.95891401949825e-08,0p3,0.3
1.58,1.9503036579662363e-08,0p3,0.3
1.581,1.9502138206401183e-08,0p3,0.3
1.582,1.957705834310363e-08,0p3,0.3
1.583,1.9718786225938482e-08,0p3,0.3
1.584,1.991825927115212e-08,0p3,0.3
1.585,2.016698132552721e-08,0p3,0.3
1.586,2.0458481764479943e-08,0p3,0.3
1.587,2.078570790200202e-08,0p3,0.3
1.588,2.114246086603571e-08,0p3,0.3
1.589,2.1523440074870852e-08,0p3,0.3
1.59,2.1923778078335493e-08,0p3,0.3
1.591,2.2339200452471613e-08,0p3,0.3
1.592,2.2765745834220063e-08,0p3,0.3
1.593,2.3200470901431382e-08,0p3,0.3
1.594,2.3640710254761673e-08,0p3,0.3
1.595,2.408422715137803e-08,0p3,0.3
1.596,2.452903721998084e-08,0p3,0.3
1.597,2.4973651487617122e-08,0p3,0.3
1.598,2.54168847793479e-08,0p3,0.3
1.599,2.585774001860639e-08,0p3,0.3
1.6,2.6295376622307082e-08,0p3,0.3
1.601,2.6729102268685654e-08,0p3,0.3
1.602,2.7158471943850473e-08,0p3,0.3
1.603,2.7583074603549442e-08,0p3,0.3
1.604,2.8002569864574183e-08,0p3,0.3
1.605,2.8416592803205264e-08,0p3,0.3
1.606,2.88249481677657e-08,0p3,0.3
1.607,2.9227401004942894e-08,0p3,0.3
1.608,2.9623721261360362e-08,0p3,0.3
1.609,3.001364439162291e-08,0p3,0.3
1.61,3.039695801147432e-08,0p3,0.3
1.611,3.0773413327713285e-08,0p3,0.3
1.612,3.1142518182544496e-08,0p3,0.3
1.613,3.15036857842546e-08,0p3,0.3
1.614,3.185615619166568e-08,0p3,0.3
1.615,3.21990689301106e-08,0p3,0.3
1.616,3.253154686328863e-08,0p3,0.3
1.617,3.285272856374567e-08,0p3,0.3
1.618,3.3161731717399173e-08,0p3,0.3
1.619,3.34575676775897e-08,0p3,0.3
1.62,3.373909746050639e-08,0p3,0.3
1.621,3.4005313664732885e-08,0p3,0.3
1.622,3.425504538670384e-08,0p3,0.3
1.623,3.4487101563576375e-08,0p3,0.3
1.624,3.470028765958774e-08,0p3,0.3
1.625,3.4893434954567293e-08,0p3,0.3
1.626,3.506542721786886e-08,0p3,0.3
1.627,3.52152252367086e-08,0p3,0.3
1.628,3.5341889221679846e-08,0p3,0.3
1.629,3.544459901738043e-08,0p3,0.3
1.63,3.552267203379842e-08,0p3,0.3
1.631,3.55755788177414e-08,0p3,0.3
1.632,3.5602956189958875e-08,0p3,0.3
1.633,3.560461788202996e-08,0p3,0.3
1.634,3.5580562618688064e-08,0p3,0.3
1.635,3.5530979606781395e-08,0p3,0.3
1.636,3.545625141170966e-08,0p3,0.3
1.637,3.5356954225743984e-08,0p3,0.3
1.638,3.523385555965837e-08,0p3,0.3
1.639,3.5087909418910014e-08,0p3,0.3
1.64,3.492024905736782e-08,0p3,0.3
1.641,3.4732177434347176e-08,0p3,0.3
1.642,3.452515553342453e-08,0p3,0.3
1.643,3.43007887330904e-08,0p3,0.3
1.644,3.406081144868268e-08,0p3,0.3
1.645,3.3807070291186914e-08,0p3,0.3
1.646,3.354150601046571e-08,0p3,0.3
1.647,3.32661345074711e-08,0p3,0.3
1.648,3.298302721136709e-08,0p3,0.3
1.649,3.2694291122777285e-08,0p3,0.3
1.65,3.2402048823340625e-08,0p3,0.3
1.651,3.2108418744363786e-08,0p3,0.3
1.652,3.181549597379954e-08,0p3,0.3
1.653,3.152533386144111e-08,0p3,0.3
1.654,3.123992665770101e-08,0p3,0.3
1.655,3.0961193392378736e-08,0p3,0.3
1.656,3.0690963167318665e-08,0p3,0.3
1.657,3.043096200178453e-08,0p3,0.3
1.658,3.0182801332795234e-08,0p3,0.3
1.659,2.9947968235620373e-08,0p3,0.3
1.66,2.9727817393181773e-08,0p3,0.3
1.661,2.9523564808212372e-08,0p3,0.3
1.662,2.933628321958793e-08,0p3,0.3
1.663,2.9166899155018534e-08,0p3,0.3
1.664,2.901619089089138e-08,0p3,0.3
1.665,2.8884764138572934e-08,0p3,0.3
1.666,2.8773068395299153e-08,0p3,0.3
1.667,2.8681451009097444e-08,0p3,0.3
1.668,2.860994409611712e-08,0p3,0.3
1.669,2.855834459981621e-08,0p3,0.3
1.67,2.85262806230792e-08,0p3,0.3
1.671,2.851320733311415e-08,0p3,0.3
1.672,2.851854405470442e-08,0p3,0.3
1.673,2.8541492797861714e-08,0p3,0.3
1.674,2.8580972270588544e-08,0p3,0.3
1.675,2.8636120689686712e-08,0p3,0.3
1.676,2.870597677479451e-08,0p3,0.3
1.677,2.87895113711762e-08,0p3,0.3
1.678,2.8885693477853554e-08,0p3,0.3
1.679,2.8993480967357473e-08,0p3,0.3
1.68,2.9111814565500212e-08,0p3,0.3
1.681,2.9239672107956973e-08,0p3,0.3
1.682,2.9376002705512613e-08,0p3,0.3
1.683,2.9519752297004264e-08,0p3,0.3
1.684,2.9669864615511523e-08,0p3,0.3
1.685,2.982528233846373e-08,0p3,0.3
1.686,2.9984948483617574e-08,0p3,0.3
1.687,3.0147811660897744e-08,0p3,0.3
1.688,3.0312867035096435e-08,0p3,0.3
1.689,3.04790747815335e-08,0p3,0.3
1.69,3.0645469282380073e-08,0p3,0.3
1.691,3.0811177176377165e-08,0p3,0.3
1.692,3.097536627915144e-08,0p3,0.3
1.693,3.1136921492543585e-08,0p3,0.3
1.694,3.129553879231609e-08,0p3,0.3
1.695,3.145036900017576e-08,0p3,0.3
1.696,3.1601438274964365e-08,0p3,0.3
1.697,3.174791593265794e-08,0p3,0.3
1.698,3.188917477926619e-08,0p3,0.3
1.699,3.2024721985436064e-08,0p3,0.3
1.7,3.215404120943086e-08,0p3,0.3
1.701,3.22766475794432e-08,0p3,0.3
1.702,3.2391810650465335e-08,0p3,0.3
1.703,3.249927268826986e-08,0p3,0.3
1.704,3.2598511171966064e-08,0p3,0.3
1.705,3.268901763456439e-08,0p3,0.3
1.706,3.277071258488301e-08,0p3,0.3
1.707,3.284611951424572e-08,0p3,0.3
1.708,3.29222156177419e-08,0p3,0.3
1.709,3.300213028473945e-08,0p3,0.3
1.71,3.30872142323986e-08,0p3,0.3
1.711,3.317753206054941e-08,0p3,0.3
1.712,3.32727344806631e-08,0p3,0.3
1.713,3.3372311342836386e-08,0p3,0.3
1.714,3.347549736938199e-08,0p3,0.3
1.715,3.3582072835119884e-08,0p3,0.3
1.716,3.36916747332922e-08,0p3,0.3
1.717,3.3803977183559384e-08,0p3,0.3
1.718,3.3918844030134664e-08,0p3,0.3
1.719,3.403594826541399e-08,0p3,0.3
1.72,3.4155258175930795e-08,0p3,0.3
1.721,3.427666659397842e-08,0p3,0.3
1.722,3.440006325520554e-08,0p3,0.3
1.723,3.452548398482952e-08,0p3,0.3
1.724,3.4652895894506334e-08,0p3,0.3
1.725,3.4782322490834023e-08,0p3,0.3
1.726,3.491379418303909e-08,0p3,0.3
1.727,3.5047353291261146e-08,0p3,0.3
1.728,3.518305546600056e-08,0p3,0.3
1.729,3.532093719218254e-08,0p3,0.3
1.73,3.5461069184722495e-08,0p3,0.3
1.731,3.560347569104827e-08,0p3,0.3
1.732,3.5748193707592526e-08,0p3,0.3
1.733,3.5895246703550394e-08,0p3,0.3
1.734,3.6044627785199654e-08,0p3,0.3
1.735,3.619632805571193e-08,0p3,0.3
1.736,3.63503198275003e-08,0p3,0.3
1.737,3.6506453213259965e-08,0p3,0.3
1.738,3.666475264026268e-08,0p3,0.3
1.739,3.6825193018474185e-08,0p3,0.3
1.74,3.698751037084835e-08,0p3,0.3
1.741,3.7151847063595414e-08,0p3,0.3
1.742,3.7318082316283846e-08,0p3,0.3
1.743,3.748588745885007e-08,0p3,0.3
1.744,3.7655460140030464e-08,0p3,0.3
1.745,3.7826567551832684e-08,0p3,0.3
1.746,3.799895972863168e-08,0p3,0.3
1.747,3.8172823725285944e-08,0p3,0.3
1.748,3.834780121687209e-08,0p3,0.3
1.749,3.8523782910943825e-08,0p3,0.3
1.75,3.870091628221047e-08,0p3,0.3
1.751,3.88787156750871e-08,0p3,0.3
1.752,3.9057251089576455e-08,0p3,0.3
1.753,3.9236609533997264e-08,0p3,0.3
1.754,3.941618552076806e-08,0p3,0.3
1.755,3.959624565264365e-08,0p3,0.3
1.756,3.9776738904218784e-08,0p3,0.3
1.757,3.99571491950683e-08,0p3,0.3
1.758,4.01377445050206e-08,0p3,0.3
1.759,4.0318383728603974e-08,0p3,0.3
1.76,4.049869471620158e-08,0p3,0.3
1.761,4.067889735206923e-08,0p3,0.3
1.762,4.0858779249341745e-08,0p3,0.3
1.763,4.1038116067482384e-08,0p3,0.3
1.764,4.1217073764235296e-08,0p3,0.3
1.765,4.139537797351596e-08,0p3,0.3
1.766,4.157294667921746e-08,0p3,0.3
1.767,4.174989027398189e-08,0p3,0.3
1.768,4.192588398294271e-08,0p3,0.3
1.769,4.2100975627492446e-08,0p3,0.3
1.77,4.22752218279701e-08,0p3,0.3
1.771,4.2448260255057126e-08,0p3,0.3
1.772,4.262025118848346e-08,0p3,0.3
1.773,4.2791166074067594e-08,0p3,0.3
1.774,4.2960725922318174e-08,0p3,0.3
1.775,4.3129075450495435e-08,0p3,0.3
1.776,4.329614374151859e-08,0p3,0.3
1.777,4.3461746605674424e-08,0p3,0.3
1.778,4.3625992871795896e-08,0p3,0.3
1.779,4.3788784705999784e-08,0p3,0.3
1.78,4.3950020237588936e-08,0p3,0.3
1.781,4.4109774994292315e-08,0p3,0.3
1.782,4.4267932915066595e-08,0p3,0.3
1.783,4.442446020051236e-08,0p3,0.3
1.784,4.4579402972165324e-08,0p3,0.3
1.785,4.473263558528324e-08,0p3,0.3
1.786,4.488417713301878e-08,0p3,0.3
1.787,4.5034049134451165e-08,0p3,0.3
1.788,4.5182124704224874e-08,0p3,0.3
1.789,4.5328460380917574e-08,0p3,0.3
1.79,4.5473047132915826e-08,0p3,0.3
1.791,4.5615798661805475e-08,0p3,0.3
1.792,4.5756759777990984e-08,0p3,0.3
1.793,4.589591138236099e-08,0p3,0.3
1.794,4.603320453737209e-08,0p3,0.3
1.795,4.616866821573606e-08,0p3,0.3
1.796,4.630228111984133e-08,0p3,0.3
1.797,4.6434021382022865e-08,0p3,0.3
1.798,4.656390529077582e-08,0p3,0.3
1.799,4.6691914767771897e-08,0p3,0.3
1.8,4.6818044695524273e-08,0p3,0.3
1.801,4.694230219153866e-08,0p3,0.3
1.802,4.706467751136884e-08,0p3,0.3
1.803,4.718517219435647e-08,0p3,0.3
1.804,4.730378789326728e-08,0p3,0.3
1.805,4.742052795552028e-08,0p3,0.3
1.806,4.7535390893801984e-08,0p3,0.3
1.807,4.764837748166248e-08,0p3,0.3
1.808,4.7759493829568954e-08,0p3,0.3
1.809,4.786874176773037e-08,0p3,0.3
1.81,4.7976128022845584e-08,0p3,0.3
1.811,4.8081638518705894e-08,0p3,0.3
1.812,4.8184695044925294e-08,0p3,0.3
1.813,4.828562108490322e-08,0p3,0.3
1.814,4.8384737613975245e-08,0p3,0.3
1.815,4.8481930123690674e-08,0p3,0.3
1.816,4.857780086602426e-08,0p3,0.3
1.817,4.8672221671281064e-08,0p3,0.3
1.818,4.87649662949343e-08,0p3,0.3
1.819,4.885602145625513e-08,0p3,0.3
1.82,4.89453511947297e-08,0p3,0.3
1.821,4.903291264224363e-08,0p3,0.3
1.822,4.9118747108200796e-08,0p3,0.3
1.823,4.9202866707375833e-08,0p3,0.3
1.824,4.928526493012894e-08,0p3,0.3
1.825,4.936594177361343e-08,0p3,0.3
1.826,4.9444916675986525e-08,0p3,0.3
1.827,4.9522286789762525e-08,0p3,0.3
1.828,4.9597983557293744e-08,0p3,0.3
1.829,4.967200697522299e-08,0p3,0.3
1.83,4.9744357040139756e-08,0p3,0.3
1.831,4.9815170843654174e-08,0p3,0.3
1.832,4.9884386850928064e-08,0p3,0.3
1.833,4.995198974610254e-08,0p3,0.3
1.834,5.001797952534737e-08,0p3,0.3
1.835,5.0082447860064316e-08,0p3,0.3
1.836,5.0145421871971273e-08,0p3,0.3
1.837,5.020684797217914e-08,0p3,0.3
1.838,5.026672615665485e-08,0p3,0.3
1.839,5.032509935838612e-08,0p3,0.3
1.84,5.0382081907775576e-08,0p3,0.3
1.841,5.043758497105585e-08,0p3,0.3
1.842,5.0491608544159125e-08,0p3,0.3
1.843,5.0544152623024193e-08,0p3,0.3
1.844,5.0595398038710364e-08,0p3,0.3
1.845,5.064523871152663e-08,0p3,0.3
1.846,5.0693670423679684e-08,0p3,0.3
1.847,5.0740693171203374e-08,0p3,0.3
1.848,5.078642654800099e-08,0p3,0.3
1.849,5.0830869838097565e-08,0p3,0.3
1.85,5.087397596305333e-08,0p3,0.3
1.851,5.0915744919075067e-08,0p3,0.3
1.852,5.0956238882302995e-08,0p3,0.3
1.853,5.099555206378891e-08,0p3,0.3
1.854,5.10336004683178e-08,0p3,0.3
1.855,5.1070384092318846e-08,0p3,0.3
1.856,5.1105913322171486e-08,0p3,0.3
1.857,5.114036416602337e-08,0p3,0.3
1.858,5.117362265573452e-08,0p3,0.3
1.859,5.1205688787985257e-08,0p3,0.3
1.86,5.1236562559482894e-08,0p3,0.3
1.861,5.126638321575217e-08,0p3,0.3
1.862,5.129511811506593e-08,0p3,0.3
1.863,5.1322732646257693e-08,0p3,0.3
1.864,5.134922680630016e-08,0p3,0.3
1.865,5.1374678811885763e-08,0p3,0.3
1.866,5.139915374296119e-08,0p3,0.3
1.867,5.142257946633321e-08,0p3,0.3
1.868,5.1444955979242387e-08,0p3,0.3
1.869,5.1466308157526553e-08,0p3,0.3
1.87,5.1486782989763015e-08,0p3,0.3
1.871,5.1506278611813434e-08,0p3,0.3
1.872,5.15247950211817e-08,0p3,0.3
1.873,5.154233221539743e-08,0p3,0.3
1.874,5.155904179884474e-08,0p3,0.3
1.875,5.15748610883207e-08,0p3,0.3
1.876,5.1589769717936765e-08,0p3,0.3
1.877,5.16037676854753e-08,0p3,0.3
1.878,5.1616945141943264e-08,0p3,0.3
1.879,5.1629336200135734e-08,0p3,0.3
1.88,5.1640883468841244e-08,0p3,0.3
1.881,5.165158694608258e-08,0p3,0.3
1.882,5.1661484072195865e-08,0p3,0.3
1.883,5.1670688710335627e-08,0p3,0.3
1.884,5.1679114548035464e-08,0p3,0.3
1.885,5.168676158354438e-08,0p3,0.3
1.886,5.1693629815132e-08,0p3,0.3
1.887,5.169987644252671e-08,0p3,0.3
1.888,5.1705413796493993e-08,0p3,0.3
1.889,5.171023529108597e-08,0p3,0.3
1.89,5.171434092478162e-08,0p3,0.3
1.891,5.1717828272893295e-08,0p3,0.3
1.892,5.1720702695078963e-08,0p3,0.3
1.893,5.1722922018881014e-08,0p3,0.3
1.894,5.17244862429724e-08,0p3,0.3
1.895,5.1725442469605194e-08,0p3,0.3
1.896,5.17258717769364e-08,0p3,0.3
1.897,5.172570445608158e-08,0p3,0.3
1.898,5.17249405058923e-08,0p3,0.3
1.899,5.1723585343154994e-08,0p3,0.3
1.9,5.1721779343842196e-08,0p3,0.3
1.901,5.171943281032527e-08,0p3,0.3
1.902,5.1716545741619535e-08,0p3,0.3
1.903,5.1713118136753713e-08,0p3,0.3
1.904,5.170925045604399e-08,0p3,0.3
1.905,5.170492385499652e-08,0p3,0.3
1.906,5.17001103723519e-08,0p3,0.3
1.907,5.1694810007286574e-08,0p3,0.3
1.908,5.168907616904976e-08,0p3,0.3
1.909,5.1682960218296035e-08,0p3,0.3
1.91,5.1676408553617283e-08,0p3,0.3
1.911,5.16694211743241e-08,0p3,0.3
1.912,5.1662012993921616e-08,0p3,0.3
1.913,5.165428989117799e-08,0p3,0.3
1.914,5.164617972796103e-08,0p3,0.3
1.915,5.1637682503702476e-08,0p3,0.3
1.916,5.1628798217842925e-08,0p3,0.3
1.917,5.1619625933633e-08,0p3,0.3
1.918,5.1610128372958895e-08,0p3,0.3
1.919,5.160028987765254e-08,0p3,0.3
1.92,5.1590110447262396e-08,0p3,0.3
1.921,5.15796463607673e-08,0p3,0.3
1.922,5.156892392532374e-08,0p3,0.3
1.923,5.155790415540113e-08,0p3,0.3
1.924,5.154658705064441e-08,0p3,0.3
1.925,5.153499419175981e-08,0p3,0.3
1.926,5.1523200864462055e-08,0p3,0.3
1.927,5.1511151289928514e-08,0p3,0.3
1.928,5.1498845467890085e-08,0p3,0.3
1.929,5.148628339808312e-08,0p3,0.3
1.93,5.1473558940174715e-08,0p3,0.3
1.931,5.1460622585795544e-08,0p3,0.3
1.932,5.144746858282132e-08,0p3,0.3
1.933,5.143409693106369e-08,0p3,0.3
1.934,5.142056353034267e-08,0p3,0.3
1.935,5.1406875084077544e-08,0p3,0.3
1.936,5.1393005134175763e-08,0p3,0.3
1.937,5.137895368051532e-08,0p3,0.3
1.938,5.13647461154368e-08,0p3,0.3
1.939,5.1350432061421316e-08,0p3,0.3
1.94,5.133597023810937e-08,0p3,0.3
1.941,5.13213606454371e-08,0p3,0.3
1.942,5.1306604857575096e-08,0p3,0.3
1.943,5.1291783631111015e-08,0p3,0.3
1.944,5.127684601024539e-08,0p3,0.3
1.945,5.126179199496504e-08,0p3,0.3
1.946,5.124662158525909e-08,0p3,0.3
1.947,5.123142339744803e-08,0p3,0.3
1.948,5.1216185200242635e-08,0p3,0.3
1.949,5.1200879539518484e-08,0p3,0.3
1.95,5.118550641533119e-08,0p3,0.3
1.951,5.117006582773744e-08,0p3,0.3
1.952,5.1154557776795114e-08,0p3,0.3
1.953,5.113898226256333e-08,0p3,0.3
1.954,5.11233392851023e-08,0p3,0.3
1.955,5.1107643132803165e-08,0p3,0.3
1.956,5.1092003192661015e-08,0p3,0.3
1.957,5.1076323836942264e-08,0p3,0.3
1.958,5.106060506574203e-08,0p3,0.3
1.959,5.1044846879156144e-08,0p3,0.3
1.96,5.102904927728105e-08,0p3,0.3
1.961,5.1013212260213845e-08,0p3,0.3
1.962,5.099733582805226e-08,0p3,0.3
1.963,5.098148312542432e-08,0p3,0.3
1.964,5.0965725784735854e-08,0p3,0.3
1.965,5.0949970741688644e-08,0p3,0.3
1.966,5.09342179964247e-08,0p3,0.3
1.967,5.0918467549085865e-08,0p3,0.3
1.968,5.0902719399813966e-08,0p3,0.3
1.969,5.0886973548750625e-08,0p3,0.3
1.97,5.0871229996037553e-08,0p3,0.3
1.971,5.085557048258157e-08,0p3,0.3
1.972,5.083998672129292e-08,0p3,0.3
1.973,5.082443629095152e-08,0p3,0.3
1.974,5.080891919172697e-08,0p3,0.3
1.975,5.079343542378842e-08,0p3,0.3
1.976,5.077798498730431e-08,0p3,0.3
1.977,5.07625678824426e-08,0p3,0.3
1.978,5.0747184109370664e-08,0p3,0.3
1.979,5.0731936627198854e-08,0p3,0.3
1.98,5.071676121670501e-08,0p3,0.3
1.981,5.0701646091444895e-08,0p3,0.3
1.982,5.0686591251605924e-08,0p3,0.3
1.983,5.0671596697374715e-08,0p3,0.3
1.984,5.065666242893678e-08,0p3,0.3
1.985,5.064178844647679e-08,0p3,0.3
1.986,5.06269869645502e-08,0p3,0.3
1.987,5.0612332345983124e-08,0p3,0.3
1.988,5.059775990222822e-08,0p3,0.3
1.989,5.058326963348293e-08,0p3,0.3
1.99,5.0568861539943455e-08,0p3,0.3
1.991,5.0554535621804814e-08,0p3,0.3
1.992,5.054029187926078e-08,0p3,0.3
1.993,5.052613031250393e-08,0p3,0.3
1.994,5.0512078763886745e-08,0p3,0.3
1.995,5.049816357316907e-08,0p3,0.3
1.996,5.04843477559854e-08,0p3,0.3
1.997,5.04706313125349e-08,0p3,0.3
1.998,5.045701424301535e-08,0p3,0.3
1.999,5.0443496547623175e-08,0p3,0.3
2.0,5.043007822655334e-08,0p3,0.3
2.001,5.0416759279999466e-08,0p3,0.3
2.002,5.0403575108772516e-08,0p3,0.3
2.003,5.039051971259177e-08,0p3,0.3
2.004,5.0377576585142344e-08,0p3,0.3
2.005,5.0364745726619573e-08,0p3,0.3
2.006,5.0352027137217225e-08,0p3,0.3
2.007,5.033942081712764e-08,0p3,0.3
2.008,5.0326926766541684e-08,0p3,0.3
2.009,5.0314544985648716e-08,0p3,0.3
2.01,5.0302311060606093e-08,0p3,0.3
2.011,5.0290201552854133e-08,0p3,0.3
2.012,5.027821335235867e-08,0p3,0.3
2.013,5.0266346459306977e-08,0p3,0.3
2.014,5.025460087388479e-08,0p3,0.3
2.015,5.0242976596276375e-08,0p3,0.3
2.016,5.023147362666445e-08,0p3,0.3
2.017,5.0220095668946463e-08,0p3,0.3
2.018,5.0208860879301274e-08,0p3,0.3
2.019,5.019775303119507e-08,0p3,0.3
2.02,5.0186772124805684e-08,0p3,0.3
2.021,5.017591816030948e-08,0p3,0.3
2.022,5.0165191137881285e-08,0p3,0.3
2.023,5.015459105769437e-08,0p3,0.3
2.024,5.01441179199206e-08,0p3,0.3
2.025,5.013377633249587e-08,0p3,0.3
2.026,5.01235698880161e-08,0p3,0.3
2.027,5.011349305793105e-08,0p3,0.3
2.028,5.010354584240567e-08,0p3,0.3
2.029,5.0093728241603354e-08,0p3,0.3
2.03,5.0084040255686166e-08,0p3,0.3
2.031,5.0074481884814574e-08,0p3,0.3
2.032,5.006505312914766e-08,0p3,0.3
2.033,5.0055754368952056e-08,0p3,0.3
2.034,5.004658551593328e-08,0p3,0.3
2.035,5.003754641158831e-08,0p3,0.3
2.036,5.002863705606807e-08,0p3,0.3
2.037,5.0019857449521985e-08,0p3,0.3
2.038,5.001120759209815e-08,0p3,0.3
2.039,5.000268748394315e-08,0p3,0.3
2.04,4.9994297125202365e-08,0p3,0.3
2.041,4.998602837541706e-08,0p3,0.3
2.042,4.99778868658394e-08,0p3,0.3
2.043,4.9969873099170173e-08,0p3,0.3
2.044,4.99619870755457e-08,0p3,0.3
2.045,4.995422879510091e-08,0p3,0.3
2.046,4.9946598257969464e-08,0p3,0.3
2.047,4.9939095464283754e-08,0p3,0.3
2.048,4.9931717553607274e-08,0p3,0.3
2.049,4.992445301822663e-08,0p3,0.3
2.05,4.9917312450752874e-08,0p3,0.3
2.051,4.9910295851308915e-08,0p3,0.3
2.052,4.9903403220016444e-08,0p3,0.3
2.053,4.9896634556995965e-08,0p3,0.3
2.054,4.9889989862366796e-08,0p3,0.3
2.055,4.988346913624707e-08,0p3,0.3
2.056,4.9877062850173564e-08,0p3,0.3
2.057,4.987076498583593e-08,0p3,0.3
2.058,4.98645858868988e-08,0p3,0.3
2.059,4.9858525553470784e-08,0p3,0.3
2.06,4.9852583985659444e-08,0p3,0.3
2.061,4.9846761183571174e-08,0p3,0.3
2.062,4.984105714731134e-08,0p3,0.3
2.063,4.98354718769842e-08,0p3,0.3
2.064,4.982998659953973e-08,0p3,0.3
2.065,4.982460678627118e-08,0p3,0.3
2.066,4.981933941927503e-08,0p3,0.3
2.067,4.9814184498646335e-08,0p3,0.3
2.068,4.980914202447909e-08,0p3,0.3
2.069,4.9804211996866265e-08,0p3,0.3
2.07,4.9799394415899975e-08,0p3,0.3
2.071,4.9794689281671284e-08,0p3,0.3
2.072,4.979006671468979e-08,0p3,0.3
2.073,4.9785548321645834e-08,0p3,0.3
2.074,4.9781135219382176e-08,0p3,0.3
2.075,4.977682740798103e-08,0p3,0.3
2.076,4.9772624887523734e-08,0p3,0.3
2.077,4.976852765809079e-08,0p3,0.3
2.078,4.976453571976178e-08,0p3,0.3
2.079,4.976064242723332e-08,0p3,0.3
2.08,4.975682555100612e-08,0p3,0.3
2.081,4.9753106223367164e-08,0p3,0.3
2.082,4.974948444438764e-08,0p3,0.3
2.083,4.9745960214138024e-08,0p3,0.3
2.084,4.9742533532687954e-08,0p3,0.3
2.085,4.973920440010632e-08,0p3,0.3
2.086,4.9735972816461285e-08,0p3,0.3
2.087,4.973282306403202e-08,0p3,0.3
2.088,4.972974729876731e-08,0p3,0.3
2.089,4.9726760973264284e-08,0p3,0.3
2.09,4.9723864087583325e-08,0p3,0.3
2.091,4.972105664178408e-08,0p3,0.3
2.092,4.97183386359256e-08,0p3,0.3
2.093,4.9715710070066255e-08,0p3,0.3
2.094,4.9713170944263764e-08,0p3,0.3
2.095,4.971069570974034e-08,0p3,0.3
2.096,4.970829321221296e-08,0p3,0.3
2.097,4.970597187006738e-08,0p3,0.3
2.098,4.970373168335422e-08,0p3,0.3
2.099,4.970157265212347e-08,0p3,0.3
2.1,4.969949477642464e-08,0p3,0.3
2.101,4.969749805630659e-08,0p3,0.3
2.102,4.969558249181765e-08,0p3,0.3
2.103,4.969368687290926e-08,0p3,0.3
2.104,4.96918572877613e-08,0p3,0.3
2.105,4.9690094606939785e-08,0p3,0.3
2.106,4.96883988304837e-08,0p3,0.3
2.107,4.968676995843159e-08,0p3,0.3
2.108,4.968520799082162e-08,0p3,0.3
2.109,4.9683712927691386e-08,0p3,0.3
2.11,4.9682284769078195e-08,0p3,0.3
2.111,4.9680923515018834e-08,0p3,0.3
2.112,4.9679629165549734e-08,0p3,0.3
2.113,4.967840172070679e-08,0p3,0.3
2.114,4.9677241180525574e-08,0p3,0.3
2.115,4.967614754504114e-08,0p3,0.3
2.116,4.967512081428815e-08,0p3,0.3
2.117,4.9674160988300834e-08,0p3,0.3
2.118,4.9673231004864135e-08,0p3,0.3
2.119,4.967232336002139e-08,0p3,0.3
2.12,4.9671473280768715e-08,0p3,0.3
2.121,4.967068076713467e-08,0p3,0.3
2.122,4.9669945819147564e-08,0p3,0.3
2.123,4.966926843683527e-08,0p3,0.3
2.124,4.96686486202253e-08,0p3,0.3
2.125,4.9668086369344924e-08,0p3,0.3
2.126,4.9667581684220947e-08,0p3,0.3
2.127,4.9667134564879834e-08,0p3,0.3
2.128,4.966674501134781e-08,0p3,0.3
2.129,4.9666413023650615e-08,0p3,0.3
2.13,4.9666138601813727e-08,0p3,0.3
2.131,4.9665921745862214e-08,0p3,0.3
2.132,4.966570505027156e-08,0p3,0.3
2.133,4.966548932597458e-08,0p3,0.3
2.134,4.96653169656985e-08,0p3,0.3
2.135,4.9665187969461784e-08,0p3,0.3
2.136,4.966510233728257e-08,0p3,0.3
2.137,4.966506006917886e-08,0p3,0.3
2.138,4.9665061165168385e-08,0p3,0.3
2.139,4.966510562526864e-08,0p3,0.3
2.14,4.9665193449496814e-08,0p3,0.3
2.141,4.966532463786999e-08,0p3,0.3
2.142,4.9665499190404846e-08,0p3,0.3
2.143,4.966571710711799e-08,0p3,0.3
2.144,4.966597838802566e-08,0p3,0.3
2.145,4.966628303314391e-08,0p3,0.3
2.146,4.966658088192181e-08,0p3,0.3
2.147,4.9666882178137765e-08,0p3,0.3
2.148,4.9667215701734216e-08,0p3,0.3
2.149,4.9667581452722574e-08,0p3,0.3
2.15,4.966797943111412e-08,0p3,0.3
2.151,4.966840963691997e-08,0p3,0.3
2.152,4.966887207015104e-08,0p3,0.3
2.153,4.9669366730818125e-08,0p3,0.3
2.154,4.9669893618931894e-08,0p3,0.3
2.155,4.9670452734502753e-08,0p3,0.3
2.156,4.967104407754099e-08,0p3,0.3
2.157,4.9671667648056735e-08,0p3,0.3
2.158,4.967232344605998e-08,0p3,0.3
2.159,4.967301147156051e-08,0p3,0.3
2.16,4.96736813601952e-08,0p3,0.3
2.161,4.96743512523513e-08,0p3,0.3
2.162,4.96750432376552e-08,0p3,0.3
2.163,4.9675757316113026e-08,0p3,0.3
2.164,4.9676493487730884e-08,0p3,0.3
2.165,4.9677251752514797e-08,0p3,0.3
2.166,4.967803211047061e-08,0p3,0.3
2.167,4.967883456160416e-08,0p3,0.3
2.168,4.967965910592115e-08,0p3,0.3
2.169,4.96805057434271e-08,0p3,0.3
2.17,4.968137447412755e-08,0p3,0.3
2.171,4.968226529802788e-08,0p3,0.3
2.172,4.968317821513331e-08,0p3,0.3
2.173,4.968411322544905e-08,0p3,0.3
2.174,4.9685023710065194e-08,0p3,0.3
2.175,4.968593253371834e-08,0p3,0.3
2.176,4.968685487943234e-08,0p3,0.3
2.177,4.96877907472097e-08,0p3,0.3
2.178,4.9688740137052894e-08,0p3,0.3
2.179,4.968970304896439e-08,0p3,0.3
2.18,4.96906794829466e-08,0p3,0.3
2.181,4.969166943900174e-08,0p3,0.3
2.182,4.9692672917132185e-08,0p3,0.3
2.183,4.9693689917340055e-08,0p3,0.3
2.184,4.9694720439627556e-08,0p3,0.3
2.185,4.9695764483996725e-08,0p3,0.3
2.186,4.9696822050449634e-08,0p3,0.3
2.187,4.969789313898822e-08,0p3,0.3
2.188,4.9698936348257444e-08,0p3,0.3
2.189,4.9699976557297394e-08,0p3,0.3
2.19,4.970102328568414e-08,0p3,0.3
2.191,4.97020765334178e-08,0p3,0.3
2.192,4.970313630049853e-08,0p3,0.3
2.193,4.970420258692637e-08,0p3,0.3
2.194,4.9705275392701414e-08,0p3,0.3
2.195,4.970635471782369e-08,0p3,0.3
2.196,4.970744056229321e-08,0p3,0.3
2.197,4.970853292610993e-08,0p3,0.3
2.198,4.9709631809273824e-08,0p3,0.3
2.199,4.971073721178481e-08,0p3,0.3
2.2,4.9711849133642824e-08,0p3,0.3
2.201,4.9712967574847694e-08,0p3,0.3
2.202,4.9714057467551314e-08,0p3,0.3
2.203,4.971514321124449e-08,0p3,0.3
2.204,4.971622998551412e-08,0p3,0.3
2.205,4.9717317790358925e-08,0p3,0.3
2.206,4.9718406625777525e-08,0p3,0.3
2.207,4.9719496491768565e-08,0p3,0.3
2.208,4.9720587388330774e-08,0p3,0.3
2.209,4.972167931546267e-08,0p3,0.3
2.21,4.9722772273163025e-08,0p3,0.3
2.211,4.9723866261430386e-08,0p3,0.3
2.212,4.972496128026342e-08,0p3,0.3
2.213,4.97260573296607e-08,0p3,0.3
2.214,4.9727154409620946e-08,0p3,0.3
2.215,4.9728252520142685e-08,0p3,0.3
2.216,4.972932349639992e-08,0p3,0.3
2.217,4.973038925413126e-08,0p3,0.3
2.218,4.973145194250351e-08,0p3,0.3
2.219,4.9732511561514525e-08,0p3,0.3
2.22,4.9733568111162184e-08,0p3,0.3
2.221,4.973462159144437e-08,0p3,0.3
2.222,4.9735672002359e-08,0p3,0.3
2.223,4.973671934390396e-08,0p3,0.3
2.224,4.9737763616077184e-08,0p3,0.3
2.225,4.973880481887656e-08,0p3,0.3
2.226,4.9739842952300055e-08,0p3,0.3
2.227,4.9740878016345555e-08,0p3,0.3
2.228,4.974191001101107e-08,0p3,0.3
2.229,4.97429389362945e-08,0p3,0.3
2.23,4.974394366174755e-08,0p3,0.3
2.231,4.9744942154281567e-08,0p3,0.3
2.232,4.9745934704075815e-08,0p3,0.3
2.233,4.9746921311127775e-08,0p3,0.3
2.234,4.9747901975435097e-08,0p3,0.3
2.235,4.974887669699531e-08,0p3,0.3
2.236,4.974984547580605e-08,0p3,0.3
2.237,4.975080831186492e-08,0p3,0.3
2.238,4.9751765205169534e-08,0p3,0.3
2.239,4.975271615571758e-08,0p3,0.3
2.24,4.9753661163506665e-08,0p3,0.3
2.241,4.97546002285345e-08,0p3,0.3
2.242,4.9755533350798774e-08,0p3,0.3
2.243,4.975645993458639e-08,0p3,0.3
2.244,4.975736743498907e-08,0p3,0.3
2.245,4.9758267165021676e-08,0p3,0.3
2.246,4.975915912468173e-08,0p3,0.3
2.247,4.976004331396677e-08,0p3,0.3
2.248,4.976091973287434e-08,0p3,0.3
2.249,4.9761788381402086e-08,0p3,0.3
2.25,4.976264925954752e-08,0p3,0.3
2.251,4.9763502367308335e-08,0p3,0.3
2.252,4.9764347704682155e-08,0p3,0.3
2.253,4.9765185271666626e-08,0p3,0.3
2.254,4.976601506825941e-08,0p3,0.3
2.255,4.9766837094458245e-08,0p3,0.3
2.256,4.976765135026083e-08,0p3,0.3
2.257,4.9768457104148434e-08,0p3,0.3
2.258,4.9769248493494015e-08,0p3,0.3
2.259,4.9770031145629887e-08,0p3,0.3
2.26,4.9770805060553674e-08,0p3,0.3
2.261,4.977157023826319e-08,0p3,0.3
2.262,4.977232667875614e-08,0p3,0.3
2.263,4.977307438203029e-08,0p3,0.3
2.264,4.9773813348083454e-08,0p3,0.3
2.265,4.977454357691338e-08,0p3,0.3
2.266,4.9775265068517953e-08,0p3,0.3
2.267,4.977597782289498e-08,0p3,0.3
2.268,4.977668184004234e-08,0p3,0.3
2.269,4.977737711995789e-08,0p3,0.3
2.27,4.9778063662639587e-08,0p3,0.3
2.271,4.977874145873532e-08,0p3,0.3
2.272,4.977941046698105e-08,0p3,0.3
2.273,4.9780070730137036e-08,0p3,0.3
2.274,4.9780722248201345e-08,0p3,0.3
2.275,4.978136502117209e-08,0p3,0.3
2.276,4.978199904904736e-08,0p3,0.3
2.277,4.9782624331825265e-08,0p3,0.3
2.278,4.978324086950391e-08,0p3,0.3
2.279,4.97838486620815e-08,0p3,0.3
2.28,4.978444770955618e-08,0p3,0.3
2.281,4.978503801192608e-08,0p3,0.3
2.282,4.978561956918949e-08,0p3,0.3
2.283,4.9786192381344564e-08,0p3,0.3
2.284,4.978675644838959e-08,0p3,0.3
2.285,4.978731177032276e-08,0p3,0.3
2.286,4.978785834714234e-08,0p3,0.3
2.287,4.978839617884666e-08,0p3,0.3
2.288,4.9788925265433996e-08,0p3,0.3
2.289,4.9789445606902716e-08,0p3,0.3
2.29,4.978995720325106e-08,0p3,0.3
2.291,4.979046005447743e-08,0p3,0.3
2.292,4.9790954160580226e-08,0p3,0.3
2.293,4.9791439521557794e-08,0p3,0.3
2.294,4.9791916137408484e-08,0p3,0.3
2.295,4.979238400813085e-08,0p3,0.3
2.296,4.979284313372324e-08,0p3,0.3
2.297,4.9793293514184083e-08,0p3,0.3
2.298,4.97937351495119e-08,0p3,0.3
2.299,4.97941712175896e-08,0p3,0.3
2.3,4.979460678031712e-08,0p3,0.3
2.301,4.9795034373040465e-08,0p3,0.3
2.302,4.979545399575831e-08,0p3,0.3
2.303,4.9795865648469324e-08,0p3,0.3
2.304,4.9796269331172135e-08,0p3,0.3
2.305,4.9796665043865436e-08,0p3,0.3
2.306,4.9797052786547995e-08,0p3,0.3
2.307,4.979743255921846e-08,0p3,0.3
2.308,4.9797804361875594e-08,0p3,0.3
2.309,4.979816819451813e-08,0p3,0.3
2.31,4.9798524057144855e-08,0p3,0.3
2.311,4.97988719497545e-08,0p3,0.3
2.312,4.9799211872345884e-08,0p3,0.3
2.313,4.979954382491776e-08,0p3,0.3
2.314,4.9799867807468994e-08,0p3,0.3
2.315,4.980018381999839e-08,0p3,0.3
2.316,4.980049186250478e-08,0p3,0.3
2.317,4.9800791934987075e-08,0p3,0.3
2.318,4.980108403744404e-08,0p3,0.3
2.319,4.9801368169874676e-08,0p3,0.3
2.32,4.9801644332277774e-08,0p3,0.3
2.321,4.980191252465232e-08,0p3,0.3
2.322,4.98021727469972e-08,0p3,0.3
2.323,4.9802424999311354e-08,0p3,0.3
2.324,4.9802673254076814e-08,0p3,0.3
2.325,4.9802930258140375e-08,0p3,0.3
2.326,4.9803180854278736e-08,0p3,0.3
2.327,4.980342504249104e-08,0p3,0.3
2.328,4.9803662822776444e-08,0p3,0.3
2.329,4.9803894195134136e-08,0p3,0.3
2.33,4.9804119159563275e-08,0p3,0.3
2.331,4.98043377160631e-08,0p3,0.3
2.332,4.9804549864632763e-08,0p3,0.3
2.333,4.9804755605271526e-08,0p3,0.3
2.334,4.9804954937978584e-08,0p3,0.3
2.335,4.9805147862753156e-08,0p3,0.3
2.336,4.9805334379594515e-08,0p3,0.3
2.337,4.9805514488501834e-08,0p3,0.3
2.338,4.9805688189474483e-08,0p3,0.3
2.339,4.9805855482511636e-08,0p3,0.3
2.34,4.9806016367612644e-08,0p3,0.3
2.341,4.9806170844776747e-08,0p3,0.3
2.342,4.9806318914003235e-08,0p3,0.3
2.343,4.9806460575291434e-08,0p3,0.3
2.344,4.980659582864062e-08,0p3,0.3
2.345,4.980672467405019e-08,0p3,0.3
2.346,4.980684711151942e-08,0p3,0.3
2.347,4.9806963141047664e-08,0p3,0.3
2.348,4.9807072762634254e-08,0p3,0.3
2.349,4.9807178190219864e-08,0p3,0.3
2.35,4.980729579931111e-08,0p3,0.3
2.351,4.9807408581732634e-08,0p3,0.3
2.352,4.9807516537483926e-08,0p3,0.3
2.353,4.9807619666564484e-08,0p3,0.3
2.354,4.980771796897389e-08,0p3,0.3
2.355,4.9807811444711595e-08,0p3,0.3
2.356,4.9807900093777194e-08,0p3,0.3
2.357,4.98079839161702e-08,0p3,0.3
2.358,4.9808062911890225e-08,0p3,0.3
2.359,4.980813708093676e-08,0p3,0.3
2.36,4.980820642330939e-08,0p3,0.3
2.361,4.980827093900769e-08,0p3,0.3
2.362,4.980833062803123e-08,0p3,0.3
2.363,4.980838549037957e-08,0p3,0.3
2.364,4.9808435526052315e-08,0p3,0.3
2.365,4.9808480735049056e-08,0p3,0.3
2.366,4.9808521117369414e-08,0p3,0.3
2.367,4.9808556673012924e-08,0p3,0.3
2.368,4.9808587401979275e-08,0p3,0.3
2.369,4.980861330426802e-08,0p3,0.3
2.37,4.9808634379878834e-08,0p3,0.3
2.371,4.9808650628811294e-08,0p3,0.3
2.372,4.980866205106505e-08,0p3,0.3
2.373,4.9808668646639755e-08,0p3,0.3
2.374,4.980867084230985e-08,0p3,0.3
2.375,4.98086888056599e-08,0p3,0.3
2.376,4.980870355115846e-08,0p3,0.3
2.377,4.9808715078805224e-08,0p3,0.3
2.378,4.980872338859998e-08,0p3,0.3
2.379,4.9808728480542555e-08,0p3,0.3
2.38,4.9808730354632624e-08,0p3,0.3
2.381,4.980872901087004e-08,0p3,0.3
2.382,4.9808724449254553e-08,0p3,0.3
2.383,4.9808716669785964e-08,0p3,0.3
2.384,4.980870567246408e-08,0p3,0.3
2.385,4.980869145728863e-08,0p3,0.3
2.386,4.9808674024259455e-08,0p3,0.3
2.387,4.9808653373376323e-08,0p3,0.3
2.388,4.9808629504639086e-08,0p3,0.3
2.389,4.98086024180475e-08,0p3,0.3
2.39,4.980857211360138e-08,0p3,0.3
2.391,4.980853859130056e-08,0p3,0.3
2.392,4.980850185114483e-08,0p3,0.3
2.393,4.9808461893134055e-08,0p3,0.3
2.394,4.9808418717267995e-08,0p3,0.3
2.395,4.980837232354653e-08,0p3,0.3
2.396,4.980832271196942e-08,0p3,0.3
2.397,4.9808269882536566e-08,0p3,0.3
2.398,4.980821383524773e-08,0p3,0.3
2.399,4.980815457010281e-08,0p3,0.3
2.4,4.9808108935336946e-08,0p3,0.3
2.401,4.9808062671506225e-08,0p3,0.3
2.402,4.98080145805495e-08,0p3,0.3
2.403,4.98079646624667e-08,0p3,0.3
2.404,4.980791291725775e-08,0p3,0.3
2.405,4.9807859344922586e-08,0p3,0.3
2.406,4.980780394546113e-08,0p3,0.3
2.407,4.980774671887327e-08,0p3,0.3
2.408,4.980768766515899e-08,0p3,0.3
2.409,4.9807626784318156e-08,0p3,0.3
2.41,4.9807564076350754e-08,0p3,0.3
2.411,4.980749954125668e-08,0p3,0.3
2.412,4.9807433179035885e-08,0p3,0.3
2.413,4.9807364989688344e-08,0p3,0.3
2.414,4.98072949732139e-08,0p3,0.3
2.415,4.9807223129612564e-08,0p3,0.3
2.416,4.9807149458884243e-08,0p3,0.3
2.417,4.9807073961028915e-08,0p3,0.3
2.418,4.980699663604645e-08,0p3,0.3
2.419,4.980691748393688e-08,0p3,0.3
2.42,4.9806836504700126e-08,0p3,0.3
2.421,4.980675369833608e-08,0p3,0.3
2.422,4.980666906484477e-08,0p3,0.3
2.423,4.9806582604226085e-08,0p3,0.3
2.424,4.980649431648e-08,0p3,0.3
2.425,4.980641601314995e-08,0p3,0.3
2.426,4.9806339110217874e-08,0p3,0.3
2.427,4.980626146318541e-08,0p3,0.3
2.428,4.980618307205263e-08,0p3,0.3
2.429,4.980610393681947e-08,0p3,0.3
2.43,4.980602405748593e-08,0p3,0.3
2.431,4.980594343405208e-08,0p3,0.3
2.432,4.9805862066517847e-08,0p3,0.3
2.433,4.980577995488327e-08,0p3,0.3
2.434,4.980569709914835e-08,0p3,0.3
2.435,4.98056134993131e-08,0p3,0.3
2.436,4.980552915537754e-08,0p3,0.3
2.437,4.9805444067341645e-08,0p3,0.3
2.438,4.980535823520542e-08,0p3,0.3
2.439,4.9805271658968874e-08,0p3,0.3
2.44,4.9805184338632054e-08,0p3,0.3
2.441,4.9805096274194914e-08,0p3,0.3
2.442,4.9805007465657515e-08,0p3,0.3
2.443,4.980491791301982e-08,0p3,0.3
2.444,4.980482761628187e-08,0p3,0.3
2.445,4.9804736575443655e-08,0p3,0.3
2.446,4.9804644790505185e-08,0p3,0.3
2.447,4.980455226146648e-08,0p3,0.3
2.448,4.980445898832753e-08,0p3,0.3
2.449,4.9804364971088384e-08,0p3,0.3
2.45,4.980427752421536e-08,0p3,0.3
2.451,4.980419241610598e-08,0p3,0.3
2.452,4.9804107317536054e-08,0p3,0.3
2.453,4.9804022228505575e-08,0p3,0.3
2.454,4.980393714901459e-08,0p3,0.3
2.455,4.9803852079063187e-08,0p3,0.3
2.456,4.9803767018651344e-08,0p3,0.3
2.457,4.9803681967779083e-08,0p3,0.3
2.458,4.9803596926446565e-08,0p3,0.3
2.459,4.980351189465366e-08,0p3,0.3
2.46,4.9803426872400535e-08,0p3,0.3
2.461,4.980334185968716e-08,0p3,0.3
2.462,4.9803256856513597e-08,0p3,0.3
2.463,4.980317186287987e-08,0p3,0.3
2.464,4.9803086878786e-08,0p3,0.3
2.465,4.9803001904232086e-08,0p3,0.3
2.466,4.9802916939218096e-08,0p3,0.3
2.467,4.9802831983744087e-08,0p3,0.3
2.468,4.98027470378101e-08,0p3,0.3
2.469,4.980266210141621e-08,0p3,0.3
2.47,4.9802577174562367e-08,0p3,0.3
2.471,4.9802492257248693e-08,0p3,0.3
2.472,4.9802407349475165e-08,0p3,0.3
2.473,4.9802322451241836e-08,0p3,0.3
2.474,4.980223756254878e-08,0p3,0.3
2.475,4.9802156550941696e-08,0p3,0.3
2.476,4.98020779081164e-08,0p3,0.3
2.477,4.9801999729136815e-08,0p3,0.3
2.478,4.980192201400298e-08,0p3,0.3
2.479,4.980184476271496e-08,0p3,0.3
2.48,4.9801767975272796e-08,0p3,0.3
2.481,4.9801691651676526e-08,0p3,0.3
2.482,4.9801615791926166e-08,0p3,0.3
2.483,4.980154039602182e-08,0p3,0.3
2.484,4.9801465463963484e-08,0p3,0.3
2.485,4.9801390995751216e-08,0p3,0.3
2.486,4.9801316991385115e-08,0p3,0.3
2.487,4.9801243450865134e-08,0p3,0.3
2.488,4.9801170374191355e-08,0p3,0.3
2.489,4.980109776136382e-08,0p3,0.3
2.49,4.9801025612382595e-08,0p3,0.3
2.491,4.98009539272477e-08,0p3,0.3
2.492,4.980088270595919e-08,0p3,0.3
2.493,4.980081194851706e-08,0p3,0.3
2.494,4.9800741654921445e-08,0p3,0.3
2.495,4.980067182517229e-08,0p3,0.3
2.496,4.98006024592697e-08,0p3,0.3
2.497,4.9800533557213667e-08,0p3,0.3
2.498,4.980046511900427e-08,0p3,0.3
2.499,4.980039714464154e-08,0p3,0.3
2.5,4.980033120362192e-08,0p3,0.3
2.501,4.9800267072934154e-08,0p3,0.3
2.502,4.980020362024866e-08,0p3,0.3
2.503,4.9800140845565483e-08,0p3,0.3
2.504,4.98000787488847e-08,0p3,0.3
2.505,4.980001733020628e-08,0p3,0.3
2.506,4.979995658953035e-08,0p3,0.3
2.507,4.9799896526856885e-08,0p3,0.3
2.508,4.9799837142185935e-08,0p3,0.3
2.509,4.979977843551755e-08,0p3,0.3
2.51,4.9799720406851775e-08,0p3,0.3
2.511,4.97996630561886e-08,0p3,0.3
2.512,4.979960638352814e-08,0p3,0.3
2.513,4.9799550388870376e-08,0p3,0.3
2.514,4.979949507221535e-08,0p3,0.3
2.515,4.979944043356315e-08,0p3,0.3
2.516,4.9799386472913727e-08,0p3,0.3
2.517,4.979933319026714e-08,0p3,0.3
2.518,4.9799280585623464e-08,0p3,0.3
2.519,4.9799228658982734e-08,0p3,0.3
2.52,4.9799177410344994e-08,0p3,0.3
2.521,4.979912683971022e-08,0p3,0.3
2.522,4.979907694707844e-08,0p3,0.3
2.523,4.9799027732449765e-08,0p3,0.3
2.524,4.97989791958242e-08,0p3,0.3
2.525,4.9798931337201754e-08,0p3,0.3
2.526,4.979888415658244e-08,0p3,0.3
2.527,4.9798837653966384e-08,0p3,0.3
2.528,4.9798791829353514e-08,0p3,0.3
2.529,4.979874668274395e-08,0p3,0.3
2.53,4.9798702214137664e-08,0p3,0.3
2.531,4.97986584235347e-08,0p3,0.3
2.532,4.97986153109351e-08,0p3,0.3
2.533,4.9798572876338895e-08,0p3,0.3
2.534,4.9798531119746094e-08,0p3,0.3
2.535,4.979849004115675e-08,0p3,0.3
2.536,4.979844964057087e-08,0p3,0.3
2.537,4.9798409917988535e-08,0p3,0.3
2.538,4.9798370873409724e-08,0p3,0.3
2.539,4.97983325068345e-08,0p3,0.3
2.54,4.979829481826285e-08,0p3,0.3
2.541,4.979825780769486e-08,0p3,0.3
2.542,4.9798221475130514e-08,0p3,0.3
2.543,4.9798185820569834e-08,0p3,0.3
2.544,4.979815084401289e-08,0p3,0.3
2.545,4.9798116545459655e-08,0p3,0.3
2.546,4.9798082924910215e-08,0p3,0.3
2.547,4.979804998236455e-08,0p3,0.3
2.548,4.979801771782271e-08,0p3,0.3
2.549,4.979798613128472e-08,0p3,0.3
2.55,4.97979543926553e-08,0p3,0.3
2.551,4.9797921981952794e-08,0p3,0.3
2.552,4.9797890165340744e-08,0p3,0.3
2.553,4.9797858942819167e-08,0p3,0.3
2.554,4.979782831438804e-08,0p3,0.3
2.555,4.979779828004743e-08,0p3,0.3
2.556,4.979776883979733e-08,0p3,0.3
2.557,4.9797739993637774e-08,0p3,0.3
2.558,4.979771174156881e-08,0p3,0.3
2.559,4.9797684083590425e-08,0p3,0.3
2.56,4.979765701970262e-08,0p3,0.3
2.561,4.979763054990548e-08,0p3,0.3
2.562,4.9797604674198984e-08,0p3,0.3
2.563,4.9797579392583123e-08,0p3,0.3
2.564,4.9797554705057973e-08,0p3,0.3
2.565,4.979753061162354e-08,0p3,0.3
2.566,4.9797507112279834e-08,0p3,0.3
2.567,4.97974842070269e-08,0p3,0.3
2.568,4.979746189586467e-08,0p3,0.3
2.569,4.979744017879328e-08,0p3,0.3
2.57,4.979741905581271e-08,0p3,0.3
2.571,4.979739852692291e-08,0p3,0.3
2.572,4.9797378592123994e-08,0p3,0.3
2.573,4.979735925141593e-08,0p3,0.3
2.574,4.9797340504798756e-08,0p3,0.3
2.575,4.979732235227244e-08,0p3,0.3
2.576,4.9797304793837085e-08,0p3,0.3
2.577,4.979728782949264e-08,0p3,0.3
2.578,4.979727145923913e-08,0p3,0.3
2.579,4.97972556830766e-08,0p3,0.3
2.58,4.979724050100508e-08,0p3,0.3
2.581,4.97972259130245e-08,0p3,0.3
2.582,4.9797211919134996e-08,0p3,0.3
2.583,4.979719851933648e-08,0p3,0.3
2.584,4.9797185713629025e-08,0p3,0.3
2.585,4.979717350201262e-08,0p3,0.3
2.586,4.9797161884487316e-08,0p3,0.3
2.587,4.9797150861053064e-08,0p3,0.3
2.588,4.979714043170995e-08,0p3,0.3
2.589,4.9797130596457944e-08,0p3,0.3
2.59,4.979712135529708e-08,0p3,0.3
2.591,4.9797112708227384e-08,0p3,0.3
2.592,4.979710465524883e-08,0p3,0.3
2.593,4.9797094911289955e-08,0p3,0.3
2.594,4.9797084714899824e-08,0p3,0.3
2.595,4.9797074964872e-08,0p3,0.3
2.596,4.9797065661206515e-08,0p3,0.3
2.597,4.979705680390334e-08,0p3,0.3
2.598,4.9797048392962494e-08,0p3,0.3
2.599,4.979704042838403e-08,0p3,0.3
2.6,4.9797032910167934e-08,0p3,0.3
2.601,4.979702583831422e-08,0p3,0.3
2.602,4.979701921282287e-08,0p3,0.3
2.603,4.9797013033693925e-08,0p3,0.3
2.604,4.9797007300927385e-08,0p3,0.3
2.605,4.9797002014523233e-08,0p3,0.3
2.606,4.979699717448154e-08,0p3,0.3
2.607,4.979699278080225e-08,0p3,0.3
2.608,4.979698883348543e-08,0p3,0.3
2.609,4.9796985332531064e-08,0p3,0.3
2.61,4.9796982277939144e-08,0p3,0.3
2.611,4.979697966970969e-08,0p3,0.3
2.612,4.979697750784272e-08,0p3,0.3
2.613,4.979697579233825e-08,0p3,0.3
2.614,4.9796974523196294e-08,0p3,0.3
2.615,4.979697370041679e-08,0p3,0.3
2.616,4.97969733239998e-08,0p3,0.3
2.617,4.979697339394534e-08,0p3,0.3
2.618,4.9796973910253436e-08,0p3,0.3
2.619,4.979697487292404e-08,0p3,0.3
2.62,4.97969762819572e-08,0p3,0.3
2.621,4.97969781373529e-08,0p3,0.3
2.622,4.9796980439111164e-08,0p3,0.3
2.623,4.9796983187231985e-08,0p3,0.3
2.624,4.979698638171537e-08,0p3,0.3
2.625,4.9796990022561374e-08,0p3,0.3
2.626,4.9796994109769955e-08,0p3,0.3
2.627,4.979699864334108e-08,0p3,0.3
2.628,4.9797003124788186e-08,0p3,0.3
2.629,4.97970044425128e-08,0p3,0.3
2.63,4.9797005983539034e-08,0p3,0.3
2.631,4.979700774786689e-08,0p3,0.3
2.632,4.9797009735496356e-08,0p3,0.3
2.633,4.9797011946427445e-08,0p3,0.3
2.634,4.9797014380660144e-08,0p3,0.3
2.635,4.9797017038194484e-08,0p3,0.3
2.636,4.979701991903047e-08,0p3,0.3
2.637,4.9797023023168095e-08,0p3,0.3
2.638,4.979702635060731e-08,0p3,0.3
2.639,4.9797029901348225e-08,0p3,0.3
2.64,4.979703367539079e-08,0p3,0.3
2.641,4.9797037672734995e-08,0p3,0.3
2.642,4.979704189338083e-08,0p3,0.3
2.643,4.9797046337328324e-08,0p3,0.3
2.644,4.979705100457752e-08,0p3,0.3
2.645,4.9797055895128345e-08,0p3,0.3
2.646,4.9797061008980854e-08,0p3,0.3
2.647,4.979706634613501e-08,0p3,0.3
2.648,4.979707190659086e-08,0p3,0.3
2.649,4.9797077690348376e-08,0p3,0.3
2.65,4.9797083697407564e-08,0p3,0.3
2.651,4.979708992776843e-08,0p3,0.3
2.652,4.9797096381431e-08,0p3,0.3
2.653,4.979710305839524e-08,0p3,0.3
2.654,4.9797109958661227e-08,0p3,0.3
2.655,4.9797117082228834e-08,0p3,0.3
2.656,4.979712442909816e-08,0p3,0.3
2.657,4.97971319992692e-08,0p3,0.3
2.658,4.9797139792741934e-08,0p3,0.3
2.659,4.979714780951637e-08,0p3,0.3
2.66,4.979715604959247e-08,0p3,0.3
2.661,4.9797164512970345e-08,0p3,0.3
2.662,4.9797173199649886e-08,0p3,0.3
2.663,4.9797182109631154e-08,0p3,0.3
2.664,4.979719053440986e-08,0p3,0.3
2.665,4.97971984008236e-08,0p3,0.3
2.666,4.9797206267237365e-08,0p3,0.3
2.667,4.979721413365115e-08,0p3,0.3
2.668,4.9797222000064954e-08,0p3,0.3
2.669,4.9797229866478775e-08,0p3,0.3
2.67,4.979723773289264e-08,0p3,0.3
2.671,4.979724559930654e-08,0p3,0.3
2.672,4.9797253465720456e-08,0p3,0.3
2.673,4.97972613321344e-08,0p3,0.3
2.674,4.9797269198548376e-08,0p3,0.3
2.675,4.9797277064962376e-08,0p3,0.3
2.676,4.979728493137638e-08,0p3,0.3
2.677,4.979729279779044e-08,0p3,0.3
2.678,4.9797300664204534e-08,0p3,0.3
2.679,4.979730853061861e-08,0p3,0.3
2.68,4.979731639703275e-08,0p3,0.3
2.681,4.9797324263446923e-08,0p3,0.3
2.682,4.97973321298611e-08,0p3,0.3
2.683,4.979733999627531e-08,0p3,0.3
2.684,4.9797347862689545e-08,0p3,0.3
2.685,4.979735572910382e-08,0p3,0.3
2.686,4.979736359551811e-08,0p3,0.3
2.687,4.9797371461932444e-08,0p3,0.3
2.688,4.9797379328346794e-08,0p3,0.3
2.689,4.979738719476115e-08,0p3,0.3
2.69,4.9797395061175554e-08,0p3,0.3
2.691,4.979740292758997e-08,0p3,0.3
2.692,4.9797410794004434e-08,0p3,0.3
2.693,4.97974186604189e-08,0p3,0.3
2.694,4.979742652683341e-08,0p3,0.3
2.695,4.979743439324796e-08,0p3,0.3
2.696,4.97974422596625e-08,0p3,0.3
2.697,4.979745012607709e-08,0p3,0.3
2.698,4.9797457992491714e-08,0p3,0.3
2.699,4.979746585890638e-08,0p3,0.3
2.7,4.9797473725321024e-08,0p3,0.3
2.701,4.979748159173573e-08,0p3,0.3
2.702,4.979748945815045e-08,0p3,0.3
2.703,4.979749732456519e-08,0p3,0.3
2.704,4.9797505190979974e-08,0p3,0.3
2.705,4.9797513057394774e-08,0p3,0.3
2.706,4.9797520923809615e-08,0p3,0.3
2.707,4.9797528790224474e-08,0p3,0.3
2.708,4.979753665663934e-08,0p3,0.3
2.709,4.9797544523054254e-08,0p3,0.3
2.71,4.979755238946919e-08,0p3,0.3
2.711,4.979756025588415e-08,0p3,0.3
2.712,4.9797568122299145e-08,0p3,0.3
2.713,4.9797575988714144e-08,0p3,0.3
2.714,4.9797583855129215e-08,0p3,0.3
2.715,4.9797591721544294e-08,0p3,0.3
2.716,4.979759958795937e-08,0p3,0.3
2.717,4.97976074543745e-08,0p3,0.3
2.718,4.979761532078964e-08,0p3,0.3
2.719,4.979762318720485e-08,0p3,0.3
2.72,4.9797631053620036e-08,0p3,0.3
2.721,4.979763892003527e-08,0p3,0.3
2.722,4.9797646786450524e-08,0p3,0.3
2.723,4.979765465286583e-08,0p3,0.3
2.724,4.9797662519281144e-08,0p3,0.3
2.725,4.9797670385696473e-08,0p3,0.3
2.726,4.979767825211184e-08,0p3,0.3
2.727,4.979768611852721e-08,0p3,0.3
2.728,4.9797693984942655e-08,0p3,0.3
2.729,4.97977018513581e-08,0p3,0.3
2.73,4.979770971777359e-08,0p3,0.3
2.731,4.9797717584189074e-08,0p3,0.3
2.732,4.9797725450604616e-08,0p3,0.3
2.733,4.9797733317020164e-08,0p3,0.3
2.734,4.9797741183435745e-08,0p3,0.3
2.735,4.979774776732403e-08,0p3,0.3
2.736,4.97977520882647e-08,0p3,0.3
2.737,4.9797756409205364e-08,0p3,0.3
2.738,4.979776073014606e-08,0p3,0.3
2.739,4.979776505108676e-08,0p3,0.3
2.74,4.979776937202746e-08,0p3,0.3
2.741,4.9797773692968167e-08,0p3,0.3
2.742,4.9797778013908886e-08,0p3,0.3
2.743,4.9797782334849624e-08,0p3,0.3
2.744,4.979778665579036e-08,0p3,0.3
2.745,4.9797790976731115e-08,0p3,0.3
2.746,4.9797795297671853e-08,0p3,0.3
2.747,4.9797799618612625e-08,0p3,0.3
2.748,4.9797803939553384e-08,0p3,0.3
2.749,4.979780826049418e-08,0p3,0.3
2.75,4.979781258143497e-08,0p3,0.3
2.751,4.979781690237579e-08,0p3,0.3
2.752,4.979782122331658e-08,0p3,0.3
2.753,4.97978255442574e-08,0p3,0.3
2.754,4.9797829865198246e-08,0p3,0.3
2.755,4.9797834186139084e-08,0p3,0.3
2.756,4.979783850707992e-08,0p3,0.3
2.757,4.979784282802077e-08,0p3,0.3
2.758,4.9797847148961644e-08,0p3,0.3
2.759,4.9797851469902515e-08,0p3,0.3
2.76,4.97978557908434e-08,0p3,0.3
2.761,4.9797860111784283e-08,0p3,0.3
2.762,4.97978644327252e-08,0p3,0.3
2.763,4.979786875366609e-08,0p3,0.3
2.764,4.9797873074607016e-08,0p3,0.3
2.765,4.9797877395547946e-08,0p3,0.3
2.766,4.9797881716488883e-08,0p3,0.3
2.767,4.9797886037429834e-08,0p3,0.3
2.768,4.979789035837077e-08,0p3,0.3
2.769,4.9797894679311735e-08,0p3,0.3
2.77,4.97978990002527e-08,0p3,0.3
2.771,4.9797903321193715e-08,0p3,0.3
2.772,4.97979076421347e-08,0p3,0.3
2.773,4.979791196307568e-08,0p3,0.3
2.774,4.979791628401669e-08,0p3,0.3
2.775,4.9797920604957715e-08,0p3,0.3
2.776,4.9797924925898745e-08,0p3,0.3
2.777,4.979792924683978e-08,0p3,0.3
2.778,4.97979335677808e-08,0p3,0.3
2.779,4.979793788872189e-08,0p3,0.3
2.78,4.9797942209662944e-08,0p3,0.3
2.781,4.979794653060401e-08,0p3,0.3
2.782,4.9797950851545116e-08,0p3,0.3
2.783,4.979795517248617e-08,0p3,0.3
2.784,4.9797959493427295e-08,0p3,0.3
2.785,4.9797963814368384e-08,0p3,0.3
2.786,4.979796813530951e-08,0p3,0.3
2.787,4.9797972456250636e-08,0p3,0.3
2.788,4.9797976777191745e-08,0p3,0.3
2.789,4.9797981098132914e-08,0p3,0.3
2.79,4.9797985419074076e-08,0p3,0.3
2.791,4.9797989740015225e-08,0p3,0.3
2.792,4.9797994060956374e-08,0p3,0.3
2.793,4.9797998381897576e-08,0p3,0.3
2.794,4.979800270283875e-08,0p3,0.3
2.795,4.979800702377995e-08,0p3,0.3
2.796,4.9798011344721175e-08,0p3,0.3
2.797,4.9798015665662396e-08,0p3,0.3
2.798,4.97980199866036e-08,0p3,0.3
2.799,4.979802430754485e-08,0p3,0.3
2.8,4.9798028628486075e-08,0p3,0.3
2.801,4.979803294942732e-08,0p3,0.3
2.802,4.979803727036857e-08,0p3,0.3
2.803,4.979804159130987e-08,0p3,0.3
2.804,4.979804591225113e-08,0p3,0.3
2.805,4.97980502331924e-08,0p3,0.3
2.806,4.9798053957576055e-08,0p3,0.3
2.807,4.979805507340087e-08,0p3,0.3
2.808,4.9798056189225696e-08,0p3,0.3
2.809,4.9798057305050534e-08,0p3,0.3
2.81,4.9798058420875344e-08,0p3,0.3
2.811,4.9798059536700195e-08,0p3,0.3
2.812,4.9798060652525e-08,0p3,0.3
2.813,4.979806176834982e-08,0p3,0.3
2.814,4.979806288417469e-08,0p3,0.3
2.815,4.979806399999949e-08,0p3,0.3
2.816,4.979806511582434e-08,0p3,0.3
2.817,4.9798066231649186e-08,0p3,0.3
2.818,4.9798067347474e-08,0p3,0.3
2.819,4.9798068463298854e-08,0p3,0.3
2.82,4.979806957912365e-08,0p3,0.3
2.821,4.97980706949485e-08,0p3,0.3
2.822,4.979807181077335e-08,0p3,0.3
2.823,4.9798072926598177e-08,0p3,0.3
2.824,4.9798074042423014e-08,0p3,0.3
2.825,4.9798075158247864e-08,0p3,0.3
2.826,4.97980762740727e-08,0p3,0.3
2.827,4.979807738989751e-08,0p3,0.3
2.828,4.979807850572236e-08,0p3,0.3
2.829,4.9798079621547174e-08,0p3,0.3
2.83,4.9798080737372044e-08,0p3,0.3
2.831,4.979808185319688e-08,0p3,0.3
2.832,4.9798082969021726e-08,0p3,0.3
2.833,4.979808408484654e-08,0p3,0.3
2.834,4.97980852006714e-08,0p3,0.3
2.835,4.9798086316496224e-08,0p3,0.3
2.836,4.979808743232108e-08,0p3,0.3
2.837,4.97980885481459e-08,0p3,0.3
2.838,4.979808966397074e-08,0p3,0.3
2.839,4.97980907797956e-08,0p3,0.3
2.84,4.9798091895620444e-08,0p3,0.3
2.841,4.9798093011445295e-08,0p3,0.3
2.842,4.979809412727013e-08,0p3,0.3
2.843,4.979809524309498e-08,0p3,0.3
2.844,4.979809635891983e-08,0p3,0.3
2.845,4.979809747474468e-08,0p3,0.3
2.846,4.9798098590569514e-08,0p3,0.3
2.847,4.9798099706394365e-08,0p3,0.3
2.848,4.979810082221922e-08,0p3,0.3
2.849,4.979810193804405e-08,0p3,0.3
2.85,4.979810305386892e-08,0p3,0.3
2.851,4.979810416969377e-08,0p3,0.3
2.852,4.97981052855186e-08,0p3,0.3
2.853,4.9798106401343475e-08,0p3,0.3
2.854,4.979810751716831e-08,0p3,0.3
2.855,4.9798108632993156e-08,0p3,0.3
2.856,4.9798109748818e-08,0p3,0.3
2.857,4.9798110864642864e-08,0p3,0.3
2.858,4.9798111980467714e-08,0p3,0.3
2.859,4.9798113096292565e-08,0p3,0.3
2.86,4.9798114212117415e-08,0p3,0.3
2.861,4.979811532794227e-08,0p3,0.3
2.862,4.979811644376712e-08,0p3,0.3
2.863,4.9798117559591974e-08,0p3,0.3
2.864,4.9798118675416844e-08,0p3,0.3
2.865,4.9798119791241695e-08,0p3,0.3
2.866,4.979812090706653e-08,0p3,0.3
2.867,4.97981220228914e-08,0p3,0.3
2.868,4.979812313871627e-08,0p3,0.3
2.869,4.97981242545411e-08,0p3,0.3
2.87,4.9798125370365974e-08,0p3,0.3
2.871,4.9798126486190844e-08,0p3,0.3
2.872,4.9798127602015675e-08,0p3,0.3
2.873,4.979812871784055e-08,0p3,0.3
2.874,4.979812983366542e-08,0p3,0.3
2.875,4.9798130949490286e-08,0p3,0.3
2.876,4.9798132065315143e-08,0p3,0.3
2.877,4.9798133181139994e-08,0p3,0.3
2.878,4.979813429696485e-08,0p3,0.3
2.879,4.9798135412789715e-08,0p3,0.3
2.88,4.979813652861457e-08,0p3,0.3
2.881,4.9798137644439456e-08,0p3,0.3
2.882,4.979813876026431e-08,0p3,0.3
2.883,4.9798139876089163e-08,0p3,0.3
2.884,4.9798140991914034e-08,0p3,0.3
2.885,4.97981421077389e-08,0p3,0.3
2.886,4.9798143223563755e-08,0p3,0.3
2.887,4.979814433938865e-08,0p3,0.3
2.888,4.97981454552135e-08,0p3,0.3
2.889,4.979814657103837e-08,0p3,0.3
2.89,4.9798147686863236e-08,0p3,0.3
2.891,4.9798148802688094e-08,0p3,0.3
2.892,4.9798149918512984e-08,0p3,0.3
2.893,4.9798151034337834e-08,0p3,0.3
2.894,4.97981521501627e-08,0p3,0.3
2.895,4.979815326598756e-08,0p3,0.3
2.896,4.979815438181245e-08,0p3,0.3
2.897,4.979815549763732e-08,0p3,0.3
2.898,4.979815661346219e-08,0p3,0.3
2.899,4.9798157729287063e-08,0p3,0.3
2.9,4.979815884511193e-08,0p3,0.3
2.901,4.9798159960936824e-08,0p3,0.3
2.902,4.979816107676168e-08,0p3,0.3
2.903,4.9798162192586565e-08,0p3,0.3
2.904,4.979816330841144e-08,0p3,0.3
2.905,4.97981644242363e-08,0p3,0.3
2.906,4.979816554006118e-08,0p3,0.3
2.907,4.979816665588605e-08,0p3,0.3
2.908,4.9798167771710924e-08,0p3,0.3
2.909,4.9798168887535814e-08,0p3,0.3
2.91,4.97981700033607e-08,0p3,0.3
2.911,4.9798171119185574e-08,0p3,0.3
2.912,4.979817223501045e-08,0p3,0.3
2.913,4.979817335083532e-08,0p3,0.3
2.914,4.979817446666021e-08,0p3,0.3
2.915,4.979817558248508e-08,0p3,0.3
2.916,4.979817669830997e-08,0p3,0.3
2.917,4.9798177814134837e-08,0p3,0.3
2.918,4.979817892995973e-08,0p3,0.3
2.919,4.97981800457846e-08,0p3,0.3
2.92,4.9798181161609494e-08,0p3,0.3
2.921,4.9798182277434384e-08,0p3,0.3
2.922,4.9798183393259255e-08,0p3,0.3
2.923,4.9798184509084145e-08,0p3,0.3
2.924,4.979818562490902e-08,0p3,0.3
2.925,4.979818674073391e-08,0p3,0.3
2.926,4.979818785655882e-08,0p3,0.3
2.927,4.9798188972383666e-08,0p3,0.3
2.928,4.979819008820856e-08,0p3,0.3
2.929,4.979819120403347e-08,0p3,0.3
2.93,4.9798192319858344e-08,0p3,0.3
2.931,4.979819343568323e-08,0p3,0.3
2.932,4.9798194551508124e-08,0p3,0.3
2.933,4.9798195667332995e-08,0p3,0.3
2.934,4.97981967831579e-08,0p3,0.3
2.935,4.979819789898278e-08,0p3,0.3
2.936,4.9798199014807665e-08,0p3,0.3
2.937,4.9798200130632556e-08,0p3,0.3
2.938,4.979820124645745e-08,0p3,0.3
2.939,4.979820236228234e-08,0p3,0.3
2.94,4.979820347810723e-08,0p3,0.3
2.941,4.9798204593932137e-08,0p3,0.3
2.942,4.9798205709757033e-08,0p3,0.3
2.943,4.979820682558192e-08,0p3,0.3
2.944,4.97982079414068e-08,0p3,0.3
2.945,4.979820905723169e-08,0p3,0.3
2.946,4.9798210173056594e-08,0p3,0.3
2.947,4.9798211288881485e-08,0p3,0.3
2.948,4.97982124047064e-08,0p3,0.3
2.949,4.979821265354828e-08,0p3,0.3
2.95,4.979821273095489e-08,0p3,0.3
2.951,4.979821280836146e-08,0p3,0.3
2.952,4.9798212885768063e-08,0p3,0.3
2.953,4.979821296317463e-08,0p3,0.3
2.954,4.9798213040581235e-08,0p3,0.3
2.955,4.979821311798782e-08,0p3,0.3
2.956,4.9798213195394386e-08,0p3,0.3
2.957,4.979821327280098e-08,0p3,0.3
2.958,4.9798213350207564e-08,0p3,0.3
2.959,4.979821342761415e-08,0p3,0.3
2.96,4.9798213505020735e-08,0p3,0.3
2.961,4.9798213582427324e-08,0p3,0.3
2.962,4.9798213659833893e-08,0p3,0.3
2.963,4.979821373724048e-08,0p3,0.3
2.964,4.979821381464705e-08,0p3,0.3
2.965,4.9798213892053654e-08,0p3,0.3
2.966,4.9798213969460216e-08,0p3,0.3
2.967,4.97982140468668e-08,0p3,0.3
2.968,4.979821412427338e-08,0p3,0.3
2.969,4.9798214201679976e-08,0p3,0.3
2.97,4.9798214279086546e-08,0p3,0.3
2.971,4.979821435649312e-08,0p3,0.3
2.972,4.97982144338997e-08,0p3,0.3
2.973,4.979821451130629e-08,0p3,0.3
2.974,4.979821458871288e-08,0p3,0.3
2.975,4.9798214666119444e-08,0p3,0.3
2.976,4.9798214743526026e-08,0p3,0.3
2.977,4.979821482093262e-08,0p3,0.3
2.978,4.979821489833919e-08,0p3,0.3
2.979,4.9798214975745773e-08,0p3,0.3
2.98,4.979821505315236e-08,0p3,0.3
2.981,4.9798215130558925e-08,0p3,0.3
2.982,4.9798215207965514e-08,0p3,0.3
2.983,4.979821528537208e-08,0p3,0.3
2.984,4.9798215362778685e-08,0p3,0.3
2.985,4.9798215440185254e-08,0p3,0.3
2.986,4.979821551759184e-08,0p3,0.3
2.987,4.979821559499841e-08,0p3,0.3
2.988,4.9798215672405014e-08,0p3,0.3
2.989,4.9798215749811584e-08,0p3,0.3
2.99,4.9798215827218166e-08,0p3,0.3
2.991,4.979821590462472e-08,0p3,0.3
2.992,4.97982159820313e-08,0p3,0.3
2.993,4.979821605943789e-08,0p3,0.3
2.994,4.9798216136844475e-08,0p3,0.3
2.995,4.979821621425105e-08,0p3,0.3
2.996,4.9798216291657614e-08,0p3,0.3
2.997,4.97982163690642e-08,0p3,0.3
2.998,4.979821644647077e-08,0p3,0.3
2.999,4.9798216523877354e-08,0p3,0.3
3.0,4.979821660128392e-08,0p3,0.3
3.0,4.979821660128392e-08,0p3,0.3
