time,BESS.terminal.V.im,case,parameter_value
0.0,6.198300000000003e-08,0p5,0.5
0.001,6.194066491200122e-08,0p5,0.5
0.002,6.172450904700786e-08,0p5,0.5
0.003,6.13005074805215e-08,0p5,0.5
0.004,6.068766941712615e-08,0p5,0.5
0.005,5.991570285123171e-08,0p5,0.5
0.006,5.9012385590388356e-08,0p5,0.5
0.007,5.8001674222039934e-08,0p5,0.5
0.008,5.690514475984274e-08,0p5,0.5
0.0089999999999999,5.5736887733760884e-08,0p5,0.5
0.01,5.4512724340558475e-08,0p5,0.5
0.011,5.3245224502683584e-08,0p5,0.5
0.012,5.1945004500446713e-08,0p5,0.5
0.013,5.062107087845347e-08,0p5,0.5
0.014,4.9281148565059124e-08,0p5,0.5
0.015,4.7931753002499177e-08,0p5,0.5
0.016,4.657837338147227e-08,0p5,0.5
0.017,4.5225527504639184e-08,0p5,0.5
0.018,4.3876588537733074e-08,0p5,0.5
0.019,4.2535208460931835e-08,0p5,0.5
0.02,4.120391266963783e-08,0p5,0.5
0.021,3.98848871263665e-08,0p5,0.5
0.022,3.8579563155166075e-08,0p5,0.5
0.023,3.7289321815465456e-08,0p5,0.5
0.024,3.601511036470345e-08,0p5,0.5
0.025,3.475758563117926e-08,0p5,0.5
0.026,3.3517027808066765e-08,0p5,0.5
0.027,3.2293719353280843e-08,0p5,0.5
0.028,3.108775217443386e-08,0p5,0.5
0.029,2.98990517204706e-08,0p5,0.5
0.03,2.872733722218111e-08,0p5,0.5
0.031,2.75723409952024e-08,0p5,0.5
0.032,2.6433747215889642e-08,0p5,0.5
0.033,2.5311309018009982e-08,0p5,0.5
0.034,2.420445678776303e-08,0p5,0.5
0.035,2.3112727681091142e-08,0p5,0.5
0.036,2.2035855723297583e-08,0p5,0.5
0.037,2.097376110494485e-08,0p5,0.5
0.038,1.9926670024954373e-08,0p5,0.5
0.039,1.889483704210897e-08,0p5,0.5
0.04,1.787864160704576e-08,0p5,0.5
0.041,1.687856292306336e-08,0p5,0.5
0.042,1.5895162613018493e-08,0p5,0.5
0.043,1.492906651408753e-08,0p5,0.5
0.044,1.3980960810886232e-08,0p5,0.5
0.045,1.3051546151508232e-08,0p5,0.5
0.046,1.21415421831387e-08,0p5,0.5
0.047,1.12516779018567e-08,0p5,0.5
0.048,1.0382678772498842e-08,0p5,0.5
0.049,9.535258079223832e-09,0p5,0.5
0.05,8.710109552961309e-09,0p5,0.5
0.051,7.907901138215824e-09,0p5,0.5
0.052,7.129269773578089e-09,0p5,0.5
0.053,6.374817072030261e-09,0p5,0.5
0.054,5.645105798212812e-09,0p5,0.5
0.055,4.940657050106596e-09,0p5,0.5
0.056,4.26195560976585e-09,0p5,0.5
0.057,3.609431552548008e-09,0p5,0.5
0.058,2.983462735681917e-09,0p5,0.5
0.059,2.384386010285836e-09,0p5,0.5
0.06,1.8124904461148881e-09,0p5,0.5
0.061,1.268017281755883e-09,0p5,0.5
0.062,7.511601529968011e-10,0p5,0.5
0.063,2.620655629203872e-10,0p5,0.5
0.064,-1.792978680457022e-10,0p5,0.5
0.065,-4.753457177102282e-10,0p5,0.5
0.066,-5.826419710929532e-10,0p5,0.5
0.067,-4.994105880295988e-10,0p5,0.5
0.068,-2.40227590804809e-10,0p5,0.5
0.069,1.7341077466237058e-10,0p5,0.5
0.07,7.171518609172468e-10,0p5,0.5
0.0709999999999999,1.365673105041494e-09,0p5,0.5
0.0719999999999999,2.093837069837612e-09,0p5,0.5
0.073,2.878536425754714e-09,0p5,0.5
0.074,3.698455854649762e-09,0p5,0.5
0.075,4.5346050439974295e-09,0p5,0.5
0.076,5.370936143248048e-09,0p5,0.5
0.077,6.193756717827666e-09,0p5,0.5
0.078,6.991104504951913e-09,0p5,0.5
0.079,7.755027619094112e-09,0p5,0.5
0.08,8.478847168242745e-09,0p5,0.5
0.081,9.158317773543585e-09,0p5,0.5
0.082,9.79013725155502e-09,0p5,0.5
0.083,1.037192022002356e-08,0p5,0.5
0.084,1.0902851593625112e-08,0p5,0.5
0.085,1.13826964443919e-08,0p5,0.5
0.0859999999999999,1.181179663906774e-08,0p5,0.5
0.0869999999999999,1.2191073619188861e-08,0p5,0.5
0.0879999999999999,1.252175154802263e-08,0p5,0.5
0.089,1.280530024152565e-08,0p5,0.5
0.09,1.3043144943375452e-08,0p5,0.5
0.091,1.32371204264964e-08,0p5,0.5
0.092,1.33889654627644e-08,0p5,0.5
0.093,1.350026930488709e-08,0p5,0.5
0.094,1.3572393601950881e-08,0p5,0.5
0.095,1.360615019405773e-08,0p5,0.5
0.096,1.3602069735872192e-08,0p5,0.5
0.097,1.356068341117849e-08,0p5,0.5
0.098,1.3482290181842131e-08,0p5,0.5
0.099,1.3367011572268841e-08,0p5,0.5
0.1,1.3215169308283032e-08,0p5,0.5
0.101,1.302709496980373e-08,0p5,0.5
0.102,1.2803423966925612e-08,0p5,0.5
0.103,1.2545168097262542e-08,0p5,0.5
0.104,1.225587638634125e-08,0p5,0.5
0.105,1.195325986406861e-08,0p5,0.5
0.106,1.165193642270619e-08,0p5,0.5
0.107,1.1355820506042022e-08,0p5,0.5
0.108,1.1065631949078331e-08,0p5,0.5
0.109,1.0780504379905281e-08,0p5,0.5
0.11,1.049969679755273e-08,0p5,0.5
0.111,1.022247327791876e-08,0p5,0.5
0.112,9.94823289089744e-09,0p5,0.5
0.113,9.676583563294132e-09,0p5,0.5
0.114,9.40735025083426e-09,0p5,0.5
0.115,9.140557485853178e-09,0p5,0.5
0.116,8.876402291160611e-09,0p5,0.5
0.117,8.61523660048932e-09,0p5,0.5
0.118,8.357521993040772e-09,0p5,0.5
0.119,8.103806630176036e-09,0p5,0.5
0.12,7.85470731396746e-09,0p5,0.5
0.121,7.61089056870417e-09,0p5,0.5
0.122,7.373056178365257e-09,0p5,0.5
0.123,7.1419264426396775e-09,0p5,0.5
0.124,6.918252388216142e-09,0p5,0.5
0.125,6.702734564573365e-09,0p5,0.5
0.126,6.496080583632701e-09,0p5,0.5
0.127,6.29897751889955e-09,0p5,0.5
0.128,6.112085703946998e-09,0p5,0.5
0.129,5.936033624841275e-09,0p5,0.5
0.13,5.771413782008441e-09,0p5,0.5
0.131,5.6187979027452055e-09,0p5,0.5
0.132,5.478686079298621e-09,0p5,0.5
0.133,5.352238750346885e-09,0p5,0.5
0.134,5.2456407545989264e-09,0p5,0.5
0.135,5.167922925681228e-09,0p5,0.5
0.136,5.122766289939747e-09,0p5,0.5
0.137,5.110774252650681e-09,0p5,0.5
0.138,5.130688781096669e-09,0p5,0.5
0.139,5.179840610542786e-09,0p5,0.5
0.14,5.254920852403357e-09,0p5,0.5
0.141,5.352170646860248e-09,0p5,0.5
0.142,5.467651465521773e-09,0p5,0.5
0.143,5.598186753075681e-09,0p5,0.5
0.144,5.7396647459674965e-09,0p5,0.5
0.145,5.887998320589889e-09,0p5,0.5
0.146,6.039204106513467e-09,0p5,0.5
0.147,6.189749387246231e-09,0p5,0.5
0.148,6.336351910094839e-09,0p5,0.5
0.149,6.475923443034612e-09,0p5,0.5
0.15,6.605666818855816e-09,0p5,0.5
0.151,6.723421930713123e-09,0p5,0.5
0.152,6.8376085255720974e-09,0p5,0.5
0.153,6.959450893077789e-09,0p5,0.5
0.154,7.0928943625371295e-09,0p5,0.5
0.155,7.239610321073191e-09,0p5,0.5
0.156,7.400043805402749e-09,0p5,0.5
0.157,7.573859445722217e-09,0p5,0.5
0.158,7.760400634139185e-09,0p5,0.5
0.159,7.959142202633873e-09,0p5,0.5
0.16,8.169589608926838e-09,0p5,0.5
0.161,8.391096021632219e-09,0p5,0.5
0.162,8.623014043620807e-09,0p5,0.5
0.163,8.864669772201799e-09,0p5,0.5
0.164,9.115624917041942e-09,0p5,0.5
0.165,9.375366974530645e-09,0p5,0.5
0.166,9.643369070675456e-09,0p5,0.5
0.167,9.919088875020742e-09,0p5,0.5
0.168,1.020198369467526e-08,0p5,0.5
0.169,1.049165940324753e-08,0p5,0.5
0.17,1.078762179587133e-08,0p5,0.5
0.171,1.108938897529886e-08,0p5,0.5
0.172,1.1396435620082e-08,0p5,0.5
0.173,1.170837630052727e-08,0p5,0.5
0.174,1.2024808821250621e-08,0p5,0.5
0.175,1.2345305671649781e-08,0p5,0.5
0.176,1.2669447996241872e-08,0p5,0.5
0.177,1.299679156958773e-08,0p5,0.5
0.178,1.332705615980579e-08,0p5,0.5
0.179,1.365987352945749e-08,0p5,0.5
0.18,1.3994891889730631e-08,0p5,0.5
0.181,1.4331742476505612e-08,0p5,0.5
0.182,1.4670137004500121e-08,0p5,0.5
0.183,1.500964007627629e-08,0p5,0.5
0.184,1.534983655917321e-08,0p5,0.5
0.185,1.5690850169360472e-08,0p5,0.5
0.186,1.603208468806943e-08,0p5,0.5
0.187,1.6373807067430473e-08,0p5,0.5
0.188,1.671541045873594e-08,0p5,0.5
0.189,1.705676706044265e-08,0p5,0.5
0.19,1.7397800873248373e-08,0p5,0.5
0.191,1.773807861531472e-08,0p5,0.5
0.192,1.8077783645154382e-08,0p5,0.5
0.193,1.8416290242713272e-08,0p5,0.5
0.194,1.8753862119401952e-08,0p5,0.5
0.195,1.9090058335418482e-08,0p5,0.5
0.196,1.942488421882264e-08,0p5,0.5
0.197,1.97582085584161e-08,0p5,0.5
0.198,2.0089791800888683e-08,0p5,0.5
0.199,2.041971767090816e-08,0p5,0.5
0.2,2.074762550083526e-08,0p5,0.5
0.201,2.1073675631804922e-08,0p5,0.5
0.202,2.139756343332534e-08,0p5,0.5
0.203,2.1719347469712012e-08,0p5,0.5
0.204,2.2038909603285423e-08,0p5,0.5
0.205,2.2356146906023712e-08,0p5,0.5
0.206,2.2671082274762633e-08,0p5,0.5
0.207,2.298353789123285e-08,0p5,0.5
0.208,2.329359785558031e-08,0p5,0.5
0.209,2.3601083175897483e-08,0p5,0.5
0.21,2.390605500111928e-08,0p5,0.5
0.211,2.4208433820490892e-08,0p5,0.5
0.212,2.450818862667455e-08,0p5,0.5
0.213,2.4805317085849533e-08,0p5,0.5
0.214,2.509974666922035e-08,0p5,0.5
0.215,2.5391511261243023e-08,0p5,0.5
0.216,2.568052253829847e-08,0p5,0.5
0.217,2.5966816786630953e-08,0p5,0.5
0.218,2.625033817304245e-08,0p5,0.5
0.219,2.6531080445640634e-08,0p5,0.5
0.22,2.680902919725119e-08,0p5,0.5
0.221,2.7084143561422972e-08,0p5,0.5
0.222,2.7356439308998613e-08,0p5,0.5
0.223,2.7625852628408944e-08,0p5,0.5
0.224,2.7892411009870953e-08,0p5,0.5
0.225,2.8156061584548184e-08,0p5,0.5
0.226,2.84168091249122e-08,0p5,0.5
0.227,2.8674633926024063e-08,0p5,0.5
0.228,2.892951030231711e-08,0p5,0.5
0.229,2.91814457149102e-08,0p5,0.5
0.23,2.9430397857424672e-08,0p5,0.5
0.231,2.9676385959723264e-08,0p5,0.5
0.232,2.991937145294141e-08,0p5,0.5
0.233,3.015936420773121e-08,0p5,0.5
0.234,3.039634920041412e-08,0p5,0.5
0.235,3.063031672330569e-08,0p5,0.5
0.236,3.0861269114316523e-08,0p5,0.5
0.237,3.1089191030175244e-08,0p5,0.5
0.238,3.1314089929624586e-08,0p5,0.5
0.239,3.15359554241827e-08,0p5,0.5
0.24,3.175479164113754e-08,0p5,0.5
0.241,3.197059915749071e-08,0p5,0.5
0.242,3.2183378140206114e-08,0p5,0.5
0.243,3.239313220334739e-08,0p5,0.5
0.244,3.259986850328225e-08,0p5,0.5
0.245,3.280358468994767e-08,0p5,0.5
0.246,3.300430158972969e-08,0p5,0.5
0.247,3.320201060782794e-08,0p5,0.5
0.248,3.339673518360821e-08,0p5,0.5
0.249,3.358847597127921e-08,0p5,0.5
0.25,3.377724496140403e-08,0p5,0.5
0.251,3.396306258486002e-08,0p5,0.5
0.252,3.4145923342550876e-08,0p5,0.5
0.253,3.4325869830815284e-08,0p5,0.5
0.254,3.450288348064081e-08,0p5,0.5
0.255,3.467701211343912e-08,0p5,0.5
0.256,3.4848248120662763e-08,0p5,0.5
0.257,3.501661760889062e-08,0p5,0.5
0.258,3.51821446639633e-08,0p5,0.5
0.259,3.5344827014493195e-08,0p5,0.5
0.26,3.55047188292533e-08,0p5,0.5
0.261,3.566179505717438e-08,0p5,0.5
0.262,3.5816127160964125e-08,0p5,0.5
0.263,3.596769277759037e-08,0p5,0.5
0.264,3.6116535856815456e-08,0p5,0.5
0.265,3.6262676162112254e-08,0p5,0.5
0.266,3.640611964664108e-08,0p5,0.5
0.267,3.6546923221837765e-08,0p5,0.5
0.268,3.66850607304853e-08,0p5,0.5
0.269,3.6820619053043615e-08,0p5,0.5
0.27,3.6953563237907445e-08,0p5,0.5
0.271,3.7083954860698244e-08,0p5,0.5
0.272,3.721180360759707e-08,0p5,0.5
0.273,3.7337127048188316e-08,0p5,0.5
0.274,3.7459978060919125e-08,0p5,0.5
0.275,3.7580336373786135e-08,0p5,0.5
0.276,3.769828893386925e-08,0p5,0.5
0.277,3.781379898244587e-08,0p5,0.5
0.278,3.7926941863173276e-08,0p5,0.5
0.279,3.8037713516104954e-08,0p5,0.5
0.28,3.8146145090953736e-08,0p5,0.5
0.281,3.8252280685809094e-08,0p5,0.5
0.282,3.83561088296836e-08,0p5,0.5
0.283,3.845771129124941e-08,0p5,0.5
0.284,3.855705157021772e-08,0p5,0.5
0.285,3.8654217323349656e-08,0p5,0.5
0.286,3.8749188760535364e-08,0p5,0.5
0.287,3.884201145461113e-08,0p5,0.5
0.288,3.8932717686285034e-08,0p5,0.5
0.289,3.902130657847403e-08,0p5,0.5
0.29,3.9107851112481863e-08,0p5,0.5
0.291,3.919231661569376e-08,0p5,0.5
0.292,3.927480146798688e-08,0p5,0.5
0.293,3.9355269416792296e-08,0p5,0.5
0.294,3.94337804830285e-08,0p5,0.5
0.295,3.951035342041873e-08,0p5,0.5
0.296,3.958502050038315e-08,0p5,0.5
0.297,3.9657888207976745e-08,0p5,0.5
0.298,3.972890199427821e-08,0p5,0.5
0.299,3.979806185031079e-08,0p5,0.5
0.3,3.986536776717359e-08,0p5,0.5
0.301,3.993096603156168e-08,0p5,0.5
0.302,3.9994818871601254e-08,0p5,0.5
0.303,4.0056889178475977e-08,0p5,0.5
0.304,4.0117176943834266e-08,0p5,0.5
0.305,4.017584801345261e-08,0p5,0.5
0.306,4.023293265086145e-08,0p5,0.5
0.307,4.028834827043379e-08,0p5,0.5
0.308,4.0342094864515424e-08,0p5,0.5
0.309,4.039427656836857e-08,0p5,0.5
0.31,4.0444980528599516e-08,0p5,0.5
0.311,4.04941126608636e-08,0p5,0.5
0.312,4.054167295814186e-08,0p5,0.5
0.313,4.058773079848735e-08,0p5,0.5
0.314,4.0632432235537563e-08,0p5,0.5
0.315,4.0675660378964834e-08,0p5,0.5
0.316,4.07174152223784e-08,0p5,0.5
0.317,4.075773117170874e-08,0p5,0.5
0.318,4.0796802162796114e-08,0p5,0.5
0.319,4.083449570572839e-08,0p5,0.5
0.32,4.0870811794715526e-08,0p5,0.5
0.321,4.090575378301143e-08,0p5,0.5
0.322,4.093955596087156e-08,0p5,0.5
0.323,4.097207365764259e-08,0p5,0.5
0.324,4.1003306868103565e-08,0p5,0.5
0.325,4.10332555870903e-08,0p5,0.5
0.326,4.106211538251215e-08,0p5,0.5
0.327,4.108980420469068e-08,0p5,0.5
0.328,4.111629830216493e-08,0p5,0.5
0.329,4.114159767030028e-08,0p5,0.5
0.33,4.116585364277438e-08,0p5,0.5
0.331,4.1189048237769276e-08,0p5,0.5
0.332,4.121113452505806e-08,0p5,0.5
0.333,4.1232112500499696e-08,0p5,0.5
0.334,4.1252093862203834e-08,0p5,0.5
0.335,4.127111624552947e-08,0p5,0.5
0.336,4.128911331368994e-08,0p5,0.5
0.337,4.130608506300157e-08,0p5,0.5
0.338,4.132210806188588e-08,0p5,0.5
0.339,4.1337267453439816e-08,0p5,0.5
0.34,4.135148105813467e-08,0p5,0.5
0.341,4.136474887270877e-08,0p5,0.5
0.342,4.1377116672131434e-08,0p5,0.5
0.343,4.138870942910661e-08,0p5,0.5
0.344,4.139943244961937e-08,0p5,0.5
0.345,4.140928573079589e-08,0p5,0.5
0.346,4.141828837842016e-08,0p5,0.5
0.347,4.142659799970076e-08,0p5,0.5
0.348,4.143411046299599e-08,0p5,0.5
0.349,4.144082576578701e-08,0p5,0.5
0.35,4.14467439055867e-08,0p5,0.5
0.351,4.1452037417966795e-08,0p5,0.5
0.352,4.145660657573048e-08,0p5,0.5
0.353,4.146044770159203e-08,0p5,0.5
0.354,4.146356079338481e-08,0p5,0.5
0.355,4.146608073230393e-08,0p5,0.5
0.356,4.1467961182581044e-08,0p5,0.5
0.357,4.146917931414796e-08,0p5,0.5
0.358,4.14697351251295e-08,0p5,0.5
0.359,4.1469730329554977e-08,0p5,0.5
0.36,4.146916417657375e-08,0p5,0.5
0.361,4.1467998048612654e-08,0p5,0.5
0.362,4.146623194406086e-08,0p5,0.5
0.363,4.1463938626047186e-08,0p5,0.5
0.364,4.1461155673041543e-08,0p5,0.5
0.365,4.1457831774826335e-08,0p5,0.5
0.366,4.14539669300296e-08,0p5,0.5
0.367,4.144960888682698e-08,0p5,0.5
0.368,4.144482685748442e-08,0p5,0.5
0.369,4.14395596624773e-08,0p5,0.5
0.37,4.143380730064889e-08,0p5,0.5
0.371,4.142759615602738e-08,0p5,0.5
0.372,4.1421020940775854e-08,0p5,0.5
0.373,4.1414013160009385e-08,0p5,0.5
0.374,4.1406572812764586e-08,0p5,0.5
0.375,4.1398708283502866e-08,0p5,0.5
0.376,4.1390534207296875e-08,0p5,0.5
0.377,4.138197706325456e-08,0p5,0.5
0.378,4.13730368505856e-08,0p5,0.5
0.379,4.1363713568512444e-08,0p5,0.5
0.38,4.135411714318691e-08,0p5,0.5
0.381,4.134419066130557e-08,0p5,0.5
0.382,4.1333927588286244e-08,0p5,0.5
0.383,4.132332792350396e-08,0p5,0.5
0.384,4.1312475633200336e-08,0p5,0.5
0.385,4.13013489483894e-08,0p5,0.5
0.386,4.12899292160936e-08,0p5,0.5
0.387,4.127821643582346e-08,0p5,0.5
0.388,4.126627221574436e-08,0p5,0.5
0.389,4.1254103891549144e-08,0p5,0.5
0.39,4.124168321988536e-08,0p5,0.5
0.391,4.1229010200383545e-08,0p5,0.5
0.392,4.1216127386600787e-08,0p5,0.5
0.393,4.120306574483791e-08,0p5,0.5
0.394,4.1189789705192995e-08,0p5,0.5
0.395,4.117629926740213e-08,0p5,0.5
0.396,4.116262094264111e-08,0p5,0.5
0.397,4.114880440151293e-08,0p5,0.5
0.398,4.113480875726779e-08,0p5,0.5
0.399,4.1120634009734537e-08,0p5,0.5
0.4,4.1106293357559654e-08,0p5,0.5
0.401,4.109185077641207e-08,0p5,0.5
0.402,4.107726182954573e-08,0p5,0.5
0.403,4.1062526516870274e-08,0p5,0.5
0.404,4.10476471822872e-08,0p5,0.5
0.405,4.103269821132107e-08,0p5,0.5
0.406,4.1017633153457134e-08,0p5,0.5
0.407,4.100245200867516e-08,0p5,0.5
0.408,4.0987154776958015e-08,0p5,0.5
0.409,4.097180389670457e-08,0p5,0.5
0.41,4.0956371163082425e-08,0p5,0.5
0.411,4.094085026250249e-08,0p5,0.5
0.412,4.0925241195006934e-08,0p5,0.5
0.413,4.0909590303693746e-08,0p5,0.5
0.414,4.089388992866279e-08,0p5,0.5
0.415,4.0878127047795715e-08,0p5,0.5
0.416,4.086230166118542e-08,0p5,0.5
0.417,4.0846446620699984e-08,0p5,0.5
0.418,4.0830570593444596e-08,0p5,0.5
0.419,4.08146555627677e-08,0p5,0.5
0.42,4.079870152880507e-08,0p5,0.5
0.421,4.078274412466503e-08,0p5,0.5
0.422,4.076681827089663e-08,0p5,0.5
0.423,4.075088862877e-08,0p5,0.5
0.424,4.0734955198476776e-08,0p5,0.5
0.425,4.0719017980208627e-08,0p5,0.5
0.426,4.0703076974157295e-08,0p5,0.5
0.427,4.0687132180514535e-08,0p5,0.5
0.428,4.067118359947215e-08,0p5,0.5
0.429,4.06552435559906e-08,0p5,0.5
0.43,4.063938533935468e-08,0p5,0.5
0.431,4.0623543774373446e-08,0p5,0.5
0.432,4.060771886126614e-08,0p5,0.5
0.433,4.059191060025169e-08,0p5,0.5
0.434,4.0576118991548445e-08,0p5,0.5
0.435,4.0560344035374436e-08,0p5,0.5
0.436,4.054458573194718e-08,0p5,0.5
0.437,4.0528924439122534e-08,0p5,0.5
0.438,4.0513343048279085e-08,0p5,0.5
0.439,4.049780756606905e-08,0p5,0.5
0.44,4.0482317992744e-08,0p5,0.5
0.441,4.0466874328554565e-08,0p5,0.5
0.442,4.0451476573750256e-08,0p5,0.5
0.443,4.0436124728579564e-08,0p5,0.5
0.444,4.042083543857673e-08,0p5,0.5
0.445,4.040566872871042e-08,0p5,0.5
0.446,4.03905689437331e-08,0p5,0.5
0.447,4.0375536083912485e-08,0p5,0.5
0.448,4.0360570149514956e-08,0p5,0.5
0.449,4.03456711408053e-08,0p5,0.5
0.45,4.0330839058047026e-08,0p5,0.5
0.451,4.0316073901502084e-08,0p5,0.5
0.452,4.0301428980119176e-08,0p5,0.5
0.453,4.028688518861979e-08,0p5,0.5
0.454,4.0272425924041164e-08,0p5,0.5
0.455,4.025805118665692e-08,0p5,0.5
0.456,4.024376097673893e-08,0p5,0.5
0.457,4.0229555294557247e-08,0p5,0.5
0.458,4.0215434140380344e-08,0p5,0.5
0.459,4.0201411779690426e-08,0p5,0.5
0.46,4.018752119800508e-08,0p5,0.5
0.461,4.0173728802960796e-08,0p5,0.5
0.462,4.0160034594830774e-08,0p5,0.5
0.463,4.0146438573886323e-08,0p5,0.5
0.464,4.013294074039683e-08,0p5,0.5
0.465,4.011954109462983e-08,0p5,0.5
0.466,4.010623963685086e-08,0p5,0.5
0.467,4.009306985542712e-08,0p5,0.5
0.468,4.008001564489601e-08,0p5,0.5
0.469,4.0067069724856144e-08,0p5,0.5
0.47,4.005423209557249e-08,0p5,0.5
0.471,4.0041502757307914e-08,0p5,0.5
0.472,4.0028881710323344e-08,0p5,0.5
0.473,4.00163689548777e-08,0p5,0.5
0.474,4.0003973499839674e-08,0p5,0.5
0.475,3.9991708958573195e-08,0p5,0.5
0.476,3.997955963454751e-08,0p5,0.5
0.477,3.9967525528016723e-08,0p5,0.5
0.478,3.9955606639233e-08,0p5,0.5
0.479,3.994380296844643e-08,0p5,0.5
0.48,3.9932114515905063e-08,0p5,0.5
0.481,3.992054128185501e-08,0p5,0.5
0.482,3.990909821969011e-08,0p5,0.5
0.483,3.989777657319307e-08,0p5,0.5
0.484,3.988657429345066e-08,0p5,0.5
0.485,3.987549138070108e-08,0p5,0.5
0.486,3.986452783518061e-08,0p5,0.5
0.487,3.985368365712351e-08,0p5,0.5
0.488,3.9842958846762024e-08,0p5,0.5
0.489,3.9832356144485884e-08,0p5,0.5
0.49,3.9821878197793514e-08,0p5,0.5
0.491,3.981152137446017e-08,0p5,0.5
0.492,3.9801285674708086e-08,0p5,0.5
0.493,3.979117109875764e-08,0p5,0.5
0.494,3.9781177646827245e-08,0p5,0.5
0.495,3.977130531913348e-08,0p5,0.5
0.496,3.9761554115890994e-08,0p5,0.5
0.497,3.97519229598602e-08,0p5,0.5
0.498,3.9742412579625114e-08,0p5,0.5
0.499,3.9733023048155914e-08,0p5,0.5
0.5,3.97237543656559e-08,0p5,0.5
0.501,3.9714606532326586e-08,0p5,0.5
0.502,3.97055795483676e-08,0p5,0.5
0.503,3.9696673413976844e-08,0p5,0.5
0.504,3.968788452512076e-08,0p5,0.5
0.505,3.96792108231532e-08,0p5,0.5
0.506,3.96706559973181e-08,0p5,0.5
0.507,3.966222004780115e-08,0p5,0.5
0.508,3.965390297478628e-08,0p5,0.5
0.509,3.964570477845581e-08,0p5,0.5
0.51,3.96376254589904e-08,0p5,0.5
0.511,3.9629665016568885e-08,0p5,0.5
0.512,3.9621809316848434e-08,0p5,0.5
0.513,3.9614069031080265e-08,0p5,0.5
0.514,3.960644425576192e-08,0p5,0.5
0.515,3.959893499105996e-08,0p5,0.5
0.516,3.9591541237139285e-08,0p5,0.5
0.517,3.958426299416324e-08,0p5,0.5
0.518,3.9577100262293675e-08,0p5,0.5
0.519,3.957004364909748e-08,0p5,0.5
0.52,3.956309060095876e-08,0p5,0.5
0.521,3.9556248579723563e-08,0p5,0.5
0.522,3.954951758554129e-08,0p5,0.5
0.523,3.954289761855988e-08,0p5,0.5
0.524,3.95363886789259e-08,0p5,0.5
0.525,3.952999076678447e-08,0p5,0.5
0.526,3.9523702756763774e-08,0p5,0.5
0.527,3.9517503926507316e-08,0p5,0.5
0.528,3.9511410768992136e-08,0p5,0.5
0.529,3.9505423284351225e-08,0p5,0.5
0.53,3.9499541472716315e-08,0p5,0.5
0.531,3.9493765334217745e-08,0p5,0.5
0.532,3.948809486898465e-08,0p5,0.5
0.533,3.9482530077144855e-08,0p5,0.5
0.534,3.9477056742668934e-08,0p5,0.5
0.535,3.947167433808748e-08,0p5,0.5
0.536,3.9466391601154946e-08,0p5,0.5
0.537,3.9461208531987545e-08,0p5,0.5
0.538,3.945612513070048e-08,0p5,0.5
0.539,3.9451141397407665e-08,0p5,0.5
0.54,3.944625733222197e-08,0p5,0.5
0.541,3.9441470007227434e-08,0p5,0.5
0.542,3.9436757138667125e-08,0p5,0.5
0.543,3.9432137474805866e-08,0p5,0.5
0.544,3.9427611015745614e-08,0p5,0.5
0.545,3.942317776158726e-08,0p5,0.5
0.546,3.941883771243067e-08,0p5,0.5
0.547,3.941459086837467e-08,0p5,0.5
0.548,3.941043722951704e-08,0p5,0.5
0.549,3.9406345423343483e-08,0p5,0.5
0.55,3.94023202187411e-08,0p5,0.5
0.551,3.939837635202924e-08,0p5,0.5
0.552,3.939451382329125e-08,0p5,0.5
0.553,3.939073263260963e-08,0p5,0.5
0.554,3.9387032780065984e-08,0p5,0.5
0.555,3.9383414265741224e-08,0p5,0.5
0.556,3.9379877089715324e-08,0p5,0.5
0.557,3.9376421252067416e-08,0p5,0.5
0.558,3.937304675287589e-08,0p5,0.5
0.559,3.936975359221829e-08,0p5,0.5
0.56,3.93665417701713e-08,0p5,0.5
0.561,3.9363411286810784e-08,0p5,0.5
0.562,3.9360362142211775e-08,0p5,0.5
0.563,3.9357394336448514e-08,0p5,0.5
0.564,3.935446186235631e-08,0p5,0.5
0.565,3.9351585309902724e-08,0p5,0.5
0.566,3.934878187061154e-08,0p5,0.5
0.567,3.9346051544547695e-08,0p5,0.5
0.568,3.93433943317755e-08,0p5,0.5
0.569,3.934081023235852e-08,0p5,0.5
0.57,3.933829924635962e-08,0p5,0.5
0.571,3.9335861373840944e-08,0p5,0.5
0.572,3.9333496614863954e-08,0p5,0.5
0.573,3.9331204969489416e-08,0p5,0.5
0.574,3.932898643777742e-08,0p5,0.5
0.575,3.93268410197873e-08,0p5,0.5
0.576,3.932476871557775e-08,0p5,0.5
0.577,3.9322745390756e-08,0p5,0.5
0.578,3.9320722316944975e-08,0p5,0.5
0.579,3.9318759412495293e-08,0p5,0.5
0.58,3.931685667745443e-08,0p5,0.5
0.581,3.9315014111869365e-08,0p5,0.5
0.582,3.9313231715786516e-08,0p5,0.5
0.583,3.931150948925178e-08,0p5,0.5
0.584,3.9309847432310595e-08,0p5,0.5
0.585,3.9308245545007765e-08,0p5,0.5
0.586,3.930670382738764e-08,0p5,0.5
0.587,3.9305222279494064e-08,0p5,0.5
0.588,3.930380090137027e-08,0p5,0.5
0.589,3.930243969305906e-08,0p5,0.5
0.59,3.930113865460269e-08,0p5,0.5
0.591,3.9299834628492353e-08,0p5,0.5
0.592,3.929856798838856e-08,0p5,0.5
0.593,3.9297350842905915e-08,0p5,0.5
0.594,3.9296183192078444e-08,0p5,0.5
0.595,3.929506503593989e-08,0p5,0.5
0.596,3.9293996374523525e-08,0p5,0.5
0.597,3.929297720786223e-08,0p5,0.5
0.598,3.9292007535988577e-08,0p5,0.5
0.599,3.929108735893464e-08,0p5,0.5
0.6,3.9290216676732135e-08,0p5,0.5
0.601,3.928939548941239e-08,0p5,0.5
0.602,3.92886237970063e-08,0p5,0.5
0.603,3.9287901599544464e-08,0p5,0.5
0.604,3.92872016034286e-08,0p5,0.5
0.605,3.9286500650618076e-08,0p5,0.5
0.606,3.9285838973469165e-08,0p5,0.5
0.607,3.9285216572005624e-08,0p5,0.5
0.608,3.9284633446250914e-08,0p5,0.5
0.609,3.9284089596228233e-08,0p5,0.5
0.61,3.9283585021960414e-08,0p5,0.5
0.611,3.9283119723470094e-08,0p5,0.5
0.612,3.9282693700779533e-08,0p5,0.5
0.613,3.928230695391082e-08,0p5,0.5
0.614,3.928195948288563e-08,0p5,0.5
0.615,3.9281651287725464e-08,0p5,0.5
0.616,3.928138236845141e-08,0p5,0.5
0.617,3.9281152725084385e-08,0p5,0.5
0.618,3.9280900258549145e-08,0p5,0.5
0.619,3.92806744530668e-08,0p5,0.5
0.62,3.928047877283747e-08,0p5,0.5
0.621,3.9280313217876735e-08,0p5,0.5
0.622,3.9280177788200036e-08,0p5,0.5
0.623,3.9280072483822554e-08,0p5,0.5
0.624,3.9279997304759365e-08,0p5,0.5
0.625,3.9279952251025225e-08,0p5,0.5
0.626,3.9279937322634765e-08,0p5,0.5
0.627,3.92799525196024e-08,0p5,0.5
0.628,3.927999784194231e-08,0p5,0.5
0.629,3.9280073289668524e-08,0p5,0.5
0.63,3.9280178862794816e-08,0p5,0.5
0.631,3.9280286689854056e-08,0p5,0.5
0.632,3.928039084833583e-08,0p5,0.5
0.633,3.928051714658216e-08,0p5,0.5
0.634,3.9280665584602786e-08,0p5,0.5
0.635,3.9280836162407384e-08,0p5,0.5
0.636,3.92810288800054e-08,0p5,0.5
0.637,3.928124373740623e-08,0p5,0.5
0.638,3.928148073461908e-08,0p5,0.5
0.639,3.928173987165307e-08,0p5,0.5
0.64,3.928202114851711e-08,0p5,0.5
0.641,3.9282324565220074e-08,0p5,0.5
0.642,3.928265012177057e-08,0p5,0.5
0.643,3.928299781817723e-08,0p5,0.5
0.644,3.92833650095186e-08,0p5,0.5
0.645,3.928370764392095e-08,0p5,0.5
0.646,3.9284065639745854e-08,0p5,0.5
0.647,3.928443899699889e-08,0p5,0.5
0.648,3.928482771568551e-08,0p5,0.5
0.649,3.9285231795811053e-08,0p5,0.5
0.65,3.9285651237380834e-08,0p5,0.5
0.651,3.928608604040001e-08,0p5,0.5
0.652,3.928653620487366e-08,0p5,0.5
0.653,3.9287001730806895e-08,0p5,0.5
0.654,3.928748261820452e-08,0p5,0.5
0.655,3.92879788670715e-08,0p5,0.5
0.656,3.9288490477412536e-08,0p5,0.5
0.657,3.928901744923229e-08,0p5,0.5
0.658,3.9289535566289135e-08,0p5,0.5
0.659,3.9290049360548755e-08,0p5,0.5
0.66,3.929057291415707e-08,0p5,0.5
0.661,3.929110622711664e-08,0p5,0.5
0.662,3.9291649299429974e-08,0p5,0.5
0.663,3.929220213109948e-08,0p5,0.5
0.664,3.929276472212748e-08,0p5,0.5
0.665,3.929333707251636e-08,0p5,0.5
0.666,3.92939191822684e-08,0p5,0.5
0.667,3.92945110513858e-08,0p5,0.5
0.668,3.929511267987072e-08,0p5,0.5
0.669,3.92957240677253e-08,0p5,0.5
0.67,3.9296345214951634e-08,0p5,0.5
0.671,3.9296970846396185e-08,0p5,0.5
0.672,3.929757823524944e-08,0p5,0.5
0.673,3.9298190882658935e-08,0p5,0.5
0.674,3.9298808788625154e-08,0p5,0.5
0.675,3.9299431953148754e-08,0p5,0.5
0.676,3.93000603762302e-08,0p5,0.5
0.677,3.930069405787002e-08,0p5,0.5
0.678,3.9301332998068665e-08,0p5,0.5
0.679,3.9301977196826594e-08,0p5,0.5
0.68,3.9302626654144233e-08,0p5,0.5
0.681,3.9303281370021974e-08,0p5,0.5
0.682,3.930394134446019e-08,0p5,0.5
0.683,3.9304606577459266e-08,0p5,0.5
0.684,3.9305277069019447e-08,0p5,0.5
0.685,3.930593471527748e-08,0p5,0.5
0.686,3.930658787325633e-08,0p5,0.5
0.687,3.93072427868941e-08,0p5,0.5
0.688,3.9307899456190096e-08,0p5,0.5
0.689,3.930855788114365e-08,0p5,0.5
0.69,3.9309218061754136e-08,0p5,0.5
0.691,3.9309879998020835e-08,0p5,0.5
0.692,3.9310543689943034e-08,0p5,0.5
0.693,3.9311209137520025e-08,0p5,0.5
0.694,3.931187634075113e-08,0p5,0.5
0.695,3.931254529963562e-08,0p5,0.5
0.696,3.9313216014172746e-08,0p5,0.5
0.697,3.931388848436178e-08,0p5,0.5
0.698,3.9314557548747224e-08,0p5,0.5
0.699,3.9315213828932035e-08,0p5,0.5
0.7,3.9315869240701744e-08,0p5,0.5
0.701,3.931652378405509e-08,0p5,0.5
0.702,3.9317177458990664e-08,0p5,0.5
0.703,3.931783026550712e-08,0p5,0.5
0.704,3.931848220360309e-08,0p5,0.5
0.705,3.9319133273277296e-08,0p5,0.5
0.706,3.93197834745283e-08,0p5,0.5
0.707,3.9320432807354856e-08,0p5,0.5
0.708,3.9321081271755534e-08,0p5,0.5
0.709,3.9321728867729065e-08,0p5,0.5
0.71,3.932237559527407e-08,0p5,0.5
0.711,3.9323021454389274e-08,0p5,0.5
0.712,3.932365517263958e-08,0p5,0.5
0.713,3.93242842102604e-08,0p5,0.5
0.714,3.932491050909272e-08,0p5,0.5
0.715,3.93255340691348e-08,0p5,0.5
0.716,3.932615489038506e-08,0p5,0.5
0.717,3.932677297284179e-08,0p5,0.5
0.718,3.9327388316503314e-08,0p5,0.5
0.719,3.9328000921368056e-08,0p5,0.5
0.72,3.932861078743434e-08,0p5,0.5
0.721,3.932921791470055e-08,0p5,0.5
0.722,3.9329822303165035e-08,0p5,0.5
0.723,3.933042395282627e-08,0p5,0.5
0.724,3.9331022863682594e-08,0p5,0.5
0.725,3.933161444794152e-08,0p5,0.5
0.726,3.9332195279441354e-08,0p5,0.5
0.727,3.9332771718859335e-08,0p5,0.5
0.728,3.9333343766193684e-08,0p5,0.5
0.729,3.9333911421442555e-08,0p5,0.5
0.73,3.9334474684604234e-08,0p5,0.5
0.731,3.93350335556769e-08,0p5,0.5
0.732,3.933558803465883e-08,0p5,0.5
0.733,3.9336138121548275e-08,0p5,0.5
0.734,3.933668381634349e-08,0p5,0.5
0.735,3.9337225119042823e-08,0p5,0.5
0.736,3.9337762029644494e-08,0p5,0.5
0.737,3.9338294548146856e-08,0p5,0.5
0.738,3.933882267454818e-08,0p5,0.5
0.739,3.933934640884685e-08,0p5,0.5
0.74,3.933986575104123e-08,0p5,0.5
0.741,3.9340380701129645e-08,0p5,0.5
0.742,3.934089125911045e-08,0p5,0.5
0.743,3.934139742498207e-08,0p5,0.5
0.744,3.9341899198742894e-08,0p5,0.5
0.745,3.934239658039131e-08,0p5,0.5
0.746,3.934288956992573e-08,0p5,0.5
0.747,3.9343378167344625e-08,0p5,0.5
0.748,3.934386237264642e-08,0p5,0.5
0.749,3.9344342185829627e-08,0p5,0.5
0.75,3.9344817606892645e-08,0p5,0.5
0.751,3.934528863583398e-08,0p5,0.5
0.752,3.934575319160765e-08,0p5,0.5
0.753,3.9346211174182325e-08,0p5,0.5
0.754,3.934666446983952e-08,0p5,0.5
0.755,3.9347113078577785e-08,0p5,0.5
0.756,3.934755700039568e-08,0p5,0.5
0.757,3.934799623529175e-08,0p5,0.5
0.758,3.93484307832646e-08,0p5,0.5
0.759,3.934886064431278e-08,0p5,0.5
0.76,3.934928581843492e-08,0p5,0.5
0.761,3.9349706305629635e-08,0p5,0.5
0.762,3.9350122105895534e-08,0p5,0.5
0.763,3.9350533219231244e-08,0p5,0.5
0.764,3.935093964563544e-08,0p5,0.5
0.765,3.9351341385106764e-08,0p5,0.5
0.766,3.9351738437643914e-08,0p5,0.5
0.767,3.9352130803245555e-08,0p5,0.5
0.768,3.935251848191036e-08,0p5,0.5
0.769,3.9352901473637094e-08,0p5,0.5
0.77,3.935327977842443e-08,0p5,0.5
0.771,3.9353653396271124e-08,0p5,0.5
0.772,3.9354022327175896e-08,0p5,0.5
0.773,3.935438657113756e-08,0p5,0.5
0.774,3.93547461281548e-08,0p5,0.5
0.775,3.9355100998226485e-08,0p5,0.5
0.776,3.9355451181351334e-08,0p5,0.5
0.777,3.9355796677528214e-08,0p5,0.5
0.778,3.935613748675589e-08,0p5,0.5
0.779,3.935647424859852e-08,0p5,0.5
0.78,3.935680675986258e-08,0p5,0.5
0.781,3.9357134658008396e-08,0p5,0.5
0.782,3.935745794303491e-08,0p5,0.5
0.783,3.9357776614941045e-08,0p5,0.5
0.784,3.9358090673725774e-08,0p5,0.5
0.785,3.935840011938803e-08,0p5,0.5
0.786,3.9358704951926735e-08,0p5,0.5
0.787,3.935900517134094e-08,0p5,0.5
0.788,3.9359300777629574e-08,0p5,0.5
0.789,3.935959177079161e-08,0p5,0.5
0.79,3.935987815082611e-08,0p5,0.5
0.791,3.9360159917732065e-08,0p5,0.5
0.792,3.936043707150846e-08,0p5,0.5
0.793,3.9360709612154365e-08,0p5,0.5
0.794,3.93609775396688e-08,0p5,0.5
0.795,3.9361240854050835e-08,0p5,0.5
0.796,3.936149955529954e-08,0p5,0.5
0.797,3.936175364341397e-08,0p5,0.5
0.798,3.936200311839319e-08,0p5,0.5
0.799,3.936224798023633e-08,0p5,0.5
0.8,3.936248822894247e-08,0p5,0.5
0.801,3.9362723864510785e-08,0p5,0.5
0.802,3.9362954886940274e-08,0p5,0.5
0.803,3.9363181296230154e-08,0p5,0.5
0.804,3.936340309237954e-08,0p5,0.5
0.805,3.93636202753876e-08,0p5,0.5
0.806,3.936383928549786e-08,0p5,0.5
0.807,3.936405644488543e-08,0p5,0.5
0.808,3.936426961772403e-08,0p5,0.5
0.809,3.936447880401287e-08,0p5,0.5
0.81,3.9364684003751285e-08,0p5,0.5
0.811,3.9364885216938566e-08,0p5,0.5
0.812,3.9365082443574024e-08,0p5,0.5
0.813,3.9365275683656975e-08,0p5,0.5
0.814,3.9365464937186764e-08,0p5,0.5
0.815,3.93656502041627e-08,0p5,0.5
0.816,3.9365831484584114e-08,0p5,0.5
0.817,3.9366008778450376e-08,0p5,0.5
0.818,3.9366182085760863e-08,0p5,0.5
0.819,3.9366351406514854e-08,0p5,0.5
0.82,3.9366516740711766e-08,0p5,0.5
0.821,3.9366678088350964e-08,0p5,0.5
0.822,3.936683544943187e-08,0p5,0.5
0.823,3.9366988823953815e-08,0p5,0.5
0.824,3.936713821191621e-08,0p5,0.5
0.825,3.93672836133185e-08,0p5,0.5
0.826,3.9367425028160065e-08,0p5,0.5
0.827,3.936756245644029e-08,0p5,0.5
0.828,3.936769589815866e-08,0p5,0.5
0.829,3.93678253533146e-08,0p5,0.5
0.83,3.9367950821907524e-08,0p5,0.5
0.831,3.936807230393687e-08,0p5,0.5
0.832,3.936818979940215e-08,0p5,0.5
0.833,3.936831393725465e-08,0p5,0.5
0.834,3.9368436671845185e-08,0p5,0.5
0.835,3.93685563125199e-08,0p5,0.5
0.836,3.936867285927841e-08,0p5,0.5
0.837,3.9368786312120317e-08,0p5,0.5
0.838,3.9368896671045124e-08,0p5,0.5
0.839,3.936900393605246e-08,0p5,0.5
0.84,3.936910810714195e-08,0p5,0.5
0.841,3.9369209184313175e-08,0p5,0.5
0.842,3.936930716756571e-08,0p5,0.5
0.843,3.936940205689922e-08,0p5,0.5
0.844,3.936949385231329e-08,0p5,0.5
0.845,3.9369582553807565e-08,0p5,0.5
0.846,3.9369668161381595e-08,0p5,0.5
0.847,3.9369750675035086e-08,0p5,0.5
0.848,3.9369830094767654e-08,0p5,0.5
0.849,3.9369906420578915e-08,0p5,0.5
0.85,3.9369979652468544e-08,0p5,0.5
0.851,3.937004979043615e-08,0p5,0.5
0.852,3.9370116834481426e-08,0p5,0.5
0.853,3.9370180784604e-08,0p5,0.5
0.854,3.9370241640803554e-08,0p5,0.5
0.855,3.93702994030797e-08,0p5,0.5
0.856,3.937035407143222e-08,0p5,0.5
0.857,3.9370405645860685e-08,0p5,0.5
0.858,3.9370454126364816e-08,0p5,0.5
0.859,3.9370499512944285e-08,0p5,0.5
0.86,3.9370554409751625e-08,0p5,0.5
0.861,3.9370607483568886e-08,0p5,0.5
0.862,3.937065839370489e-08,0p5,0.5
0.863,3.9370707140159374e-08,0p5,0.5
0.864,3.937075372293223e-08,0p5,0.5
0.865,3.937079814202313e-08,0p5,0.5
0.866,3.937084039743191e-08,0p5,0.5
0.867,3.937088048915834e-08,0p5,0.5
0.868,3.937091841720224e-08,0p5,0.5
0.869,3.937095418156339e-08,0p5,0.5
0.87,3.9370987782241566e-08,0p5,0.5
0.871,3.93710192192366e-08,0p5,0.5
0.872,3.9371048492548274e-08,0p5,0.5
0.873,3.9371075602176385e-08,0p5,0.5
0.874,3.937110054812079e-08,0p5,0.5
0.875,3.9371123330381236e-08,0p5,0.5
0.876,3.9371143948957565e-08,0p5,0.5
0.877,3.93711624038496e-08,0p5,0.5
0.878,3.937117869505715e-08,0p5,0.5
0.879,3.937119282258006e-08,0p5,0.5
0.88,3.937120478641811e-08,0p5,0.5
0.881,3.937121458657118e-08,0p5,0.5
0.882,3.9371222223039055e-08,0p5,0.5
0.883,3.937122769582155e-08,0p5,0.5
0.884,3.9371231004918594e-08,0p5,0.5
0.885,3.9371232150329915e-08,0p5,0.5
0.886,3.937123209973248e-08,0p5,0.5
0.887,3.93712404763411e-08,0p5,0.5
0.888,3.9371247513116166e-08,0p5,0.5
0.889,3.9371253210057435e-08,0p5,0.5
0.89,3.9371257567164965e-08,0p5,0.5
0.891,3.937126058443857e-08,0p5,0.5
0.892,3.937126226187816e-08,0p5,0.5
0.893,3.9371262599483684e-08,0p5,0.5
0.894,3.9371261597254984e-08,0p5,0.5
0.895,3.937125925519205e-08,0p5,0.5
0.896,3.937125557329472e-08,0p5,0.5
0.897,3.9371250551562956e-08,0p5,0.5
0.898,3.9371244189996644e-08,0p5,0.5
0.899,3.9371236488595734e-08,0p5,0.5
0.9,3.937122744736009e-08,0p5,0.5
0.901,3.937121706628968e-08,0p5,0.5
0.902,3.9371205345384386e-08,0p5,0.5
0.903,3.937119228464414e-08,0p5,0.5
0.904,3.9371177884068876e-08,0p5,0.5
0.905,3.9371162143658536e-08,0p5,0.5
0.906,3.9371145063412955e-08,0p5,0.5
0.907,3.937112664333216e-08,0p5,0.5
0.908,3.937110688341607e-08,0p5,0.5
0.909,3.937108578366455e-08,0p5,0.5
0.91,3.9371063344077554e-08,0p5,0.5
0.911,3.9371039564655044e-08,0p5,0.5
0.912,3.937101444539694e-08,0p5,0.5
0.913,3.9370990541534275e-08,0p5,0.5
0.914,3.937097598881381e-08,0p5,0.5
0.915,3.937096103276474e-08,0p5,0.5
0.916,3.937094567338707e-08,0p5,0.5
0.917,3.9370929910680786e-08,0p5,0.5
0.918,3.9370913744645865e-08,0p5,0.5
0.919,3.93708971752823e-08,0p5,0.5
0.92,3.9370880202590095e-08,0p5,0.5
0.921,3.9370862826569185e-08,0p5,0.5
0.922,3.9370845047219614e-08,0p5,0.5
0.923,3.937082686454138e-08,0p5,0.5
0.924,3.93708082785344e-08,0p5,0.5
0.925,3.937078928919871e-08,0p5,0.5
0.926,3.937076989653431e-08,0p5,0.5
0.927,3.937075010054117e-08,0p5,0.5
0.928,3.937072990121927e-08,0p5,0.5
0.929,3.9370709298568644e-08,0p5,0.5
0.93,3.937068829258922e-08,0p5,0.5
0.931,3.937066688328104e-08,0p5,0.5
0.932,3.937064507064406e-08,0p5,0.5
0.933,3.9370622854678294e-08,0p5,0.5
0.934,3.9370600235383727e-08,0p5,0.5
0.935,3.9370577212760346e-08,0p5,0.5
0.936,3.937055378680815e-08,0p5,0.5
0.937,3.937052995752709e-08,0p5,0.5
0.938,3.9370505724917246e-08,0p5,0.5
0.939,3.9370481088978534e-08,0p5,0.5
0.94,3.9370456049710975e-08,0p5,0.5
0.941,3.9370430607114577e-08,0p5,0.5
0.942,3.937040476118929e-08,0p5,0.5
0.943,3.9370378511935155e-08,0p5,0.5
0.944,3.937035185935213e-08,0p5,0.5
0.945,3.93703248034402e-08,0p5,0.5
0.946,3.937029734419942e-08,0p5,0.5
0.947,3.937026948162974e-08,0p5,0.5
0.948,3.9370241215731174e-08,0p5,0.5
0.949,3.9370212546503695e-08,0p5,0.5
0.95,3.9370183473947316e-08,0p5,0.5
0.951,3.937015399806203e-08,0p5,0.5
0.952,3.9370124118847816e-08,0p5,0.5
0.953,3.93700938363047e-08,0p5,0.5
0.954,3.937006315043267e-08,0p5,0.5
0.955,3.93700320612317e-08,0p5,0.5
0.956,3.937000056870183e-08,0p5,0.5
0.957,3.9369968672843035e-08,0p5,0.5
0.958,3.936993637365527e-08,0p5,0.5
0.959,3.9369903671138635e-08,0p5,0.5
0.96,3.936987056529301e-08,0p5,0.5
0.961,3.9369837056118486e-08,0p5,0.5
0.962,3.9369803143615e-08,0p5,0.5
0.963,3.9369768827782615e-08,0p5,0.5
0.964,3.9369734108621264e-08,0p5,0.5
0.965,3.9369698986130995e-08,0p5,0.5
0.966,3.936966346031179e-08,0p5,0.5
0.967,3.9369631263907083e-08,0p5,0.5
0.968,3.936960383734861e-08,0p5,0.5
0.969,3.9369576327635955e-08,0p5,0.5
0.97,3.93695487347691e-08,0p5,0.5
0.971,3.9369521058748125e-08,0p5,0.5
0.972,3.936949329957296e-08,0p5,0.5
0.973,3.9369465457243664e-08,0p5,0.5
0.974,3.9369437531760194e-08,0p5,0.5
0.975,3.936940952312261e-08,0p5,0.5
0.976,3.93693814313309e-08,0p5,0.5
0.977,3.936935325638507e-08,0p5,0.5
0.978,3.9369324998285176e-08,0p5,0.5
0.979,3.9369296657031164e-08,0p5,0.5
0.98,3.9369268232623033e-08,0p5,0.5
0.981,3.936923972506087e-08,0p5,0.5
0.982,3.936921113434461e-08,0p5,0.5
0.983,3.936918246047431e-08,0p5,0.5
0.984,3.9369153703449956e-08,0p5,0.5
0.985,3.9369124863271555e-08,0p5,0.5
0.986,3.936909593993914e-08,0p5,0.5
0.987,3.936906693345272e-08,0p5,0.5
0.988,3.9369037843812265e-08,0p5,0.5
0.989,3.936900867101782e-08,0p5,0.5
0.99,3.9368979415069375e-08,0p5,0.5
0.991,3.9368950075966955e-08,0p5,0.5
0.992,3.9368920653710556e-08,0p5,0.5
0.993,3.9368891148300224e-08,0p5,0.5
0.994,3.9368861559735894e-08,0p5,0.5
0.995,3.936883188801765e-08,0p5,0.5
0.996,3.936880213314546e-08,0p5,0.5
0.997,3.936877229511936e-08,0p5,0.5
0.998,3.9368742373939354e-08,0p5,0.5
0.999,3.9368712369605435e-08,0p5,0.5
1.0,3.9368682282117635e-08,0p5,0.5
1.000000002000481,3.936868228205729e-08,0p5,0.5
1.000000002000481,3.9368682282057264e-08,0p5,0.5
1.001,2.4353630023775922e-08,0p5,0.5
1.002,1.4670640700615632e-08,0p5,0.5
1.003,8.451382599270443e-09,0p5,0.5
1.004,4.504073688026809e-09,0p5,0.5
1.005,3.719940721480696e-09,0p5,0.5
1.006,7.096446576941137e-09,0p5,0.5
1.007,1.25127191888675e-08,0p5,0.5
1.008,1.8882886381199913e-08,0p5,0.5
1.009,2.5624470944903633e-08,0p5,0.5
1.01,3.236168247804872e-08,0p5,0.5
1.011,3.940609137854304e-08,0p5,0.5
1.012,4.7031828160727425e-08,0p5,0.5
1.013,5.4948060895625126e-08,0p5,0.5
1.014,6.276682113526643e-08,0p5,0.5
1.015,7.010744895098164e-08,0p5,0.5
1.016,7.666570848060765e-08,0p5,0.5
1.017,8.224986205329617e-08,0p5,0.5
1.018,8.678326107322864e-08,0p5,0.5
1.019,9.028738769680848e-08,0p5,0.5
1.02,9.285386728810441e-08,0p5,0.5
1.021,9.46156180702492e-08,0p5,0.5
1.022,9.572033271650547e-08,0p5,0.5
1.023,9.631373900012317e-08,0p5,0.5
1.024,9.65283951567249e-08,0p5,0.5
1.025,9.647799836002253e-08,0p5,0.5
1.026,9.625543209961645e-08,0p5,0.5
1.027,9.593350802404687e-08,0p5,0.5
1.028,9.556721796286775e-08,0p5,0.5
1.029,9.519636268356119e-08,0p5,0.5
1.03,9.484866018551673e-08,0p5,0.5
1.031,9.454220183592657e-08,0p5,0.5
1.032,9.428802470541184e-08,0p5,0.5
1.033,9.40918306131871e-08,0p5,0.5
1.034,9.395571529605896e-08,0p5,0.5
1.035,9.387920011685346e-08,0p5,0.5
1.036,9.386024209957376e-08,0p5,0.5
1.037,9.389573241422324e-08,0p5,0.5
1.038,9.398162937961039e-08,0p5,0.5
1.039,9.411527532894061e-08,0p5,0.5
1.04,9.42924919981412e-08,0p5,0.5
1.041,9.45090218015761e-08,0p5,0.5
1.042,9.476057082880329e-08,0p5,0.5
1.043,9.504232150319673e-08,0p5,0.5
1.044,9.534923211373765e-08,0p5,0.5
1.045,9.567554770183576e-08,0p5,0.5
1.046,9.60150319860298e-08,0p5,0.5
1.047,9.636103636009244e-08,0p5,0.5
1.048,9.670677935592733e-08,0p5,0.5
1.049,9.704483099002677e-08,0p5,0.5
1.05,9.736827832917477e-08,0p5,0.5
1.051,9.76700733750561e-08,0p5,0.5
1.052,9.794463115201161e-08,0p5,0.5
1.053,9.818603093471489e-08,0p5,0.5
1.054,9.83884929399596e-08,0p5,0.5
1.055,9.854738080788224e-08,0p5,0.5
1.056,9.865837190972432e-08,0p5,0.5
1.057,9.871495016795877e-08,0p5,0.5
1.058,9.871145153010433e-08,0p5,0.5
1.059,9.864646883670536e-08,0p5,0.5
1.06,9.852069442495589e-08,0p5,0.5
1.061,9.833586534806989e-08,0p5,0.5
1.062,9.809451098232939e-08,0p5,0.5
1.063,9.779930566511848e-08,0p5,0.5
1.064,9.745235084128423e-08,0p5,0.5
1.065,9.705442611116585e-08,0p5,0.5
1.066,9.66049247005546e-08,0p5,0.5
1.067,9.610407236611254e-08,0p5,0.5
1.068,9.555308954292698e-08,0p5,0.5
1.069,9.495407281037005e-08,0p5,0.5
1.07,9.43097756702051e-08,0p5,0.5
1.071,9.362342513251297e-08,0p5,0.5
1.072,9.289846044242835e-08,0p5,0.5
1.073,9.213809160793799e-08,0p5,0.5
1.074,9.13448381217026e-08,0p5,0.5
1.075,9.051962067420721e-08,0p5,0.5
1.076,8.966170476068528e-08,0p5,0.5
1.077,8.876864213920747e-08,0p5,0.5
1.078,8.783638248695032e-08,0p5,0.5
1.079,8.68575758569537e-08,0p5,0.5
1.08,8.582381366347537e-08,0p5,0.5
1.081,8.472476763646066e-08,0p5,0.5
1.082,8.354856087104139e-08,0p5,0.5
1.083,8.228183504274616e-08,0p5,0.5
1.084,8.09096063851368e-08,0p5,0.5
1.085,7.941540832957587e-08,0p5,0.5
1.086,7.778132171159267e-08,0p5,0.5
1.087,7.598786523894588e-08,0p5,0.5
1.088,7.401384996421442e-08,0p5,0.5
1.089,7.183611913686802e-08,0p5,0.5
1.09,6.944778435798287e-08,0p5,0.5
1.091,6.692851076237908e-08,0p5,0.5
1.092,6.434072599716243e-08,0p5,0.5
1.093,6.172485931958105e-08,0p5,0.5
1.094,5.911294525780708e-08,0p5,0.5
1.095,5.6529635566515034e-08,0p5,0.5
1.096,5.399332642603311e-08,0p5,0.5
1.097,5.151792651132636e-08,0p5,0.5
1.098,4.911407482129069e-08,0p5,0.5
1.099,4.6789461089108754e-08,0p5,0.5
1.1,4.455017250821929e-08,0p5,0.5
1.101,4.2400314693419965e-08,0p5,0.5
1.102,4.034255336534465e-08,0p5,0.5
1.103,3.837831770659743e-08,0p5,0.5
1.104,3.6507829134245e-08,0p5,0.5
1.105,3.473115439710131e-08,0p5,0.5
1.106,3.3047469965583743e-08,0p5,0.5
1.107,3.1455438051788594e-08,0p5,0.5
1.108,2.9953198135428115e-08,0p5,0.5
1.109,2.85384045968141e-08,0p5,0.5
1.11,2.720892097461554e-08,0p5,0.5
1.111,2.5962173696379422e-08,0p5,0.5
1.112,2.4795424399347213e-08,0p5,0.5
1.113,2.3705693442161762e-08,0p5,0.5
1.114,2.2689872833091783e-08,0p5,0.5
1.115,2.17451456086309e-08,0p5,0.5
1.116,2.086849285345568e-08,0p5,0.5
1.117,2.005689076829782e-08,0p5,0.5
1.118,1.930720515095625e-08,0p5,0.5
1.119,1.86163692360149e-08,0p5,0.5
1.12,1.7981589027297552e-08,0p5,0.5
1.121,1.73999981101452e-08,0p5,0.5
1.122,1.686879633684575e-08,0p5,0.5
1.123,1.638348358642354e-08,0p5,0.5
1.124,1.59431705384006e-08,0p5,0.5
1.125,1.554520715607451e-08,0p5,0.5
1.126,1.518700001334165e-08,0p5,0.5
1.127,1.4865959658372312e-08,0p5,0.5
1.128,1.457560350371101e-08,0p5,0.5
1.129,1.4305994369971932e-08,0p5,0.5
1.13,1.4051519499387441e-08,0p5,0.5
1.131,1.3808610685360392e-08,0p5,0.5
1.132,1.35755177148112e-08,0p5,0.5
1.133,1.3352966847919622e-08,0p5,0.5
1.134,1.3140203355321471e-08,0p5,0.5
1.135,1.293709055361844e-08,0p5,0.5
1.136,1.274336756221338e-08,0p5,0.5
1.137,1.255879311775362e-08,0p5,0.5
1.138,1.2383109514894511e-08,0p5,0.5
1.139,1.2216044779766771e-08,0p5,0.5
1.14,1.205732295029546e-08,0p5,0.5
1.141,1.1906660266465581e-08,0p5,0.5
1.142,1.176376949746547e-08,0p5,0.5
1.143,1.1628361277116511e-08,0p5,0.5
1.144,1.15001293860828e-08,0p5,0.5
1.145,1.1378491046372722e-08,0p5,0.5
1.146,1.12636293960364e-08,0p5,0.5
1.147,1.1154900768645512e-08,0p5,0.5
1.148,1.1052546793572032e-08,0p5,0.5
1.149,1.0955851817760661e-08,0p5,0.5
1.15,1.08650417874165e-08,0p5,0.5
1.151,1.077927884202178e-08,0p5,0.5
1.152,1.0698818865634681e-08,0p5,0.5
1.153,1.062289868722547e-08,0p5,0.5
1.154,1.055176711485585e-08,0p5,0.5
1.155,1.048473098239093e-08,0p5,0.5
1.156,1.0422028088576912e-08,0p5,0.5
1.157,1.036301400384644e-08,0p5,0.5
1.158,1.0307919190685451e-08,0p5,0.5
1.159,1.0256137599298791e-08,0p5,0.5
1.16,1.0207891684733351e-08,0p5,0.5
1.161,1.016261933578392e-08,0p5,0.5
1.162,1.0120523977501532e-08,0p5,0.5
1.163,1.0081098277663181e-08,0p5,0.5
1.164,1.0044518437553671e-08,0p5,0.5
1.165,1.001033129464492e-08,0p5,0.5
1.166,9.978688958010427e-09,0p5,0.5
1.167,9.94918781712112e-09,0p5,0.5
1.168,9.92195835802806e-09,0p5,0.5
1.169,9.8966344398903e-09,0p5,0.5
1.17,9.873330916568861e-09,0p5,0.5
1.171,9.851729893371e-09,0p5,0.5
1.172,9.831928530497632e-09,0p5,0.5
1.173,9.813661310314129e-09,0p5,0.5
1.174,9.797004944261048e-09,0p5,0.5
1.175,9.78171750324376e-09,0p5,0.5
1.176,9.767864904934657e-09,0p5,0.5
1.177,9.755218389168284e-09,0p5,0.5
1.178,9.743838696570689e-09,0p5,0.5
1.179,9.733522494552696e-09,0p5,0.5
1.18,9.72432238875166e-09,0p5,0.5
1.181,9.716065796148407e-09,0p5,0.5
1.182,9.708795226375471e-09,0p5,0.5
1.183,9.702363369462057e-09,0p5,0.5
1.184,9.696804180356142e-09,0p5,0.5
1.185,9.691989017045075e-09,0p5,0.5
1.186,9.687945584456105e-09,0p5,0.5
1.187,9.684560495970781e-09,0p5,0.5
1.188,9.681841266223082e-09,0p5,0.5
1.189,9.679616247325535e-09,0p5,0.5
1.19,9.677952336237464e-09,0p5,0.5
1.191,9.676849948974326e-09,0p5,0.5
1.192,9.6762706347079e-09,0p5,0.5
1.193,9.67610178040526e-09,0p5,0.5
1.194,9.676426064126466e-09,0p5,0.5
1.195,9.677243743136962e-09,0p5,0.5
1.196,9.678395566031998e-09,0p5,0.5
1.197,9.679879406892593e-09,0p5,0.5
1.198,9.68174933517024e-09,0p5,0.5
1.199,9.683987593787988e-09,0p5,0.5
1.2,9.686439799741825e-09,0p5,0.5
1.201,9.689199395155042e-09,0p5,0.5
1.202,9.692266455896537e-09,0p5,0.5
1.203,9.695564130949018e-09,0p5,0.5
1.204,9.69905437281819e-09,0p5,0.5
1.205,9.702784574013188e-09,0p5,0.5
1.206,9.706754765220237e-09,0p5,0.5
1.207,9.710841915017209e-09,0p5,0.5
1.208,9.715112048018145e-09,0p5,0.5
1.209,9.719567074133208e-09,0p5,0.5
1.21,9.7241705776088e-09,0p5,0.5
1.211,9.728874991343769e-09,0p5,0.5
1.212,9.733719624669565e-09,0p5,0.5
1.213,9.738704473078352e-09,0p5,0.5
1.214,9.743763003014256e-09,0p5,0.5
1.215,9.748915849871644e-09,0p5,0.5
1.216,9.754172905871634e-09,0p5,0.5
1.217,9.759519329584449e-09,0p5,0.5
1.218,9.764911042888812e-09,0p5,0.5
1.219,9.770378054094947e-09,0p5,0.5
1.22,9.77592035034894e-09,0p5,0.5
1.221,9.78150356946679e-09,0p5,0.5
1.222,9.787127482066709e-09,0p5,0.5
1.223,9.792803532620745e-09,0p5,0.5
1.224,9.79852742773844e-09,0p5,0.5
1.225,9.804263245635484e-09,0p5,0.5
1.226,9.810032721178661e-09,0p5,0.5
1.227,9.815835842168593e-09,0p5,0.5
1.228,9.821655807514151e-09,0p5,0.5
1.229,9.827484502022422e-09,0p5,0.5
1.23,9.833332132707048e-09,0p5,0.5
1.231,9.83919868864092e-09,0p5,0.5
1.232,9.8450580900847e-09,0p5,0.5
1.233,9.850924418443882e-09,0p5,0.5
1.234,9.85679800512e-09,0p5,0.5
1.235,9.862671287517714e-09,0p5,0.5
1.236,9.868534562229593e-09,0p5,0.5
1.237,9.874395878344228e-09,0p5,0.5
1.238,9.880255228035393e-09,0p5,0.5
1.239,9.886099192468924e-09,0p5,0.5
1.24,9.891932000324369e-09,0p5,0.5
1.241,9.897755598675406e-09,0p5,0.5
1.242,9.903567050695828e-09,0p5,0.5
1.243,9.909357795956946e-09,0p5,0.5
1.244,9.915133675178465e-09,0p5,0.5
1.245,9.920894683124603e-09,0p5,0.5
1.246,9.926634291721672e-09,0p5,0.5
1.247,9.9323525067623e-09,0p5,0.5
1.248,9.938051470272076e-09,0p5,0.5
1.249,9.943730382951796e-09,0p5,0.5
1.25,9.949382755436458e-09,0p5,0.5
1.251,9.95501252011918e-09,0p5,0.5
1.252,9.960619673651168e-09,0p5,0.5
1.253,9.966201306158993e-09,0p5,0.5
1.254,9.971756047583216e-09,0p5,0.5
1.255,9.977285643805233e-09,0p5,0.5
1.256,9.982790092193354e-09,0p5,0.5
1.257,9.98826325036936e-09,0p5,0.5
1.258,9.993708459853929e-09,0p5,0.5
1.259,9.999125784635781e-09,0p5,0.5
1.26,1.0004515222945691e-08,0p5,0.5
1.261,1.00098767730299e-08,0p5,0.5
1.262,1.001521043315023e-08,0p5,0.5
1.263,1.002051620158413e-08,0p5,0.5
1.264,1.002579072475049e-08,0p5,0.5
1.265,1.003103581969726e-08,0p5,0.5
1.266,1.003625202532067e-08,0p5,0.5
1.267,1.0041439340321471e-08,0p5,0.5
1.268,1.0046597763413522e-08,0p5,0.5
1.269,1.005172729332391e-08,0p5,0.5
1.27,1.005682649900638e-08,0p5,0.5
1.271,1.006189409753679e-08,0p5,0.5
1.272,1.006693179793805e-08,0p5,0.5
1.273,1.007193959944625e-08,0p5,0.5
1.274,1.0076917501306621e-08,0p5,0.5
1.275,1.0081865502773281e-08,0p5,0.5
1.276,1.0086783603109471e-08,0p5,0.5
1.277,1.0091670981442831e-08,0p5,0.5
1.278,1.009652822627155e-08,0p5,0.5
1.279,1.010135534518875e-08,0p5,0.5
1.28,1.0106152337759791e-08,0p5,0.5
1.281,1.011091920355601e-08,0p5,0.5
1.282,1.0115655942154862e-08,0p5,0.5
1.283,1.0120363007416982e-08,0p5,0.5
1.284,1.012504048141806e-08,0p5,0.5
1.285,1.0129688059392672e-08,0p5,0.5
1.286,1.0134305741126311e-08,0p5,0.5
1.287,1.0138893526408131e-08,0p5,0.5
1.288,1.0143451415031081e-08,0p5,0.5
1.289,1.0147979649790561e-08,0p5,0.5
1.29,1.015247988448001e-08,0p5,0.5
1.291,1.0156950778526422e-08,0p5,0.5
1.292,1.0161392331856621e-08,0p5,0.5
1.293,1.016580454439952e-08,0p5,0.5
1.294,1.0170187416086191e-08,0p5,0.5
1.295,1.0174540946849721e-08,0p5,0.5
1.296,1.017886707216344e-08,0p5,0.5
1.297,1.018316532115553e-08,0p5,0.5
1.298,1.0187434998693131e-08,0p5,0.5
1.299,1.0191676104791841e-08,0p5,0.5
1.3,1.01958886394684e-08,0p5,0.5
1.301,1.020007260274036e-08,0p5,0.5
1.302,1.02042288315323e-08,0p5,0.5
1.303,1.0208359242097031e-08,0p5,0.5
1.304,1.0212461980887922e-08,0p5,0.5
1.305,1.0216537047972071e-08,0p5,0.5
1.306,1.0220584443416872e-08,0p5,0.5
1.307,1.0224604167290011e-08,0p5,0.5
1.308,1.0228596219659461e-08,0p5,0.5
1.309,1.023256360370131e-08,0p5,0.5
1.31,1.0236504745851811e-08,0p5,0.5
1.311,1.0240419188075611e-08,0p5,0.5
1.312,1.024430693046829e-08,0p5,0.5
1.313,1.0248167973125361e-08,0p5,0.5
1.314,1.025200231614215e-08,0p5,0.5
1.315,1.0255811409669351e-08,0p5,0.5
1.316,1.0259596504103311e-08,0p5,0.5
1.317,1.026335590275781e-08,0p5,0.5
1.318,1.0267089605742411e-08,0p5,0.5
1.319,1.027079761316625e-08,0p5,0.5
1.32,1.027447992513807e-08,0p5,0.5
1.321,1.0278136541766281e-08,0p5,0.5
1.322,1.0281771187489061e-08,0p5,0.5
1.323,1.028538116684667e-08,0p5,0.5
1.324,1.028896646078672e-08,0p5,0.5
1.325,1.029252706942326e-08,0p5,0.5
1.326,1.029606299286987e-08,0p5,0.5
1.327,1.0299574231239471e-08,0p5,0.5
1.328,1.030306276230101e-08,0p5,0.5
1.329,1.030652890538767e-08,0p5,0.5
1.33,1.030997136242337e-08,0p5,0.5
1.331,1.031339013352173e-08,0p5,0.5
1.332,1.031678521879579e-08,0p5,0.5
1.333,1.0320156618358e-08,0p5,0.5
1.334,1.0323504776484391e-08,0p5,0.5
1.335,1.032683256922721e-08,0p5,0.5
1.336,1.033013765372535e-08,0p5,0.5
1.337,1.033342003008888e-08,0p5,0.5
1.338,1.033667969842727e-08,0p5,0.5
1.339,1.033991665884946e-08,0p5,0.5
1.34,1.034313091146361e-08,0p5,0.5
1.341,1.034632486379281e-08,0p5,0.5
1.342,1.0349497900620752e-08,0p5,0.5
1.343,1.035264917909602e-08,0p5,0.5
1.344,1.035577869932296e-08,0p5,0.5
1.345,1.0358886461405151e-08,0p5,0.5
1.346,1.036197246544557e-08,0p5,0.5
1.347,1.0365037582187322e-08,0p5,0.5
1.348,1.036808373737923e-08,0p5,0.5
1.349,1.037110905231052e-08,0p5,0.5
1.35,1.0374113527079371e-08,0p5,0.5
1.351,1.0377097161783351e-08,0p5,0.5
1.352,1.038005995651942e-08,0p5,0.5
1.353,1.0383001911383921e-08,0p5,0.5
1.354,1.038592577868125e-08,0p5,0.5
1.355,1.038883009293506e-08,0p5,0.5
1.356,1.0391714451578412e-08,0p5,0.5
1.357,1.039457885470256e-08,0p5,0.5
1.358,1.0397423302397971e-08,0p5,0.5
1.359,1.0400247794754871e-08,0p5,0.5
1.36,1.040305357615731e-08,0p5,0.5
1.361,1.040584167732009e-08,0p5,0.5
1.362,1.0408610673229741e-08,0p5,0.5
1.363,1.0411360563971122e-08,0p5,0.5
1.364,1.041409134962846e-08,0p5,0.5
1.365,1.0416803030285481e-08,0p5,0.5
1.366,1.041949560602536e-08,0p5,0.5
1.367,1.042217210442994e-08,0p5,0.5
1.368,1.0424830315501971e-08,0p5,0.5
1.369,1.0427470237657372e-08,0p5,0.5
1.37,1.043009187097421e-08,0p5,0.5
1.371,1.04326952155301e-08,0p5,0.5
1.372,1.0435280271402142e-08,0p5,0.5
1.373,1.0437849690023891e-08,0p5,0.5
1.374,1.044040384920879e-08,0p5,0.5
1.375,1.0442941045440852e-08,0p5,0.5
1.376,1.044546127879026e-08,0p5,0.5
1.377,1.0447964549326711e-08,0p5,0.5
1.378,1.0450450857119562e-08,0p5,0.5
1.379,1.0452920202237622e-08,0p5,0.5
1.38,1.04553725847493e-08,0p5,0.5
1.381,1.0457808004722531e-08,0p5,0.5
1.382,1.0460226462224951e-08,0p5,0.5
1.383,1.0462627957323571e-08,0p5,0.5
1.384,1.0465012490085081e-08,0p5,0.5
1.385,1.0467380060575681e-08,0p5,0.5
1.386,1.046973481496021e-08,0p5,0.5
1.387,1.04720749846582e-08,0p5,0.5
1.388,1.04743990457162e-08,0p5,0.5
1.389,1.0476706998195591e-08,0p5,0.5
1.39,1.047899884215746e-08,0p5,0.5
1.391,1.048127457766248e-08,0p5,0.5
1.392,1.0483534204770912e-08,0p5,0.5
1.393,1.04857777235426e-08,0p5,0.5
1.394,1.048800513403703e-08,0p5,0.5
1.395,1.049021643631322e-08,0p5,0.5
1.396,1.049241163042983e-08,0p5,0.5
1.397,1.049459183846251e-08,0p5,0.5
1.398,1.0496763262207711e-08,0p5,0.5
1.399,1.0498919891261781e-08,0p5,0.5
1.4,1.0501061725677282e-08,0p5,0.5
1.401,1.0503188765506681e-08,0p5,0.5
1.402,1.05053010108019e-08,0p5,0.5
1.403,1.0507398461614661e-08,0p5,0.5
1.404,1.050948111799625e-08,0p5,0.5
1.405,1.0511548979997671e-08,0p5,0.5
1.406,1.0513602047669561e-08,0p5,0.5
1.407,1.0515640321062162e-08,0p5,0.5
1.408,1.051766380022546e-08,0p5,0.5
1.409,1.0519673414158021e-08,0p5,0.5
1.41,1.052166912772649e-08,0p5,0.5
1.411,1.0523650312880021e-08,0p5,0.5
1.412,1.0525617596695e-08,0p5,0.5
1.413,1.0527571785084541e-08,0p5,0.5
1.414,1.052951237448508e-08,0p5,0.5
1.415,1.0531439815377471e-08,0p5,0.5
1.416,1.0533354167169371e-08,0p5,0.5
1.417,1.0535254795729912e-08,0p5,0.5
1.418,1.0537139284342551e-08,0p5,0.5
1.419,1.053900258623966e-08,0p5,0.5
1.42,1.05408471371656e-08,0p5,0.5
1.421,1.054267330915214e-08,0p5,0.5
1.422,1.054449947927091e-08,0p5,0.5
1.423,1.0546306535829182e-08,0p5,0.5
1.424,1.0548096495514741e-08,0p5,0.5
1.425,1.0549886453404931e-08,0p5,0.5
1.426,1.05516567726349e-08,0p5,0.5
1.427,1.05534112361414e-08,0p5,0.5
1.428,1.0555165697922161e-08,0p5,0.5
1.429,1.055691080824852e-08,0p5,0.5
1.43,1.055864193338521e-08,0p5,0.5
1.431,1.0560363963687891e-08,0p5,0.5
1.432,1.056207689918258e-08,0p5,0.5
1.433,1.056378073989526e-08,0p5,0.5
1.434,1.056547548585175e-08,0p5,0.5
1.435,1.0567158250481961e-08,0p5,0.5
1.436,1.0568829086752251e-08,0p5,0.5
1.437,1.0570489434593382e-08,0p5,0.5
1.438,1.0572139294034471e-08,0p5,0.5
1.439,1.0573778665104451e-08,0p5,0.5
1.44,1.0575407547832011e-08,0p5,0.5
1.441,1.057702541429432e-08,0p5,0.5
1.442,1.0578632347959831e-08,0p5,0.5
1.443,1.058022855932773e-08,0p5,0.5
1.444,1.0581814048426581e-08,0p5,0.5
1.445,1.0583388815284871e-08,0p5,0.5
1.446,1.058495285993082e-08,0p5,0.5
1.447,1.0586506182392581e-08,0p5,0.5
1.448,1.0588048782698031e-08,0p5,0.5
1.449,1.0589580660874871e-08,0p5,0.5
1.45,1.0591101816950621e-08,0p5,0.5
1.451,1.059261225095259e-08,0p5,0.5
1.452,1.059411196290799e-08,0p5,0.5
1.453,1.059560494101389e-08,0p5,0.5
1.454,1.0597089023513511e-08,0p5,0.5
1.455,1.059856318810687e-08,0p5,0.5
1.456,1.060002743481842e-08,0p5,0.5
1.457,1.0601481763672552e-08,0p5,0.5
1.458,1.0602926174693462e-08,0p5,0.5
1.459,1.0604360667905172e-08,0p5,0.5
1.46,1.0605785243331651e-08,0p5,0.5
1.461,1.060719990099652e-08,0p5,0.5
1.462,1.060860464092337e-08,0p5,0.5
1.463,1.060999946313566e-08,0p5,0.5
1.464,1.0611384367656571e-08,0p5,0.5
1.465,1.061275935450923e-08,0p5,0.5
1.466,1.061412442371652e-08,0p5,0.5
1.467,1.061547957530127e-08,0p5,0.5
1.468,1.0616825823937622e-08,0p5,0.5
1.469,1.0618169168964262e-08,0p5,0.5
1.47,1.061950354555754e-08,0p5,0.5
1.471,1.062082895373751e-08,0p5,0.5
1.472,1.0622145393524141e-08,0p5,0.5
1.473,1.0623452864937371e-08,0p5,0.5
1.474,1.06247513679969e-08,0p5,0.5
1.475,1.0626040902722311e-08,0p5,0.5
1.476,1.06273214691331e-08,0p5,0.5
1.477,1.0628593067248561e-08,0p5,0.5
1.478,1.062985569708799e-08,0p5,0.5
1.479,1.063110935867038e-08,0p5,0.5
1.48,1.0632354052014721e-08,0p5,0.5
1.481,1.0633589777139791e-08,0p5,0.5
1.482,1.063481653406431e-08,0p5,0.5
1.483,1.0636034322806792e-08,0p5,0.5
1.484,1.0637246041921151e-08,0p5,0.5
1.485,1.0638452373388572e-08,0p5,0.5
1.486,1.063965047196611e-08,0p5,0.5
1.487,1.0640840337670521e-08,0p5,0.5
1.488,1.0642021970518251e-08,0p5,0.5
1.489,1.0643195370525681e-08,0p5,0.5
1.49,1.064436053770921e-08,0p5,0.5
1.491,1.064551747208498e-08,0p5,0.5
1.492,1.064666617366901e-08,0p5,0.5
1.493,1.064780664247735e-08,0p5,0.5
1.494,1.0648938878525781e-08,0p5,0.5
1.495,1.065006288183014e-08,0p5,0.5
1.496,1.0651178652405951e-08,0p5,0.5
1.497,1.0652286190268811e-08,0p5,0.5
1.498,1.065338549543411e-08,0p5,0.5
1.499,1.065447656791712e-08,0p5,0.5
1.5,1.065556507658876e-08,0p5,0.5
1.500000003000721,1.065556507983481e-08,0p5,0.5
1.500000003000721,1.0655565079835821e-08,0p5,0.5
1.501,3.845718347043376e-08,0p5,0.5
1.502,5.0625799150982265e-08,0p5,0.5
1.503,5.7307605651682615e-08,0p5,0.5
1.504,6.363334872647033e-08,0p5,0.5
1.505,6.927659385841736e-08,0p5,0.5
1.506,7.40708404992584e-08,0p5,0.5
1.507,7.852894504577044e-08,0p5,0.5
1.508,8.366260727172174e-08,0p5,0.5
1.509,8.861660776320855e-08,0p5,0.5
1.51,9.293775572321975e-08,0p5,0.5
1.511,9.643340700517556e-08,0p5,0.5
1.512,9.902743073599237e-08,0p5,0.5
1.513,1.007921593968541e-07,0p5,0.5
1.514,1.018355712590744e-07,0p5,0.5
1.515,1.022612852002586e-07,0p5,0.5
1.516,1.021625262352161e-07,0p5,0.5
1.517,1.016214162970829e-07,0p5,0.5
1.518,1.007096765296084e-07,0p5,0.5
1.519,9.949005638660187e-08,0p5,0.5
1.52,9.801621452520485e-08,0p5,0.5
1.521,9.633505799185297e-08,0p5,0.5
1.522,9.448705975544562e-08,0p5,0.5
1.523,9.250716756073436e-08,0p5,0.5
1.524,9.042543028970089e-08,0p5,0.5
1.525,8.826759707532365e-08,0p5,0.5
1.526,8.605565263585026e-08,0p5,0.5
1.527,8.380830088878939e-08,0p5,0.5
1.528,8.154137116616044e-08,0p5,0.5
1.529,7.92681866893801e-08,0p5,0.5
1.53,7.699988831653565e-08,0p5,0.5
1.531,7.47457196148718e-08,0p5,0.5
1.532,7.251327775061216e-08,0p5,0.5
1.533,7.030873416754309e-08,0p5,0.5
1.534,6.813702856615034e-08,0p5,0.5
1.535,6.600203928937886e-08,0p5,0.5
1.536,6.39067185176959e-08,0p5,0.5
1.537,6.18528625691855e-08,0p5,0.5
1.538,5.984235690584793e-08,0p5,0.5
1.539,5.78767554474893e-08,0p5,0.5
1.54,5.595629682206822e-08,0p5,0.5
1.541,5.4080810359040344e-08,0p5,0.5
1.542,5.2249933685465214e-08,0p5,0.5
1.543,5.046311597858059e-08,0p5,0.5
1.544,4.8719606558786645e-08,0p5,0.5
1.545,4.701847198263443e-08,0p5,0.5
1.546,4.5358629594578874e-08,0p5,0.5
1.547,4.373888246695616e-08,0p5,0.5
1.548,4.215794943509553e-08,0p5,0.5
1.549,4.0614428721078155e-08,0p5,0.5
1.55,3.910686795307975e-08,0p5,0.5
1.551,3.7634048130093064e-08,0p5,0.5
1.552,3.619478243163442e-08,0p5,0.5
1.553,3.478818058223928e-08,0p5,0.5
1.554,3.3413619960126713e-08,0p5,0.5
1.555,3.2070331184853034e-08,0p5,0.5
1.556,3.075775505331038e-08,0p5,0.5
1.557,2.947556529060201e-08,0p5,0.5
1.558,2.822352836781196e-08,0p5,0.5
1.559,2.7001505009204e-08,0p5,0.5
1.56,2.580943054550068e-08,0p5,0.5
1.561,2.4647301014502e-08,0p5,0.5
1.562,2.351515904782169e-08,0p5,0.5
1.563,2.2413091030258842e-08,0p5,0.5
1.564,2.134120801332551e-08,0p5,0.5
1.565,2.0299636564973543e-08,0p5,0.5
1.566,1.9288512913138633e-08,0p5,0.5
1.567,1.8307976082767133e-08,0p5,0.5
1.568,1.735816191648642e-08,0p5,0.5
1.569,1.643920218066102e-08,0p5,0.5
1.57,1.5551208053917252e-08,0p5,0.5
1.571,1.4694276108345822e-08,0p5,0.5
1.572,1.3868483416156451e-08,0p5,0.5
1.573,1.307388449094615e-08,0p5,0.5
1.574,1.231050915183935e-08,0p5,0.5
1.575,1.1578360606119352e-08,0p5,0.5
1.576,1.0877411949744161e-08,0p5,0.5
1.577,1.020760902646723e-08,0p5,0.5
1.578,9.568868186182688e-09,0p5,0.5
1.579,8.961075976481946e-09,0p5,0.5
1.58,8.384088996997145e-09,0p5,0.5
1.581,7.8377339652401e-09,0p5,0.5
1.582,7.3218027652542405e-09,0p5,0.5
1.583,6.8360574118233905e-09,0p5,0.5
1.584,6.3802411015617425e-09,0p5,0.5
1.585,5.9540641560479895e-09,0p5,0.5
1.586,5.557209822960933e-09,0p5,0.5
1.587,5.189335185115893e-09,0p5,0.5
1.588,4.8500721515315285e-09,0p5,0.5
1.589,4.538730471289783e-09,0p5,0.5
1.59,4.255141922798058e-09,0p5,0.5
1.591,3.998828677140375e-09,0p5,0.5
1.592,3.7693829089795544e-09,0p5,0.5
1.593,3.566375701365719e-09,0p5,0.5
1.594,3.3890646924868204e-09,0p5,0.5
1.595,3.2373155339711604e-09,0p5,0.5
1.596,3.110507590942562e-09,0p5,0.5
1.597,3.0077358110747172e-09,0p5,0.5
1.598,2.928558348656075e-09,0p5,0.5
1.599,2.872454437875408e-09,0p5,0.5
1.6,2.838842140958496e-09,0p5,0.5
1.601,2.834887982635213e-09,0p5,0.5
1.602,2.896702744795361e-09,0p5,0.5
1.603,3.036525981270805e-09,0p5,0.5
1.604,3.251240694611684e-09,0p5,0.5
1.605,3.531089301845352e-09,0p5,0.5
1.606,3.8635872573298234e-09,0p5,0.5
1.607,4.235676932350032e-09,0p5,0.5
1.608,4.634137445325245e-09,0p5,0.5
1.609,5.045730093418984e-09,0p5,0.5
1.61,5.4610661814890715e-09,0p5,0.5
1.611,5.8699230148136625e-09,0p5,0.5
1.612,6.263924458657032e-09,0p5,0.5
1.613,6.635125105622916e-09,0p5,0.5
1.614,6.977588129904032e-09,0p5,0.5
1.615,7.286188403511448e-09,0p5,0.5
1.616,7.556834393046405e-09,0p5,0.5
1.617,7.786504208918803e-09,0p5,0.5
1.618,7.972742503528412e-09,0p5,0.5
1.619,8.127134397887279e-09,0p5,0.5
1.62,8.276663014806325e-09,0p5,0.5
1.621,8.43295329534157e-09,0p5,0.5
1.622,8.600101952776964e-09,0p5,0.5
1.623,8.779065612242915e-09,0p5,0.5
1.624,8.969377004959517e-09,0p5,0.5
1.625,9.170243532975618e-09,0p5,0.5
1.626,9.380837051217606e-09,0p5,0.5
1.627,9.6002572744217e-09,0p5,0.5
1.628,9.827251403113392e-09,0p5,0.5
1.629,1.0061705180933e-08,0p5,0.5
1.63,1.030275912287188e-08,0p5,0.5
1.631,1.055015292186938e-08,0p5,0.5
1.632,1.0803154685718471e-08,0p5,0.5
1.633,1.1061280297895471e-08,0p5,0.5
1.634,1.132440593733184e-08,0p5,0.5
1.635,1.1591866255052841e-08,0p5,0.5
1.636,1.1863615270574932e-08,0p5,0.5
1.637,1.2139270344992081e-08,0p5,0.5
1.638,1.241854454006621e-08,0p5,0.5
1.639,1.2701356975147931e-08,0p5,0.5
1.64,1.2987319793037161e-08,0p5,0.5
1.641,1.3276426600292221e-08,0p5,0.5
1.642,1.3568461142077671e-08,0p5,0.5
1.643,1.3863062235678511e-08,0p5,0.5
1.644,1.4160190071808542e-08,0p5,0.5
1.645,1.44596686858424e-08,0p5,0.5
1.646,1.476122390837078e-08,0p5,0.5
1.647,1.506464474158439e-08,0p5,0.5
1.648,1.536968479586853e-08,0p5,0.5
1.649,1.567644306813442e-08,0p5,0.5
1.65,1.5984521472797122e-08,0p5,0.5
1.651,1.629386852476582e-08,0p5,0.5
1.652,1.66046238082948e-08,0p5,0.5
1.653,1.6916068118190232e-08,0p5,0.5
1.654,1.7228231363382033e-08,0p5,0.5
1.655,1.754129249499875e-08,0p5,0.5
1.656,1.7854401713934443e-08,0p5,0.5
1.657,1.816771887024978e-08,0p5,0.5
1.658,1.8481387175654e-08,0p5,0.5
1.659,1.8794539840850033e-08,0p5,0.5
1.66,1.910744864926302e-08,0p5,0.5
1.661,1.9420200828805462e-08,0p5,0.5
1.662,1.97319561260029e-08,0p5,0.5
1.663,2.0043069078206732e-08,0p5,0.5
1.664,2.0353565442677022e-08,0p5,0.5
1.665,2.066266979919203e-08,0p5,0.5
1.666,2.097076893920928e-08,0p5,0.5
1.667,2.127782084583091e-08,0p5,0.5
1.668,2.1583191740612883e-08,0p5,0.5
1.669,2.188720919988191e-08,0p5,0.5
1.67,2.2189804075530162e-08,0p5,0.5
1.671,2.24904663609712e-08,0p5,0.5
1.672,2.2789470466419272e-08,0p5,0.5
1.673,2.308672734954742e-08,0p5,0.5
1.674,2.338183616938725e-08,0p5,0.5
1.675,2.3675022865266942e-08,0p5,0.5
1.676,2.396618554142693e-08,0p5,0.5
1.677,2.425501869263268e-08,0p5,0.5
1.678,2.454170430940791e-08,0p5,0.5
1.679,2.482613424576947e-08,0p5,0.5
1.68,2.5108084357403053e-08,0p5,0.5
1.681,2.538769754385146e-08,0p5,0.5
1.682,2.5664865337874463e-08,0p5,0.5
1.683,2.593943102999244e-08,0p5,0.5
1.684,2.6211503574645542e-08,0p5,0.5
1.685,2.6480979329999133e-08,0p5,0.5
1.686,2.6747755642273053e-08,0p5,0.5
1.687,2.701191271601595e-08,0p5,0.5
1.688,2.7273356096166873e-08,0p5,0.5
1.689,2.7532024747019773e-08,0p5,0.5
1.69,2.7787975150314413e-08,0p5,0.5
1.691,2.80411256613704e-08,0p5,0.5
1.692,2.8291445578268723e-08,0p5,0.5
1.693,2.853897237975955e-08,0p5,0.5
1.694,2.878364018113488e-08,0p5,0.5
1.695,2.9025438558408433e-08,0p5,0.5
1.696,2.926439032685808e-08,0p5,0.5
1.697,2.950044770499766e-08,0p5,0.5
1.698,2.9733611713791943e-08,0p5,0.5
1.699,2.996389443308833e-08,0p5,0.5
1.7,3.019126799062617e-08,0p5,0.5
1.701,3.041573719139212e-08,0p5,0.5
1.702,3.06373068900812e-08,0p5,0.5
1.703,3.0855970461847724e-08,0p5,0.5
1.704,3.1071729929546514e-08,0p5,0.5
1.705,3.128458602461343e-08,0p5,0.5
1.706,3.1494554307712924e-08,0p5,0.5
1.707,3.170162845550826e-08,0p5,0.5
1.708,3.1905808050709275e-08,0p5,0.5
1.709,3.2107130657591235e-08,0p5,0.5
1.71,3.230557772807145e-08,0p5,0.5
1.711,3.2501152499851986e-08,0p5,0.5
1.712,3.2693906723523035e-08,0p5,0.5
1.713,3.28838139049776e-08,0p5,0.5
1.714,3.3070881962012664e-08,0p5,0.5
1.715,3.325517177169701e-08,0p5,0.5
1.716,3.343665088990297e-08,0p5,0.5
1.717,3.361533336908956e-08,0p5,0.5
1.718,3.3791284768289653e-08,0p5,0.5
1.719,3.396446850097599e-08,0p5,0.5
1.72,3.4134905971969275e-08,0p5,0.5
1.721,3.4302663538749054e-08,0p5,0.5
1.722,3.44677020995223e-08,0p5,0.5
1.723,3.4630051420565384e-08,0p5,0.5
1.724,3.478977528120192e-08,0p5,0.5
1.725,3.4946833521380184e-08,0p5,0.5
1.726,3.510126509496098e-08,0p5,0.5
1.727,3.525312828151014e-08,0p5,0.5
1.728,3.5402383161284385e-08,0p5,0.5
1.729,3.55490785417546e-08,0p5,0.5
1.73,3.569326468759431e-08,0p5,0.5
1.731,3.5834903071677895e-08,0p5,0.5
1.732,3.597405288110519e-08,0p5,0.5
1.733,3.611075421252748e-08,0p5,0.5
1.734,3.62449709495693e-08,0p5,0.5
1.735,3.637677306244179e-08,0p5,0.5
1.736,3.6506188648548143e-08,0p5,0.5
1.737,3.6633184897804235e-08,0p5,0.5
1.738,3.675784285952888e-08,0p5,0.5
1.739,3.68801770868377e-08,0p5,0.5
1.74,3.700015885972466e-08,0p5,0.5
1.741,3.711788050801304e-08,0p5,0.5
1.742,3.7233341750163645e-08,0p5,0.5
1.743,3.7346518638237845e-08,0p5,0.5
1.744,3.745751490034585e-08,0p5,0.5
1.745,3.756631435699429e-08,0p5,0.5
1.746,3.7672898421526896e-08,0p5,0.5
1.747,3.777738226386216e-08,0p5,0.5
1.748,3.787973294625494e-08,0p5,0.5
1.749,3.7979937747872914e-08,0p5,0.5
1.75,3.8078123257670554e-08,0p5,0.5
1.751,3.8174239101434354e-08,0p5,0.5
1.752,3.826827910593859e-08,0p5,0.5
1.753,3.836038043284768e-08,0p5,0.5
1.754,3.845047552123984e-08,0p5,0.5
1.755,3.853857153026336e-08,0p5,0.5
1.756,3.8624796008228956e-08,0p5,0.5
1.757,3.870908389147224e-08,0p5,0.5
1.758,3.8791453310653544e-08,0p5,0.5
1.759,3.8872052318364324e-08,0p5,0.5
1.76,3.8950802376510055e-08,0p5,0.5
1.761,3.902767737379664e-08,0p5,0.5
1.762,3.910216593219688e-08,0p5,0.5
1.763,3.9174882151104875e-08,0p5,0.5
1.764,3.924588431795058e-08,0p5,0.5
1.765,3.9315471606782825e-08,0p5,0.5
1.766,3.938360496677259e-08,0p5,0.5
1.767,3.9450131969722524e-08,0p5,0.5
1.768,3.951501089484888e-08,0p5,0.5
1.769,3.95782687697171e-08,0p5,0.5
1.77,3.9639937943063064e-08,0p5,0.5
1.771,3.9700008806258244e-08,0p5,0.5
1.772,3.975850297651537e-08,0p5,0.5
1.773,3.981550014425437e-08,0p5,0.5
1.774,3.987095210202252e-08,0p5,0.5
1.775,3.992487677870927e-08,0p5,0.5
1.776,3.9977491783242554e-08,0p5,0.5
1.777,4.002867848014282e-08,0p5,0.5
1.778,4.0078436848719314e-08,0p5,0.5
1.779,4.0126766868493914e-08,0p5,0.5
1.78,4.017366851920121e-08,0p5,0.5
1.781,4.0219141780788386e-08,0p5,0.5
1.782,4.026340844647633e-08,0p5,0.5
1.783,4.0306371158402446e-08,0p5,0.5
1.784,4.03479832593555e-08,0p5,0.5
1.785,4.038824473102299e-08,0p5,0.5
1.786,4.042715555529087e-08,0p5,0.5
1.787,4.0464766664219074e-08,0p5,0.5
1.788,4.0501408104184554e-08,0p5,0.5
1.789,4.0536823251815e-08,0p5,0.5
1.79,4.05710120911773e-08,0p5,0.5
1.791,4.060397460651421e-08,0p5,0.5
1.792,4.0635710782244424e-08,0p5,0.5
1.793,4.066637501575907e-08,0p5,0.5
1.794,4.069605853298028e-08,0p5,0.5
1.795,4.0724620671632065e-08,0p5,0.5
1.796,4.0752061417956426e-08,0p5,0.5
1.797,4.0778380758352083e-08,0p5,0.5
1.798,4.080357867937467e-08,0p5,0.5
1.799,4.082793150619829e-08,0p5,0.5
1.8,4.0851319789910215e-08,0p5,0.5
1.801,4.08736910686875e-08,0p5,0.5
1.802,4.0895045330774374e-08,0p5,0.5
1.803,4.091538256455317e-08,0p5,0.5
1.804,4.0934747447465084e-08,0p5,0.5
1.805,4.095339731252426e-08,0p5,0.5
1.806,4.09711295911191e-08,0p5,0.5
1.807,4.098794427316265e-08,0p5,0.5
1.808,4.1003841348688544e-08,0p5,0.5
1.809,4.101882080785124e-08,0p5,0.5
1.81,4.103302551620405e-08,0p5,0.5
1.811,4.10465303416727e-08,0p5,0.5
1.812,4.105921184678625e-08,0p5,0.5
1.813,4.107107002306251e-08,0p5,0.5
1.814,4.1082104862123994e-08,0p5,0.5
1.815,4.10923163556978e-08,0p5,0.5
1.816,4.1101944036490194e-08,0p5,0.5
1.817,4.1110878760358346e-08,0p5,0.5
1.818,4.111907902189338e-08,0p5,0.5
1.819,4.112654481402825e-08,0p5,0.5
1.82,4.1133276129786045e-08,0p5,0.5
1.821,4.1139313777790564e-08,0p5,0.5
1.822,4.114486808237785e-08,0p5,0.5
1.823,4.114977133583314e-08,0p5,0.5
1.824,4.1154023532253015e-08,0p5,0.5
1.825,4.115762466581103e-08,0p5,0.5
1.826,4.1160574730757754e-08,0p5,0.5
1.827,4.1162995355158113e-08,0p5,0.5
1.828,4.116494257860853e-08,0p5,0.5
1.829,4.1166316731760076e-08,0p5,0.5
1.83,4.11671178098027e-08,0p5,0.5
1.831,4.11673458079917e-08,0p5,0.5
1.832,4.1167000721647475e-08,0p5,0.5
1.833,4.116628187674567e-08,0p5,0.5
1.834,4.1165093934947574e-08,0p5,0.5
1.835,4.1163405559239246e-08,0p5,0.5
1.836,4.1161216745759044e-08,0p5,0.5
1.837,4.1158527490700126e-08,0p5,0.5
1.838,4.115537347105485e-08,0p5,0.5
1.839,4.1151920131368574e-08,0p5,0.5
1.84,4.1148033764488163e-08,0p5,0.5
1.841,4.114371436732429e-08,0p5,0.5
1.842,4.1138961936833136e-08,0p5,0.5
1.843,4.113377647001648e-08,0p5,0.5
1.844,4.11282579125106e-08,0p5,0.5
1.845,4.1122446311082094e-08,0p5,0.5
1.846,4.11162639894432e-08,0p5,0.5
1.847,4.110971094521384e-08,0p5,0.5
1.848,4.110278717605141e-08,0p5,0.5
1.849,4.1095492679650875e-08,0p5,0.5
1.85,4.108798767801823e-08,0p5,0.5
1.851,4.1080192018987755e-08,0p5,0.5
1.852,4.1072083007904083e-08,0p5,0.5
1.853,4.106366064299149e-08,0p5,0.5
1.854,4.1054924922504756e-08,0p5,0.5
1.855,4.104590580377727e-08,0p5,0.5
1.856,4.1036728853419984e-08,0p5,0.5
1.857,4.102729115510567e-08,0p5,0.5
1.858,4.101759270754567e-08,0p5,0.5
1.859,4.100763350947557e-08,0p5,0.5
1.86,4.09974135596552e-08,0p5,0.5
1.861,4.0987012032363434e-08,0p5,0.5
1.862,4.097645613354782e-08,0p5,0.5
1.863,4.0965687510664e-08,0p5,0.5
1.864,4.09547061628577e-08,0p5,0.5
1.865,4.0943512089293667e-08,0p5,0.5
1.866,4.093210528915566e-08,0p5,0.5
1.867,4.0920609786717184e-08,0p5,0.5
1.868,4.09089608976825e-08,0p5,0.5
1.869,4.089714292755277e-08,0p5,0.5
1.87,4.0885155875835255e-08,0p5,0.5
1.871,4.087299974205169e-08,0p5,0.5
1.872,4.086069859635023e-08,0p5,0.5
1.873,4.084834397595037e-08,0p5,0.5
1.874,4.083585974232636e-08,0p5,0.5
1.875,4.082324589527262e-08,0p5,0.5
1.876,4.0810502434594044e-08,0p5,0.5
1.877,4.0797629360106075e-08,0p5,0.5
1.878,4.078468679295368e-08,0p5,0.5
1.879,4.0771692128165234e-08,0p5,0.5
1.88,4.0758603353703036e-08,0p5,0.5
1.881,4.074542046960671e-08,0p5,0.5
1.882,4.073214347592324e-08,0p5,0.5
1.883,4.0718772372706735e-08,0p5,0.5
1.884,4.070539896002409e-08,0p5,0.5
1.885,4.069197346401618e-08,0p5,0.5
1.886,4.0678485613247554e-08,0p5,0.5
1.887,4.0664935407954417e-08,0p5,0.5
1.888,4.0651322848377474e-08,0p5,0.5
1.889,4.0637666291194134e-08,0p5,0.5
1.89,4.0624029272384084e-08,0p5,0.5
1.891,4.061035812173577e-08,0p5,0.5
1.892,4.0596652839637745e-08,0p5,0.5
1.893,4.05829134264808e-08,0p5,0.5
1.894,4.0569139882657835e-08,0p5,0.5
1.895,4.0555375506805e-08,0p5,0.5
1.896,4.0541630587685555e-08,0p5,0.5
1.897,4.0527876445514823e-08,0p5,0.5
1.898,4.05141130808018e-08,0p5,0.5
1.899,4.0500340494055724e-08,0p5,0.5
1.9,4.0486558685786166e-08,0p5,0.5
1.901,4.0472831781190764e-08,0p5,0.5
1.902,4.045912372631174e-08,0p5,0.5
1.903,4.04454282586426e-08,0p5,0.5
1.904,4.043174537878156e-08,0p5,0.5
1.905,4.0418075087325734e-08,0p5,0.5
1.906,4.0404430463397095e-08,0p5,0.5
1.907,4.039085281455833e-08,0p5,0.5
1.908,4.0377306677147867e-08,0p5,0.5
1.909,4.0363792051829466e-08,0p5,0.5
1.91,4.03503089392646e-08,0p5,0.5
1.911,4.033685734011206e-08,0p5,0.5
1.912,4.032346623107707e-08,0p5,0.5
1.913,4.0310141068858376e-08,0p5,0.5
1.914,4.029686366680007e-08,0p5,0.5
1.915,4.0283634025608024e-08,0p5,0.5
1.916,4.027045214598464e-08,0p5,0.5
1.917,4.025731802862892e-08,0p5,0.5
1.918,4.024427285925671e-08,0p5,0.5
1.919,4.0231292679971843e-08,0p5,0.5
1.92,4.021837403785315e-08,0p5,0.5
1.921,4.020551693362991e-08,0p5,0.5
1.922,4.019272136802724e-08,0p5,0.5
1.923,4.0179995761220094e-08,0p5,0.5
1.924,4.0167364430040674e-08,0p5,0.5
1.925,4.0154806139126745e-08,0p5,0.5
1.926,4.0142320889220435e-08,0p5,0.5
1.927,4.01299086810592e-08,0p5,0.5
1.928,4.0117569515375914e-08,0p5,0.5
1.929,4.010532062057339e-08,0p5,0.5
1.93,4.009316443004791e-08,0p5,0.5
1.931,4.008109070247528e-08,0p5,0.5
1.932,4.006909943859384e-08,0p5,0.5
1.933,4.00571906391369e-08,0p5,0.5
1.934,4.004536430483268e-08,0p5,0.5
1.935,4.003364330534794e-08,0p5,0.5
1.936,4.0022013905172865e-08,0p5,0.5
1.937,4.0010474494305364e-08,0p5,0.5
1.938,3.9999025073469955e-08,0p5,0.5
1.939,3.998766564338578e-08,0p5,0.5
1.94,3.997640069203315e-08,0p5,0.5
1.941,3.9965242090544174e-08,0p5,0.5
1.942,3.9954179284778045e-08,0p5,0.5
1.943,3.994321227544282e-08,0p5,0.5
1.944,3.993234106324124e-08,0p5,0.5
1.945,3.992156564887063e-08,0p5,0.5
1.946,3.9910894006066594e-08,0p5,0.5
1.947,3.9900326902550343e-08,0p5,0.5
1.948,3.9889859851652685e-08,0p5,0.5
1.949,3.9879492854053925e-08,0p5,0.5
1.95,3.9869225910429016e-08,0p5,0.5
1.951,3.9859059021447465e-08,0p5,0.5
1.952,3.9849003511728615e-08,0p5,0.5
1.953,3.9839052371963475e-08,0p5,0.5
1.954,3.9829204953004555e-08,0p5,0.5
1.955,3.98194612554957e-08,0p5,0.5
1.956,3.98098212800756e-08,0p5,0.5
1.957,3.9800285027377713e-08,0p5,0.5
1.958,3.979085249803024e-08,0p5,0.5
1.959,3.978152369265625e-08,0p5,0.5
1.96,3.97722986118735e-08,0p5,0.5
1.961,3.9763177256294564e-08,0p5,0.5
1.962,3.975415962652681e-08,0p5,0.5
1.963,3.9745246673291755e-08,0p5,0.5
1.964,3.9736438258489825e-08,0p5,0.5
1.965,3.9727733831274244e-08,0p5,0.5
1.966,3.971913339222295e-08,0p5,0.5
1.967,3.971063694190886e-08,0p5,0.5
1.968,3.970224448090002e-08,0p5,0.5
1.969,3.9693956009759326e-08,0p5,0.5
1.97,3.9685771529044754e-08,0p5,0.5
1.971,3.967769103930932e-08,0p5,0.5
1.972,3.9669714541100984e-08,0p5,0.5
1.973,3.9661838685756983e-08,0p5,0.5
1.974,3.9654061135051636e-08,0p5,0.5
1.975,3.964638607526857e-08,0p5,0.5
1.976,3.963881350691849e-08,0p5,0.5
1.977,3.963134343050738e-08,0p5,0.5
1.978,3.962397584653675e-08,0p5,0.5
1.979,3.9616710755503537e-08,0p5,0.5
1.98,3.960954815790012e-08,0p5,0.5
1.981,3.960248805421426e-08,0p5,0.5
1.982,3.959553044492926e-08,0p5,0.5
1.983,3.958867126260178e-08,0p5,0.5
1.984,3.9581898716224224e-08,0p5,0.5
1.985,3.9575225244116236e-08,0p5,0.5
1.986,3.9568650846723955e-08,0p5,0.5
1.987,3.956217552448943e-08,0p5,0.5
1.988,3.955579927785056e-08,0p5,0.5
1.989,3.9549522107241094e-08,0p5,0.5
1.99,3.954334401309073e-08,0p5,0.5
1.991,3.953726499582496e-08,0p5,0.5
1.992,3.95312850558652e-08,0p5,0.5
1.993,3.952540322638726e-08,0p5,0.5
1.994,3.95195920133246e-08,0p5,0.5
1.995,3.9513874653584153e-08,0p5,0.5
1.996,3.950825114754935e-08,0p5,0.5
1.997,3.9502721495599884e-08,0p5,0.5
1.998,3.9497285698111924e-08,0p5,0.5
1.999,3.949194375545779e-08,0p5,0.5
2.0,3.948669566800637e-08,0p5,0.5
2.001,3.9481541436122764e-08,0p5,0.5
2.002,3.947648106016852e-08,0p5,0.5
2.003,3.947151454050138e-08,0p5,0.5
2.004,3.946661164911369e-08,0p5,0.5
2.005,3.946179105206453e-08,0p5,0.5
2.006,3.9457057823160385e-08,0p5,0.5
2.007,3.9452411962722815e-08,0p5,0.5
2.008,3.944785347107021e-08,0p5,0.5
2.009,3.9443382348517755e-08,0p5,0.5
2.01,3.943899859537749e-08,0p5,0.5
2.011,3.9434702211958295e-08,0p5,0.5
2.012,3.9430493198565856e-08,0p5,0.5
2.013,3.9426371555502684e-08,0p5,0.5
2.014,3.9422311277771164e-08,0p5,0.5
2.015,3.941831842739236e-08,0p5,0.5
2.016,3.941440559418658e-08,0p5,0.5
2.017,3.941057277842232e-08,0p5,0.5
2.018,3.940681998036527e-08,0p5,0.5
2.019,3.9403147200278495e-08,0p5,0.5
2.02,3.9399554438422333e-08,0p5,0.5
2.021,3.9396041695054386e-08,0p5,0.5
2.022,3.9392608970429516e-08,0p5,0.5
2.023,3.9389256264799935e-08,0p5,0.5
2.024,3.9385964339511996e-08,0p5,0.5
2.025,3.938272413516487e-08,0p5,0.5
2.026,3.937955610106139e-08,0p5,0.5
2.027,3.9376460237422636e-08,0p5,0.5
2.028,3.937343654446733e-08,0p5,0.5
2.029,3.9370485022411996e-08,0p5,0.5
2.03,3.9367605671470766e-08,0p5,0.5
2.031,3.936479849185555e-08,0p5,0.5
2.032,3.9362063483776e-08,0p5,0.5
2.033,3.93594006474394e-08,0p5,0.5
2.034,3.9356798708589245e-08,0p5,0.5
2.035,3.935423307961559e-08,0p5,0.5
2.036,3.9351731584841235e-08,0p5,0.5
2.037,3.934929422444563e-08,0p5,0.5
2.038,3.934692099860633e-08,0p5,0.5
2.039,3.9344611907498994e-08,0p5,0.5
2.04,3.934236695129742e-08,0p5,0.5
2.041,3.934018613017347e-08,0p5,0.5
2.042,3.9338069444297114e-08,0p5,0.5
2.043,3.9336016893836395e-08,0p5,0.5
2.044,3.93340253586858e-08,0p5,0.5
2.045,3.933205582897614e-08,0p5,0.5
2.046,3.933014245747262e-08,0p5,0.5
2.047,3.932828524431889e-08,0p5,0.5
2.048,3.93264841896569e-08,0p5,0.5
2.049,3.9324739293627216e-08,0p5,0.5
2.05,3.9323050556368724e-08,0p5,0.5
2.051,3.932141797801881e-08,0p5,0.5
2.052,3.93198415587133e-08,0p5,0.5
2.053,3.931832129858646e-08,0p5,0.5
2.054,3.9316857197770955e-08,0p5,0.5
2.055,3.931541144356457e-08,0p5,0.5
2.056,3.931400962073146e-08,0p5,0.5
2.057,3.931265623536381e-08,0p5,0.5
2.058,3.931135128757349e-08,0p5,0.5
2.059,3.9310094777471064e-08,0p5,0.5
2.06,3.9308886705165915e-08,0p5,0.5
2.061,3.9307727070766135e-08,0p5,0.5
2.062,3.930661587437858e-08,0p5,0.5
2.063,3.9305553116108816e-08,0p5,0.5
2.064,3.930453879606116e-08,0p5,0.5
2.065,3.930354534113867e-08,0p5,0.5
2.066,3.930258186903853e-08,0p5,0.5
2.067,3.9301659515512124e-08,0p5,0.5
2.068,3.9300778280646034e-08,0p5,0.5
2.069,3.929993816452586e-08,0p5,0.5
2.07,3.9299139167236234e-08,0p5,0.5
2.071,3.929838128886075e-08,0p5,0.5
2.072,3.9297664529481974e-08,0p5,0.5
2.073,3.92969888891816e-08,0p5,0.5
2.074,3.929635436804014e-08,0p5,0.5
2.075,3.929574274871296e-08,0p5,0.5
2.076,3.92951489336759e-08,0p5,0.5
2.077,3.92945894251141e-08,0p5,0.5
2.078,3.929406422309335e-08,0p5,0.5
2.079,3.92935733276786e-08,0p5,0.5
2.08,3.9293116738934e-08,0p5,0.5
2.081,3.9292694456923e-08,0p5,0.5
2.082,3.9292306481708256e-08,0p5,0.5
2.083,3.929195281335151e-08,0p5,0.5
2.084,3.9291633451913866e-08,0p5,0.5
2.085,3.929133830652133e-08,0p5,0.5
2.086,3.9291050734990784e-08,0p5,0.5
2.087,3.92907912335531e-08,0p5,0.5
2.088,3.9290559802257064e-08,0p5,0.5
2.089,3.92903564411508e-08,0p5,0.5
2.09,3.929018115028197e-08,0p5,0.5
2.091,3.929003392969745e-08,0p5,0.5
2.092,3.92899147794437e-08,0p5,0.5
2.093,3.928982369956641e-08,0p5,0.5
2.094,3.928976069011082e-08,0p5,0.5
2.095,3.928972238489195e-08,0p5,0.5
2.096,3.928968340156346e-08,0p5,0.5
2.097,3.928966686657474e-08,0p5,0.5
2.098,3.928967277996099e-08,0p5,0.5
2.099,3.9289701141756864e-08,0p5,0.5
2.1,3.928975195199664e-08,0p5,0.5
2.101,3.928982521071415e-08,0p5,0.5
2.102,3.928992091794277e-08,0p5,0.5
2.103,3.929003907371531e-08,0p5,0.5
2.104,3.9290179678064324e-08,0p5,0.5
2.105,3.929034273102175e-08,0p5,0.5
2.106,3.9290487080770874e-08,0p5,0.5
2.107,3.9290642794600313e-08,0p5,0.5
2.108,3.9290812945566276e-08,0p5,0.5
2.109,3.9290997533689076e-08,0p5,0.5
2.11,3.929119655898881e-08,0p5,0.5
2.111,3.9291410021485265e-08,0p5,0.5
2.112,3.929163792119807e-08,0p5,0.5
2.113,3.9291880258146446e-08,0p5,0.5
2.114,3.92921370323494e-08,0p5,0.5
2.115,3.929240824382576e-08,0p5,0.5
2.116,3.9292693892593994e-08,0p5,0.5
2.117,3.929299397867229e-08,0p5,0.5
2.118,3.929330850207865e-08,0p5,0.5
2.119,3.929363746283082e-08,0p5,0.5
2.12,3.9293980860946186e-08,0p5,0.5
2.121,3.929433869644194e-08,0p5,0.5
2.122,3.9294710969334985e-08,0p5,0.5
2.123,3.9295097679641995e-08,0p5,0.5
2.124,3.929549882737934e-08,0p5,0.5
2.125,3.9295914412563155e-08,0p5,0.5
2.126,3.929632020000552e-08,0p5,0.5
2.127,3.929671649087324e-08,0p5,0.5
2.128,3.929712293068628e-08,0p5,0.5
2.129,3.929753951945544e-08,0p5,0.5
2.13,3.9297966257191424e-08,0p5,0.5
2.131,3.929840314390468e-08,0p5,0.5
2.132,3.929885017960544e-08,0p5,0.5
2.133,3.929930736430388e-08,0p5,0.5
2.134,3.929977469800992e-08,0p5,0.5
2.135,3.9300252180733335e-08,0p5,0.5
2.136,3.930073981248369e-08,0p5,0.5
2.137,3.9301237593270415e-08,0p5,0.5
2.138,3.9301745523102744e-08,0p5,0.5
2.139,3.9302263601989774e-08,0p5,0.5
2.14,3.930279182994031e-08,0p5,0.5
2.141,3.930333020696314e-08,0p5,0.5
2.142,3.930387873306678e-08,0p5,0.5
2.143,3.9304437408259626e-08,0p5,0.5
2.144,3.93049958823537e-08,0p5,0.5
2.145,3.9305518228616164e-08,0p5,0.5
2.146,3.9306044985119424e-08,0p5,0.5
2.147,3.9306576151866224e-08,0p5,0.5
2.148,3.9307111728859193e-08,0p5,0.5
2.149,3.930765171610091e-08,0p5,0.5
2.15,3.9308196113593934e-08,0p5,0.5
2.151,3.930874492134062e-08,0p5,0.5
2.152,3.9309298139343386e-08,0p5,0.5
2.153,3.930985576760448e-08,0p5,0.5
2.154,3.931041780612616e-08,0p5,0.5
2.155,3.931098425491055e-08,0p5,0.5
2.156,3.931155511395972e-08,0p5,0.5
2.157,3.931213038327564e-08,0p5,0.5
2.158,3.931271006286027e-08,0p5,0.5
2.159,3.931329415271545e-08,0p5,0.5
2.16,3.9313882652842934e-08,0p5,0.5
2.161,3.9314475563244464e-08,0p5,0.5
2.162,3.9315072883921664e-08,0p5,0.5
2.163,3.9315645057200865e-08,0p5,0.5
2.164,3.9316213027863736e-08,0p5,0.5
2.165,3.9316781781008873e-08,0p5,0.5
2.166,3.9317351316635054e-08,0p5,0.5
2.167,3.931792163474092e-08,0p5,0.5
2.168,3.9318492735325143e-08,0p5,0.5
2.169,3.931906461838633e-08,0p5,0.5
2.17,3.9319637283923165e-08,0p5,0.5
2.171,3.932021073193419e-08,0p5,0.5
2.172,3.932078496241804e-08,0p5,0.5
2.173,3.9321359975373266e-08,0p5,0.5
2.174,3.932193577079842e-08,0p5,0.5
2.175,3.9322512348692e-08,0p5,0.5
2.176,3.9323089709052543e-08,0p5,0.5
2.177,3.932366785187849e-08,0p5,0.5
2.178,3.9324246777168374e-08,0p5,0.5
2.179,3.932482648492061e-08,0p5,0.5
2.18,3.932540697513361e-08,0p5,0.5
2.181,3.932597602269969e-08,0p5,0.5
2.182,3.9326531852933125e-08,0p5,0.5
2.183,3.932708588851532e-08,0p5,0.5
2.184,3.932763812944304e-08,0p5,0.5
2.185,3.9328188575713054e-08,0p5,0.5
2.186,3.932873722732212e-08,0p5,0.5
2.187,3.9329284084267025e-08,0p5,0.5
2.188,3.932982914654459e-08,0p5,0.5
2.189,3.9330372414151626e-08,0p5,0.5
2.19,3.9330913887084945e-08,0p5,0.5
2.191,3.933145356534137e-08,0p5,0.5
2.192,3.9331991448917766e-08,0p5,0.5
2.193,3.9332527537811014e-08,0p5,0.5
2.194,3.933306183201792e-08,0p5,0.5
2.195,3.933359433153542e-08,0p5,0.5
2.196,3.9334125036360375e-08,0p5,0.5
2.197,3.9334653946489716e-08,0p5,0.5
2.198,3.933518106192032e-08,0p5,0.5
2.199,3.933570408417335e-08,0p5,0.5
2.2,3.933621212711329e-08,0p5,0.5
2.201,3.9336716800341214e-08,0p5,0.5
2.202,3.9337218103853254e-08,0p5,0.5
2.203,3.93377160376456e-08,0p5,0.5
2.204,3.9338210601714476e-08,0p5,0.5
2.205,3.933870179605604e-08,0p5,0.5
2.206,3.933918962066663e-08,0p5,0.5
2.207,3.9339674075542516e-08,0p5,0.5
2.208,3.934015516067993e-08,0p5,0.5
2.209,3.934063287607528e-08,0p5,0.5
2.21,3.9341107221724915e-08,0p5,0.5
2.211,3.934157819762514e-08,0p5,0.5
2.212,3.934204580377244e-08,0p5,0.5
2.213,3.9342510040163265e-08,0p5,0.5
2.214,3.934297090679402e-08,0p5,0.5
2.215,3.9343428403661255e-08,0p5,0.5
2.216,3.934388253076139e-08,0p5,0.5
2.217,3.9344333288091035e-08,0p5,0.5
2.218,3.9344774532935e-08,0p5,0.5
2.219,3.9345210271596165e-08,0p5,0.5
2.22,3.93456418508541e-08,0p5,0.5
2.221,3.934606927070517e-08,0p5,0.5
2.222,3.934649253114571e-08,0p5,0.5
2.223,3.9346911632172144e-08,0p5,0.5
2.224,3.934732657378089e-08,0p5,0.5
2.225,3.9347737355968384e-08,0p5,0.5
2.226,3.934814397873111e-08,0p5,0.5
2.227,3.9348546442065646e-08,0p5,0.5
2.228,3.934894474596844e-08,0p5,0.5
2.229,3.9349338890436165e-08,0p5,0.5
2.23,3.934972887546537e-08,0p5,0.5
2.231,3.935011470105269e-08,0p5,0.5
2.232,3.935049636719482e-08,0p5,0.5
2.233,3.9350873873888486e-08,0p5,0.5
2.234,3.9351247221130334e-08,0p5,0.5
2.235,3.935161640891716e-08,0p5,0.5
2.236,3.935198052538767e-08,0p5,0.5
2.237,3.935233928732596e-08,0p5,0.5
2.238,3.935269368200203e-08,0p5,0.5
2.239,3.9353043709412724e-08,0p5,0.5
2.24,3.935338936955493e-08,0p5,0.5
2.241,3.9353730662425534e-08,0p5,0.5
2.242,3.935406758802154e-08,0p5,0.5
2.243,3.935440014633986e-08,0p5,0.5
2.244,3.9354728337377554e-08,0p5,0.5
2.245,3.935505216113166e-08,0p5,0.5
2.246,3.9355371617599184e-08,0p5,0.5
2.247,3.9355686706777246e-08,0p5,0.5
2.248,3.9355997428662994e-08,0p5,0.5
2.249,3.93563037832535e-08,0p5,0.5
2.25,3.9356605770546014e-08,0p5,0.5
2.251,3.935690339053772e-08,0p5,0.5
2.252,3.935719664322585e-08,0p5,0.5
2.253,3.9357485528607645e-08,0p5,0.5
2.254,3.935777026078656e-08,0p5,0.5
2.255,3.9358052289609396e-08,0p5,0.5
2.256,3.9358330142880615e-08,0p5,0.5
2.257,3.935860382059776e-08,0p5,0.5
2.258,3.935887332275838e-08,0p5,0.5
2.259,3.935913864936e-08,0p5,0.5
2.26,3.935939980040024e-08,0p5,0.5
2.261,3.935965677587669e-08,0p5,0.5
2.262,3.9359909575786995e-08,0p5,0.5
2.263,3.936015820012877e-08,0p5,0.5
2.264,3.9360402648899724e-08,0p5,0.5
2.265,3.936064292209759e-08,0p5,0.5
2.266,3.9360879019720094e-08,0p5,0.5
2.267,3.9361110941764946e-08,0p5,0.5
2.268,3.9361338688229926e-08,0p5,0.5
2.269,3.936156225911292e-08,0p5,0.5
2.27,3.9361781654411645e-08,0p5,0.5
2.271,3.936199687412404e-08,0p5,0.5
2.272,3.9362207918247946e-08,0p5,0.5
2.273,3.936242115044284e-08,0p5,0.5
2.274,3.9362632813255234e-08,0p5,0.5
2.275,3.9362841158991134e-08,0p5,0.5
2.276,3.9363046187648855e-08,0p5,0.5
2.277,3.9363247899226796e-08,0p5,0.5
2.278,3.9363446293723315e-08,0p5,0.5
2.279,3.9363641371136786e-08,0p5,0.5
2.28,3.9363833131465665e-08,0p5,0.5
2.281,3.936402157470829e-08,0p5,0.5
2.282,3.9364206700863165e-08,0p5,0.5
2.283,3.936438850992872e-08,0p5,0.5
2.284,3.9364567001903435e-08,0p5,0.5
2.285,3.9364742176785774e-08,0p5,0.5
2.286,3.9364914034574265e-08,0p5,0.5
2.287,3.9365082575267384e-08,0p5,0.5
2.288,3.93652477988637e-08,0p5,0.5
2.289,3.9365409705361734e-08,0p5,0.5
2.29,3.936556829476007e-08,0p5,0.5
2.291,3.936572356705726e-08,0p5,0.5
2.292,3.936587552225192e-08,0p5,0.5
2.293,3.936602416034265e-08,0p5,0.5
2.294,3.936616948132808e-08,0p5,0.5
2.295,3.9366311485206876e-08,0p5,0.5
2.296,3.9366450171977633e-08,0p5,0.5
2.297,3.936658554163909e-08,0p5,0.5
2.298,3.9366717594189884e-08,0p5,0.5
2.299,3.9366846329628756e-08,0p5,0.5
2.3,3.93669717479544e-08,0p5,0.5
2.301,3.936709384916558e-08,0p5,0.5
2.302,3.9367212633261014e-08,0p5,0.5
2.303,3.936732810023952e-08,0p5,0.5
2.304,3.936744025009981e-08,0p5,0.5
2.305,3.9367549082840726e-08,0p5,0.5
2.306,3.93676545984611e-08,0p5,0.5
2.307,3.9367756796959715e-08,0p5,0.5
2.308,3.936785567833545e-08,0p5,0.5
2.309,3.936795246053961e-08,0p5,0.5
2.31,3.9368059615275126e-08,0p5,0.5
2.311,3.93681642404121e-08,0p5,0.5
2.312,3.9368266335949636e-08,0p5,0.5
2.313,3.9368365901886814e-08,0p5,0.5
2.314,3.9368462938222834e-08,0p5,0.5
2.315,3.93685574449568e-08,0p5,0.5
2.316,3.936864942208794e-08,0p5,0.5
2.317,3.936873886961535e-08,0p5,0.5
2.318,3.9368825787538214e-08,0p5,0.5
2.319,3.93689101758558e-08,0p5,0.5
2.32,3.9368992034567194e-08,0p5,0.5
2.321,3.9369071363671676e-08,0p5,0.5
2.322,3.9369148163168444e-08,0p5,0.5
2.323,3.936922243305672e-08,0p5,0.5
2.324,3.936929417333575e-08,0p5,0.5
2.325,3.93693633840048e-08,0p5,0.5
2.326,3.936943006506315e-08,0p5,0.5
2.327,3.936949421650999e-08,0p5,0.5
2.328,3.9369555838344634e-08,0p5,0.5
2.329,3.936961493056638e-08,0p5,0.5
2.33,3.936967149317456e-08,0p5,0.5
2.331,3.936972552616845e-08,0p5,0.5
2.332,3.9369777029547354e-08,0p5,0.5
2.333,3.9369826003310667e-08,0p5,0.5
2.334,3.936987244745762e-08,0p5,0.5
2.335,3.936991636198767e-08,0p5,0.5
2.336,3.9369957746900124e-08,0p5,0.5
2.337,3.936999660219436e-08,0p5,0.5
2.338,3.937003292786973e-08,0p5,0.5
2.339,3.937006672392571e-08,0p5,0.5
2.34,3.9370097990361625e-08,0p5,0.5
2.341,3.9370126727176913e-08,0p5,0.5
2.342,3.937015293437098e-08,0p5,0.5
2.343,3.9370176611943265e-08,0p5,0.5
2.344,3.937019775989322e-08,0p5,0.5
2.345,3.9370216378220285e-08,0p5,0.5
2.346,3.937023969060269e-08,0p5,0.5
2.347,3.937027232587882e-08,0p5,0.5
2.348,3.937030342309688e-08,0p5,0.5
2.349,3.937033298225662e-08,0p5,0.5
2.35,3.9370361003357665e-08,0p5,0.5
2.351,3.937038748639971e-08,0p5,0.5
2.352,3.9370412431382425e-08,0p5,0.5
2.353,3.9370435838305514e-08,0p5,0.5
2.354,3.937045770716866e-08,0p5,0.5
2.355,3.937047803797158e-08,0p5,0.5
2.356,3.9370496830713925e-08,0p5,0.5
2.357,3.937051408539547e-08,0p5,0.5
2.358,3.937052980201586e-08,0p5,0.5
2.359,3.9370543980574844e-08,0p5,0.5
2.36,3.9370556621072165e-08,0p5,0.5
2.361,3.93705677235075e-08,0p5,0.5
2.362,3.9370577287880614e-08,0p5,0.5
2.363,3.9370585314191194e-08,0p5,0.5
2.364,3.9370591802439066e-08,0p5,0.5
2.365,3.937059675262387e-08,0p5,0.5
2.366,3.937060016474542e-08,0p5,0.5
2.367,3.9370602038803454e-08,0p5,0.5
2.368,3.9370602374797734e-08,0p5,0.5
2.369,3.9370601172728e-08,0p5,0.5
2.37,3.9370598432594066e-08,0p5,0.5
2.371,3.937059415439562e-08,0p5,0.5
2.372,3.937058833813251e-08,0p5,0.5
2.373,3.937058098380452e-08,0p5,0.5
2.374,3.93705720914114e-08,0p5,0.5
2.375,3.9370561660952936e-08,0p5,0.5
2.376,3.9370549692428954e-08,0p5,0.5
2.377,3.9370536185839214e-08,0p5,0.5
2.378,3.9370521141183576e-08,0p5,0.5
2.379,3.9370504558461795e-08,0p5,0.5
2.38,3.93704864376737e-08,0p5,0.5
2.381,3.937046677881913e-08,0p5,0.5
2.382,3.93704455818979e-08,0p5,0.5
2.383,3.937043328320437e-08,0p5,0.5
2.384,3.9370424560127745e-08,0p5,0.5
2.385,3.937041509449116e-08,0p5,0.5
2.386,3.937040488629451e-08,0p5,0.5
2.387,3.937039393553776e-08,0p5,0.5
2.388,3.9370382242220814e-08,0p5,0.5
2.389,3.9370369806343665e-08,0p5,0.5
2.39,3.9370356627906214e-08,0p5,0.5
2.391,3.937034270690844e-08,0p5,0.5
2.392,3.9370328043350286e-08,0p5,0.5
2.393,3.937031263723168e-08,0p5,0.5
2.394,3.9370296488552626e-08,0p5,0.5
2.395,3.9370279597313044e-08,0p5,0.5
2.396,3.9370261963512843e-08,0p5,0.5
2.397,3.937024358715209e-08,0p5,0.5
2.398,3.9370224468230674e-08,0p5,0.5
2.399,3.9370204606748514e-08,0p5,0.5
2.4,3.937018400270568e-08,0p5,0.5
2.401,3.937016265610207e-08,0p5,0.5
2.402,3.937014056693764e-08,0p5,0.5
2.403,3.93701177352124e-08,0p5,0.5
2.404,3.937009416092629e-08,0p5,0.5
2.405,3.937006984407925e-08,0p5,0.5
2.406,3.937004478467131e-08,0p5,0.5
2.407,3.9370018982702393e-08,0p5,0.5
2.408,3.93699924381725e-08,0p5,0.5
2.409,3.9369965151081654e-08,0p5,0.5
2.41,3.9369937121429734e-08,0p5,0.5
2.411,3.9369908349216787e-08,0p5,0.5
2.412,3.9369878834442764e-08,0p5,0.5
2.413,3.9369848577107667e-08,0p5,0.5
2.414,3.936981757721146e-08,0p5,0.5
2.415,3.936978583475412e-08,0p5,0.5
2.416,3.936975334973568e-08,0p5,0.5
2.417,3.93697201221561e-08,0p5,0.5
2.418,3.936968615201536e-08,0p5,0.5
2.419,3.9369651542586786e-08,0p5,0.5
2.42,3.936962621509391e-08,0p5,0.5
2.421,3.936960068214959e-08,0p5,0.5
2.422,3.9369574943753844e-08,0p5,0.5
2.423,3.9369548999906714e-08,0p5,0.5
2.424,3.9369522850608254e-08,0p5,0.5
2.425,3.936949649585847e-08,0p5,0.5
2.426,3.936946993565746e-08,0p5,0.5
2.427,3.936944317000524e-08,0p5,0.5
2.428,3.936941619890183e-08,0p5,0.5
2.429,3.9369389022347325e-08,0p5,0.5
2.43,3.936936164034172e-08,0p5,0.5
2.431,3.936933405288509e-08,0p5,0.5
2.432,3.936930625997747e-08,0p5,0.5
2.433,3.936927826161891e-08,0p5,0.5
2.434,3.9369250057809456e-08,0p5,0.5
2.435,3.9369221648549134e-08,0p5,0.5
2.436,3.9369193033838e-08,0p5,0.5
2.437,3.936916421367609e-08,0p5,0.5
2.438,3.9369135188063476e-08,0p5,0.5
2.439,3.936910595700016e-08,0p5,0.5
2.44,3.936907652048625e-08,0p5,0.5
2.441,3.936904687852174e-08,0p5,0.5
2.442,3.9369017031106685e-08,0p5,0.5
2.443,3.936898697824111e-08,0p5,0.5
2.444,3.9368956719925124e-08,0p5,0.5
2.445,3.93689262561587e-08,0p5,0.5
2.446,3.9368895586941935e-08,0p5,0.5
2.447,3.9368864712274885e-08,0p5,0.5
2.448,3.936883363215755e-08,0p5,0.5
2.449,3.9368802346589997e-08,0p5,0.5
2.45,3.9368770855572256e-08,0p5,0.5
2.451,3.9368739159104385e-08,0p5,0.5
2.452,3.936870725718644e-08,0p5,0.5
2.453,3.93686751498185e-08,0p5,0.5
2.454,3.936864283700056e-08,0p5,0.5
2.455,3.936861031873264e-08,0p5,0.5
2.456,3.9368579356994835e-08,0p5,0.5
2.457,3.9368552143369686e-08,0p5,0.5
2.458,3.9368525022525125e-08,0p5,0.5
2.459,3.9368497994461244e-08,0p5,0.5
2.46,3.936847105917804e-08,0p5,0.5
2.461,3.9368444216675675e-08,0p5,0.5
2.462,3.936841746695415e-08,0p5,0.5
2.463,3.936839081001354e-08,0p5,0.5
2.464,3.9368364245853916e-08,0p5,0.5
2.465,3.9368337774475315e-08,0p5,0.5
2.466,3.936831139587781e-08,0p5,0.5
2.467,3.936828511006148e-08,0p5,0.5
2.468,3.9368258917026345e-08,0p5,0.5
2.469,3.9368232816772517e-08,0p5,0.5
2.47,3.93682068093e-08,0p5,0.5
2.471,3.93681808946089e-08,0p5,0.5
2.472,3.936815507269924e-08,0p5,0.5
2.473,3.9368129343571125e-08,0p5,0.5
2.474,3.9368103707224556e-08,0p5,0.5
2.475,3.9368078163659614e-08,0p5,0.5
2.476,3.936805271287639e-08,0p5,0.5
2.477,3.936802735487487e-08,0p5,0.5
2.478,3.9368002089655175e-08,0p5,0.5
2.479,3.9367976917217334e-08,0p5,0.5
2.48,3.93679518375614e-08,0p5,0.5
2.481,3.936792685068745e-08,0p5,0.5
2.482,3.93679019565955e-08,0p5,0.5
2.483,3.936787715528567e-08,0p5,0.5
2.484,3.9367852446757924e-08,0p5,0.5
2.485,3.9367827831012384e-08,0p5,0.5
2.486,3.9367803308049074e-08,0p5,0.5
2.487,3.9367778877868084e-08,0p5,0.5
2.488,3.936775454046942e-08,0p5,0.5
2.489,3.936773029585316e-08,0p5,0.5
2.49,3.936770614401936e-08,0p5,0.5
2.491,3.936768208496804e-08,0p5,0.5
2.492,3.936765811869932e-08,0p5,0.5
2.493,3.9367635572529684e-08,0p5,0.5
2.494,3.936761399739059e-08,0p5,0.5
2.495,3.936759262829298e-08,0p5,0.5
2.496,3.936757146523696e-08,0p5,0.5
2.497,3.93675505082225e-08,0p5,0.5
2.498,3.9367529757249716e-08,0p5,0.5
2.499,3.936750921231859e-08,0p5,0.5
2.5,3.936748887342922e-08,0p5,0.5
2.501,3.9367468740581626e-08,0p5,0.5
2.502,3.9367448813775855e-08,0p5,0.5
2.503,3.936742909301195e-08,0p5,0.5
2.504,3.936740957828995e-08,0p5,0.5
2.505,3.9367390269609895e-08,0p5,0.5
2.506,3.9367371166971886e-08,0p5,0.5
2.507,3.936735227037589e-08,0p5,0.5
2.508,3.936733357982201e-08,0p5,0.5
2.509,3.936731509531024e-08,0p5,0.5
2.51,3.9367296816840636e-08,0p5,0.5
2.511,3.9367278744413265e-08,0p5,0.5
2.512,3.936726087802816e-08,0p5,0.5
2.513,3.936724321768536e-08,0p5,0.5
2.514,3.9367225763384884e-08,0p5,0.5
2.515,3.93672085151268e-08,0p5,0.5
2.516,3.936719147291112e-08,0p5,0.5
2.517,3.9367174636737914e-08,0p5,0.5
2.518,3.9367158006607236e-08,0p5,0.5
2.519,3.93671415825191e-08,0p5,0.5
2.52,3.9367125364473534e-08,0p5,0.5
2.521,3.9367109352470595e-08,0p5,0.5
2.522,3.9367093546510294e-08,0p5,0.5
2.523,3.936707794659272e-08,0p5,0.5
2.524,3.9367062552717894e-08,0p5,0.5
2.525,3.93670473648858e-08,0p5,0.5
2.526,3.936703238309657e-08,0p5,0.5
2.527,3.9367017607350165e-08,0p5,0.5
2.528,3.936700303764665e-08,0p5,0.5
2.529,3.9366988673986075e-08,0p5,0.5
2.53,3.9366974516368446e-08,0p5,0.5
2.531,3.936696056479381e-08,0p5,0.5
2.532,3.93669468192622e-08,0p5,0.5
2.533,3.9366933279773685e-08,0p5,0.5
2.534,3.936691994632825e-08,0p5,0.5
2.535,3.9366906818925966e-08,0p5,0.5
2.536,3.936689389756684e-08,0p5,0.5
2.537,3.9366881182250954e-08,0p5,0.5
2.538,3.936686867297829e-08,0p5,0.5
2.539,3.9366856369748885e-08,0p5,0.5
2.54,3.936684427256282e-08,0p5,0.5
2.541,3.936683238142005e-08,0p5,0.5
2.542,3.936682069632067e-08,0p5,0.5
2.543,3.93668092172647e-08,0p5,0.5
2.544,3.936679794425216e-08,0p5,0.5
2.545,3.93667868772831e-08,0p5,0.5
2.546,3.936677601635752e-08,0p5,0.5
2.547,3.9366765361475485e-08,0p5,0.5
2.548,3.9366754912637e-08,0p5,0.5
2.549,3.9366744669842114e-08,0p5,0.5
2.55,3.9366734633090833e-08,0p5,0.5
2.551,3.936672480238322e-08,0p5,0.5
2.552,3.936671517771928e-08,0p5,0.5
2.553,3.936670575909904e-08,0p5,0.5
2.554,3.936669654652255e-08,0p5,0.5
2.555,3.9366687539989844e-08,0p5,0.5
2.556,3.9366678739500885e-08,0p5,0.5
2.557,3.9366670145055774e-08,0p5,0.5
2.558,3.9366661756654524e-08,0p5,0.5
2.559,3.9366653574297116e-08,0p5,0.5
2.56,3.936664559798364e-08,0p5,0.5
2.561,3.9366637827714076e-08,0p5,0.5
2.562,3.9366630263488463e-08,0p5,0.5
2.563,3.9366622905306845e-08,0p5,0.5
2.564,3.936661575316924e-08,0p5,0.5
2.565,3.936660880707566e-08,0p5,0.5
2.566,3.93666015537718e-08,0p5,0.5
2.567,3.936659289493195e-08,0p5,0.5
2.568,3.9366584385378164e-08,0p5,0.5
2.569,3.9366576025110545e-08,0p5,0.5
2.57,3.9366567814129015e-08,0p5,0.5
2.571,3.9366559752433673e-08,0p5,0.5
2.572,3.9366551840024514e-08,0p5,0.5
2.573,3.936654407690155e-08,0p5,0.5
2.574,3.936653646306482e-08,0p5,0.5
2.575,3.93665289985143e-08,0p5,0.5
2.576,3.9366521683250055e-08,0p5,0.5
2.577,3.9366514517272064e-08,0p5,0.5
2.578,3.93665075005804e-08,0p5,0.5
2.579,3.936650063317505e-08,0p5,0.5
2.58,3.9366493915056e-08,0p5,0.5
2.581,3.936648734622331e-08,0p5,0.5
2.582,3.9366480926677e-08,0p5,0.5
2.583,3.936647465641707e-08,0p5,0.5
2.584,3.9366468535443546e-08,0p5,0.5
2.585,3.93664625637564e-08,0p5,0.5
2.586,3.9366456741355723e-08,0p5,0.5
2.587,3.936645106824151e-08,0p5,0.5
2.588,3.9366445544413734e-08,0p5,0.5
2.589,3.936644016987246e-08,0p5,0.5
2.59,3.936643494461767e-08,0p5,0.5
2.591,3.936642986864943e-08,0p5,0.5
2.592,3.93664249419677e-08,0p5,0.5
2.593,3.936642016457251e-08,0p5,0.5
2.594,3.936641553646392e-08,0p5,0.5
2.595,3.936641105764188e-08,0p5,0.5
2.596,3.9366406728106445e-08,0p5,0.5
2.597,3.9366402547857614e-08,0p5,0.5
2.598,3.936639851689542e-08,0p5,0.5
2.599,3.936639463521988e-08,0p5,0.5
2.6,3.9366390902830967e-08,0p5,0.5
2.601,3.936638731972874e-08,0p5,0.5
2.602,3.936638388591319e-08,0p5,0.5
2.603,3.936638060138433e-08,0p5,0.5
2.604,3.9366377466142217e-08,0p5,0.5
2.605,3.936637448018679e-08,0p5,0.5
2.606,3.936637164351812e-08,0p5,0.5
2.607,3.936636895613619e-08,0p5,0.5
2.608,3.936636641804104e-08,0p5,0.5
2.609,3.936636402923266e-08,0p5,0.5
2.61,3.9366361789711094e-08,0p5,0.5
2.611,3.936635969947632e-08,0p5,0.5
2.612,3.936635775852832e-08,0p5,0.5
2.613,3.936635596686721e-08,0p5,0.5
2.614,3.93663543244929e-08,0p5,0.5
2.615,3.936635283140547e-08,0p5,0.5
2.616,3.9366351487604885e-08,0p5,0.5
2.617,3.936635029309118e-08,0p5,0.5
2.618,3.9366349247864365e-08,0p5,0.5
2.619,3.936634835192446e-08,0p5,0.5
2.62,3.9366347605271465e-08,0p5,0.5
2.621,3.936634700790536e-08,0p5,0.5
2.622,3.9366346559826224e-08,0p5,0.5
2.623,3.9366346261034016e-08,0p5,0.5
2.624,3.936634611152874e-08,0p5,0.5
2.625,3.9366346111310454e-08,0p5,0.5
2.626,3.9366346260379133e-08,0p5,0.5
2.627,3.9366346558734796e-08,0p5,0.5
2.628,3.936634700637746e-08,0p5,0.5
2.629,3.93663476033071e-08,0p5,0.5
2.63,3.9366348349523767e-08,0p5,0.5
2.631,3.936634924502745e-08,0p5,0.5
2.632,3.936635028981816e-08,0p5,0.5
2.633,3.9366351483895926e-08,0p5,0.5
2.634,3.936635282726073e-08,0p5,0.5
2.635,3.936635431991258e-08,0p5,0.5
2.636,3.936635596185149e-08,0p5,0.5
2.637,3.936635775307749e-08,0p5,0.5
2.638,3.9366359693590575e-08,0p5,0.5
2.639,3.936636178339071e-08,0p5,0.5
2.64,3.936636162090761e-08,0p5,0.5
2.641,3.936636115734498e-08,0p5,0.5
2.642,3.93663607681257e-08,0p5,0.5
2.643,3.9366360453249844e-08,0p5,0.5
2.644,3.936636021271734e-08,0p5,0.5
2.645,3.936636004652827e-08,0p5,0.5
2.646,3.936635995468261e-08,0p5,0.5
2.647,3.936635993718032e-08,0p5,0.5
2.648,3.936635999402146e-08,0p5,0.5
2.649,3.9366360125206014e-08,0p5,0.5
2.65,3.936636033073399e-08,0p5,0.5
2.651,3.9366360610605384e-08,0p5,0.5
2.652,3.936636096482022e-08,0p5,0.5
2.653,3.9366361393378475e-08,0p5,0.5
2.654,3.936636189628021e-08,0p5,0.5
2.655,3.936636247352535e-08,0p5,0.5
2.656,3.936636312511396e-08,0p5,0.5
2.657,3.9366363851046034e-08,0p5,0.5
2.658,3.9366364651321564e-08,0p5,0.5
2.659,3.936636552594056e-08,0p5,0.5
2.66,3.9366366474903025e-08,0p5,0.5
2.661,3.936636749820896e-08,0p5,0.5
2.662,3.9366368595858384e-08,0p5,0.5
2.663,3.9366369767851293e-08,0p5,0.5
2.664,3.936637101418764e-08,0p5,0.5
2.665,3.936637233486753e-08,0p5,0.5
2.666,3.93663737298909e-08,0p5,0.5
2.667,3.936637519925777e-08,0p5,0.5
2.668,3.936637674296817e-08,0p5,0.5
2.669,3.936637836102204e-08,0p5,0.5
2.67,3.936638005341944e-08,0p5,0.5
2.671,3.9366381820160366e-08,0p5,0.5
2.672,3.936638366124478e-08,0p5,0.5
2.673,3.936638557667275e-08,0p5,0.5
2.674,3.936638756644422e-08,0p5,0.5
2.675,3.936638963055924e-08,0p5,0.5
2.676,3.93663917690178e-08,0p5,0.5
2.677,3.9366393981819883e-08,0p5,0.5
2.678,3.9366396268965496e-08,0p5,0.5
2.679,3.9366398630454674e-08,0p5,0.5
2.68,3.9366401066287384e-08,0p5,0.5
2.681,3.936640357646366e-08,0p5,0.5
2.682,3.93664061609835e-08,0p5,0.5
2.683,3.936640881984686e-08,0p5,0.5
2.684,3.936641155305382e-08,0p5,0.5
2.685,3.9366414360604335e-08,0p5,0.5
2.686,3.936641724249839e-08,0p5,0.5
2.687,3.936642019873604e-08,0p5,0.5
2.688,3.936642322931725e-08,0p5,0.5
2.689,3.936642633424205e-08,0p5,0.5
2.69,3.936642951351043e-08,0p5,0.5
2.691,3.9366432767122365e-08,0p5,0.5
2.692,3.93664360950779e-08,0p5,0.5
2.693,3.936643949737703e-08,0p5,0.5
2.694,3.9366442974019715e-08,0p5,0.5
2.695,3.9366446525006036e-08,0p5,0.5
2.696,3.9366450150335935e-08,0p5,0.5
2.697,3.936645385000939e-08,0p5,0.5
2.698,3.93664576240265e-08,0p5,0.5
2.699,3.9366461472387186e-08,0p5,0.5
2.7,3.936646539509149e-08,0p5,0.5
2.701,3.936646939213935e-08,0p5,0.5
2.702,3.9366473463530884e-08,0p5,0.5
2.703,3.936647760926598e-08,0p5,0.5
2.704,3.936648182934469e-08,0p5,0.5
2.705,3.9366486123767024e-08,0p5,0.5
2.706,3.936649049253297e-08,0p5,0.5
2.707,3.936649493564252e-08,0p5,0.5
2.708,3.9366499453095725e-08,0p5,0.5
2.709,3.93665040448925e-08,0p5,0.5
2.71,3.9366508711032933e-08,0p5,0.5
2.711,3.9366513451516985e-08,0p5,0.5
2.712,3.9366518266344636e-08,0p5,0.5
2.713,3.9366521825875865e-08,0p5,0.5
2.714,3.936652396845029e-08,0p5,0.5
2.715,3.93665261104867e-08,0p5,0.5
2.716,3.936652825198504e-08,0p5,0.5
2.717,3.93665303929454e-08,0p5,0.5
2.718,3.9366532533367714e-08,0p5,0.5
2.719,3.9366534673252e-08,0p5,0.5
2.72,3.9366536812598254e-08,0p5,0.5
2.721,3.9366538951406474e-08,0p5,0.5
2.722,3.93665410896767e-08,0p5,0.5
2.723,3.936654322740885e-08,0p5,0.5
2.724,3.9366545364603e-08,0p5,0.5
2.725,3.936654750125915e-08,0p5,0.5
2.726,3.936654963737726e-08,0p5,0.5
2.727,3.9366551772957345e-08,0p5,0.5
2.728,3.936655390799941e-08,0p5,0.5
2.729,3.936655604250344e-08,0p5,0.5
2.73,3.9366558176469483e-08,0p5,0.5
2.731,3.9366560309897476e-08,0p5,0.5
2.732,3.936656244278744e-08,0p5,0.5
2.733,3.9366564575139425e-08,0p5,0.5
2.734,3.9366566706953343e-08,0p5,0.5
2.735,3.936656883822924e-08,0p5,0.5
2.736,3.9366570968967165e-08,0p5,0.5
2.737,3.936657309916704e-08,0p5,0.5
2.738,3.9366575228828874e-08,0p5,0.5
2.739,3.9366577357952734e-08,0p5,0.5
2.74,3.936657948653856e-08,0p5,0.5
2.741,3.9366581614586394e-08,0p5,0.5
2.742,3.9366583742096153e-08,0p5,0.5
2.743,3.9366585869067935e-08,0p5,0.5
2.744,3.93665879955017e-08,0p5,0.5
2.745,3.936659012139744e-08,0p5,0.5
2.746,3.9366592246755163e-08,0p5,0.5
2.747,3.9366594371574865e-08,0p5,0.5
2.748,3.936659649585658e-08,0p5,0.5
2.749,3.936659861960026e-08,0p5,0.5
2.75,3.936660074280592e-08,0p5,0.5
2.751,3.936660286547357e-08,0p5,0.5
2.752,3.9366604987603224e-08,0p5,0.5
2.753,3.9366607109194863e-08,0p5,0.5
2.754,3.9366609230248465e-08,0p5,0.5
2.755,3.936661135076408e-08,0p5,0.5
2.756,3.9366613470741674e-08,0p5,0.5
2.757,3.936661559018126e-08,0p5,0.5
2.758,3.936661770908283e-08,0p5,0.5
2.759,3.9366619827446374e-08,0p5,0.5
2.76,3.936662194527192e-08,0p5,0.5
2.761,3.9366624062559495e-08,0p5,0.5
2.762,3.936662617930901e-08,0p5,0.5
2.763,3.936662829552054e-08,0p5,0.5
2.764,3.9366630411194036e-08,0p5,0.5
2.765,3.9366632526329524e-08,0p5,0.5
2.766,3.936663464092704e-08,0p5,0.5
2.767,3.936663675498651e-08,0p5,0.5
2.768,3.9366638868507993e-08,0p5,0.5
2.769,3.9366640981491476e-08,0p5,0.5
2.77,3.9366643093936926e-08,0p5,0.5
2.771,3.936664520584439e-08,0p5,0.5
2.772,3.93666473172138e-08,0p5,0.5
2.773,3.936664942804524e-08,0p5,0.5
2.774,3.9366651538338694e-08,0p5,0.5
2.775,3.936665364809412e-08,0p5,0.5
2.776,3.9366655757311535e-08,0p5,0.5
2.777,3.9366657865990965e-08,0p5,0.5
2.778,3.9366659974132363e-08,0p5,0.5
2.779,3.9366662081735764e-08,0p5,0.5
2.78,3.936666418880117e-08,0p5,0.5
2.781,3.936666629532858e-08,0p5,0.5
2.782,3.9366668401317975e-08,0p5,0.5
2.783,3.936667050676936e-08,0p5,0.5
2.784,3.9366672611682744e-08,0p5,0.5
2.785,3.9366674716058115e-08,0p5,0.5
2.786,3.936667681989548e-08,0p5,0.5
2.787,3.936667892319486e-08,0p5,0.5
2.788,3.936668102595625e-08,0p5,0.5
2.789,3.936668312817962e-08,0p5,0.5
2.79,3.936668522986496e-08,0p5,0.5
2.791,3.936668733101231e-08,0p5,0.5
2.792,3.9366689431621693e-08,0p5,0.5
2.793,3.9366691531693045e-08,0p5,0.5
2.794,3.936669363122641e-08,0p5,0.5
2.795,3.9366695730221753e-08,0p5,0.5
2.796,3.9366697828679123e-08,0p5,0.5
2.797,3.9366699926598495e-08,0p5,0.5
2.798,3.9366702023979816e-08,0p5,0.5
2.799,3.9366704120823184e-08,0p5,0.5
2.8,3.936670621712852e-08,0p5,0.5
2.801,3.936670831289586e-08,0p5,0.5
2.802,3.936671040812522e-08,0p5,0.5
2.803,3.9366712502816583e-08,0p5,0.5
2.804,3.9366714596969934e-08,0p5,0.5
2.805,3.9366716690585254e-08,0p5,0.5
2.806,3.9366718783662615e-08,0p5,0.5
2.807,3.9366720876201964e-08,0p5,0.5
2.808,3.9366722968203335e-08,0p5,0.5
2.809,3.9366725059666674e-08,0p5,0.5
2.81,3.936672715059204e-08,0p5,0.5
2.811,3.9366729240979385e-08,0p5,0.5
2.812,3.9366731330828723e-08,0p5,0.5
2.813,3.936673342014008e-08,0p5,0.5
2.814,3.936673550891345e-08,0p5,0.5
2.815,3.936673759714882e-08,0p5,0.5
2.816,3.936673968484617e-08,0p5,0.5
2.817,3.93667417720055e-08,0p5,0.5
2.818,3.9366743858626895e-08,0p5,0.5
2.819,3.936674594471027e-08,0p5,0.5
2.82,3.936674803025562e-08,0p5,0.5
2.821,3.9366750115263e-08,0p5,0.5
2.822,3.9366752199732385e-08,0p5,0.5
2.823,3.936675428366376e-08,0p5,0.5
2.824,3.936675636705712e-08,0p5,0.5
2.825,3.93667584499125e-08,0p5,0.5
2.826,3.9366760532229884e-08,0p5,0.5
2.827,3.936676261400926e-08,0p5,0.5
2.828,3.9366764695250654e-08,0p5,0.5
2.829,3.936676677595404e-08,0p5,0.5
2.83,3.9366768856119443e-08,0p5,0.5
2.831,3.9366770935746854e-08,0p5,0.5
2.832,3.9366773014836253e-08,0p5,0.5
2.833,3.9366775093387654e-08,0p5,0.5
2.834,3.936677717140107e-08,0p5,0.5
2.835,3.936677924887646e-08,0p5,0.5
2.836,3.936678132581388e-08,0p5,0.5
2.837,3.93667834022133e-08,0p5,0.5
2.838,3.936678547807471e-08,0p5,0.5
2.839,3.9366787553398136e-08,0p5,0.5
2.84,3.936678962818356e-08,0p5,0.5
2.841,3.9366791702431e-08,0p5,0.5
2.842,3.9366793776140413e-08,0p5,0.5
2.843,3.936679584931185e-08,0p5,0.5
2.844,3.936679792194531e-08,0p5,0.5
2.845,3.9366799994040766e-08,0p5,0.5
2.846,3.936680206559818e-08,0p5,0.5
2.847,3.936680413661764e-08,0p5,0.5
2.848,3.936680620709908e-08,0p5,0.5
2.849,3.9366808277042556e-08,0p5,0.5
2.85,3.936681034644801e-08,0p5,0.5
2.851,3.9366812415315465e-08,0p5,0.5
2.852,3.936681448364495e-08,0p5,0.5
2.853,3.93668165514364e-08,0p5,0.5
2.854,3.9366818618689884e-08,0p5,0.5
2.855,3.9366820685405376e-08,0p5,0.5
2.856,3.936682275158286e-08,0p5,0.5
2.857,3.9366824817222345e-08,0p5,0.5
2.858,3.936682688232384e-08,0p5,0.5
2.859,3.9366828946887315e-08,0p5,0.5
2.86,3.93668300149005e-08,0p5,0.5
2.861,3.936683068768326e-08,0p5,0.5
2.862,3.9366831360465995e-08,0p5,0.5
2.863,3.9366832033248753e-08,0p5,0.5
2.864,3.93668327060315e-08,0p5,0.5
2.865,3.9366833378814244e-08,0p5,0.5
2.866,3.9366834051596997e-08,0p5,0.5
2.867,3.9366834724379755e-08,0p5,0.5
2.868,3.9366835397162494e-08,0p5,0.5
2.869,3.9366836069945266e-08,0p5,0.5
2.87,3.936683674272801e-08,0p5,0.5
2.871,3.9366837415510764e-08,0p5,0.5
2.872,3.9366838088293516e-08,0p5,0.5
2.873,3.936683876107626e-08,0p5,0.5
2.874,3.9366839433859e-08,0p5,0.5
2.875,3.936684010664177e-08,0p5,0.5
2.876,3.936684077942451e-08,0p5,0.5
2.877,3.936684145220728e-08,0p5,0.5
2.878,3.936684212499004e-08,0p5,0.5
2.879,3.9366842797772794e-08,0p5,0.5
2.88,3.9366843470555546e-08,0p5,0.5
2.881,3.9366844143338324e-08,0p5,0.5
2.882,3.936684481612108e-08,0p5,0.5
2.883,3.936684548890382e-08,0p5,0.5
2.884,3.9366846161686594e-08,0p5,0.5
2.885,3.936684683446935e-08,0p5,0.5
2.886,3.93668475072521e-08,0p5,0.5
2.887,3.9366848180034863e-08,0p5,0.5
2.888,3.9366848852817635e-08,0p5,0.5
2.889,3.936684952560038e-08,0p5,0.5
2.89,3.936685019838315e-08,0p5,0.5
2.891,3.9366850871165925e-08,0p5,0.5
2.892,3.9366851543948664e-08,0p5,0.5
2.893,3.936685221673144e-08,0p5,0.5
2.894,3.9366852889514214e-08,0p5,0.5
2.895,3.936685356229695e-08,0p5,0.5
2.896,3.9366854235079725e-08,0p5,0.5
2.897,3.936685490786251e-08,0p5,0.5
2.898,3.9366855580645275e-08,0p5,0.5
2.899,3.9366856253428054e-08,0p5,0.5
2.9,3.936685692621081e-08,0p5,0.5
2.901,3.9366857598993565e-08,0p5,0.5
2.902,3.9366858271776323e-08,0p5,0.5
2.903,3.936685894455912e-08,0p5,0.5
2.904,3.9366859617341854e-08,0p5,0.5
2.905,3.936686029012463e-08,0p5,0.5
2.906,3.93668609629074e-08,0p5,0.5
2.907,3.9366861635690177e-08,0p5,0.5
2.908,3.936686230847294e-08,0p5,0.5
2.909,3.9366862981255734e-08,0p5,0.5
2.91,3.936686365403849e-08,0p5,0.5
2.911,3.9366864326821264e-08,0p5,0.5
2.912,3.936686499960404e-08,0p5,0.5
2.913,3.93668656723868e-08,0p5,0.5
2.914,3.9366866345169574e-08,0p5,0.5
2.915,3.936686701795235e-08,0p5,0.5
2.916,3.9366867690735124e-08,0p5,0.5
2.917,3.9366868363517916e-08,0p5,0.5
2.918,3.9366869036300694e-08,0p5,0.5
2.919,3.936686970908345e-08,0p5,0.5
2.92,3.9366870381866245e-08,0p5,0.5
2.921,3.9366871054649024e-08,0p5,0.5
2.922,3.936687172743178e-08,0p5,0.5
2.923,3.9366872400214574e-08,0p5,0.5
2.924,3.936687307299735e-08,0p5,0.5
2.925,3.9366873745780125e-08,0p5,0.5
2.926,3.93668744185629e-08,0p5,0.5
2.927,3.9366875091345695e-08,0p5,0.5
2.928,3.936687576412848e-08,0p5,0.5
2.929,3.936687643691125e-08,0p5,0.5
2.93,3.9366877109694024e-08,0p5,0.5
2.931,3.93668777824768e-08,0p5,0.5
2.932,3.9366878455259575e-08,0p5,0.5
2.933,3.936687912804237e-08,0p5,0.5
2.934,3.9366879800825165e-08,0p5,0.5
2.935,3.936688047360794e-08,0p5,0.5
2.936,3.936688114639072e-08,0p5,0.5
2.937,3.9366881819173494e-08,0p5,0.5
2.938,3.936688249195629e-08,0p5,0.5
2.939,3.936688316473909e-08,0p5,0.5
2.94,3.936688383752186e-08,0p5,0.5
2.941,3.9366884510304654e-08,0p5,0.5
2.942,3.936688518308745e-08,0p5,0.5
2.943,3.9366885855870225e-08,0p5,0.5
2.944,3.936688652865302e-08,0p5,0.5
2.945,3.9366887201435815e-08,0p5,0.5
2.946,3.9366887874218594e-08,0p5,0.5
2.947,3.9366888547001385e-08,0p5,0.5
2.948,3.9366889219784184e-08,0p5,0.5
2.949,3.936688989256694e-08,0p5,0.5
2.95,3.936689056534974e-08,0p5,0.5
2.951,3.936689123813255e-08,0p5,0.5
2.952,3.9366891910915344e-08,0p5,0.5
2.953,3.936689258369812e-08,0p5,0.5
2.954,3.9366893256480935e-08,0p5,0.5
2.955,3.9366893929263726e-08,0p5,0.5
2.956,3.93668946020465e-08,0p5,0.5
2.957,3.93668952748293e-08,0p5,0.5
2.958,3.93668959476121e-08,0p5,0.5
2.959,3.9366896620394894e-08,0p5,0.5
2.96,3.936689729317769e-08,0p5,0.5
2.961,3.936689796596049e-08,0p5,0.5
2.962,3.936689863874328e-08,0p5,0.5
2.963,3.936689931152608e-08,0p5,0.5
2.964,3.936689998430887e-08,0p5,0.5
2.965,3.9366900657091664e-08,0p5,0.5
2.966,3.936690132987448e-08,0p5,0.5
2.967,3.9366902002657274e-08,0p5,0.5
2.968,3.936690267544007e-08,0p5,0.5
2.969,3.9366903348222884e-08,0p5,0.5
2.97,3.936690402100568e-08,0p5,0.5
2.971,3.9366904693788475e-08,0p5,0.5
2.972,3.9366905366571286e-08,0p5,0.5
2.973,3.9366906039354085e-08,0p5,0.5
2.974,3.9366906712136876e-08,0p5,0.5
2.975,3.9366907384919695e-08,0p5,0.5
2.976,3.93669080577025e-08,0p5,0.5
2.977,3.9366908730485285e-08,0p5,0.5
2.978,3.93669094032681e-08,0p5,0.5
2.979,3.93669100760509e-08,0p5,0.5
2.98,3.936691074883371e-08,0p5,0.5
2.981,3.936691142161651e-08,0p5,0.5
2.982,3.9366912094399323e-08,0p5,0.5
2.983,3.9366912767182135e-08,0p5,0.5
2.984,3.9366913439964933e-08,0p5,0.5
2.985,3.936691411274775e-08,0p5,0.5
2.986,3.9366914785530544e-08,0p5,0.5
2.987,3.936691545831336e-08,0p5,0.5
2.988,3.9366916131096173e-08,0p5,0.5
2.989,3.936691680387897e-08,0p5,0.5
2.99,3.9366917476661783e-08,0p5,0.5
2.991,3.93669181494446e-08,0p5,0.5
2.992,3.93669188222274e-08,0p5,0.5
2.993,3.936691949501023e-08,0p5,0.5
2.994,3.936692016779303e-08,0p5,0.5
2.995,3.936692084057584e-08,0p5,0.5
2.996,3.9366921513358653e-08,0p5,0.5
2.997,3.936692218614147e-08,0p5,0.5
2.998,3.9366922858924283e-08,0p5,0.5
2.999,3.9366923531707095e-08,0p5,0.5
3.0,3.936692420448991e-08,0p5,0.5
3.0,3.936692420448991e-08,0p5,0.5
