time,BESS.terminal.V.re,case,UEvtPu
0.0,1.000000000000002,0p55,0.55
0.001,0.9999999999999969,0p55,0.55
0.002,0.9999999999999948,0p55,0.55
0.003,0.9999999999999939,0p55,0.55
0.004,0.9999999999999932,0p55,0.55
0.005,0.9999999999999932,0p55,0.55
0.006,0.9999999999999934,0p55,0.55
0.007,0.9999999999999936,0p55,0.55
0.008,0.9999999999999936,0p55,0.55
0.009,0.9999999999999937,0p55,0.55
0.01,0.9999999999999939,0p55,0.55
0.011,0.999999999999994,0p55,0.55
0.012,0.999999999999994,0p55,0.55
0.013,0.999999999999994,0p55,0.55
0.014,0.999999999999994,0p55,0.55
0.015,0.999999999999994,0p55,0.55
0.016,0.999999999999994,0p55,0.55
0.017,0.999999999999994,0p55,0.55
0.018,0.999999999999994,0p55,0.55
0.019,0.999999999999994,0p55,0.55
0.02,0.999999999999994,0p55,0.55
0.021,0.999999999999994,0p55,0.55
0.022,0.999999999999994,0p55,0.55
0.023,0.999999999999994,0p55,0.55
0.024,0.999999999999994,0p55,0.55
0.025,0.999999999999994,0p55,0.55
0.026,0.999999999999994,0p55,0.55
0.027,0.999999999999994,0p55,0.55
0.028,0.999999999999994,0p55,0.55
0.029,0.999999999999994,0p55,0.55
0.03,0.999999999999994,0p55,0.55
0.031,0.999999999999994,0p55,0.55
0.032,0.999999999999994,0p55,0.55
0.033,0.999999999999994,0p55,0.55
0.034,0.999999999999994,0p55,0.55
0.035,0.999999999999994,0p55,0.55
0.036,0.999999999999994,0p55,0.55
0.037,0.999999999999994,0p55,0.55
0.038,0.999999999999994,0p55,0.55
0.039,0.999999999999994,0p55,0.55
0.04,0.999999999999994,0p55,0.55
0.041,0.999999999999994,0p55,0.55
0.042,0.999999999999994,0p55,0.55
0.043,0.999999999999994,0p55,0.55
0.044,0.9999999999999941,0p55,0.55
0.045,0.9999999999999941,0p55,0.55
0.046,0.9999999999999941,0p55,0.55
0.047,0.9999999999999941,0p55,0.55
0.048,0.9999999999999941,0p55,0.55
0.049,0.9999999999999941,0p55,0.55
0.05,0.9999999999999941,0p55,0.55
0.051,0.9999999999999941,0p55,0.55
0.052,0.9999999999999941,0p55,0.55
0.053,0.9999999999999941,0p55,0.55
0.054,0.9999999999999941,0p55,0.55
0.055,0.9999999999999941,0p55,0.55
0.056,0.9999999999999941,0p55,0.55
0.057,0.9999999999999941,0p55,0.55
0.058,0.9999999999999941,0p55,0.55
0.059,0.9999999999999941,0p55,0.55
0.06,0.9999999999999941,0p55,0.55
0.061,0.9999999999999941,0p55,0.55
0.062,0.9999999999999941,0p55,0.55
0.063,0.9999999999999941,0p55,0.55
0.064,0.9999999999999941,0p55,0.55
0.065,0.9999999999999941,0p55,0.55
0.066,0.9999999999999941,0p55,0.55
0.067,0.9999999999999941,0p55,0.55
0.068,0.9999999999999941,0p55,0.55
0.069,0.9999999999999941,0p55,0.55
0.07,0.9999999999999941,0p55,0.55
0.071,0.9999999999999941,0p55,0.55
0.072,0.9999999999999941,0p55,0.55
0.073,0.9999999999999941,0p55,0.55
0.074,0.9999999999999941,0p55,0.55
0.075,0.9999999999999941,0p55,0.55
0.076,0.9999999999999941,0p55,0.55
0.077,0.9999999999999941,0p55,0.55
0.078,0.9999999999999941,0p55,0.55
0.079,0.9999999999999941,0p55,0.55
0.08,0.9999999999999941,0p55,0.55
0.081,0.9999999999999941,0p55,0.55
0.082,0.9999999999999941,0p55,0.55
0.083,0.9999999999999941,0p55,0.55
0.084,0.9999999999999941,0p55,0.55
0.085,0.9999999999999941,0p55,0.55
0.086,0.9999999999999941,0p55,0.55
0.087,0.9999999999999941,0p55,0.55
0.088,0.9999999999999941,0p55,0.55
0.089,0.9999999999999941,0p55,0.55
0.09,0.9999999999999941,0p55,0.55
0.091,0.9999999999999941,0p55,0.55
0.092,0.9999999999999941,0p55,0.55
0.093,0.9999999999999941,0p55,0.55
0.094,0.9999999999999941,0p55,0.55
0.095,0.9999999999999941,0p55,0.55
0.096,0.9999999999999941,0p55,0.55
0.097,0.9999999999999941,0p55,0.55
0.098,0.9999999999999941,0p55,0.55
0.099,0.9999999999999941,0p55,0.55
0.1,0.9999999999999941,0p55,0.55
0.101,0.9999999999999941,0p55,0.55
0.102,0.9999999999999941,0p55,0.55
0.103,0.9999999999999941,0p55,0.55
0.104,0.9999999999999941,0p55,0.55
0.105,0.9999999999999941,0p55,0.55
0.106,0.9999999999999941,0p55,0.55
0.107,0.9999999999999941,0p55,0.55
0.108,0.9999999999999941,0p55,0.55
0.109,0.9999999999999941,0p55,0.55
0.11,0.9999999999999941,0p55,0.55
0.111,0.9999999999999941,0p55,0.55
0.112,0.9999999999999941,0p55,0.55
0.113,0.9999999999999941,0p55,0.55
0.114,0.9999999999999941,0p55,0.55
0.115,0.9999999999999941,0p55,0.55
0.116,0.9999999999999941,0p55,0.55
0.117,0.9999999999999941,0p55,0.55
0.118,0.9999999999999941,0p55,0.55
0.119,0.9999999999999941,0p55,0.55
0.12,0.9999999999999941,0p55,0.55
0.121,0.9999999999999941,0p55,0.55
0.122,0.9999999999999941,0p55,0.55
0.123,0.9999999999999941,0p55,0.55
0.124,0.9999999999999941,0p55,0.55
0.125,0.9999999999999941,0p55,0.55
0.126,0.9999999999999941,0p55,0.55
0.127,0.9999999999999941,0p55,0.55
0.128,0.9999999999999941,0p55,0.55
0.129,0.9999999999999941,0p55,0.55
0.13,0.9999999999999941,0p55,0.55
0.131,0.9999999999999941,0p55,0.55
0.132,0.9999999999999941,0p55,0.55
0.133,0.9999999999999941,0p55,0.55
0.134,0.9999999999999941,0p55,0.55
0.135,0.9999999999999941,0p55,0.55
0.136,0.9999999999999941,0p55,0.55
0.137,0.9999999999999941,0p55,0.55
0.138,0.9999999999999941,0p55,0.55
0.139,0.9999999999999941,0p55,0.55
0.14,0.9999999999999941,0p55,0.55
0.141,0.9999999999999941,0p55,0.55
0.142,0.9999999999999941,0p55,0.55
0.143,0.9999999999999941,0p55,0.55
0.144,0.9999999999999941,0p55,0.55
0.145,0.9999999999999941,0p55,0.55
0.146,0.9999999999999941,0p55,0.55
0.147,0.9999999999999941,0p55,0.55
0.148,0.9999999999999941,0p55,0.55
0.149,0.9999999999999941,0p55,0.55
0.15,0.9999999999999941,0p55,0.55
0.151,0.9999999999999941,0p55,0.55
0.152,0.9999999999999941,0p55,0.55
0.153,0.9999999999999941,0p55,0.55
0.154,0.9999999999999941,0p55,0.55
0.155,0.9999999999999941,0p55,0.55
0.156,0.9999999999999941,0p55,0.55
0.157,0.9999999999999941,0p55,0.55
0.158,0.9999999999999941,0p55,0.55
0.159,0.9999999999999941,0p55,0.55
0.16,0.9999999999999941,0p55,0.55
0.161,0.9999999999999941,0p55,0.55
0.162,0.9999999999999941,0p55,0.55
0.163,0.9999999999999941,0p55,0.55
0.164,0.9999999999999941,0p55,0.55
0.165,0.9999999999999941,0p55,0.55
0.166,0.9999999999999941,0p55,0.55
0.167,0.9999999999999941,0p55,0.55
0.168,0.9999999999999941,0p55,0.55
0.169,0.9999999999999941,0p55,0.55
0.17,0.9999999999999941,0p55,0.55
0.171,0.9999999999999941,0p55,0.55
0.172,0.9999999999999941,0p55,0.55
0.173,0.9999999999999941,0p55,0.55
0.174,0.9999999999999941,0p55,0.55
0.175,0.9999999999999941,0p55,0.55
0.176,0.9999999999999941,0p55,0.55
0.177,0.9999999999999941,0p55,0.55
0.178,0.9999999999999941,0p55,0.55
0.179,0.9999999999999941,0p55,0.55
0.18,0.9999999999999941,0p55,0.55
0.181,0.9999999999999941,0p55,0.55
0.182,0.9999999999999941,0p55,0.55
0.183,0.9999999999999941,0p55,0.55
0.184,0.9999999999999941,0p55,0.55
0.185,0.9999999999999941,0p55,0.55
0.186,0.9999999999999941,0p55,0.55
0.187,0.9999999999999941,0p55,0.55
0.188,0.9999999999999941,0p55,0.55
0.189,0.9999999999999941,0p55,0.55
0.19,0.9999999999999941,0p55,0.55
0.191,0.9999999999999941,0p55,0.55
0.192,0.9999999999999941,0p55,0.55
0.193,0.9999999999999941,0p55,0.55
0.194,0.9999999999999941,0p55,0.55
0.195,0.9999999999999941,0p55,0.55
0.196,0.9999999999999941,0p55,0.55
0.197,0.9999999999999941,0p55,0.55
0.198,0.9999999999999941,0p55,0.55
0.199,0.9999999999999941,0p55,0.55
0.2,0.9999999999999941,0p55,0.55
0.201,0.9999999999999941,0p55,0.55
0.202,0.9999999999999941,0p55,0.55
0.203,0.9999999999999941,0p55,0.55
0.204,0.9999999999999941,0p55,0.55
0.205,0.9999999999999941,0p55,0.55
0.206,0.9999999999999941,0p55,0.55
0.207,0.9999999999999941,0p55,0.55
0.208,0.9999999999999941,0p55,0.55
0.209,0.9999999999999941,0p55,0.55
0.21,0.9999999999999941,0p55,0.55
0.211,0.9999999999999941,0p55,0.55
0.212,0.9999999999999941,0p55,0.55
0.213,0.9999999999999941,0p55,0.55
0.214,0.9999999999999941,0p55,0.55
0.215,0.9999999999999941,0p55,0.55
0.216,0.9999999999999941,0p55,0.55
0.217,0.9999999999999941,0p55,0.55
0.218,0.9999999999999941,0p55,0.55
0.219,0.9999999999999941,0p55,0.55
0.22,0.9999999999999941,0p55,0.55
0.221,0.9999999999999941,0p55,0.55
0.222,0.9999999999999941,0p55,0.55
0.223,0.9999999999999941,0p55,0.55
0.224,0.9999999999999941,0p55,0.55
0.225,0.9999999999999941,0p55,0.55
0.226,0.9999999999999941,0p55,0.55
0.227,0.9999999999999941,0p55,0.55
0.228,0.9999999999999941,0p55,0.55
0.229,0.9999999999999941,0p55,0.55
0.23,0.9999999999999941,0p55,0.55
0.231,0.9999999999999941,0p55,0.55
0.232,0.9999999999999941,0p55,0.55
0.233,0.9999999999999941,0p55,0.55
0.234,0.9999999999999941,0p55,0.55
0.235,0.9999999999999941,0p55,0.55
0.236,0.9999999999999941,0p55,0.55
0.237,0.9999999999999941,0p55,0.55
0.238,0.9999999999999941,0p55,0.55
0.239,0.9999999999999941,0p55,0.55
0.24,0.9999999999999941,0p55,0.55
0.241,0.9999999999999941,0p55,0.55
0.242,0.9999999999999941,0p55,0.55
0.243,0.9999999999999941,0p55,0.55
0.244,0.9999999999999941,0p55,0.55
0.245,0.9999999999999941,0p55,0.55
0.246,0.9999999999999941,0p55,0.55
0.247,0.9999999999999941,0p55,0.55
0.248,0.9999999999999941,0p55,0.55
0.249,0.9999999999999941,0p55,0.55
0.25,0.9999999999999941,0p55,0.55
0.251,0.9999999999999941,0p55,0.55
0.252,0.9999999999999941,0p55,0.55
0.253,0.9999999999999941,0p55,0.55
0.254,0.9999999999999941,0p55,0.55
0.255,0.9999999999999941,0p55,0.55
0.256,0.9999999999999941,0p55,0.55
0.257,0.9999999999999941,0p55,0.55
0.258,0.9999999999999941,0p55,0.55
0.259,0.9999999999999941,0p55,0.55
0.26,0.9999999999999941,0p55,0.55
0.261,0.9999999999999941,0p55,0.55
0.262,0.9999999999999941,0p55,0.55
0.263,0.9999999999999941,0p55,0.55
0.264,0.9999999999999941,0p55,0.55
0.265,0.9999999999999941,0p55,0.55
0.266,0.9999999999999941,0p55,0.55
0.267,0.9999999999999941,0p55,0.55
0.268,0.9999999999999941,0p55,0.55
0.269,0.9999999999999941,0p55,0.55
0.27,0.9999999999999941,0p55,0.55
0.271,0.9999999999999941,0p55,0.55
0.272,0.9999999999999941,0p55,0.55
0.273,0.9999999999999941,0p55,0.55
0.274,0.9999999999999941,0p55,0.55
0.275,0.9999999999999941,0p55,0.55
0.276,0.9999999999999941,0p55,0.55
0.277,0.9999999999999941,0p55,0.55
0.278,0.9999999999999941,0p55,0.55
0.279,0.9999999999999941,0p55,0.55
0.28,0.9999999999999941,0p55,0.55
0.281,0.9999999999999941,0p55,0.55
0.282,0.9999999999999941,0p55,0.55
0.283,0.9999999999999941,0p55,0.55
0.284,0.9999999999999941,0p55,0.55
0.285,0.9999999999999941,0p55,0.55
0.286,0.9999999999999941,0p55,0.55
0.287,0.9999999999999941,0p55,0.55
0.288,0.9999999999999941,0p55,0.55
0.289,0.9999999999999941,0p55,0.55
0.29,0.9999999999999941,0p55,0.55
0.291,0.9999999999999941,0p55,0.55
0.292,0.9999999999999941,0p55,0.55
0.293,0.9999999999999941,0p55,0.55
0.294,0.9999999999999941,0p55,0.55
0.295,0.9999999999999941,0p55,0.55
0.296,0.9999999999999941,0p55,0.55
0.297,0.9999999999999941,0p55,0.55
0.298,0.9999999999999941,0p55,0.55
0.299,0.9999999999999941,0p55,0.55
0.3,0.9999999999999941,0p55,0.55
0.301,0.9999999999999941,0p55,0.55
0.302,0.9999999999999941,0p55,0.55
0.303,0.9999999999999941,0p55,0.55
0.304,0.9999999999999941,0p55,0.55
0.305,0.9999999999999941,0p55,0.55
0.306,0.9999999999999941,0p55,0.55
0.307,0.9999999999999941,0p55,0.55
0.308,0.9999999999999941,0p55,0.55
0.309,0.9999999999999941,0p55,0.55
0.31,0.9999999999999941,0p55,0.55
0.311,0.9999999999999941,0p55,0.55
0.312,0.9999999999999941,0p55,0.55
0.313,0.9999999999999941,0p55,0.55
0.314,0.9999999999999941,0p55,0.55
0.315,0.9999999999999941,0p55,0.55
0.316,0.9999999999999941,0p55,0.55
0.317,0.9999999999999941,0p55,0.55
0.318,0.9999999999999941,0p55,0.55
0.319,0.9999999999999941,0p55,0.55
0.32,0.9999999999999941,0p55,0.55
0.321,0.9999999999999941,0p55,0.55
0.322,0.9999999999999941,0p55,0.55
0.323,0.9999999999999941,0p55,0.55
0.324,0.9999999999999941,0p55,0.55
0.325,0.9999999999999941,0p55,0.55
0.326,0.9999999999999941,0p55,0.55
0.327,0.9999999999999941,0p55,0.55
0.328,0.9999999999999941,0p55,0.55
0.329,0.9999999999999941,0p55,0.55
0.33,0.9999999999999941,0p55,0.55
0.331,0.9999999999999941,0p55,0.55
0.332,0.9999999999999941,0p55,0.55
0.333,0.9999999999999941,0p55,0.55
0.334,0.9999999999999941,0p55,0.55
0.335,0.9999999999999941,0p55,0.55
0.336,0.9999999999999941,0p55,0.55
0.337,0.9999999999999941,0p55,0.55
0.338,0.9999999999999941,0p55,0.55
0.339,0.9999999999999941,0p55,0.55
0.34,0.9999999999999941,0p55,0.55
0.341,0.9999999999999941,0p55,0.55
0.342,0.9999999999999941,0p55,0.55
0.343,0.9999999999999941,0p55,0.55
0.344,0.9999999999999941,0p55,0.55
0.345,0.9999999999999941,0p55,0.55
0.346,0.9999999999999941,0p55,0.55
0.347,0.9999999999999941,0p55,0.55
0.348,0.9999999999999941,0p55,0.55
0.349,0.9999999999999941,0p55,0.55
0.35,0.9999999999999941,0p55,0.55
0.351,0.9999999999999941,0p55,0.55
0.352,0.9999999999999941,0p55,0.55
0.353,0.9999999999999941,0p55,0.55
0.354,0.9999999999999941,0p55,0.55
0.355,0.9999999999999941,0p55,0.55
0.356,0.9999999999999941,0p55,0.55
0.357,0.9999999999999941,0p55,0.55
0.358,0.9999999999999941,0p55,0.55
0.359,0.9999999999999941,0p55,0.55
0.36,0.9999999999999941,0p55,0.55
0.361,0.9999999999999941,0p55,0.55
0.362,0.9999999999999941,0p55,0.55
0.363,0.9999999999999941,0p55,0.55
0.364,0.9999999999999941,0p55,0.55
0.365,0.9999999999999941,0p55,0.55
0.366,0.9999999999999941,0p55,0.55
0.367,0.9999999999999941,0p55,0.55
0.368,0.9999999999999941,0p55,0.55
0.369,0.9999999999999941,0p55,0.55
0.37,0.9999999999999941,0p55,0.55
0.371,0.9999999999999941,0p55,0.55
0.372,0.9999999999999941,0p55,0.55
0.373,0.9999999999999941,0p55,0.55
0.374,0.9999999999999941,0p55,0.55
0.375,0.9999999999999941,0p55,0.55
0.376,0.9999999999999941,0p55,0.55
0.377,0.9999999999999941,0p55,0.55
0.378,0.9999999999999941,0p55,0.55
0.379,0.9999999999999941,0p55,0.55
0.38,0.9999999999999941,0p55,0.55
0.381,0.9999999999999941,0p55,0.55
0.382,0.9999999999999941,0p55,0.55
0.383,0.9999999999999941,0p55,0.55
0.384,0.9999999999999941,0p55,0.55
0.385,0.9999999999999941,0p55,0.55
0.386,0.9999999999999941,0p55,0.55
0.387,0.9999999999999941,0p55,0.55
0.388,0.9999999999999941,0p55,0.55
0.389,0.9999999999999941,0p55,0.55
0.39,0.9999999999999941,0p55,0.55
0.391,0.9999999999999941,0p55,0.55
0.392,0.9999999999999941,0p55,0.55
0.393,0.9999999999999941,0p55,0.55
0.394,0.9999999999999941,0p55,0.55
0.395,0.9999999999999941,0p55,0.55
0.396,0.9999999999999941,0p55,0.55
0.397,0.9999999999999941,0p55,0.55
0.398,0.9999999999999941,0p55,0.55
0.399,0.9999999999999941,0p55,0.55
0.4,0.9999999999999941,0p55,0.55
0.401,0.9999999999999941,0p55,0.55
0.402,0.9999999999999941,0p55,0.55
0.403,0.9999999999999941,0p55,0.55
0.404,0.9999999999999941,0p55,0.55
0.405,0.9999999999999941,0p55,0.55
0.406,0.9999999999999941,0p55,0.55
0.407,0.9999999999999941,0p55,0.55
0.408,0.9999999999999941,0p55,0.55
0.409,0.9999999999999941,0p55,0.55
0.41,0.9999999999999941,0p55,0.55
0.411,0.9999999999999941,0p55,0.55
0.412,0.9999999999999941,0p55,0.55
0.413,0.9999999999999941,0p55,0.55
0.414,0.9999999999999941,0p55,0.55
0.415,0.9999999999999941,0p55,0.55
0.416,0.9999999999999941,0p55,0.55
0.417,0.9999999999999941,0p55,0.55
0.418,0.9999999999999941,0p55,0.55
0.419,0.9999999999999941,0p55,0.55
0.42,0.9999999999999941,0p55,0.55
0.421,0.9999999999999941,0p55,0.55
0.422,0.9999999999999941,0p55,0.55
0.423,0.9999999999999941,0p55,0.55
0.424,0.9999999999999941,0p55,0.55
0.425,0.9999999999999941,0p55,0.55
0.426,0.9999999999999941,0p55,0.55
0.427,0.9999999999999941,0p55,0.55
0.428,0.9999999999999941,0p55,0.55
0.429,0.9999999999999941,0p55,0.55
0.43,0.9999999999999941,0p55,0.55
0.431,0.9999999999999941,0p55,0.55
0.432,0.9999999999999941,0p55,0.55
0.433,0.9999999999999941,0p55,0.55
0.434,0.9999999999999941,0p55,0.55
0.435,0.9999999999999941,0p55,0.55
0.436,0.9999999999999941,0p55,0.55
0.437,0.9999999999999941,0p55,0.55
0.438,0.9999999999999941,0p55,0.55
0.439,0.9999999999999941,0p55,0.55
0.44,0.9999999999999941,0p55,0.55
0.441,0.9999999999999941,0p55,0.55
0.442,0.9999999999999941,0p55,0.55
0.443,0.9999999999999941,0p55,0.55
0.444,0.9999999999999941,0p55,0.55
0.445,0.9999999999999941,0p55,0.55
0.446,0.9999999999999941,0p55,0.55
0.447,0.9999999999999941,0p55,0.55
0.448,0.9999999999999941,0p55,0.55
0.449,0.9999999999999941,0p55,0.55
0.45,0.9999999999999941,0p55,0.55
0.451,0.9999999999999941,0p55,0.55
0.452,0.9999999999999941,0p55,0.55
0.453,0.9999999999999941,0p55,0.55
0.454,0.9999999999999941,0p55,0.55
0.455,0.9999999999999941,0p55,0.55
0.456,0.9999999999999941,0p55,0.55
0.457,0.9999999999999941,0p55,0.55
0.458,0.9999999999999941,0p55,0.55
0.459,0.9999999999999941,0p55,0.55
0.46,0.9999999999999941,0p55,0.55
0.461,0.9999999999999941,0p55,0.55
0.462,0.9999999999999941,0p55,0.55
0.463,0.9999999999999941,0p55,0.55
0.464,0.9999999999999941,0p55,0.55
0.465,0.9999999999999941,0p55,0.55
0.466,0.9999999999999941,0p55,0.55
0.467,0.9999999999999941,0p55,0.55
0.468,0.9999999999999941,0p55,0.55
0.469,0.9999999999999941,0p55,0.55
0.47,0.9999999999999941,0p55,0.55
0.471,0.9999999999999941,0p55,0.55
0.472,0.9999999999999941,0p55,0.55
0.473,0.9999999999999941,0p55,0.55
0.474,0.9999999999999941,0p55,0.55
0.475,0.9999999999999941,0p55,0.55
0.476,0.9999999999999941,0p55,0.55
0.477,0.9999999999999941,0p55,0.55
0.478,0.9999999999999941,0p55,0.55
0.479,0.9999999999999941,0p55,0.55
0.48,0.9999999999999941,0p55,0.55
0.481,0.9999999999999941,0p55,0.55
0.482,0.9999999999999941,0p55,0.55
0.483,0.9999999999999941,0p55,0.55
0.484,0.9999999999999941,0p55,0.55
0.485,0.9999999999999941,0p55,0.55
0.486,0.9999999999999941,0p55,0.55
0.487,0.9999999999999941,0p55,0.55
0.488,0.9999999999999941,0p55,0.55
0.489,0.9999999999999941,0p55,0.55
0.49,0.9999999999999941,0p55,0.55
0.491,0.9999999999999941,0p55,0.55
0.492,0.9999999999999941,0p55,0.55
0.493,0.9999999999999941,0p55,0.55
0.494,0.9999999999999941,0p55,0.55
0.495,0.9999999999999941,0p55,0.55
0.496,0.9999999999999941,0p55,0.55
0.497,0.9999999999999941,0p55,0.55
0.498,0.9999999999999941,0p55,0.55
0.499,0.9999999999999941,0p55,0.55
0.5,0.9999999999999941,0p55,0.55
0.501,0.9999999999999941,0p55,0.55
0.502,0.9999999999999941,0p55,0.55
0.503,0.9999999999999941,0p55,0.55
0.504,0.9999999999999941,0p55,0.55
0.505,0.9999999999999941,0p55,0.55
0.506,0.9999999999999941,0p55,0.55
0.507,0.9999999999999941,0p55,0.55
0.508,0.9999999999999941,0p55,0.55
0.509,0.9999999999999941,0p55,0.55
0.51,0.9999999999999941,0p55,0.55
0.511,0.9999999999999941,0p55,0.55
0.512,0.9999999999999941,0p55,0.55
0.513,0.9999999999999941,0p55,0.55
0.514,0.9999999999999941,0p55,0.55
0.515,0.9999999999999941,0p55,0.55
0.516,0.9999999999999941,0p55,0.55
0.517,0.9999999999999941,0p55,0.55
0.518,0.9999999999999941,0p55,0.55
0.519,0.9999999999999941,0p55,0.55
0.52,0.9999999999999941,0p55,0.55
0.521,0.9999999999999941,0p55,0.55
0.522,0.9999999999999941,0p55,0.55
0.523,0.9999999999999941,0p55,0.55
0.524,0.9999999999999941,0p55,0.55
0.525,0.9999999999999941,0p55,0.55
0.526,0.9999999999999941,0p55,0.55
0.527,0.9999999999999941,0p55,0.55
0.528,0.9999999999999941,0p55,0.55
0.529,0.9999999999999941,0p55,0.55
0.53,0.9999999999999941,0p55,0.55
0.531,0.9999999999999941,0p55,0.55
0.532,0.9999999999999941,0p55,0.55
0.533,0.9999999999999941,0p55,0.55
0.534,0.9999999999999941,0p55,0.55
0.535,0.9999999999999941,0p55,0.55
0.536,0.9999999999999941,0p55,0.55
0.537,0.9999999999999941,0p55,0.55
0.538,0.9999999999999941,0p55,0.55
0.539,0.9999999999999941,0p55,0.55
0.54,0.9999999999999941,0p55,0.55
0.541,0.9999999999999941,0p55,0.55
0.542,0.9999999999999941,0p55,0.55
0.543,0.9999999999999941,0p55,0.55
0.544,0.9999999999999941,0p55,0.55
0.545,0.9999999999999941,0p55,0.55
0.546,0.9999999999999941,0p55,0.55
0.547,0.9999999999999941,0p55,0.55
0.548,0.9999999999999941,0p55,0.55
0.549,0.9999999999999941,0p55,0.55
0.55,0.9999999999999941,0p55,0.55
0.551,0.9999999999999941,0p55,0.55
0.552,0.9999999999999941,0p55,0.55
0.553,0.9999999999999941,0p55,0.55
0.554,0.9999999999999941,0p55,0.55
0.555,0.9999999999999941,0p55,0.55
0.556,0.9999999999999941,0p55,0.55
0.557,0.9999999999999941,0p55,0.55
0.558,0.9999999999999941,0p55,0.55
0.559,0.9999999999999941,0p55,0.55
0.56,0.9999999999999941,0p55,0.55
0.561,0.9999999999999941,0p55,0.55
0.562,0.9999999999999941,0p55,0.55
0.563,0.9999999999999941,0p55,0.55
0.564,0.9999999999999941,0p55,0.55
0.565,0.9999999999999941,0p55,0.55
0.566,0.9999999999999941,0p55,0.55
0.567,0.9999999999999941,0p55,0.55
0.568,0.9999999999999941,0p55,0.55
0.569,0.9999999999999941,0p55,0.55
0.57,0.9999999999999941,0p55,0.55
0.571,0.9999999999999941,0p55,0.55
0.572,0.9999999999999941,0p55,0.55
0.573,0.9999999999999941,0p55,0.55
0.574,0.9999999999999941,0p55,0.55
0.575,0.9999999999999941,0p55,0.55
0.576,0.9999999999999941,0p55,0.55
0.577,0.9999999999999941,0p55,0.55
0.578,0.9999999999999941,0p55,0.55
0.579,0.9999999999999941,0p55,0.55
0.58,0.9999999999999941,0p55,0.55
0.581,0.9999999999999941,0p55,0.55
0.582,0.9999999999999941,0p55,0.55
0.583,0.9999999999999941,0p55,0.55
0.584,0.9999999999999941,0p55,0.55
0.585,0.9999999999999941,0p55,0.55
0.586,0.9999999999999941,0p55,0.55
0.587,0.9999999999999941,0p55,0.55
0.588,0.9999999999999941,0p55,0.55
0.589,0.9999999999999941,0p55,0.55
0.59,0.9999999999999941,0p55,0.55
0.591,0.9999999999999941,0p55,0.55
0.592,0.9999999999999941,0p55,0.55
0.593,0.9999999999999941,0p55,0.55
0.594,0.9999999999999941,0p55,0.55
0.595,0.9999999999999941,0p55,0.55
0.596,0.9999999999999941,0p55,0.55
0.597,0.9999999999999941,0p55,0.55
0.598,0.9999999999999941,0p55,0.55
0.599,0.9999999999999941,0p55,0.55
0.6,0.9999999999999941,0p55,0.55
0.601,0.9999999999999941,0p55,0.55
0.602,0.9999999999999941,0p55,0.55
0.603,0.9999999999999941,0p55,0.55
0.604,0.9999999999999941,0p55,0.55
0.605,0.9999999999999941,0p55,0.55
0.606,0.9999999999999941,0p55,0.55
0.607,0.9999999999999941,0p55,0.55
0.608,0.9999999999999941,0p55,0.55
0.609,0.9999999999999941,0p55,0.55
0.61,0.9999999999999941,0p55,0.55
0.611,0.9999999999999941,0p55,0.55
0.612,0.9999999999999941,0p55,0.55
0.613,0.9999999999999941,0p55,0.55
0.614,0.9999999999999941,0p55,0.55
0.615,0.9999999999999941,0p55,0.55
0.616,0.9999999999999941,0p55,0.55
0.617,0.9999999999999941,0p55,0.55
0.618,0.9999999999999941,0p55,0.55
0.619,0.9999999999999941,0p55,0.55
0.62,0.9999999999999941,0p55,0.55
0.621,0.9999999999999941,0p55,0.55
0.622,0.9999999999999941,0p55,0.55
0.623,0.9999999999999941,0p55,0.55
0.624,0.9999999999999941,0p55,0.55
0.625,0.9999999999999941,0p55,0.55
0.626,0.9999999999999941,0p55,0.55
0.627,0.9999999999999941,0p55,0.55
0.628,0.9999999999999941,0p55,0.55
0.629,0.9999999999999941,0p55,0.55
0.63,0.9999999999999941,0p55,0.55
0.631,0.9999999999999941,0p55,0.55
0.632,0.9999999999999941,0p55,0.55
0.633,0.9999999999999941,0p55,0.55
0.634,0.9999999999999941,0p55,0.55
0.635,0.9999999999999941,0p55,0.55
0.636,0.9999999999999941,0p55,0.55
0.637,0.9999999999999941,0p55,0.55
0.638,0.9999999999999941,0p55,0.55
0.639,0.9999999999999941,0p55,0.55
0.64,0.9999999999999941,0p55,0.55
0.641,0.9999999999999941,0p55,0.55
0.642,0.9999999999999941,0p55,0.55
0.643,0.9999999999999941,0p55,0.55
0.644,0.9999999999999941,0p55,0.55
0.645,0.9999999999999941,0p55,0.55
0.646,0.9999999999999941,0p55,0.55
0.647,0.9999999999999941,0p55,0.55
0.648,0.9999999999999941,0p55,0.55
0.649,0.9999999999999941,0p55,0.55
0.65,0.9999999999999941,0p55,0.55
0.651,0.9999999999999941,0p55,0.55
0.652,0.9999999999999941,0p55,0.55
0.653,0.9999999999999941,0p55,0.55
0.654,0.9999999999999941,0p55,0.55
0.655,0.9999999999999941,0p55,0.55
0.656,0.9999999999999941,0p55,0.55
0.657,0.9999999999999941,0p55,0.55
0.658,0.9999999999999941,0p55,0.55
0.659,0.9999999999999941,0p55,0.55
0.66,0.9999999999999941,0p55,0.55
0.661,0.9999999999999941,0p55,0.55
0.662,0.9999999999999941,0p55,0.55
0.663,0.9999999999999941,0p55,0.55
0.664,0.9999999999999941,0p55,0.55
0.665,0.9999999999999941,0p55,0.55
0.666,0.9999999999999941,0p55,0.55
0.667,0.9999999999999941,0p55,0.55
0.668,0.9999999999999941,0p55,0.55
0.669,0.9999999999999941,0p55,0.55
0.67,0.9999999999999941,0p55,0.55
0.671,0.9999999999999941,0p55,0.55
0.672,0.9999999999999941,0p55,0.55
0.673,0.9999999999999941,0p55,0.55
0.674,0.9999999999999941,0p55,0.55
0.675,0.9999999999999941,0p55,0.55
0.676,0.9999999999999941,0p55,0.55
0.677,0.9999999999999941,0p55,0.55
0.678,0.9999999999999941,0p55,0.55
0.679,0.9999999999999941,0p55,0.55
0.68,0.9999999999999941,0p55,0.55
0.681,0.9999999999999941,0p55,0.55
0.682,0.9999999999999941,0p55,0.55
0.683,0.9999999999999941,0p55,0.55
0.684,0.9999999999999941,0p55,0.55
0.685,0.9999999999999941,0p55,0.55
0.686,0.9999999999999941,0p55,0.55
0.687,0.9999999999999941,0p55,0.55
0.688,0.9999999999999941,0p55,0.55
0.689,0.9999999999999941,0p55,0.55
0.69,0.9999999999999941,0p55,0.55
0.691,0.9999999999999941,0p55,0.55
0.692,0.9999999999999941,0p55,0.55
0.693,0.9999999999999941,0p55,0.55
0.694,0.9999999999999941,0p55,0.55
0.695,0.9999999999999941,0p55,0.55
0.696,0.9999999999999941,0p55,0.55
0.697,0.9999999999999941,0p55,0.55
0.698,0.9999999999999941,0p55,0.55
0.699,0.9999999999999941,0p55,0.55
0.7,0.9999999999999941,0p55,0.55
0.701,0.9999999999999941,0p55,0.55
0.702,0.9999999999999941,0p55,0.55
0.703,0.9999999999999941,0p55,0.55
0.704,0.9999999999999941,0p55,0.55
0.705,0.9999999999999941,0p55,0.55
0.706,0.9999999999999941,0p55,0.55
0.707,0.9999999999999941,0p55,0.55
0.708,0.9999999999999941,0p55,0.55
0.709,0.9999999999999941,0p55,0.55
0.71,0.9999999999999941,0p55,0.55
0.711,0.9999999999999941,0p55,0.55
0.712,0.9999999999999941,0p55,0.55
0.713,0.9999999999999941,0p55,0.55
0.714,0.9999999999999941,0p55,0.55
0.715,0.9999999999999941,0p55,0.55
0.716,0.9999999999999941,0p55,0.55
0.717,0.9999999999999941,0p55,0.55
0.718,0.9999999999999941,0p55,0.55
0.719,0.9999999999999941,0p55,0.55
0.72,0.9999999999999941,0p55,0.55
0.721,0.9999999999999941,0p55,0.55
0.722,0.9999999999999941,0p55,0.55
0.723,0.9999999999999941,0p55,0.55
0.724,0.9999999999999941,0p55,0.55
0.725,0.9999999999999941,0p55,0.55
0.726,0.9999999999999941,0p55,0.55
0.727,0.9999999999999941,0p55,0.55
0.728,0.9999999999999941,0p55,0.55
0.729,0.9999999999999941,0p55,0.55
0.73,0.9999999999999941,0p55,0.55
0.731,0.9999999999999941,0p55,0.55
0.732,0.9999999999999941,0p55,0.55
0.733,0.9999999999999941,0p55,0.55
0.734,0.9999999999999941,0p55,0.55
0.735,0.9999999999999941,0p55,0.55
0.736,0.9999999999999941,0p55,0.55
0.737,0.9999999999999941,0p55,0.55
0.738,0.9999999999999941,0p55,0.55
0.739,0.9999999999999941,0p55,0.55
0.74,0.9999999999999941,0p55,0.55
0.741,0.9999999999999941,0p55,0.55
0.742,0.9999999999999941,0p55,0.55
0.743,0.9999999999999941,0p55,0.55
0.744,0.9999999999999941,0p55,0.55
0.745,0.9999999999999941,0p55,0.55
0.746,0.9999999999999941,0p55,0.55
0.747,0.9999999999999941,0p55,0.55
0.748,0.9999999999999941,0p55,0.55
0.749,0.9999999999999941,0p55,0.55
0.75,0.9999999999999941,0p55,0.55
0.751,0.9999999999999941,0p55,0.55
0.752,0.9999999999999941,0p55,0.55
0.753,0.9999999999999941,0p55,0.55
0.754,0.9999999999999941,0p55,0.55
0.755,0.9999999999999941,0p55,0.55
0.756,0.9999999999999941,0p55,0.55
0.757,0.9999999999999941,0p55,0.55
0.758,0.9999999999999941,0p55,0.55
0.759,0.9999999999999941,0p55,0.55
0.76,0.9999999999999941,0p55,0.55
0.761,0.9999999999999941,0p55,0.55
0.762,0.9999999999999941,0p55,0.55
0.763,0.9999999999999941,0p55,0.55
0.764,0.9999999999999941,0p55,0.55
0.765,0.9999999999999941,0p55,0.55
0.766,0.9999999999999941,0p55,0.55
0.767,0.9999999999999941,0p55,0.55
0.768,0.9999999999999941,0p55,0.55
0.769,0.9999999999999941,0p55,0.55
0.77,0.9999999999999941,0p55,0.55
0.771,0.9999999999999941,0p55,0.55
0.772,0.9999999999999941,0p55,0.55
0.773,0.9999999999999941,0p55,0.55
0.774,0.9999999999999941,0p55,0.55
0.775,0.9999999999999941,0p55,0.55
0.776,0.9999999999999941,0p55,0.55
0.777,0.9999999999999941,0p55,0.55
0.778,0.9999999999999941,0p55,0.55
0.779,0.9999999999999941,0p55,0.55
0.78,0.9999999999999941,0p55,0.55
0.781,0.9999999999999941,0p55,0.55
0.782,0.9999999999999941,0p55,0.55
0.783,0.9999999999999941,0p55,0.55
0.784,0.9999999999999941,0p55,0.55
0.785,0.9999999999999941,0p55,0.55
0.786,0.9999999999999941,0p55,0.55
0.787,0.9999999999999941,0p55,0.55
0.788,0.9999999999999941,0p55,0.55
0.789,0.9999999999999941,0p55,0.55
0.79,0.9999999999999941,0p55,0.55
0.791,0.9999999999999941,0p55,0.55
0.792,0.9999999999999941,0p55,0.55
0.793,0.9999999999999941,0p55,0.55
0.794,0.9999999999999941,0p55,0.55
0.795,0.9999999999999941,0p55,0.55
0.796,0.9999999999999941,0p55,0.55
0.797,0.9999999999999941,0p55,0.55
0.798,0.9999999999999941,0p55,0.55
0.799,0.9999999999999941,0p55,0.55
0.8,0.9999999999999941,0p55,0.55
0.801,0.9999999999999941,0p55,0.55
0.802,0.9999999999999941,0p55,0.55
0.803,0.9999999999999941,0p55,0.55
0.804,0.9999999999999941,0p55,0.55
0.805,0.9999999999999941,0p55,0.55
0.806,0.9999999999999941,0p55,0.55
0.807,0.9999999999999941,0p55,0.55
0.808,0.9999999999999941,0p55,0.55
0.809,0.9999999999999941,0p55,0.55
0.81,0.9999999999999941,0p55,0.55
0.811,0.9999999999999941,0p55,0.55
0.812,0.9999999999999941,0p55,0.55
0.813,0.9999999999999941,0p55,0.55
0.814,0.9999999999999941,0p55,0.55
0.815,0.9999999999999941,0p55,0.55
0.816,0.9999999999999941,0p55,0.55
0.817,0.9999999999999941,0p55,0.55
0.818,0.9999999999999941,0p55,0.55
0.819,0.9999999999999941,0p55,0.55
0.82,0.9999999999999941,0p55,0.55
0.821,0.9999999999999941,0p55,0.55
0.822,0.9999999999999941,0p55,0.55
0.823,0.9999999999999941,0p55,0.55
0.824,0.9999999999999941,0p55,0.55
0.825,0.9999999999999941,0p55,0.55
0.826,0.9999999999999941,0p55,0.55
0.827,0.9999999999999941,0p55,0.55
0.828,0.9999999999999941,0p55,0.55
0.829,0.9999999999999941,0p55,0.55
0.83,0.9999999999999941,0p55,0.55
0.831,0.9999999999999941,0p55,0.55
0.832,0.9999999999999941,0p55,0.55
0.833,0.9999999999999941,0p55,0.55
0.834,0.9999999999999941,0p55,0.55
0.835,0.9999999999999941,0p55,0.55
0.836,0.9999999999999941,0p55,0.55
0.837,0.9999999999999941,0p55,0.55
0.838,0.9999999999999941,0p55,0.55
0.839,0.9999999999999941,0p55,0.55
0.84,0.9999999999999941,0p55,0.55
0.841,0.9999999999999941,0p55,0.55
0.842,0.9999999999999941,0p55,0.55
0.843,0.9999999999999941,0p55,0.55
0.844,0.9999999999999941,0p55,0.55
0.845,0.9999999999999941,0p55,0.55
0.846,0.9999999999999941,0p55,0.55
0.847,0.9999999999999941,0p55,0.55
0.848,0.9999999999999941,0p55,0.55
0.849,0.9999999999999941,0p55,0.55
0.85,0.9999999999999941,0p55,0.55
0.851,0.9999999999999941,0p55,0.55
0.852,0.9999999999999941,0p55,0.55
0.853,0.9999999999999941,0p55,0.55
0.854,0.9999999999999941,0p55,0.55
0.855,0.9999999999999941,0p55,0.55
0.856,0.9999999999999941,0p55,0.55
0.857,0.9999999999999941,0p55,0.55
0.858,0.9999999999999941,0p55,0.55
0.859,0.9999999999999941,0p55,0.55
0.86,0.9999999999999941,0p55,0.55
0.861,0.9999999999999941,0p55,0.55
0.862,0.9999999999999941,0p55,0.55
0.863,0.9999999999999941,0p55,0.55
0.864,0.9999999999999941,0p55,0.55
0.865,0.9999999999999941,0p55,0.55
0.866,0.9999999999999941,0p55,0.55
0.867,0.9999999999999941,0p55,0.55
0.868,0.9999999999999941,0p55,0.55
0.869,0.9999999999999941,0p55,0.55
0.87,0.9999999999999941,0p55,0.55
0.871,0.9999999999999941,0p55,0.55
0.872,0.9999999999999941,0p55,0.55
0.873,0.9999999999999941,0p55,0.55
0.874,0.9999999999999941,0p55,0.55
0.875,0.9999999999999941,0p55,0.55
0.876,0.9999999999999941,0p55,0.55
0.877,0.9999999999999941,0p55,0.55
0.878,0.9999999999999941,0p55,0.55
0.879,0.9999999999999941,0p55,0.55
0.88,0.9999999999999941,0p55,0.55
0.881,0.9999999999999941,0p55,0.55
0.882,0.9999999999999941,0p55,0.55
0.883,0.9999999999999941,0p55,0.55
0.884,0.9999999999999941,0p55,0.55
0.885,0.9999999999999941,0p55,0.55
0.886,0.9999999999999941,0p55,0.55
0.887,0.9999999999999941,0p55,0.55
0.888,0.9999999999999941,0p55,0.55
0.889,0.9999999999999941,0p55,0.55
0.89,0.9999999999999941,0p55,0.55
0.891,0.9999999999999941,0p55,0.55
0.892,0.9999999999999941,0p55,0.55
0.893,0.9999999999999941,0p55,0.55
0.894,0.9999999999999941,0p55,0.55
0.895,0.9999999999999941,0p55,0.55
0.896,0.9999999999999941,0p55,0.55
0.897,0.9999999999999941,0p55,0.55
0.898,0.9999999999999941,0p55,0.55
0.899,0.9999999999999941,0p55,0.55
0.9,0.9999999999999941,0p55,0.55
0.901,0.9999999999999941,0p55,0.55
0.902,0.9999999999999941,0p55,0.55
0.903,0.9999999999999941,0p55,0.55
0.904,0.9999999999999941,0p55,0.55
0.905,0.9999999999999941,0p55,0.55
0.906,0.9999999999999941,0p55,0.55
0.907,0.9999999999999941,0p55,0.55
0.908,0.9999999999999941,0p55,0.55
0.909,0.9999999999999941,0p55,0.55
0.91,0.9999999999999941,0p55,0.55
0.911,0.9999999999999941,0p55,0.55
0.912,0.9999999999999941,0p55,0.55
0.913,0.9999999999999941,0p55,0.55
0.914,0.9999999999999941,0p55,0.55
0.915,0.9999999999999941,0p55,0.55
0.916,0.9999999999999941,0p55,0.55
0.917,0.9999999999999941,0p55,0.55
0.918,0.9999999999999941,0p55,0.55
0.919,0.9999999999999941,0p55,0.55
0.92,0.9999999999999941,0p55,0.55
0.921,0.9999999999999941,0p55,0.55
0.922,0.9999999999999941,0p55,0.55
0.923,0.9999999999999941,0p55,0.55
0.924,0.9999999999999941,0p55,0.55
0.925,0.9999999999999941,0p55,0.55
0.926,0.9999999999999941,0p55,0.55
0.927,0.9999999999999941,0p55,0.55
0.928,0.9999999999999941,0p55,0.55
0.929,0.9999999999999941,0p55,0.55
0.93,0.9999999999999941,0p55,0.55
0.931,0.9999999999999941,0p55,0.55
0.932,0.9999999999999941,0p55,0.55
0.933,0.9999999999999941,0p55,0.55
0.934,0.9999999999999941,0p55,0.55
0.935,0.9999999999999941,0p55,0.55
0.936,0.9999999999999941,0p55,0.55
0.937,0.9999999999999941,0p55,0.55
0.938,0.9999999999999941,0p55,0.55
0.939,0.9999999999999941,0p55,0.55
0.94,0.9999999999999941,0p55,0.55
0.941,0.9999999999999941,0p55,0.55
0.942,0.9999999999999941,0p55,0.55
0.943,0.9999999999999941,0p55,0.55
0.944,0.9999999999999941,0p55,0.55
0.945,0.9999999999999941,0p55,0.55
0.946,0.9999999999999941,0p55,0.55
0.947,0.9999999999999941,0p55,0.55
0.948,0.9999999999999941,0p55,0.55
0.949,0.9999999999999941,0p55,0.55
0.95,0.9999999999999941,0p55,0.55
0.951,0.9999999999999941,0p55,0.55
0.952,0.9999999999999941,0p55,0.55
0.953,0.9999999999999941,0p55,0.55
0.954,0.9999999999999941,0p55,0.55
0.955,0.9999999999999941,0p55,0.55
0.956,0.9999999999999941,0p55,0.55
0.957,0.9999999999999941,0p55,0.55
0.958,0.9999999999999941,0p55,0.55
0.959,0.9999999999999941,0p55,0.55
0.96,0.9999999999999941,0p55,0.55
0.961,0.9999999999999941,0p55,0.55
0.962,0.9999999999999941,0p55,0.55
0.963,0.9999999999999941,0p55,0.55
0.964,0.9999999999999941,0p55,0.55
0.965,0.9999999999999941,0p55,0.55
0.966,0.9999999999999941,0p55,0.55
0.967,0.9999999999999941,0p55,0.55
0.968,0.9999999999999941,0p55,0.55
0.969,0.9999999999999941,0p55,0.55
0.97,0.9999999999999941,0p55,0.55
0.971,0.9999999999999941,0p55,0.55
0.972,0.9999999999999941,0p55,0.55
0.973,0.9999999999999941,0p55,0.55
0.974,0.9999999999999941,0p55,0.55
0.975,0.9999999999999941,0p55,0.55
0.976,0.9999999999999941,0p55,0.55
0.977,0.9999999999999941,0p55,0.55
0.978,0.9999999999999941,0p55,0.55
0.979,0.9999999999999941,0p55,0.55
0.98,0.9999999999999941,0p55,0.55
0.981,0.9999999999999941,0p55,0.55
0.982,0.9999999999999941,0p55,0.55
0.983,0.9999999999999941,0p55,0.55
0.984,0.9999999999999941,0p55,0.55
0.985,0.9999999999999941,0p55,0.55
0.986,0.9999999999999941,0p55,0.55
0.987,0.9999999999999941,0p55,0.55
0.988,0.9999999999999941,0p55,0.55
0.989,0.9999999999999941,0p55,0.55
0.99,0.9999999999999941,0p55,0.55
0.991,0.9999999999999941,0p55,0.55
0.992,0.9999999999999941,0p55,0.55
0.993,0.9999999999999941,0p55,0.55
0.994,0.9999999999999941,0p55,0.55
0.995,0.9999999999999941,0p55,0.55
0.996,0.9999999999999941,0p55,0.55
0.997,0.9999999999999941,0p55,0.55
0.998,0.9999999999999941,0p55,0.55
0.999,0.9999999999999941,0p55,0.55
1.0,0.9999999999999941,0p55,0.55
1.000000002000481,0.9999999999999941,0p55,0.55
1.000000002000481,0.5499999999999942,0p55,0.55
1.001,0.5499999999999928,0p55,0.55
1.002,0.5500000014178766,0p55,0.55
1.003,0.5500000061489972,0p55,0.55
1.004,0.5500000111091414,0p55,0.55
1.005,0.5500000157859046,0p55,0.55
1.006,0.5500000201954958,0p55,0.55
1.007,0.550000024353286,0p55,0.55
1.008,0.5500000282737147,0p55,0.55
1.009,0.5500000319701739,0p55,0.55
1.01,0.5500000354554514,0p55,0.55
1.011,0.550000038741611,0p55,0.55
1.012,0.5500000418400266,0p55,0.55
1.013,0.550000044761439,0p55,0.55
1.014,0.5500000475163335,0p55,0.55
1.015,0.5500000501139256,0p55,0.55
1.016,0.5500000525630765,0p55,0.55
1.017,0.5500000548722571,0p55,0.55
1.018,0.5500000570495408,0p55,0.55
1.019,0.5500000591023959,0p55,0.55
1.02,0.5500000610379244,0p55,0.55
1.021,0.5500000628628411,0p55,0.55
1.022,0.5500000645835164,0p55,0.55
1.023,0.5500000662058571,0p55,0.55
1.024,0.5500000677360044,0p55,0.55
1.025,0.5500000691788743,0p55,0.55
1.026,0.5500000705394902,0p55,0.55
1.027,0.5500000718222845,0p55,0.55
1.028,0.5500000730316535,0p55,0.55
1.029,0.5500000741719625,0p55,0.55
1.03,0.5500000752471217,0p55,0.55
1.031,0.5500000762607543,0p55,0.55
1.032,0.5500000772163549,0p55,0.55
1.033,0.5500000781173975,0p55,0.55
1.034,0.5500000789669489,0p55,0.55
1.035,0.5500000797678829,0p55,0.55
1.036,0.550000080522961,0p55,0.55
1.037,0.5500000812349403,0p55,0.55
1.038,0.5500000819062244,0p55,0.55
1.039,0.5500000825390917,0p55,0.55
1.04,0.5500000831357248,0p55,0.55
1.041,0.5500000836984006,0p55,0.55
1.042,0.5500000842296572,0p55,0.55
1.043,0.5500000847305591,0p55,0.55
1.044,0.5500000852024418,0p55,0.55
1.045,0.550000085647834,0p55,0.55
1.046,0.5500000860676655,0p55,0.55
1.047,0.5500000864632695,0p55,0.55
1.048,0.5500000868363681,0p55,0.55
1.049,0.5500000871881907,0p55,0.55
1.05,0.5500000875196671,0p55,0.55
1.051,0.5500000878321263,0p55,0.55
1.052,0.5500000881269457,0p55,0.55
1.053,0.5500000884046824,0p55,0.55
1.054,0.5500000886664193,0p55,0.55
1.055,0.5500000889133893,0p55,0.55
1.056,0.5500000891461039,0p55,0.55
1.057,0.55000008936539,0p55,0.55
1.058,0.5500000895722305,0p55,0.55
1.059,0.550000089767227,0p55,0.55
1.06,0.5500000899509526,0p55,0.55
1.061,0.5500000901241733,0p55,0.55
1.062,0.5500000902875704,0p55,0.55
1.063,0.5500000904415064,0p55,0.55
1.064,0.5500000905865804,0p55,0.55
1.065,0.550000090723486,0p55,0.55
1.066,0.5500000908524665,0p55,0.55
1.067,0.5500000909740096,0p55,0.55
1.068,0.5500000910886724,0p55,0.55
1.069,0.5500000911967466,0p55,0.55
1.07,0.5500000912985784,0p55,0.55
1.071,0.5500000913946065,0p55,0.55
1.072,0.5500000914851658,0p55,0.55
1.073,0.5500000915704853,0p55,0.55
1.074,0.550000091650902,0p55,0.55
1.075,0.5500000917267878,0p55,0.55
1.076,0.5500000917984068,0p55,0.55
1.077,0.5500000918661779,0p55,0.55
1.078,0.5500000919299629,0p55,0.55
1.079,0.5500000919902012,0p55,0.55
1.08,0.5500000920469771,0p55,0.55
1.081,0.5500000921001992,0p55,0.55
1.082,0.5500000921507656,0p55,0.55
1.083,0.5500000921982603,0p55,0.55
1.084,0.5500000922430032,0p55,0.55
1.085,0.5500000922853029,0p55,0.55
1.086,0.5500000923249444,0p55,0.55
1.087,0.550000092362527,0p55,0.55
1.088,0.5500000923978638,0p55,0.55
1.089,0.5500000924310722,0p55,0.55
1.09,0.5500000924625253,0p55,0.55
1.091,0.5500000924920169,0p55,0.55
1.092,0.5500000925198928,0p55,0.55
1.093,0.5500000925461679,0p55,0.55
1.094,0.5500000925708127,0p55,0.55
1.095,0.550000092594189,0p55,0.55
1.096,0.5500000926161216,0p55,0.55
1.097,0.5500000926367977,0p55,0.55
1.098,0.5500000926563297,0p55,0.55
1.099,0.5500000926746232,0p55,0.55
1.1,0.5500000926919913,0p55,0.55
1.101,0.5500000927082995,0p55,0.55
1.102,0.5500000927236378,0p55,0.55
1.103,0.550000092738155,0p55,0.55
1.104,0.5500000927517614,0p55,0.55
1.105,0.5500000927646389,0p55,0.55
1.106,0.5500000927767634,0p55,0.55
1.107,0.5500000927881441,0p55,0.55
1.108,0.5500000927989327,0p55,0.55
1.109,0.5500000928090516,0p55,0.55
1.11,0.5500000928186015,0p55,0.55
1.111,0.5500000928276145,0p55,0.55
1.112,0.5500000928360606,0p55,0.55
1.113,0.5500000928440771,0p55,0.55
1.114,0.5500000928516015,0p55,0.55
1.115,0.5500000928586853,0p55,0.55
1.116,0.5500000928653844,0p55,0.55
1.117,0.5500000928716614,0p55,0.55
1.118,0.55000009287761,0p55,0.55
1.119,0.5500000928832043,0p55,0.55
1.12,0.5500000928884736,0p55,0.55
1.121,0.5500000928935169,0p55,0.55
1.122,0.5500000928982806,0p55,0.55
1.123,0.5500000929027643,0p55,0.55
1.124,0.5500000929069683,0p55,0.55
1.125,0.5500000929109089,0p55,0.55
1.126,0.550000092914694,0p55,0.55
1.127,0.5500000929182429,0p55,0.55
1.128,0.5500000929215556,0p55,0.55
1.129,0.550000092924632,0p55,0.55
1.13,0.5500000929275478,0p55,0.55
1.131,0.5500000929303509,0p55,0.55
1.132,0.5500000929329779,0p55,0.55
1.133,0.5500000929354287,0p55,0.55
1.134,0.5500000929377034,0p55,0.55
1.135,0.5500000929398953,0p55,0.55
1.136,0.5500000929419667,0p55,0.55
1.137,0.5500000929439026,0p55,0.55
1.138,0.5500000929457031,0p55,0.55
1.139,0.5500000929473825,0p55,0.55
1.14,0.5500000929490108,0p55,0.55
1.141,0.5500000929505361,0p55,0.55
1.142,0.5500000929519588,0p55,0.55
1.143,0.5500000929532789,0p55,0.55
1.144,0.5500000929545307,0p55,0.55
1.145,0.5500000929557295,0p55,0.55
1.146,0.5500000929568507,0p55,0.55
1.147,0.5500000929578944,0p55,0.55
1.148,0.5500000929588604,0p55,0.55
1.149,0.5500000929597952,0p55,0.55
1.15,0.5500000929606768,0p55,0.55
1.151,0.5500000929614998,0p55,0.55
1.152,0.5500000929622643,0p55,0.55
1.153,0.5500000929629782,0p55,0.55
1.154,0.5500000929636699,0p55,0.55
1.155,0.5500000929643175,0p55,0.55
1.156,0.5500000929649211,0p55,0.55
1.157,0.5500000929654806,0p55,0.55
1.158,0.5500000929660124,0p55,0.55
1.159,0.5500000929665209,0p55,0.55
1.16,0.5500000929669963,0p55,0.55
1.161,0.5500000929674385,0p55,0.55
1.162,0.5500000929678476,0p55,0.55
1.163,0.5500000929682445,0p55,0.55
1.164,0.5500000929686182,0p55,0.55
1.165,0.5500000929689668,0p55,0.55
1.166,0.5500000929692905,0p55,0.55
1.167,0.5500000929695954,0p55,0.55
1.168,0.550000092969898,0p55,0.55
1.169,0.550000092970185,0p55,0.55
1.17,0.5500000929704564,0p55,0.55
1.171,0.5500000929707121,0p55,0.55
1.172,0.5500000929709521,0p55,0.55
1.173,0.5500000929711767,0p55,0.55
1.174,0.5500000929713854,0p55,0.55
1.175,0.5500000929715786,0p55,0.55
1.176,0.5500000929717562,0p55,0.55
1.177,0.5500000929719392,0p55,0.55
1.178,0.5500000929721118,0p55,0.55
1.179,0.550000092972273,0p55,0.55
1.18,0.5500000929724229,0p55,0.55
1.181,0.5500000929725615,0p55,0.55
1.182,0.5500000929726887,0p55,0.55
1.183,0.5500000929728046,0p55,0.55
1.184,0.5500000929729091,0p55,0.55
1.185,0.5500000929730023,0p55,0.55
1.186,0.5500000929730993,0p55,0.55
1.187,0.5500000929731969,0p55,0.55
1.188,0.5500000929732877,0p55,0.55
1.189,0.5500000929733719,0p55,0.55
1.19,0.5500000929734493,0p55,0.55
1.191,0.5500000929735201,0p55,0.55
1.192,0.5500000929735842,0p55,0.55
1.193,0.5500000929736417,0p55,0.55
1.194,0.5500000929736923,0p55,0.55
1.195,0.5500000929737413,0p55,0.55
1.196,0.5500000929737948,0p55,0.55
1.197,0.5500000929738444,0p55,0.55
1.198,0.5500000929738903,0p55,0.55
1.199,0.5500000929739325,0p55,0.55
1.2,0.5500000929739709,0p55,0.55
1.201,0.5500000929740054,0p55,0.55
1.202,0.5500000929740363,0p55,0.55
1.203,0.5500000929740634,0p55,0.55
1.204,0.550000092974087,0p55,0.55
1.205,0.5500000929741156,0p55,0.55
1.206,0.550000092974142,0p55,0.55
1.207,0.5500000929741664,0p55,0.55
1.208,0.5500000929741887,0p55,0.55
1.209,0.550000092974209,0p55,0.55
1.21,0.5500000929742274,0p55,0.55
1.211,0.5500000929742435,0p55,0.55
1.212,0.5500000929742577,0p55,0.55
1.213,0.5500000929742698,0p55,0.55
1.214,0.5500000929742835,0p55,0.55
1.215,0.5500000929742973,0p55,0.55
1.216,0.55000009297431,0p55,0.55
1.217,0.5500000929743215,0p55,0.55
1.218,0.550000092974332,0p55,0.55
1.219,0.5500000929743415,0p55,0.55
1.22,0.5500000929743498,0p55,0.55
1.221,0.5500000929743571,0p55,0.55
1.222,0.5500000929743633,0p55,0.55
1.223,0.5500000929743695,0p55,0.55
1.224,0.5500000929743765,0p55,0.55
1.225,0.5500000929743829,0p55,0.55
1.226,0.5500000929743888,0p55,0.55
1.227,0.5500000929743941,0p55,0.55
1.228,0.5500000929743989,0p55,0.55
1.229,0.5500000929744031,0p55,0.55
1.23,0.5500000929744068,0p55,0.55
1.231,0.5500000929744099,0p55,0.55
1.232,0.5500000929744125,0p55,0.55
1.233,0.550000092974416,0p55,0.55
1.234,0.5500000929744192,0p55,0.55
1.235,0.5500000929744221,0p55,0.55
1.236,0.5500000929744248,0p55,0.55
1.237,0.5500000929744271,0p55,0.55
1.238,0.5500000929744292,0p55,0.55
1.239,0.5500000929744309,0p55,0.55
1.24,0.5500000929744324,0p55,0.55
1.241,0.5500000929744336,0p55,0.55
1.242,0.5500000929744352,0p55,0.55
1.243,0.5500000929744367,0p55,0.55
1.244,0.5500000929744381,0p55,0.55
1.245,0.5500000929744394,0p55,0.55
1.246,0.5500000929744405,0p55,0.55
1.247,0.5500000929744415,0p55,0.55
1.248,0.5500000929744423,0p55,0.55
1.249,0.5500000929744431,0p55,0.55
1.25,0.5500000929744436,0p55,0.55
1.251,0.5500000929744442,0p55,0.55
1.252,0.5500000929744447,0p55,0.55
1.253,0.5500000929744453,0p55,0.55
1.254,0.5500000929744456,0p55,0.55
1.255,0.550000092974446,0p55,0.55
1.256,0.5500000929744463,0p55,0.55
1.257,0.5500000929744466,0p55,0.55
1.258,0.5500000929744469,0p55,0.55
1.259,0.5500000929744471,0p55,0.55
1.26,0.5500000929744473,0p55,0.55
1.261,0.5500000929744475,0p55,0.55
1.262,0.5500000929744477,0p55,0.55
1.263,0.550000092974448,0p55,0.55
1.264,0.5500000929744481,0p55,0.55
1.265,0.5500000929744483,0p55,0.55
1.266,0.5500000929744484,0p55,0.55
1.267,0.5500000929744485,0p55,0.55
1.268,0.5500000929744486,0p55,0.55
1.269,0.5500000929744489,0p55,0.55
1.27,0.5500000929744489,0p55,0.55
1.271,0.550000092974449,0p55,0.55
1.272,0.5500000929744491,0p55,0.55
1.273,0.5500000929744492,0p55,0.55
1.274,0.5500000929744493,0p55,0.55
1.275,0.5500000929744493,0p55,0.55
1.276,0.5500000929744494,0p55,0.55
1.277,0.5500000929744494,0p55,0.55
1.278,0.5500000929744494,0p55,0.55
1.279,0.5500000929744495,0p55,0.55
1.28,0.5500000929744495,0p55,0.55
1.281,0.5500000929744496,0p55,0.55
1.282,0.5500000929744496,0p55,0.55
1.283,0.5500000929744497,0p55,0.55
1.284,0.5500000929744497,0p55,0.55
1.285,0.5500000929744497,0p55,0.55
1.286,0.5500000929744499,0p55,0.55
1.287,0.5500000929744499,0p55,0.55
1.288,0.5500000929744499,0p55,0.55
1.289,0.5500000929744499,0p55,0.55
1.29,0.5500000929744499,0p55,0.55
1.291,0.5500000929744499,0p55,0.55
1.292,0.55000009297445,0p55,0.55
1.293,0.55000009297445,0p55,0.55
1.294,0.55000009297445,0p55,0.55
1.295,0.55000009297445,0p55,0.55
1.296,0.55000009297445,0p55,0.55
1.297,0.55000009297445,0p55,0.55
1.298,0.55000009297445,0p55,0.55
1.299,0.55000009297445,0p55,0.55
1.3,0.55000009297445,0p55,0.55
1.301,0.5500000929744499,0p55,0.55
1.302,0.5500000929744499,0p55,0.55
1.303,0.5500000929744499,0p55,0.55
1.304,0.5500000929744499,0p55,0.55
1.305,0.5500000929744499,0p55,0.55
1.306,0.5500000929744499,0p55,0.55
1.307,0.5500000929744499,0p55,0.55
1.308,0.5500000929744499,0p55,0.55
1.309,0.5500000929744499,0p55,0.55
1.31,0.5500000929744499,0p55,0.55
1.311,0.5500000929744499,0p55,0.55
1.312,0.5500000929744499,0p55,0.55
1.313,0.5500000929744499,0p55,0.55
1.314,0.5500000929744499,0p55,0.55
1.315,0.5500000929744499,0p55,0.55
1.316,0.5500000929744499,0p55,0.55
1.317,0.5500000929744499,0p55,0.55
1.318,0.5500000929744499,0p55,0.55
1.319,0.5500000929744499,0p55,0.55
1.32,0.5500000929744499,0p55,0.55
1.321,0.5500000929744497,0p55,0.55
1.322,0.5500000929744497,0p55,0.55
1.323,0.5500000929744497,0p55,0.55
1.324,0.5500000929744497,0p55,0.55
1.325,0.5500000929744497,0p55,0.55
1.326,0.5500000929744496,0p55,0.55
1.327,0.5500000929744496,0p55,0.55
1.328,0.5500000929744496,0p55,0.55
1.329,0.5500000929744496,0p55,0.55
1.33,0.5500000929744496,0p55,0.55
1.331,0.5500000929744496,0p55,0.55
1.332,0.5500000929744496,0p55,0.55
1.333,0.5500000929744496,0p55,0.55
1.334,0.5500000929744496,0p55,0.55
1.335,0.5500000929744495,0p55,0.55
1.336,0.5500000929744495,0p55,0.55
1.337,0.5500000929744495,0p55,0.55
1.338,0.5500000929744495,0p55,0.55
1.339,0.5500000929744494,0p55,0.55
1.34,0.5500000929744494,0p55,0.55
1.341,0.5500000929744494,0p55,0.55
1.342,0.5500000929744494,0p55,0.55
1.343,0.5500000929744494,0p55,0.55
1.344,0.5500000929744494,0p55,0.55
1.345,0.5500000929744494,0p55,0.55
1.346,0.5500000929744493,0p55,0.55
1.347,0.5500000929744493,0p55,0.55
1.348,0.5500000929744493,0p55,0.55
1.349,0.5500000929744493,0p55,0.55
1.35,0.5500000929744493,0p55,0.55
1.351,0.5500000929744493,0p55,0.55
1.352,0.5500000929744493,0p55,0.55
1.353,0.5500000929744493,0p55,0.55
1.354,0.5500000929744492,0p55,0.55
1.355,0.5500000929744492,0p55,0.55
1.356,0.5500000929744492,0p55,0.55
1.357,0.5500000929744491,0p55,0.55
1.358,0.5500000929744491,0p55,0.55
1.359,0.5500000929744491,0p55,0.55
1.36,0.5500000929744491,0p55,0.55
1.361,0.5500000929744491,0p55,0.55
1.362,0.5500000929744491,0p55,0.55
1.363,0.5500000929744491,0p55,0.55
1.364,0.550000092974449,0p55,0.55
1.365,0.550000092974449,0p55,0.55
1.366,0.550000092974449,0p55,0.55
1.367,0.5500000929744489,0p55,0.55
1.368,0.5500000929744489,0p55,0.55
1.369,0.5500000929744489,0p55,0.55
1.37,0.5500000929744489,0p55,0.55
1.371,0.5500000929744489,0p55,0.55
1.372,0.5500000929744489,0p55,0.55
1.373,0.5500000929744489,0p55,0.55
1.374,0.5500000929744487,0p55,0.55
1.375,0.5500000929744487,0p55,0.55
1.376,0.5500000929744487,0p55,0.55
1.377,0.5500000929744486,0p55,0.55
1.378,0.5500000929744486,0p55,0.55
1.379,0.5500000929744486,0p55,0.55
1.38,0.5500000929744486,0p55,0.55
1.381,0.5500000929744486,0p55,0.55
1.382,0.5500000929744486,0p55,0.55
1.383,0.5500000929744485,0p55,0.55
1.384,0.5500000929744485,0p55,0.55
1.385,0.5500000929744485,0p55,0.55
1.386,0.5500000929744485,0p55,0.55
1.387,0.5500000929744485,0p55,0.55
1.388,0.5500000929744485,0p55,0.55
1.389,0.5500000929744485,0p55,0.55
1.39,0.5500000929744484,0p55,0.55
1.391,0.5500000929744484,0p55,0.55
1.392,0.5500000929744484,0p55,0.55
1.393,0.5500000929744483,0p55,0.55
1.394,0.5500000929744483,0p55,0.55
1.395,0.5500000929744483,0p55,0.55
1.396,0.5500000929744483,0p55,0.55
1.397,0.5500000929744483,0p55,0.55
1.398,0.5500000929744483,0p55,0.55
1.399,0.5500000929744482,0p55,0.55
1.4,0.5500000929744482,0p55,0.55
1.401,0.5500000929744482,0p55,0.55
1.402,0.5500000929744481,0p55,0.55
1.403,0.5500000929744481,0p55,0.55
1.404,0.5500000929744481,0p55,0.55
1.405,0.5500000929744481,0p55,0.55
1.406,0.5500000929744481,0p55,0.55
1.407,0.5500000929744481,0p55,0.55
1.408,0.550000092974448,0p55,0.55
1.409,0.550000092974448,0p55,0.55
1.41,0.550000092974448,0p55,0.55
1.411,0.550000092974448,0p55,0.55
1.412,0.550000092974448,0p55,0.55
1.413,0.550000092974448,0p55,0.55
1.414,0.5500000929744479,0p55,0.55
1.415,0.5500000929744479,0p55,0.55
1.416,0.5500000929744479,0p55,0.55
1.417,0.5500000929744477,0p55,0.55
1.418,0.5500000929744477,0p55,0.55
1.419,0.5500000929744477,0p55,0.55
1.42,0.5500000929744477,0p55,0.55
1.421,0.5500000929744477,0p55,0.55
1.422,0.5500000929744477,0p55,0.55
1.423,0.5500000929744477,0p55,0.55
1.424,0.5500000929744476,0p55,0.55
1.425,0.5500000929744476,0p55,0.55
1.426,0.5500000929744476,0p55,0.55
1.427,0.5500000929744475,0p55,0.55
1.428,0.5500000929744475,0p55,0.55
1.429,0.5500000929744475,0p55,0.55
1.43,0.5500000929744475,0p55,0.55
1.431,0.5500000929744475,0p55,0.55
1.432,0.5500000929744475,0p55,0.55
1.433,0.5500000929744474,0p55,0.55
1.434,0.5500000929744474,0p55,0.55
1.435,0.5500000929744474,0p55,0.55
1.436,0.5500000929744473,0p55,0.55
1.437,0.5500000929744473,0p55,0.55
1.438,0.5500000929744473,0p55,0.55
1.439,0.5500000929744473,0p55,0.55
1.44,0.5500000929744473,0p55,0.55
1.441,0.5500000929744473,0p55,0.55
1.442,0.5500000929744472,0p55,0.55
1.443,0.5500000929744472,0p55,0.55
1.444,0.5500000929744472,0p55,0.55
1.445,0.5500000929744472,0p55,0.55
1.446,0.5500000929744472,0p55,0.55
1.447,0.5500000929744472,0p55,0.55
1.448,0.5500000929744471,0p55,0.55
1.449,0.5500000929744471,0p55,0.55
1.45,0.5500000929744471,0p55,0.55
1.451,0.550000092974447,0p55,0.55
1.452,0.550000092974447,0p55,0.55
1.453,0.550000092974447,0p55,0.55
1.454,0.550000092974447,0p55,0.55
1.455,0.550000092974447,0p55,0.55
1.456,0.550000092974447,0p55,0.55
1.457,0.5500000929744469,0p55,0.55
1.458,0.5500000929744469,0p55,0.55
1.459,0.5500000929744469,0p55,0.55
1.46,0.5500000929744469,0p55,0.55
1.461,0.5500000929744467,0p55,0.55
1.462,0.5500000929744467,0p55,0.55
1.463,0.5500000929744467,0p55,0.55
1.464,0.5500000929744467,0p55,0.55
1.465,0.5500000929744467,0p55,0.55
1.466,0.5500000929744467,0p55,0.55
1.467,0.5500000929744466,0p55,0.55
1.468,0.5500000929744466,0p55,0.55
1.469,0.5500000929744466,0p55,0.55
1.47,0.5500000929744466,0p55,0.55
1.471,0.5500000929744466,0p55,0.55
1.472,0.5500000929744466,0p55,0.55
1.473,0.5500000929744465,0p55,0.55
1.474,0.5500000929744465,0p55,0.55
1.475,0.5500000929744465,0p55,0.55
1.476,0.5500000929744464,0p55,0.55
1.477,0.5500000929744464,0p55,0.55
1.478,0.5500000929744464,0p55,0.55
1.479,0.5500000929744464,0p55,0.55
1.48,0.5500000929744464,0p55,0.55
1.481,0.5500000929744464,0p55,0.55
1.482,0.5500000929744463,0p55,0.55
1.483,0.5500000929744463,0p55,0.55
1.484,0.5500000929744463,0p55,0.55
1.485,0.5500000929744462,0p55,0.55
1.486,0.5500000929744462,0p55,0.55
1.487,0.5500000929744462,0p55,0.55
1.488,0.5500000929744462,0p55,0.55
1.489,0.5500000929744462,0p55,0.55
1.49,0.5500000929744462,0p55,0.55
1.491,0.5500000929744461,0p55,0.55
1.492,0.5500000929744461,0p55,0.55
1.493,0.5500000929744461,0p55,0.55
1.494,0.5500000929744461,0p55,0.55
1.495,0.5500000929744461,0p55,0.55
1.496,0.5500000929744461,0p55,0.55
1.497,0.550000092974446,0p55,0.55
1.498,0.550000092974446,0p55,0.55
1.499,0.550000092974446,0p55,0.55
1.5,0.550000092974446,0p55,0.55
1.500000003000721,0.550000092974446,0p55,0.55
1.500000003000721,1.000000092974446,0p55,0.55
1.501,1.000000092974451,0p55,0.55
1.502,1.000000092974453,0p55,0.55
1.503,1.000000092974454,0p55,0.55
1.504,1.000000092974454,0p55,0.55
1.505,1.000000092974454,0p55,0.55
1.506,1.000000092974455,0p55,0.55
1.507,1.000000092974455,0p55,0.55
1.508,1.000000092974455,0p55,0.55
1.509,1.000000092974455,0p55,0.55
1.51,1.000000092974456,0p55,0.55
1.511,1.000000092974456,0p55,0.55
1.512,1.000000092974456,0p55,0.55
1.513,1.000000092974457,0p55,0.55
1.514,1.000000092974457,0p55,0.55
1.515,1.000000092970901,0p55,0.55
1.516,1.000000092467943,0p55,0.55
1.517,1.000000091043384,0p55,0.55
1.518,1.000000088827637,0p55,0.55
1.519,1.000000085948513,0p55,0.55
1.52,1.000000082519108,0p55,0.55
1.521,1.000000078638914,0p55,0.55
1.522,1.000000074405833,0p55,0.55
1.523,1.000000070165509,0p55,0.55
1.524,1.000000066157127,0p55,0.55
1.525,1.000000062377273,0p55,0.55
1.526,1.00000005881365,0p55,0.55
1.527,1.000000055453743,0p55,0.55
1.528,1.000000052285823,0p55,0.55
1.529,1.0000000492989,0p55,0.55
1.53,1.000000046482575,0p55,0.55
1.531,1.000000043827117,0p55,0.55
1.532,1.000000041323402,0p55,0.55
1.533,1.000000038962748,0p55,0.55
1.534,1.000000036736973,0p55,0.55
1.535,1.000000034638365,0p55,0.55
1.536,1.000000032659625,0p55,0.55
1.537,1.000000030793891,0p55,0.55
1.538,1.000000029034768,0p55,0.55
1.539,1.000000027375881,0p55,0.55
1.54,1.000000025810392,0p55,0.55
1.541,1.000000024334335,0p55,0.55
1.542,1.000000022942379,0p55,0.55
1.543,1.000000021629983,0p55,0.55
1.544,1.000000020392629,0p55,0.55
1.545,1.000000019226049,0p55,0.55
1.546,1.000000018126199,0p55,0.55
1.547,1.000000017089267,0p55,0.55
1.548,1.000000016111653,0p55,0.55
1.549,1.000000015189965,0p55,0.55
1.55,1.000000014321004,0p55,0.55
1.551,1.000000013501753,0p55,0.55
1.552,1.000000012729368,0p55,0.55
1.553,1.000000012001169,0p55,0.55
1.554,1.000000011314628,0p55,0.55
1.555,1.000000010667362,0p55,0.55
1.556,1.000000010057124,0p55,0.55
1.557,1.000000009481795,0p55,0.55
1.558,1.000000008939379,0p55,0.55
1.559,1.000000008427992,0p55,0.55
1.56,1.00000000794586,0p55,0.55
1.561,1.00000000749131,0p55,0.55
1.562,1.000000007062762,0p55,0.55
1.563,1.000000006658731,0p55,0.55
1.564,1.000000006277812,0p55,0.55
1.565,1.000000005918685,0p55,0.55
1.566,1.000000005580102,0p55,0.55
1.567,1.000000005260888,0p55,0.55
1.568,1.000000004959935,0p55,0.55
1.569,1.000000004676199,0p55,0.55
1.57,1.000000004408694,0p55,0.55
1.571,1.00000000415607,0p55,0.55
1.572,1.000000003917817,0p55,0.55
1.573,1.000000003692979,0p55,0.55
1.574,1.000000003481468,0p55,0.55
1.575,1.00000000328152,0p55,0.55
1.576,1.000000003093347,0p55,0.55
1.577,1.00000000291573,0p55,0.55
1.578,1.000000002748439,0p55,0.55
1.579,1.000000002590727,0p55,0.55
1.58,1.000000002441976,0p55,0.55
1.581,1.000000002301979,0p55,0.55
1.582,1.000000002169695,0p55,0.55
1.583,1.00000000204527,0p55,0.55
1.584,1.000000001927794,0p55,0.55
1.585,1.00000000181719,0p55,0.55
1.586,1.000000001712888,0p55,0.55
1.587,1.000000001614552,0p55,0.55
1.588,1.000000001521967,0p55,0.55
1.589,1.000000001434521,0p55,0.55
1.59,1.000000001352262,0p55,0.55
1.591,1.00000000127458,0p55,0.55
1.592,1.000000001201461,0p55,0.55
1.593,1.000000001132486,0p55,0.55
1.594,1.000000001067481,0p55,0.55
1.595,1.000000001006252,0p55,0.55
1.596,1.000000000948449,0p55,0.55
1.597,1.000000000894065,0p55,0.55
1.598,1.000000000842698,0p55,0.55
1.599,1.00000000079436,0p55,0.55
1.6,1.000000000748748,0p55,0.55
1.601,1.000000000705776,0p55,0.55
1.602,1.000000000665284,0p55,0.55
1.603,1.000000000627074,0p55,0.55
1.604,1.00000000059112,0p55,0.55
1.605,1.000000000557154,0p55,0.55
1.606,1.000000000525198,0p55,0.55
1.607,1.000000000495036,0p55,0.55
1.608,1.000000000466628,0p55,0.55
1.609,1.000000000439851,0p55,0.55
1.61,1.000000000414592,0p55,0.55
1.611,1.000000000390822,0p55,0.55
1.612,1.000000000368363,0p55,0.55
1.613,1.000000000347236,0p55,0.55
1.614,1.000000000327291,0p55,0.55
1.615,1.000000000308512,0p55,0.55
1.616,1.000000000290804,0p55,0.55
1.617,1.000000000274107,0p55,0.55
1.618,1.000000000258388,0p55,0.55
1.619,1.000000000243541,0p55,0.55
1.62,1.000000000229574,0p55,0.55
1.621,1.000000000216385,0p55,0.55
1.622,1.00000000020397,0p55,0.55
1.623,1.00000000019226,0p55,0.55
1.624,1.000000000181223,0p55,0.55
1.625,1.000000000170828,0p55,0.55
1.626,1.000000000160963,0p55,0.55
1.627,1.000000000151642,0p55,0.55
1.628,1.000000000142874,0p55,0.55
1.629,1.000000000134613,0p55,0.55
1.63,1.000000000126786,0p55,0.55
1.631,1.000000000119451,0p55,0.55
1.632,1.000000000112576,0p55,0.55
1.633,1.000000000106019,0p55,0.55
1.634,1.000000000099863,0p55,0.55
1.635,1.000000000094106,0p55,0.55
1.636,1.000000000088615,0p55,0.55
1.637,1.00000000008346,0p55,0.55
1.638,1.000000000078642,0p55,0.55
1.639,1.000000000074062,0p55,0.55
1.64,1.000000000069748,0p55,0.55
1.641,1.000000000065713,0p55,0.55
1.642,1.000000000061895,0p55,0.55
1.643,1.000000000058286,0p55,0.55
1.644,1.000000000054908,0p55,0.55
1.645,1.000000000051725,0p55,0.55
1.646,1.000000000048706,0p55,0.55
1.647,1.000000000045879,0p55,0.55
1.648,1.000000000043225,0p55,0.55
1.649,1.000000000040701,0p55,0.55
1.65,1.000000000038335,0p55,0.55
1.651,1.000000000036121,0p55,0.55
1.652,1.00000000003401,0p55,0.55
1.653,1.000000000032031,0p55,0.55
1.654,1.000000000030183,0p55,0.55
1.655,1.000000000028419,0p55,0.55
1.656,1.000000000026764,0p55,0.55
1.657,1.000000000025216,0p55,0.55
1.658,1.000000000023747,0p55,0.55
1.659,1.000000000022362,0p55,0.55
1.66,1.000000000021067,0p55,0.55
1.661,1.000000000019843,0p55,0.55
1.662,1.000000000018685,0p55,0.55
1.663,1.000000000017601,0p55,0.55
1.664,1.00000000001658,0p55,0.55
1.665,1.000000000015612,0p55,0.55
1.666,1.000000000014704,0p55,0.55
1.667,1.000000000013853,0p55,0.55
1.668,1.000000000013043,0p55,0.55
1.669,1.000000000012284,0p55,0.55
1.67,1.000000000011574,0p55,0.55
1.671,1.000000000010897,0p55,0.55
1.672,1.000000000010262,0p55,0.55
1.673,1.000000000009669,0p55,0.55
1.674,1.000000000009104,0p55,0.55
1.675,1.000000000008573,0p55,0.55
1.676,1.000000000008076,0p55,0.55
1.677,1.000000000007601,0p55,0.55
1.678,1.000000000007147,0p55,0.55
1.679,1.000000000006718,0p55,0.55
1.68,1.000000000006315,0p55,0.55
1.681,1.000000000005936,0p55,0.55
1.682,1.000000000005583,0p55,0.55
1.683,1.000000000005249,0p55,0.55
1.684,1.000000000004928,0p55,0.55
1.685,1.000000000004627,0p55,0.55
1.686,1.000000000004347,0p55,0.55
1.687,1.000000000004087,0p55,0.55
1.688,1.000000000003848,0p55,0.55
1.689,1.000000000003616,0p55,0.55
1.69,1.000000000003393,0p55,0.55
1.691,1.000000000003184,0p55,0.55
1.692,1.000000000002989,0p55,0.55
1.693,1.000000000002809,0p55,0.55
1.694,1.000000000002643,0p55,0.55
1.695,1.000000000002479,0p55,0.55
1.696,1.000000000002325,0p55,0.55
1.697,1.000000000002181,0p55,0.55
1.698,1.000000000002047,0p55,0.55
1.699,1.000000000001924,0p55,0.55
1.7,1.000000000001809,0p55,0.55
1.701,1.000000000001695,0p55,0.55
1.702,1.000000000001589,0p55,0.55
1.703,1.00000000000149,0p55,0.55
1.704,1.000000000001399,0p55,0.55
1.705,1.000000000001315,0p55,0.55
1.706,1.000000000001234,0p55,0.55
1.707,1.000000000001156,0p55,0.55
1.708,1.000000000001084,0p55,0.55
1.709,1.000000000001016,0p55,0.55
1.71,1.000000000000953,0p55,0.55
1.711,1.000000000000896,0p55,0.55
1.712,1.00000000000084,0p55,0.55
1.713,1.000000000000786,0p55,0.55
1.714,1.000000000000737,0p55,0.55
1.715,1.000000000000691,0p55,0.55
1.716,1.000000000000648,0p55,0.55
1.717,1.000000000000609,0p55,0.55
1.718,1.00000000000057,0p55,0.55
1.719,1.000000000000533,0p55,0.55
1.72,1.000000000000499,0p55,0.55
1.721,1.000000000000468,0p55,0.55
1.722,1.000000000000439,0p55,0.55
1.723,1.000000000000412,0p55,0.55
1.724,1.000000000000385,0p55,0.55
1.725,1.00000000000036,0p55,0.55
1.726,1.000000000000337,0p55,0.55
1.727,1.000000000000316,0p55,0.55
1.728,1.000000000000296,0p55,0.55
1.729,1.000000000000277,0p55,0.55
1.73,1.000000000000259,0p55,0.55
1.731,1.000000000000242,0p55,0.55
1.732,1.000000000000226,0p55,0.55
1.733,1.000000000000211,0p55,0.55
1.734,1.000000000000198,0p55,0.55
1.735,1.000000000000185,0p55,0.55
1.736,1.000000000000172,0p55,0.55
1.737,1.000000000000161,0p55,0.55
1.738,1.00000000000015,0p55,0.55
1.739,1.00000000000014,0p55,0.55
1.74,1.000000000000131,0p55,0.55
1.741,1.000000000000122,0p55,0.55
1.742,1.000000000000113,0p55,0.55
1.743,1.000000000000105,0p55,0.55
1.744,1.000000000000098,0p55,0.55
1.745,1.000000000000091,0p55,0.55
1.746,1.000000000000085,0p55,0.55
1.747,1.000000000000079,0p55,0.55
1.748,1.000000000000073,0p55,0.55
1.749,1.000000000000068,0p55,0.55
1.75,1.000000000000063,0p55,0.55
1.751,1.000000000000058,0p55,0.55
1.752,1.000000000000054,0p55,0.55
1.753,1.000000000000049,0p55,0.55
1.754,1.000000000000045,0p55,0.55
1.755,1.000000000000042,0p55,0.55
1.756,1.000000000000038,0p55,0.55
1.757,1.000000000000035,0p55,0.55
1.758,1.000000000000032,0p55,0.55
1.759,1.000000000000029,0p55,0.55
1.76,1.000000000000027,0p55,0.55
1.761,1.000000000000024,0p55,0.55
1.762,1.000000000000022,0p55,0.55
1.763,1.00000000000002,0p55,0.55
1.764,1.000000000000018,0p55,0.55
1.765,1.000000000000016,0p55,0.55
1.766,1.000000000000014,0p55,0.55
1.767,1.000000000000012,0p55,0.55
1.768,1.00000000000001,0p55,0.55
1.769,1.000000000000009,0p55,0.55
1.77,1.000000000000008,0p55,0.55
1.771,1.000000000000006,0p55,0.55
1.772,1.000000000000005,0p55,0.55
1.773,1.000000000000004,0p55,0.55
1.774,1.000000000000003,0p55,0.55
1.775,1.000000000000002,0p55,0.55
1.776,1.000000000000001,0p55,0.55
1.777,0.9999999999999999,0p55,0.55
1.778,0.999999999999999,0p55,0.55
1.779,0.9999999999999982,0p55,0.55
1.78,0.9999999999999974,0p55,0.55
1.781,0.9999999999999968,0p55,0.55
1.782,0.9999999999999961,0p55,0.55
1.783,0.9999999999999956,0p55,0.55
1.784,0.999999999999995,0p55,0.55
1.785,0.9999999999999944,0p55,0.55
1.786,0.999999999999994,0p55,0.55
1.787,0.9999999999999934,0p55,0.55
1.788,0.999999999999993,0p55,0.55
1.789,0.9999999999999926,0p55,0.55
1.79,0.9999999999999921,0p55,0.55
1.791,0.9999999999999919,0p55,0.55
1.792,0.9999999999999915,0p55,0.55
1.793,0.9999999999999912,0p55,0.55
1.794,0.9999999999999909,0p55,0.55
1.795,0.9999999999999907,0p55,0.55
1.796,0.9999999999999903,0p55,0.55
1.797,0.99999999999999,0p55,0.55
1.798,0.9999999999999898,0p55,0.55
1.799,0.9999999999999897,0p55,0.55
1.8,0.9999999999999893,0p55,0.55
1.801,0.9999999999999892,0p55,0.55
1.802,0.9999999999999889,0p55,0.55
1.803,0.9999999999999888,0p55,0.55
1.804,0.9999999999999887,0p55,0.55
1.805,0.9999999999999886,0p55,0.55
1.806,0.9999999999999882,0p55,0.55
1.807,0.9999999999999882,0p55,0.55
1.808,0.9999999999999881,0p55,0.55
1.809,0.999999999999988,0p55,0.55
1.81,0.9999999999999878,0p55,0.55
1.811,0.9999999999999877,0p55,0.55
1.812,0.9999999999999876,0p55,0.55
1.813,0.9999999999999876,0p55,0.55
1.814,0.9999999999999875,0p55,0.55
1.815,0.9999999999999875,0p55,0.55
1.816,0.9999999999999872,0p55,0.55
1.817,0.9999999999999872,0p55,0.55
1.818,0.9999999999999871,0p55,0.55
1.819,0.9999999999999871,0p55,0.55
1.82,0.9999999999999871,0p55,0.55
1.821,0.999999999999987,0p55,0.55
1.822,0.999999999999987,0p55,0.55
1.823,0.9999999999999868,0p55,0.55
1.824,0.9999999999999868,0p55,0.55
1.825,0.9999999999999868,0p55,0.55
1.826,0.9999999999999868,0p55,0.55
1.827,0.9999999999999868,0p55,0.55
1.828,0.9999999999999867,0p55,0.55
1.829,0.9999999999999867,0p55,0.55
1.83,0.9999999999999867,0p55,0.55
1.831,0.9999999999999867,0p55,0.55
1.832,0.9999999999999867,0p55,0.55
1.833,0.9999999999999867,0p55,0.55
1.834,0.9999999999999866,0p55,0.55
1.835,0.9999999999999866,0p55,0.55
1.836,0.9999999999999866,0p55,0.55
1.837,0.9999999999999866,0p55,0.55
1.838,0.9999999999999866,0p55,0.55
1.839,0.9999999999999866,0p55,0.55
1.84,0.9999999999999866,0p55,0.55
1.841,0.9999999999999866,0p55,0.55
1.842,0.9999999999999866,0p55,0.55
1.843,0.9999999999999866,0p55,0.55
1.844,0.9999999999999866,0p55,0.55
1.845,0.9999999999999866,0p55,0.55
1.846,0.9999999999999866,0p55,0.55
1.847,0.9999999999999866,0p55,0.55
1.848,0.9999999999999866,0p55,0.55
1.849,0.9999999999999866,0p55,0.55
1.85,0.9999999999999866,0p55,0.55
1.851,0.9999999999999866,0p55,0.55
1.852,0.9999999999999866,0p55,0.55
1.853,0.9999999999999866,0p55,0.55
1.854,0.9999999999999866,0p55,0.55
1.855,0.9999999999999866,0p55,0.55
1.856,0.9999999999999866,0p55,0.55
1.857,0.9999999999999866,0p55,0.55
1.858,0.9999999999999866,0p55,0.55
1.859,0.9999999999999866,0p55,0.55
1.86,0.9999999999999866,0p55,0.55
1.861,0.9999999999999866,0p55,0.55
1.862,0.9999999999999866,0p55,0.55
1.863,0.9999999999999866,0p55,0.55
1.864,0.9999999999999866,0p55,0.55
1.865,0.9999999999999866,0p55,0.55
1.866,0.9999999999999866,0p55,0.55
1.867,0.9999999999999866,0p55,0.55
1.868,0.9999999999999866,0p55,0.55
1.869,0.9999999999999866,0p55,0.55
1.87,0.9999999999999866,0p55,0.55
1.871,0.9999999999999866,0p55,0.55
1.872,0.9999999999999866,0p55,0.55
1.873,0.9999999999999866,0p55,0.55
1.874,0.9999999999999866,0p55,0.55
1.875,0.9999999999999866,0p55,0.55
1.876,0.9999999999999866,0p55,0.55
1.877,0.9999999999999866,0p55,0.55
1.878,0.9999999999999866,0p55,0.55
1.879,0.9999999999999866,0p55,0.55
1.88,0.9999999999999866,0p55,0.55
1.881,0.9999999999999866,0p55,0.55
1.882,0.9999999999999866,0p55,0.55
1.883,0.9999999999999866,0p55,0.55
1.884,0.9999999999999866,0p55,0.55
1.885,0.9999999999999866,0p55,0.55
1.886,0.9999999999999866,0p55,0.55
1.887,0.9999999999999866,0p55,0.55
1.888,0.9999999999999866,0p55,0.55
1.889,0.9999999999999866,0p55,0.55
1.89,0.9999999999999866,0p55,0.55
1.891,0.9999999999999866,0p55,0.55
1.892,0.9999999999999866,0p55,0.55
1.893,0.9999999999999866,0p55,0.55
1.894,0.9999999999999866,0p55,0.55
1.895,0.9999999999999866,0p55,0.55
1.896,0.9999999999999866,0p55,0.55
1.897,0.9999999999999866,0p55,0.55
1.898,0.9999999999999866,0p55,0.55
1.899,0.9999999999999866,0p55,0.55
1.9,0.9999999999999866,0p55,0.55
1.901,0.9999999999999866,0p55,0.55
1.902,0.9999999999999867,0p55,0.55
1.903,0.9999999999999867,0p55,0.55
1.904,0.9999999999999867,0p55,0.55
1.905,0.9999999999999867,0p55,0.55
1.906,0.9999999999999867,0p55,0.55
1.907,0.9999999999999867,0p55,0.55
1.908,0.9999999999999867,0p55,0.55
1.909,0.9999999999999867,0p55,0.55
1.91,0.9999999999999867,0p55,0.55
1.911,0.9999999999999867,0p55,0.55
1.912,0.9999999999999867,0p55,0.55
1.913,0.9999999999999867,0p55,0.55
1.914,0.9999999999999867,0p55,0.55
1.915,0.9999999999999867,0p55,0.55
1.916,0.9999999999999867,0p55,0.55
1.917,0.9999999999999867,0p55,0.55
1.918,0.9999999999999867,0p55,0.55
1.919,0.9999999999999867,0p55,0.55
1.92,0.9999999999999867,0p55,0.55
1.921,0.9999999999999867,0p55,0.55
1.922,0.9999999999999867,0p55,0.55
1.923,0.9999999999999867,0p55,0.55
1.924,0.9999999999999867,0p55,0.55
1.925,0.9999999999999867,0p55,0.55
1.926,0.9999999999999867,0p55,0.55
1.927,0.9999999999999867,0p55,0.55
1.928,0.9999999999999867,0p55,0.55
1.929,0.9999999999999867,0p55,0.55
1.93,0.9999999999999867,0p55,0.55
1.931,0.9999999999999867,0p55,0.55
1.932,0.9999999999999867,0p55,0.55
1.933,0.9999999999999867,0p55,0.55
1.934,0.9999999999999867,0p55,0.55
1.935,0.9999999999999867,0p55,0.55
1.936,0.9999999999999867,0p55,0.55
1.937,0.9999999999999867,0p55,0.55
1.938,0.9999999999999867,0p55,0.55
1.939,0.9999999999999867,0p55,0.55
1.94,0.9999999999999867,0p55,0.55
1.941,0.9999999999999867,0p55,0.55
1.942,0.9999999999999867,0p55,0.55
1.943,0.9999999999999867,0p55,0.55
1.944,0.9999999999999867,0p55,0.55
1.945,0.9999999999999867,0p55,0.55
1.946,0.9999999999999867,0p55,0.55
1.947,0.9999999999999867,0p55,0.55
1.948,0.9999999999999867,0p55,0.55
1.949,0.9999999999999867,0p55,0.55
1.95,0.9999999999999867,0p55,0.55
1.951,0.9999999999999867,0p55,0.55
1.952,0.9999999999999867,0p55,0.55
1.953,0.9999999999999867,0p55,0.55
1.954,0.9999999999999867,0p55,0.55
1.955,0.9999999999999867,0p55,0.55
1.956,0.9999999999999867,0p55,0.55
1.957,0.9999999999999867,0p55,0.55
1.958,0.9999999999999867,0p55,0.55
1.959,0.9999999999999867,0p55,0.55
1.96,0.9999999999999867,0p55,0.55
1.961,0.9999999999999867,0p55,0.55
1.962,0.9999999999999867,0p55,0.55
1.963,0.9999999999999867,0p55,0.55
1.964,0.9999999999999867,0p55,0.55
1.965,0.9999999999999867,0p55,0.55
1.966,0.9999999999999867,0p55,0.55
1.967,0.9999999999999867,0p55,0.55
1.968,0.9999999999999867,0p55,0.55
1.969,0.9999999999999867,0p55,0.55
1.97,0.9999999999999867,0p55,0.55
1.971,0.9999999999999867,0p55,0.55
1.972,0.9999999999999867,0p55,0.55
1.973,0.9999999999999867,0p55,0.55
1.974,0.9999999999999867,0p55,0.55
1.975,0.9999999999999867,0p55,0.55
1.976,0.9999999999999867,0p55,0.55
1.977,0.9999999999999867,0p55,0.55
1.978,0.9999999999999867,0p55,0.55
1.979,0.9999999999999867,0p55,0.55
1.98,0.9999999999999867,0p55,0.55
1.981,0.9999999999999867,0p55,0.55
1.982,0.9999999999999867,0p55,0.55
1.983,0.9999999999999867,0p55,0.55
1.984,0.9999999999999867,0p55,0.55
1.985,0.9999999999999867,0p55,0.55
1.986,0.9999999999999867,0p55,0.55
1.987,0.9999999999999867,0p55,0.55
1.988,0.9999999999999867,0p55,0.55
1.989,0.9999999999999867,0p55,0.55
1.99,0.9999999999999867,0p55,0.55
1.991,0.9999999999999867,0p55,0.55
1.992,0.9999999999999867,0p55,0.55
1.993,0.9999999999999867,0p55,0.55
1.994,0.9999999999999867,0p55,0.55
1.995,0.9999999999999867,0p55,0.55
1.996,0.9999999999999867,0p55,0.55
1.997,0.9999999999999867,0p55,0.55
1.998,0.9999999999999867,0p55,0.55
1.999,0.9999999999999867,0p55,0.55
2.0,0.9999999999999867,0p55,0.55
2.001,0.9999999999999867,0p55,0.55
2.002,0.9999999999999867,0p55,0.55
2.003,0.9999999999999867,0p55,0.55
2.004,0.9999999999999867,0p55,0.55
2.005,0.9999999999999867,0p55,0.55
2.006,0.9999999999999867,0p55,0.55
2.007,0.9999999999999867,0p55,0.55
2.008,0.9999999999999867,0p55,0.55
2.009,0.9999999999999867,0p55,0.55
2.01,0.9999999999999867,0p55,0.55
2.011,0.9999999999999867,0p55,0.55
2.012,0.9999999999999867,0p55,0.55
2.013,0.9999999999999867,0p55,0.55
2.014,0.9999999999999867,0p55,0.55
2.015,0.9999999999999867,0p55,0.55
2.016,0.9999999999999867,0p55,0.55
2.017,0.9999999999999867,0p55,0.55
2.018,0.9999999999999867,0p55,0.55
2.019,0.9999999999999867,0p55,0.55
2.02,0.9999999999999867,0p55,0.55
2.021,0.9999999999999867,0p55,0.55
2.022,0.9999999999999867,0p55,0.55
2.023,0.9999999999999867,0p55,0.55
2.024,0.9999999999999867,0p55,0.55
2.025,0.9999999999999867,0p55,0.55
2.026,0.9999999999999867,0p55,0.55
2.027,0.9999999999999867,0p55,0.55
2.028,0.9999999999999867,0p55,0.55
2.029,0.9999999999999867,0p55,0.55
2.03,0.9999999999999867,0p55,0.55
2.031,0.9999999999999867,0p55,0.55
2.032,0.9999999999999867,0p55,0.55
2.033,0.9999999999999867,0p55,0.55
2.034,0.9999999999999867,0p55,0.55
2.035,0.9999999999999867,0p55,0.55
2.036,0.9999999999999867,0p55,0.55
2.037,0.9999999999999867,0p55,0.55
2.038,0.9999999999999867,0p55,0.55
2.039,0.9999999999999867,0p55,0.55
2.04,0.9999999999999867,0p55,0.55
2.041,0.9999999999999867,0p55,0.55
2.042,0.9999999999999867,0p55,0.55
2.043,0.9999999999999867,0p55,0.55
2.044,0.9999999999999867,0p55,0.55
2.045,0.9999999999999867,0p55,0.55
2.046,0.9999999999999867,0p55,0.55
2.047,0.9999999999999867,0p55,0.55
2.048,0.9999999999999867,0p55,0.55
2.049,0.9999999999999867,0p55,0.55
2.05,0.9999999999999867,0p55,0.55
2.051,0.9999999999999867,0p55,0.55
2.052,0.9999999999999867,0p55,0.55
2.053,0.9999999999999867,0p55,0.55
2.054,0.9999999999999867,0p55,0.55
2.055,0.9999999999999867,0p55,0.55
2.056,0.9999999999999867,0p55,0.55
2.057,0.9999999999999867,0p55,0.55
2.058,0.9999999999999867,0p55,0.55
2.059,0.9999999999999867,0p55,0.55
2.06,0.9999999999999867,0p55,0.55
2.061,0.9999999999999867,0p55,0.55
2.062,0.9999999999999867,0p55,0.55
2.063,0.9999999999999867,0p55,0.55
2.064,0.9999999999999867,0p55,0.55
2.065,0.9999999999999867,0p55,0.55
2.066,0.9999999999999867,0p55,0.55
2.067,0.9999999999999867,0p55,0.55
2.068,0.9999999999999867,0p55,0.55
2.069,0.9999999999999867,0p55,0.55
2.07,0.9999999999999867,0p55,0.55
2.071,0.9999999999999867,0p55,0.55
2.072,0.9999999999999867,0p55,0.55
2.073,0.9999999999999867,0p55,0.55
2.074,0.9999999999999867,0p55,0.55
2.075,0.9999999999999867,0p55,0.55
2.076,0.9999999999999867,0p55,0.55
2.077,0.9999999999999867,0p55,0.55
2.078,0.9999999999999867,0p55,0.55
2.079,0.9999999999999867,0p55,0.55
2.08,0.9999999999999867,0p55,0.55
2.081,0.9999999999999867,0p55,0.55
2.082,0.9999999999999867,0p55,0.55
2.083,0.9999999999999867,0p55,0.55
2.084,0.9999999999999867,0p55,0.55
2.085,0.9999999999999867,0p55,0.55
2.086,0.9999999999999867,0p55,0.55
2.087,0.9999999999999867,0p55,0.55
2.088,0.9999999999999867,0p55,0.55
2.089,0.9999999999999867,0p55,0.55
2.09,0.9999999999999867,0p55,0.55
2.091,0.9999999999999867,0p55,0.55
2.092,0.9999999999999867,0p55,0.55
2.093,0.9999999999999867,0p55,0.55
2.094,0.9999999999999867,0p55,0.55
2.095,0.9999999999999867,0p55,0.55
2.096,0.9999999999999867,0p55,0.55
2.097,0.9999999999999867,0p55,0.55
2.098,0.9999999999999867,0p55,0.55
2.099,0.9999999999999867,0p55,0.55
2.1,0.9999999999999867,0p55,0.55
2.101,0.9999999999999867,0p55,0.55
2.102,0.9999999999999867,0p55,0.55
2.103,0.9999999999999867,0p55,0.55
2.104,0.9999999999999867,0p55,0.55
2.105,0.9999999999999867,0p55,0.55
2.106,0.9999999999999867,0p55,0.55
2.107,0.9999999999999867,0p55,0.55
2.108,0.9999999999999867,0p55,0.55
2.109,0.9999999999999867,0p55,0.55
2.11,0.9999999999999867,0p55,0.55
2.111,0.9999999999999867,0p55,0.55
2.112,0.9999999999999867,0p55,0.55
2.113,0.9999999999999867,0p55,0.55
2.114,0.9999999999999867,0p55,0.55
2.115,0.9999999999999867,0p55,0.55
2.116,0.9999999999999867,0p55,0.55
2.117,0.9999999999999867,0p55,0.55
2.118,0.9999999999999867,0p55,0.55
2.119,0.9999999999999867,0p55,0.55
2.12,0.9999999999999867,0p55,0.55
2.121,0.9999999999999867,0p55,0.55
2.122,0.9999999999999867,0p55,0.55
2.123,0.9999999999999867,0p55,0.55
2.124,0.9999999999999867,0p55,0.55
2.125,0.9999999999999867,0p55,0.55
2.126,0.9999999999999867,0p55,0.55
2.127,0.9999999999999867,0p55,0.55
2.128,0.9999999999999867,0p55,0.55
2.129,0.9999999999999867,0p55,0.55
2.13,0.9999999999999867,0p55,0.55
2.131,0.9999999999999867,0p55,0.55
2.132,0.9999999999999867,0p55,0.55
2.133,0.9999999999999867,0p55,0.55
2.134,0.9999999999999867,0p55,0.55
2.135,0.9999999999999867,0p55,0.55
2.136,0.9999999999999867,0p55,0.55
2.137,0.9999999999999867,0p55,0.55
2.138,0.9999999999999867,0p55,0.55
2.139,0.9999999999999867,0p55,0.55
2.14,0.9999999999999867,0p55,0.55
2.141,0.9999999999999867,0p55,0.55
2.142,0.9999999999999867,0p55,0.55
2.143,0.9999999999999867,0p55,0.55
2.144,0.9999999999999867,0p55,0.55
2.145,0.9999999999999867,0p55,0.55
2.146,0.9999999999999867,0p55,0.55
2.147,0.9999999999999867,0p55,0.55
2.148,0.9999999999999867,0p55,0.55
2.149,0.9999999999999867,0p55,0.55
2.15,0.9999999999999867,0p55,0.55
2.151,0.9999999999999867,0p55,0.55
2.152,0.9999999999999867,0p55,0.55
2.153,0.9999999999999867,0p55,0.55
2.154,0.9999999999999867,0p55,0.55
2.155,0.9999999999999867,0p55,0.55
2.156,0.9999999999999867,0p55,0.55
2.157,0.9999999999999867,0p55,0.55
2.158,0.9999999999999867,0p55,0.55
2.159,0.9999999999999867,0p55,0.55
2.16,0.9999999999999867,0p55,0.55
2.161,0.9999999999999867,0p55,0.55
2.162,0.9999999999999867,0p55,0.55
2.163,0.9999999999999867,0p55,0.55
2.164,0.9999999999999867,0p55,0.55
2.165,0.9999999999999867,0p55,0.55
2.166,0.9999999999999867,0p55,0.55
2.167,0.9999999999999867,0p55,0.55
2.168,0.9999999999999867,0p55,0.55
2.169,0.9999999999999867,0p55,0.55
2.17,0.9999999999999867,0p55,0.55
2.171,0.9999999999999867,0p55,0.55
2.172,0.9999999999999867,0p55,0.55
2.173,0.9999999999999867,0p55,0.55
2.174,0.9999999999999867,0p55,0.55
2.175,0.9999999999999867,0p55,0.55
2.176,0.9999999999999867,0p55,0.55
2.177,0.9999999999999867,0p55,0.55
2.178,0.9999999999999867,0p55,0.55
2.179,0.9999999999999867,0p55,0.55
2.18,0.9999999999999867,0p55,0.55
2.181,0.9999999999999867,0p55,0.55
2.182,0.9999999999999867,0p55,0.55
2.183,0.9999999999999867,0p55,0.55
2.184,0.9999999999999867,0p55,0.55
2.185,0.9999999999999867,0p55,0.55
2.186,0.9999999999999867,0p55,0.55
2.187,0.9999999999999867,0p55,0.55
2.188,0.9999999999999867,0p55,0.55
2.189,0.9999999999999867,0p55,0.55
2.19,0.9999999999999867,0p55,0.55
2.191,0.9999999999999867,0p55,0.55
2.192,0.9999999999999867,0p55,0.55
2.193,0.9999999999999867,0p55,0.55
2.194,0.9999999999999867,0p55,0.55
2.195,0.9999999999999867,0p55,0.55
2.196,0.9999999999999867,0p55,0.55
2.197,0.9999999999999867,0p55,0.55
2.198,0.9999999999999867,0p55,0.55
2.199,0.9999999999999867,0p55,0.55
2.2,0.9999999999999867,0p55,0.55
2.201,0.9999999999999867,0p55,0.55
2.202,0.9999999999999867,0p55,0.55
2.203,0.9999999999999867,0p55,0.55
2.204,0.9999999999999867,0p55,0.55
2.205,0.9999999999999867,0p55,0.55
2.206,0.9999999999999867,0p55,0.55
2.207,0.9999999999999867,0p55,0.55
2.208,0.9999999999999867,0p55,0.55
2.209,0.9999999999999867,0p55,0.55
2.21,0.9999999999999867,0p55,0.55
2.211,0.9999999999999867,0p55,0.55
2.212,0.9999999999999867,0p55,0.55
2.213,0.9999999999999867,0p55,0.55
2.214,0.9999999999999867,0p55,0.55
2.215,0.9999999999999867,0p55,0.55
2.216,0.9999999999999867,0p55,0.55
2.217,0.9999999999999867,0p55,0.55
2.218,0.9999999999999867,0p55,0.55
2.219,0.9999999999999867,0p55,0.55
2.22,0.9999999999999867,0p55,0.55
2.221,0.9999999999999867,0p55,0.55
2.222,0.9999999999999867,0p55,0.55
2.223,0.9999999999999867,0p55,0.55
2.224,0.9999999999999867,0p55,0.55
2.225,0.9999999999999867,0p55,0.55
2.226,0.9999999999999867,0p55,0.55
2.227,0.9999999999999867,0p55,0.55
2.228,0.9999999999999867,0p55,0.55
2.229,0.9999999999999867,0p55,0.55
2.23,0.9999999999999867,0p55,0.55
2.231,0.9999999999999867,0p55,0.55
2.232,0.9999999999999867,0p55,0.55
2.233,0.9999999999999867,0p55,0.55
2.234,0.9999999999999867,0p55,0.55
2.235,0.9999999999999867,0p55,0.55
2.236,0.9999999999999867,0p55,0.55
2.237,0.9999999999999867,0p55,0.55
2.238,0.9999999999999867,0p55,0.55
2.239,0.9999999999999867,0p55,0.55
2.24,0.9999999999999867,0p55,0.55
2.241,0.9999999999999867,0p55,0.55
2.242,0.9999999999999867,0p55,0.55
2.243,0.9999999999999867,0p55,0.55
2.244,0.9999999999999867,0p55,0.55
2.245,0.9999999999999867,0p55,0.55
2.246,0.9999999999999867,0p55,0.55
2.247,0.9999999999999867,0p55,0.55
2.248,0.9999999999999867,0p55,0.55
2.249,0.9999999999999867,0p55,0.55
2.25,0.9999999999999867,0p55,0.55
2.251,0.9999999999999867,0p55,0.55
2.252,0.9999999999999867,0p55,0.55
2.253,0.9999999999999867,0p55,0.55
2.254,0.9999999999999867,0p55,0.55
2.255,0.9999999999999867,0p55,0.55
2.256,0.9999999999999867,0p55,0.55
2.257,0.9999999999999867,0p55,0.55
2.258,0.9999999999999867,0p55,0.55
2.259,0.9999999999999867,0p55,0.55
2.26,0.9999999999999867,0p55,0.55
2.261,0.9999999999999867,0p55,0.55
2.262,0.9999999999999867,0p55,0.55
2.263,0.9999999999999867,0p55,0.55
2.264,0.9999999999999867,0p55,0.55
2.265,0.9999999999999867,0p55,0.55
2.266,0.9999999999999867,0p55,0.55
2.267,0.9999999999999867,0p55,0.55
2.268,0.9999999999999867,0p55,0.55
2.269,0.9999999999999867,0p55,0.55
2.27,0.9999999999999867,0p55,0.55
2.271,0.9999999999999867,0p55,0.55
2.272,0.9999999999999867,0p55,0.55
2.273,0.9999999999999867,0p55,0.55
2.274,0.9999999999999867,0p55,0.55
2.275,0.9999999999999867,0p55,0.55
2.276,0.9999999999999867,0p55,0.55
2.277,0.9999999999999867,0p55,0.55
2.278,0.9999999999999867,0p55,0.55
2.279,0.9999999999999867,0p55,0.55
2.28,0.9999999999999867,0p55,0.55
2.281,0.9999999999999867,0p55,0.55
2.282,0.9999999999999867,0p55,0.55
2.283,0.9999999999999867,0p55,0.55
2.284,0.9999999999999867,0p55,0.55
2.285,0.9999999999999867,0p55,0.55
2.286,0.9999999999999867,0p55,0.55
2.287,0.9999999999999867,0p55,0.55
2.288,0.9999999999999867,0p55,0.55
2.289,0.9999999999999867,0p55,0.55
2.29,0.9999999999999867,0p55,0.55
2.291,0.9999999999999867,0p55,0.55
2.292,0.9999999999999867,0p55,0.55
2.293,0.9999999999999867,0p55,0.55
2.294,0.9999999999999867,0p55,0.55
2.295,0.9999999999999867,0p55,0.55
2.296,0.9999999999999867,0p55,0.55
2.297,0.9999999999999867,0p55,0.55
2.298,0.9999999999999867,0p55,0.55
2.299,0.9999999999999867,0p55,0.55
2.3,0.9999999999999867,0p55,0.55
2.301,0.9999999999999867,0p55,0.55
2.302,0.9999999999999867,0p55,0.55
2.303,0.9999999999999867,0p55,0.55
2.304,0.9999999999999867,0p55,0.55
2.305,0.9999999999999867,0p55,0.55
2.306,0.9999999999999867,0p55,0.55
2.307,0.9999999999999867,0p55,0.55
2.308,0.9999999999999867,0p55,0.55
2.309,0.9999999999999867,0p55,0.55
2.31,0.9999999999999867,0p55,0.55
2.311,0.9999999999999867,0p55,0.55
2.312,0.9999999999999867,0p55,0.55
2.313,0.9999999999999867,0p55,0.55
2.314,0.9999999999999867,0p55,0.55
2.315,0.9999999999999867,0p55,0.55
2.316,0.9999999999999867,0p55,0.55
2.317,0.9999999999999867,0p55,0.55
2.318,0.9999999999999867,0p55,0.55
2.319,0.9999999999999867,0p55,0.55
2.32,0.9999999999999867,0p55,0.55
2.321,0.9999999999999867,0p55,0.55
2.322,0.9999999999999867,0p55,0.55
2.323,0.9999999999999867,0p55,0.55
2.324,0.9999999999999867,0p55,0.55
2.325,0.9999999999999867,0p55,0.55
2.326,0.9999999999999867,0p55,0.55
2.327,0.9999999999999867,0p55,0.55
2.328,0.9999999999999867,0p55,0.55
2.329,0.9999999999999867,0p55,0.55
2.33,0.9999999999999867,0p55,0.55
2.331,0.9999999999999867,0p55,0.55
2.332,0.9999999999999867,0p55,0.55
2.333,0.9999999999999867,0p55,0.55
2.334,0.9999999999999867,0p55,0.55
2.335,0.9999999999999867,0p55,0.55
2.336,0.9999999999999867,0p55,0.55
2.337,0.9999999999999867,0p55,0.55
2.338,0.9999999999999867,0p55,0.55
2.339,0.9999999999999867,0p55,0.55
2.34,0.9999999999999867,0p55,0.55
2.341,0.9999999999999867,0p55,0.55
2.342,0.9999999999999867,0p55,0.55
2.343,0.9999999999999867,0p55,0.55
2.344,0.9999999999999867,0p55,0.55
2.345,0.9999999999999867,0p55,0.55
2.346,0.9999999999999867,0p55,0.55
2.347,0.9999999999999867,0p55,0.55
2.348,0.9999999999999867,0p55,0.55
2.349,0.9999999999999867,0p55,0.55
2.35,0.9999999999999867,0p55,0.55
2.351,0.9999999999999867,0p55,0.55
2.352,0.9999999999999867,0p55,0.55
2.353,0.9999999999999867,0p55,0.55
2.354,0.9999999999999867,0p55,0.55
2.355,0.9999999999999867,0p55,0.55
2.356,0.9999999999999867,0p55,0.55
2.357,0.9999999999999867,0p55,0.55
2.358,0.9999999999999867,0p55,0.55
2.359,0.9999999999999867,0p55,0.55
2.36,0.9999999999999867,0p55,0.55
2.361,0.9999999999999867,0p55,0.55
2.362,0.9999999999999867,0p55,0.55
2.363,0.9999999999999867,0p55,0.55
2.364,0.9999999999999867,0p55,0.55
2.365,0.9999999999999867,0p55,0.55
2.366,0.9999999999999867,0p55,0.55
2.367,0.9999999999999867,0p55,0.55
2.368,0.9999999999999867,0p55,0.55
2.369,0.9999999999999867,0p55,0.55
2.37,0.9999999999999867,0p55,0.55
2.371,0.9999999999999867,0p55,0.55
2.372,0.9999999999999867,0p55,0.55
2.373,0.9999999999999867,0p55,0.55
2.374,0.9999999999999867,0p55,0.55
2.375,0.9999999999999867,0p55,0.55
2.376,0.9999999999999867,0p55,0.55
2.377,0.9999999999999867,0p55,0.55
2.378,0.9999999999999867,0p55,0.55
2.379,0.9999999999999867,0p55,0.55
2.38,0.9999999999999867,0p55,0.55
2.381,0.9999999999999867,0p55,0.55
2.382,0.9999999999999867,0p55,0.55
2.383,0.9999999999999867,0p55,0.55
2.384,0.9999999999999867,0p55,0.55
2.385,0.9999999999999867,0p55,0.55
2.386,0.9999999999999867,0p55,0.55
2.387,0.9999999999999867,0p55,0.55
2.388,0.9999999999999867,0p55,0.55
2.389,0.9999999999999867,0p55,0.55
2.39,0.9999999999999867,0p55,0.55
2.391,0.9999999999999867,0p55,0.55
2.392,0.9999999999999867,0p55,0.55
2.393,0.9999999999999867,0p55,0.55
2.394,0.9999999999999867,0p55,0.55
2.395,0.9999999999999867,0p55,0.55
2.396,0.9999999999999867,0p55,0.55
2.397,0.9999999999999867,0p55,0.55
2.398,0.9999999999999867,0p55,0.55
2.399,0.9999999999999867,0p55,0.55
2.4,0.9999999999999867,0p55,0.55
2.401,0.9999999999999867,0p55,0.55
2.402,0.9999999999999867,0p55,0.55
2.403,0.9999999999999867,0p55,0.55
2.404,0.9999999999999867,0p55,0.55
2.405,0.9999999999999867,0p55,0.55
2.406,0.9999999999999867,0p55,0.55
2.407,0.9999999999999867,0p55,0.55
2.408,0.9999999999999867,0p55,0.55
2.409,0.9999999999999867,0p55,0.55
2.41,0.9999999999999867,0p55,0.55
2.411,0.9999999999999867,0p55,0.55
2.412,0.9999999999999867,0p55,0.55
2.413,0.9999999999999867,0p55,0.55
2.414,0.9999999999999867,0p55,0.55
2.415,0.9999999999999867,0p55,0.55
2.416,0.9999999999999867,0p55,0.55
2.417,0.9999999999999867,0p55,0.55
2.418,0.9999999999999867,0p55,0.55
2.419,0.9999999999999867,0p55,0.55
2.42,0.9999999999999867,0p55,0.55
2.421,0.9999999999999867,0p55,0.55
2.422,0.9999999999999867,0p55,0.55
2.423,0.9999999999999867,0p55,0.55
2.424,0.9999999999999867,0p55,0.55
2.425,0.9999999999999867,0p55,0.55
2.426,0.9999999999999867,0p55,0.55
2.427,0.9999999999999867,0p55,0.55
2.428,0.9999999999999867,0p55,0.55
2.429,0.9999999999999867,0p55,0.55
2.43,0.9999999999999867,0p55,0.55
2.431,0.9999999999999867,0p55,0.55
2.432,0.9999999999999867,0p55,0.55
2.433,0.9999999999999867,0p55,0.55
2.434,0.9999999999999867,0p55,0.55
2.435,0.9999999999999867,0p55,0.55
2.436,0.9999999999999867,0p55,0.55
2.437,0.9999999999999867,0p55,0.55
2.438,0.9999999999999867,0p55,0.55
2.439,0.9999999999999867,0p55,0.55
2.44,0.9999999999999867,0p55,0.55
2.441,0.9999999999999867,0p55,0.55
2.442,0.9999999999999867,0p55,0.55
2.443,0.9999999999999867,0p55,0.55
2.444,0.9999999999999867,0p55,0.55
2.445,0.9999999999999867,0p55,0.55
2.446,0.9999999999999867,0p55,0.55
2.447,0.9999999999999867,0p55,0.55
2.448,0.9999999999999867,0p55,0.55
2.449,0.9999999999999867,0p55,0.55
2.45,0.9999999999999867,0p55,0.55
2.451,0.9999999999999867,0p55,0.55
2.452,0.9999999999999867,0p55,0.55
2.453,0.9999999999999867,0p55,0.55
2.454,0.9999999999999867,0p55,0.55
2.455,0.9999999999999867,0p55,0.55
2.456,0.9999999999999867,0p55,0.55
2.457,0.9999999999999867,0p55,0.55
2.458,0.9999999999999867,0p55,0.55
2.459,0.9999999999999867,0p55,0.55
2.46,0.9999999999999867,0p55,0.55
2.461,0.9999999999999867,0p55,0.55
2.462,0.9999999999999867,0p55,0.55
2.463,0.9999999999999867,0p55,0.55
2.464,0.9999999999999867,0p55,0.55
2.465,0.9999999999999867,0p55,0.55
2.466,0.9999999999999867,0p55,0.55
2.467,0.9999999999999867,0p55,0.55
2.468,0.9999999999999867,0p55,0.55
2.469,0.9999999999999867,0p55,0.55
2.47,0.9999999999999867,0p55,0.55
2.471,0.9999999999999867,0p55,0.55
2.472,0.9999999999999867,0p55,0.55
2.473,0.9999999999999867,0p55,0.55
2.474,0.9999999999999867,0p55,0.55
2.475,0.9999999999999867,0p55,0.55
2.476,0.9999999999999867,0p55,0.55
2.477,0.9999999999999867,0p55,0.55
2.478,0.9999999999999867,0p55,0.55
2.479,0.9999999999999867,0p55,0.55
2.48,0.9999999999999867,0p55,0.55
2.481,0.9999999999999867,0p55,0.55
2.482,0.9999999999999867,0p55,0.55
2.483,0.9999999999999867,0p55,0.55
2.484,0.9999999999999867,0p55,0.55
2.485,0.9999999999999867,0p55,0.55
2.486,0.9999999999999867,0p55,0.55
2.487,0.9999999999999867,0p55,0.55
2.488,0.9999999999999867,0p55,0.55
2.489,0.9999999999999867,0p55,0.55
2.49,0.9999999999999867,0p55,0.55
2.491,0.9999999999999867,0p55,0.55
2.492,0.9999999999999867,0p55,0.55
2.493,0.9999999999999867,0p55,0.55
2.494,0.9999999999999867,0p55,0.55
2.495,0.9999999999999867,0p55,0.55
2.496,0.9999999999999867,0p55,0.55
2.497,0.9999999999999867,0p55,0.55
2.498,0.9999999999999867,0p55,0.55
2.499,0.9999999999999867,0p55,0.55
2.5,0.9999999999999867,0p55,0.55
2.501,0.9999999999999867,0p55,0.55
2.502,0.9999999999999867,0p55,0.55
2.503,0.9999999999999867,0p55,0.55
2.504,0.9999999999999867,0p55,0.55
2.505,0.9999999999999867,0p55,0.55
2.506,0.9999999999999867,0p55,0.55
2.507,0.9999999999999867,0p55,0.55
2.508,0.9999999999999867,0p55,0.55
2.509,0.9999999999999867,0p55,0.55
2.51,0.9999999999999867,0p55,0.55
2.511,0.9999999999999867,0p55,0.55
2.512,0.9999999999999867,0p55,0.55
2.513,0.9999999999999867,0p55,0.55
2.514,0.9999999999999867,0p55,0.55
2.515,0.9999999999999867,0p55,0.55
2.516,0.9999999999999867,0p55,0.55
2.517,0.9999999999999867,0p55,0.55
2.518,0.9999999999999867,0p55,0.55
2.519,0.9999999999999867,0p55,0.55
2.52,0.9999999999999867,0p55,0.55
2.521,0.9999999999999867,0p55,0.55
2.522,0.9999999999999867,0p55,0.55
2.523,0.9999999999999867,0p55,0.55
2.524,0.9999999999999867,0p55,0.55
2.525,0.9999999999999867,0p55,0.55
2.526,0.9999999999999867,0p55,0.55
2.527,0.9999999999999867,0p55,0.55
2.528,0.9999999999999867,0p55,0.55
2.529,0.9999999999999867,0p55,0.55
2.53,0.9999999999999867,0p55,0.55
2.531,0.9999999999999867,0p55,0.55
2.532,0.9999999999999867,0p55,0.55
2.533,0.9999999999999867,0p55,0.55
2.534,0.9999999999999867,0p55,0.55
2.535,0.9999999999999867,0p55,0.55
2.536,0.9999999999999867,0p55,0.55
2.537,0.9999999999999867,0p55,0.55
2.538,0.9999999999999867,0p55,0.55
2.539,0.9999999999999867,0p55,0.55
2.54,0.9999999999999867,0p55,0.55
2.541,0.9999999999999867,0p55,0.55
2.542,0.9999999999999867,0p55,0.55
2.543,0.9999999999999867,0p55,0.55
2.544,0.9999999999999867,0p55,0.55
2.545,0.9999999999999867,0p55,0.55
2.546,0.9999999999999867,0p55,0.55
2.547,0.9999999999999867,0p55,0.55
2.548,0.9999999999999867,0p55,0.55
2.549,0.9999999999999867,0p55,0.55
2.55,0.9999999999999867,0p55,0.55
2.551,0.9999999999999867,0p55,0.55
2.552,0.9999999999999867,0p55,0.55
2.553,0.9999999999999867,0p55,0.55
2.554,0.9999999999999867,0p55,0.55
2.555,0.9999999999999867,0p55,0.55
2.556,0.9999999999999867,0p55,0.55
2.557,0.9999999999999867,0p55,0.55
2.558,0.9999999999999867,0p55,0.55
2.559,0.9999999999999867,0p55,0.55
2.56,0.9999999999999867,0p55,0.55
2.561,0.9999999999999867,0p55,0.55
2.562,0.9999999999999867,0p55,0.55
2.563,0.9999999999999867,0p55,0.55
2.564,0.9999999999999867,0p55,0.55
2.565,0.9999999999999867,0p55,0.55
2.566,0.9999999999999867,0p55,0.55
2.567,0.9999999999999867,0p55,0.55
2.568,0.9999999999999867,0p55,0.55
2.569,0.9999999999999867,0p55,0.55
2.57,0.9999999999999867,0p55,0.55
2.571,0.9999999999999867,0p55,0.55
2.572,0.9999999999999867,0p55,0.55
2.573,0.9999999999999867,0p55,0.55
2.574,0.9999999999999867,0p55,0.55
2.575,0.9999999999999867,0p55,0.55
2.576,0.9999999999999867,0p55,0.55
2.577,0.9999999999999867,0p55,0.55
2.578,0.9999999999999867,0p55,0.55
2.579,0.9999999999999867,0p55,0.55
2.58,0.9999999999999867,0p55,0.55
2.581,0.9999999999999867,0p55,0.55
2.582,0.9999999999999867,0p55,0.55
2.583,0.9999999999999867,0p55,0.55
2.584,0.9999999999999867,0p55,0.55
2.585,0.9999999999999867,0p55,0.55
2.586,0.9999999999999867,0p55,0.55
2.587,0.9999999999999867,0p55,0.55
2.588,0.9999999999999867,0p55,0.55
2.589,0.9999999999999867,0p55,0.55
2.59,0.9999999999999867,0p55,0.55
2.591,0.9999999999999867,0p55,0.55
2.592,0.9999999999999867,0p55,0.55
2.593,0.9999999999999867,0p55,0.55
2.594,0.9999999999999867,0p55,0.55
2.595,0.9999999999999867,0p55,0.55
2.596,0.9999999999999867,0p55,0.55
2.597,0.9999999999999867,0p55,0.55
2.598,0.9999999999999867,0p55,0.55
2.599,0.9999999999999867,0p55,0.55
2.6,0.9999999999999867,0p55,0.55
2.601,0.9999999999999867,0p55,0.55
2.602,0.9999999999999867,0p55,0.55
2.603,0.9999999999999867,0p55,0.55
2.604,0.9999999999999867,0p55,0.55
2.605,0.9999999999999867,0p55,0.55
2.606,0.9999999999999867,0p55,0.55
2.607,0.9999999999999867,0p55,0.55
2.608,0.9999999999999867,0p55,0.55
2.609,0.9999999999999867,0p55,0.55
2.61,0.9999999999999867,0p55,0.55
2.611,0.9999999999999867,0p55,0.55
2.612,0.9999999999999867,0p55,0.55
2.613,0.9999999999999867,0p55,0.55
2.614,0.9999999999999867,0p55,0.55
2.615,0.9999999999999867,0p55,0.55
2.616,0.9999999999999867,0p55,0.55
2.617,0.9999999999999867,0p55,0.55
2.618,0.9999999999999867,0p55,0.55
2.619,0.9999999999999867,0p55,0.55
2.62,0.9999999999999867,0p55,0.55
2.621,0.9999999999999867,0p55,0.55
2.622,0.9999999999999867,0p55,0.55
2.623,0.9999999999999867,0p55,0.55
2.624,0.9999999999999867,0p55,0.55
2.625,0.9999999999999867,0p55,0.55
2.626,0.9999999999999867,0p55,0.55
2.627,0.9999999999999867,0p55,0.55
2.628,0.9999999999999867,0p55,0.55
2.629,0.9999999999999867,0p55,0.55
2.63,0.9999999999999867,0p55,0.55
2.631,0.9999999999999867,0p55,0.55
2.632,0.9999999999999867,0p55,0.55
2.633,0.9999999999999867,0p55,0.55
2.634,0.9999999999999867,0p55,0.55
2.635,0.9999999999999867,0p55,0.55
2.636,0.9999999999999867,0p55,0.55
2.637,0.9999999999999867,0p55,0.55
2.638,0.9999999999999867,0p55,0.55
2.639,0.9999999999999867,0p55,0.55
2.64,0.9999999999999867,0p55,0.55
2.641,0.9999999999999867,0p55,0.55
2.642,0.9999999999999867,0p55,0.55
2.643,0.9999999999999867,0p55,0.55
2.644,0.9999999999999867,0p55,0.55
2.645,0.9999999999999867,0p55,0.55
2.646,0.9999999999999867,0p55,0.55
2.647,0.9999999999999867,0p55,0.55
2.648,0.9999999999999867,0p55,0.55
2.649,0.9999999999999867,0p55,0.55
2.65,0.9999999999999867,0p55,0.55
2.651,0.9999999999999867,0p55,0.55
2.652,0.9999999999999867,0p55,0.55
2.653,0.9999999999999867,0p55,0.55
2.654,0.9999999999999867,0p55,0.55
2.655,0.9999999999999867,0p55,0.55
2.656,0.9999999999999867,0p55,0.55
2.657,0.9999999999999867,0p55,0.55
2.658,0.9999999999999867,0p55,0.55
2.659,0.9999999999999867,0p55,0.55
2.66,0.9999999999999867,0p55,0.55
2.661,0.9999999999999867,0p55,0.55
2.662,0.9999999999999867,0p55,0.55
2.663,0.9999999999999867,0p55,0.55
2.664,0.9999999999999867,0p55,0.55
2.665,0.9999999999999867,0p55,0.55
2.666,0.9999999999999867,0p55,0.55
2.667,0.9999999999999867,0p55,0.55
2.668,0.9999999999999867,0p55,0.55
2.669,0.9999999999999867,0p55,0.55
2.67,0.9999999999999867,0p55,0.55
2.671,0.9999999999999867,0p55,0.55
2.672,0.9999999999999867,0p55,0.55
2.673,0.9999999999999867,0p55,0.55
2.674,0.9999999999999867,0p55,0.55
2.675,0.9999999999999867,0p55,0.55
2.676,0.9999999999999867,0p55,0.55
2.677,0.9999999999999867,0p55,0.55
2.678,0.9999999999999867,0p55,0.55
2.679,0.9999999999999867,0p55,0.55
2.68,0.9999999999999867,0p55,0.55
2.681,0.9999999999999867,0p55,0.55
2.682,0.9999999999999867,0p55,0.55
2.683,0.9999999999999867,0p55,0.55
2.684,0.9999999999999867,0p55,0.55
2.685,0.9999999999999867,0p55,0.55
2.686,0.9999999999999867,0p55,0.55
2.687,0.9999999999999867,0p55,0.55
2.688,0.9999999999999867,0p55,0.55
2.689,0.9999999999999867,0p55,0.55
2.69,0.9999999999999867,0p55,0.55
2.691,0.9999999999999867,0p55,0.55
2.692,0.9999999999999867,0p55,0.55
2.693,0.9999999999999867,0p55,0.55
2.694,0.9999999999999867,0p55,0.55
2.695,0.9999999999999867,0p55,0.55
2.696,0.9999999999999867,0p55,0.55
2.697,0.9999999999999867,0p55,0.55
2.698,0.9999999999999867,0p55,0.55
2.699,0.9999999999999867,0p55,0.55
2.7,0.9999999999999867,0p55,0.55
2.701,0.9999999999999867,0p55,0.55
2.702,0.9999999999999867,0p55,0.55
2.703,0.9999999999999867,0p55,0.55
2.704,0.9999999999999867,0p55,0.55
2.705,0.9999999999999867,0p55,0.55
2.706,0.9999999999999867,0p55,0.55
2.707,0.9999999999999867,0p55,0.55
2.708,0.9999999999999867,0p55,0.55
2.709,0.9999999999999867,0p55,0.55
2.71,0.9999999999999867,0p55,0.55
2.711,0.9999999999999867,0p55,0.55
2.712,0.9999999999999867,0p55,0.55
2.713,0.9999999999999867,0p55,0.55
2.714,0.9999999999999867,0p55,0.55
2.715,0.9999999999999867,0p55,0.55
2.716,0.9999999999999867,0p55,0.55
2.717,0.9999999999999867,0p55,0.55
2.718,0.9999999999999867,0p55,0.55
2.719,0.9999999999999867,0p55,0.55
2.72,0.9999999999999867,0p55,0.55
2.721,0.9999999999999867,0p55,0.55
2.722,0.9999999999999867,0p55,0.55
2.723,0.9999999999999867,0p55,0.55
2.724,0.9999999999999867,0p55,0.55
2.725,0.9999999999999867,0p55,0.55
2.726,0.9999999999999867,0p55,0.55
2.727,0.9999999999999867,0p55,0.55
2.728,0.9999999999999867,0p55,0.55
2.729,0.9999999999999867,0p55,0.55
2.73,0.9999999999999867,0p55,0.55
2.731,0.9999999999999867,0p55,0.55
2.732,0.9999999999999867,0p55,0.55
2.733,0.9999999999999867,0p55,0.55
2.734,0.9999999999999867,0p55,0.55
2.735,0.9999999999999867,0p55,0.55
2.736,0.9999999999999867,0p55,0.55
2.737,0.9999999999999867,0p55,0.55
2.738,0.9999999999999867,0p55,0.55
2.739,0.9999999999999867,0p55,0.55
2.74,0.9999999999999867,0p55,0.55
2.741,0.9999999999999867,0p55,0.55
2.742,0.9999999999999867,0p55,0.55
2.743,0.9999999999999867,0p55,0.55
2.744,0.9999999999999867,0p55,0.55
2.745,0.9999999999999867,0p55,0.55
2.746,0.9999999999999867,0p55,0.55
2.747,0.9999999999999867,0p55,0.55
2.748,0.9999999999999867,0p55,0.55
2.749,0.9999999999999867,0p55,0.55
2.75,0.9999999999999867,0p55,0.55
2.751,0.9999999999999867,0p55,0.55
2.752,0.9999999999999867,0p55,0.55
2.753,0.9999999999999867,0p55,0.55
2.754,0.9999999999999867,0p55,0.55
2.755,0.9999999999999867,0p55,0.55
2.756,0.9999999999999867,0p55,0.55
2.757,0.9999999999999867,0p55,0.55
2.758,0.9999999999999867,0p55,0.55
2.759,0.9999999999999867,0p55,0.55
2.76,0.9999999999999867,0p55,0.55
2.761,0.9999999999999867,0p55,0.55
2.762,0.9999999999999867,0p55,0.55
2.763,0.9999999999999867,0p55,0.55
2.764,0.9999999999999867,0p55,0.55
2.765,0.9999999999999867,0p55,0.55
2.766,0.9999999999999867,0p55,0.55
2.767,0.9999999999999867,0p55,0.55
2.768,0.9999999999999867,0p55,0.55
2.769,0.9999999999999867,0p55,0.55
2.77,0.9999999999999867,0p55,0.55
2.771,0.9999999999999867,0p55,0.55
2.772,0.9999999999999867,0p55,0.55
2.773,0.9999999999999867,0p55,0.55
2.774,0.9999999999999867,0p55,0.55
2.775,0.9999999999999867,0p55,0.55
2.776,0.9999999999999867,0p55,0.55
2.777,0.9999999999999867,0p55,0.55
2.778,0.9999999999999867,0p55,0.55
2.779,0.9999999999999867,0p55,0.55
2.78,0.9999999999999867,0p55,0.55
2.781,0.9999999999999867,0p55,0.55
2.782,0.9999999999999867,0p55,0.55
2.783,0.9999999999999867,0p55,0.55
2.784,0.9999999999999867,0p55,0.55
2.785,0.9999999999999867,0p55,0.55
2.786,0.9999999999999867,0p55,0.55
2.787,0.9999999999999867,0p55,0.55
2.788,0.9999999999999867,0p55,0.55
2.789,0.9999999999999867,0p55,0.55
2.79,0.9999999999999867,0p55,0.55
2.791,0.9999999999999867,0p55,0.55
2.792,0.9999999999999867,0p55,0.55
2.793,0.9999999999999867,0p55,0.55
2.794,0.9999999999999867,0p55,0.55
2.795,0.9999999999999867,0p55,0.55
2.796,0.9999999999999867,0p55,0.55
2.797,0.9999999999999867,0p55,0.55
2.798,0.9999999999999867,0p55,0.55
2.799,0.9999999999999867,0p55,0.55
2.8,0.9999999999999867,0p55,0.55
2.801,0.9999999999999867,0p55,0.55
2.802,0.9999999999999867,0p55,0.55
2.803,0.9999999999999867,0p55,0.55
2.804,0.9999999999999867,0p55,0.55
2.805,0.9999999999999867,0p55,0.55
2.806,0.9999999999999867,0p55,0.55
2.807,0.9999999999999867,0p55,0.55
2.808,0.9999999999999867,0p55,0.55
2.809,0.9999999999999867,0p55,0.55
2.81,0.9999999999999867,0p55,0.55
2.811,0.9999999999999867,0p55,0.55
2.812,0.9999999999999867,0p55,0.55
2.813,0.9999999999999867,0p55,0.55
2.814,0.9999999999999867,0p55,0.55
2.815,0.9999999999999867,0p55,0.55
2.816,0.9999999999999867,0p55,0.55
2.817,0.9999999999999867,0p55,0.55
2.818,0.9999999999999867,0p55,0.55
2.819,0.9999999999999867,0p55,0.55
2.82,0.9999999999999867,0p55,0.55
2.821,0.9999999999999867,0p55,0.55
2.822,0.9999999999999867,0p55,0.55
2.823,0.9999999999999867,0p55,0.55
2.824,0.9999999999999867,0p55,0.55
2.825,0.9999999999999867,0p55,0.55
2.826,0.9999999999999867,0p55,0.55
2.827,0.9999999999999867,0p55,0.55
2.828,0.9999999999999867,0p55,0.55
2.829,0.9999999999999867,0p55,0.55
2.83,0.9999999999999867,0p55,0.55
2.831,0.9999999999999867,0p55,0.55
2.832,0.9999999999999867,0p55,0.55
2.833,0.9999999999999867,0p55,0.55
2.834,0.9999999999999867,0p55,0.55
2.835,0.9999999999999867,0p55,0.55
2.836,0.9999999999999867,0p55,0.55
2.837,0.9999999999999867,0p55,0.55
2.838,0.9999999999999867,0p55,0.55
2.839,0.9999999999999867,0p55,0.55
2.84,0.9999999999999867,0p55,0.55
2.841,0.9999999999999867,0p55,0.55
2.842,0.9999999999999867,0p55,0.55
2.843,0.9999999999999867,0p55,0.55
2.844,0.9999999999999867,0p55,0.55
2.845,0.9999999999999867,0p55,0.55
2.846,0.9999999999999867,0p55,0.55
2.847,0.9999999999999867,0p55,0.55
2.848,0.9999999999999867,0p55,0.55
2.849,0.9999999999999867,0p55,0.55
2.85,0.9999999999999867,0p55,0.55
2.851,0.9999999999999867,0p55,0.55
2.852,0.9999999999999867,0p55,0.55
2.853,0.9999999999999867,0p55,0.55
2.854,0.9999999999999867,0p55,0.55
2.855,0.9999999999999867,0p55,0.55
2.856,0.9999999999999867,0p55,0.55
2.857,0.9999999999999867,0p55,0.55
2.858,0.9999999999999867,0p55,0.55
2.859,0.9999999999999867,0p55,0.55
2.86,0.9999999999999867,0p55,0.55
2.861,0.9999999999999867,0p55,0.55
2.862,0.9999999999999867,0p55,0.55
2.863,0.9999999999999867,0p55,0.55
2.864,0.9999999999999867,0p55,0.55
2.865,0.9999999999999867,0p55,0.55
2.866,0.9999999999999867,0p55,0.55
2.867,0.9999999999999867,0p55,0.55
2.868,0.9999999999999867,0p55,0.55
2.869,0.9999999999999867,0p55,0.55
2.87,0.9999999999999867,0p55,0.55
2.871,0.9999999999999867,0p55,0.55
2.872,0.9999999999999867,0p55,0.55
2.873,0.9999999999999867,0p55,0.55
2.874,0.9999999999999867,0p55,0.55
2.875,0.9999999999999867,0p55,0.55
2.876,0.9999999999999867,0p55,0.55
2.877,0.9999999999999867,0p55,0.55
2.878,0.9999999999999867,0p55,0.55
2.879,0.9999999999999867,0p55,0.55
2.88,0.9999999999999867,0p55,0.55
2.881,0.9999999999999867,0p55,0.55
2.882,0.9999999999999867,0p55,0.55
2.883,0.9999999999999867,0p55,0.55
2.884,0.9999999999999867,0p55,0.55
2.885,0.9999999999999867,0p55,0.55
2.886,0.9999999999999867,0p55,0.55
2.887,0.9999999999999867,0p55,0.55
2.888,0.9999999999999867,0p55,0.55
2.889,0.9999999999999867,0p55,0.55
2.89,0.9999999999999867,0p55,0.55
2.891,0.9999999999999867,0p55,0.55
2.892,0.9999999999999867,0p55,0.55
2.893,0.9999999999999867,0p55,0.55
2.894,0.9999999999999867,0p55,0.55
2.895,0.9999999999999867,0p55,0.55
2.896,0.9999999999999867,0p55,0.55
2.897,0.9999999999999867,0p55,0.55
2.898,0.9999999999999867,0p55,0.55
2.899,0.9999999999999867,0p55,0.55
2.9,0.9999999999999867,0p55,0.55
2.901,0.9999999999999867,0p55,0.55
2.902,0.9999999999999867,0p55,0.55
2.903,0.9999999999999867,0p55,0.55
2.904,0.9999999999999867,0p55,0.55
2.905,0.9999999999999867,0p55,0.55
2.906,0.9999999999999867,0p55,0.55
2.907,0.9999999999999867,0p55,0.55
2.908,0.9999999999999867,0p55,0.55
2.909,0.9999999999999867,0p55,0.55
2.91,0.9999999999999867,0p55,0.55
2.911,0.9999999999999867,0p55,0.55
2.912,0.9999999999999867,0p55,0.55
2.913,0.9999999999999867,0p55,0.55
2.914,0.9999999999999867,0p55,0.55
2.915,0.9999999999999867,0p55,0.55
2.916,0.9999999999999867,0p55,0.55
2.917,0.9999999999999867,0p55,0.55
2.918,0.9999999999999867,0p55,0.55
2.919,0.9999999999999867,0p55,0.55
2.92,0.9999999999999867,0p55,0.55
2.921,0.9999999999999867,0p55,0.55
2.922,0.9999999999999867,0p55,0.55
2.923,0.9999999999999867,0p55,0.55
2.924,0.9999999999999867,0p55,0.55
2.925,0.9999999999999867,0p55,0.55
2.926,0.9999999999999867,0p55,0.55
2.927,0.9999999999999867,0p55,0.55
2.928,0.9999999999999867,0p55,0.55
2.929,0.9999999999999867,0p55,0.55
2.93,0.9999999999999867,0p55,0.55
2.931,0.9999999999999867,0p55,0.55
2.932,0.9999999999999867,0p55,0.55
2.933,0.9999999999999867,0p55,0.55
2.934,0.9999999999999867,0p55,0.55
2.935,0.9999999999999867,0p55,0.55
2.936,0.9999999999999867,0p55,0.55
2.937,0.9999999999999867,0p55,0.55
2.938,0.9999999999999867,0p55,0.55
2.939,0.9999999999999867,0p55,0.55
2.94,0.9999999999999867,0p55,0.55
2.941,0.9999999999999867,0p55,0.55
2.942,0.9999999999999867,0p55,0.55
2.943,0.9999999999999867,0p55,0.55
2.944,0.9999999999999867,0p55,0.55
2.945,0.9999999999999867,0p55,0.55
2.946,0.9999999999999867,0p55,0.55
2.947,0.9999999999999867,0p55,0.55
2.948,0.9999999999999867,0p55,0.55
2.949,0.9999999999999867,0p55,0.55
2.95,0.9999999999999867,0p55,0.55
2.951,0.9999999999999867,0p55,0.55
2.952,0.9999999999999867,0p55,0.55
2.953,0.9999999999999867,0p55,0.55
2.954,0.9999999999999867,0p55,0.55
2.955,0.9999999999999867,0p55,0.55
2.956,0.9999999999999867,0p55,0.55
2.957,0.9999999999999867,0p55,0.55
2.958,0.9999999999999867,0p55,0.55
2.959,0.9999999999999867,0p55,0.55
2.96,0.9999999999999867,0p55,0.55
2.961,0.9999999999999867,0p55,0.55
2.962,0.9999999999999867,0p55,0.55
2.963,0.9999999999999867,0p55,0.55
2.964,0.9999999999999867,0p55,0.55
2.965,0.9999999999999867,0p55,0.55
2.966,0.9999999999999867,0p55,0.55
2.967,0.9999999999999867,0p55,0.55
2.968,0.9999999999999867,0p55,0.55
2.969,0.9999999999999867,0p55,0.55
2.97,0.9999999999999867,0p55,0.55
2.971,0.9999999999999867,0p55,0.55
2.972,0.9999999999999867,0p55,0.55
2.973,0.9999999999999867,0p55,0.55
2.974,0.9999999999999867,0p55,0.55
2.975,0.9999999999999867,0p55,0.55
2.976,0.9999999999999867,0p55,0.55
2.977,0.9999999999999867,0p55,0.55
2.978,0.9999999999999867,0p55,0.55
2.979,0.9999999999999867,0p55,0.55
2.98,0.9999999999999867,0p55,0.55
2.981,0.9999999999999867,0p55,0.55
2.982,0.9999999999999867,0p55,0.55
2.983,0.9999999999999867,0p55,0.55
2.984,0.9999999999999867,0p55,0.55
2.985,0.9999999999999867,0p55,0.55
2.986,0.9999999999999867,0p55,0.55
2.987,0.9999999999999867,0p55,0.55
2.988,0.9999999999999867,0p55,0.55
2.989,0.9999999999999867,0p55,0.55
2.99,0.9999999999999867,0p55,0.55
2.991,0.9999999999999867,0p55,0.55
2.992,0.9999999999999867,0p55,0.55
2.993,0.9999999999999867,0p55,0.55
2.994,0.9999999999999867,0p55,0.55
2.995,0.9999999999999867,0p55,0.55
2.996,0.9999999999999867,0p55,0.55
2.997,0.9999999999999867,0p55,0.55
2.998,0.9999999999999867,0p55,0.55
2.999,0.9999999999999867,0p55,0.55
3.0,0.9999999999999867,0p55,0.55
3.0,0.9999999999999867,0p55,0.55
